0,-0.029399,0.074396,-0.025798,0.066609,-0.017036,0.064276,-0.008693,0.06875,-0.005799,0.078409,-0.011445,0.088895,-0.026365,0.095492,-0.047477,0.102535,-0.076112,0.117403,-0.106691,0.151728,-0.137535,0.204274,-0.1674,0.260069,-0.195827,0.30476,-0.223151,0.323028,-0.253007,0.317285,-0.289417,0.282105,-0.329304,0.231056,-0.37532,0.187994,-0.425048,0.165374,-0.483132,0.160392,-0.551427,0.144728,-0.630078,0.089207,-0.732486,-0.046642,-0.873343,-0.298372,-1.048078,-0.68306,-1.247017,-1.216995,-1.462632,-1.901589,-1.644191,-2.654118,-1.705389,-3.365749,-1.59981,-3.910316,-1.324053,-4.200903,-0.893406,-4.217263,-0.326755,-3.985546,0.355312,-3.575539,1.143072,-3.054733,1.968052,-2.435851,2.790055,-1.740576,3.533897,-1.007967,4.071195,-0.276221,4.290303,0.449121,4.153361,1.154932,3.671984,1.808269,2.983279,2.353016,2.224692,2.747423,1.489058,3.00508,0.821737,3.178427,0.233491,3.298579,-0.287314,3.344096,-0.750564,3.273589,-1.183114,3.071985,-1.611008,2.763717,-2.045226,2.395915,-2.475191,1.977864,-2.866191,1.496227,-3.172497,0.9327,-3.359499,0.279095,-3.392863,-0.437261,-3.236543,-1.200125,-2.875436,-1.980712,-2.330441,-2.730318,-1.679658,-3.387667,-1.026977,-3.908998,-0.406288,-4.216303,0.179829,-4.231251,0.7376,-3.935514,1.278487,-3.385955,1.778285,-2.717452,2.1861,-2.047725,2.464571,-1.404358,2.599738,-0.769587,2.622036,-0.114854,2.58653,0.542787,2.502557,1.176053,2.341027,1.788767,2.108104,2.370021,1.808132,2.865093,1.447526,3.208958,1.047778,3.356968,0.626064,3.310178,0.203013,3.106616,-0.204784,2.774043,-0.577653,2.355087,-0.89451,1.890667,-1.127946,1.446625,-1.271612,1.076485,-1.311423,0.80455,-1.239652,0.612716,-1.072752,0.461359,-0.853935,0.320727,-0.62919,0.185009,-0.442872,0.058789,-0.314485,-0.054227,-0.241493,-0.147558,-0.216311,-0.195211,-0.210842,-0.18361,-0.195762,-0.133008,-0.166822,-0.066231,-0.126929,0.001845,-0.089108,0.05834,-0.05122,0.091354
0,0.023215,0.153891,0.02018,0.187045,0.016463,0.215475,0.012066,0.239187,0.00895,0.260799,0.008309,0.28354,0.004149,0.306365,-0.003471,0.31867,-0.016472,0.330852,-0.03061,0.345173,-0.0405,0.361775,-0.057888,0.37867,-0.087625,0.38748,-0.138728,0.403509,-0.200861,0.426184,-0.276126,0.449009,-0.363032,0.443101,-0.455472,0.403781,-0.575882,0.324142,-0.75222,0.186021,-0.99218,-0.028041,-1.274573,-0.323192,-1.556027,-0.699715,-1.792499,-1.142112,-1.948036,-1.597993,-2.019078,-2.04321,-1.980794,-2.46246,-1.822531,-2.860311,-1.524141,-3.232534,-1.107786,-3.555077,-0.609187,-3.799659,-0.027265,-3.893117,0.659004,-3.765886,1.456669,-3.414245,2.324442,-2.883499,3.138213,-2.223608,3.750752,-1.484708,4.066038,-0.695188,4.063412,0.143833,3.780779,0.980276,3.302257,1.71459,2.70713,2.310194,2.05634,2.786381,1.403432,3.158207,0.788257,3.436669,0.218826,3.626986,-0.295487,3.726006,-0.767323,3.738146,-1.202198,3.652328,-1.595817,3.454407,-1.955494,3.131718,-2.286555,2.667122,-2.569666,2.046893,-2.766381,1.291384,-2.841225,0.452674,-2.778174,-0.398946,-2.584621,-1.209392,-2.333358,-1.965577,-2.027531,-2.692429,-1.670782,-3.394303,-1.236797,-3.993652,-0.72542,-4.386717,-0.169301,-4.49661,0.417194,-4.316863,0.997488,-3.917416,1.530658,-3.387096,1.983982,-2.751285,2.357011,-1.997876,2.654536,-1.146893,2.848839,-0.244061,2.884811,0.629292,2.761447,1.444557,2.484863,2.188488,2.098001,2.830509,1.642681,3.323895,1.185147,3.621176,0.750006,3.693585,0.352084,3.549907,-0.005938,3.232779,-0.322647,2.791976,-0.600174,2.289135,-0.831147,1.794369,-1.008648,1.369448,-1.117951,1.02011,-1.155074,0.742179,-1.120953,0.517646,-1.031411,0.331473,-0.89343,0.1737,-0.731405,0.043084,-0.562559,-0.046636,-0.412204,-0.094215,-0.290115,-0.121015,-0.194164,-0.124283,-0.12812,-0.112902,-0.09579,-0.099169,-0.097462,-0.092331,-0.120421,-0.090241,-0.140939,-0.07515,-0.136988,-0.04843,-0.101517,-0.019784
0,-0.045707,-0.054737,-0.046391,-0.026771,-0.047892,0.017023,-0.06497,0.081953,-0.109914,0.163042,-0.174221,0.235523,-0.241373,0.294657,-0.294677,0.340557,-0.323782,0.36064,-0.338253,0.354869,-0.342779,0.334243,-0.354549,0.29779,-0.375815,0.246063,-0.413839,0.188631,-0.464934,0.133248,-0.522365,0.09498,-0.584029,0.095458,-0.647207,0.130115,-0.708854,0.179059,-0.773165,0.215097,-0.852238,0.20453,-0.946829,0.121571,-1.065614,-0.046932,-1.193463,-0.295052,-1.316201,-0.627988,-1.417047,-1.052656,-1.489896,-1.56545,-1.540417,-2.158557,-1.537103,-2.815666,-1.413495,-3.445037,-1.131749,-3.939443,-0.728524,-4.198218,-0.284525,-4.198177,0.193908,-3.94954,0.751397,-3.463025,1.428984,-2.761967,2.173755,-1.900687,2.867226,-0.962772,3.385407,-0.023589,3.649572,0.87703,3.636834,1.715538,3.356203,2.465583,2.855945,3.057333,2.224439,3.440885,1.566106,3.629189,0.939891,3.648337,0.354748,3.51278,-0.17327,3.231587,-0.627964,2.805048,-1.018256,2.251352,-1.390783,1.62447,-1.778064,0.971636,-2.177001,0.369616,-2.573314,-0.146296,-2.931494,-0.585437,-3.197105,-0.963662,-3.331632,-1.32977,-3.274134,-1.712608,-2.979095,-2.11629,-2.459573,-2.543074,-1.811025,-2.968857,-1.137242,-3.302894,-0.513423,-3.424556,0.070719,-3.276261,0.621629,-2.867128,1.147128,-2.285047,1.646621,-1.653372,2.117995,-1.057872,2.537735,-0.518595,2.871555,-0.022156,3.067493,0.427488,3.088743,0.834291,2.938581,1.207218,2.658053,1.553151,2.295112,1.847652,1.885504,2.09294,1.449739,2.304949,1.01497,2.498475,0.592536,2.651011,0.19313,2.72466,-0.183709,2.702792,-0.510043,2.581435,-0.749724,2.374975,-0.91821,1.162745,-0.837419,0.899404,-0.754839,0.680229,-0.688782,0.500975,-0.636982,0.365681,-0.583635,0.26892,-0.533453,0.202885,-0.490393,0.14478,-0.453135,0.085778,-0.420751,0.025018,-0.376203,-0.038103,-0.305156,-0.090935,-0.213483,-0.120802,-0.11767,-0.11714,-0.040817,-0.085992,-0.009147,-0.036621,-0.008447,0.013835
0,0.084755,0.052434,0.075794,0.126945,0.058964,0.199309,0.047565,0.239229,0.04576,0.234874,0.05258,0.185566,0.052232,0.109025,0.041135,0.03377,0.023995,-0.01496,0.004403,-0.014154,-0.018611,0.035491,-0.049557,0.115549,-0.082911,0.20189,-0.105382,0.277874,-0.118877,0.333854,-0.125746,0.380076,-0.134028,0.406067,-0.164819,0.419547,-0.227808,0.422426,-0.33262,0.405842,-0.478579,0.349814,-0.656327,0.253597,-0.844067,0.096772,-1.026197,-0.134959,-1.202705,-0.423951,-1.393859,-0.777707,-1.597569,-1.210373,-1.813435,-1.734486,-1.977694,-2.327417,-1.982777,-2.886141,-1.787739,-3.283507,-1.4058,-3.483626,-0.875724,-3.555217,-0.213173,-3.565351,0.553718,-3.479037,1.327399,-3.204487,2.003878,-2.710511,2.524431,-2.053936,2.866445,-1.259456,3.037353,-0.388524,3.040244,0.507128,2.870127,1.341998,2.535491,2.073409,2.068459,2.696374,1.531264,3.187475,0.984231,3.54444,0.475563,3.787334,0.033736,3.917141,-0.337007,3.914885,-0.649949,3.72935,-0.928293,3.295255,-1.213431,2.607932,-1.535747,1.753264,-1.897067,0.827379,-2.242346,-0.111269,-2.48711,-1.011783,-2.58945,-1.827293,-2.545836,-2.505739,-2.354198,-3.065282,-1.980781,-3.526654,-1.435491,-3.895669,-0.792635,-4.117225,-0.138542,-4.142424,0.520809,-3.954171,1.164414,-3.563121,1.738522,-3.010973,2.218914,-2.3471,2.605592,-1.579455,2.868459,-0.73855,2.969892,0.135437,2.899328,0.977872,2.66142,1.76879,2.275941,2.497987,1.802763,3.114213,1.303611,3.563121,0.842269,3.810456,0.459941,3.834145,0.169167,3.632074,-0.049844,3.225081,-0.226971,2.645266,-0.393726,1.989033,-0.56385,1.372041,-0.737975,0.872185,-0.895342,0.526533,-1.012696,0.315991,-1.074325,0.193503,-1.055879,0.127939,-0.956439,0.082579,-0.794796,0.046099,-0.606889,0.001408,-0.433628,-0.056825,-0.296565,-0.136728,-0.217942,-0.229543,-0.185149,-0.311361,-0.163819,-0.351605,-0.123625,-0.340962,-0.071233,-0.287384,-0.016085,-0.200347,0.023893,-0.105363,0.042738,-0.018685
0,-0.043176,0.006562,-0.003169,0.048081,0.023517,0.075189,0.036278,0.084978,0.038489,0.079923,0.031815,0.065112,0.01301,0.047302,-0.017327,0.033246,-0.052162,0.031528,-0.083519,0.03595,-0.104621,0.045968,-0.113698,0.062888,-0.114586,0.086719,-0.114078,0.114098,-0.114611,0.1524,-0.119622,0.199265,-0.134167,0.251174,-0.169905,0.29502,-0.221153,0.309077,-0.277573,0.280013,-0.354244,0.203143,-0.472232,0.098429,-0.652786,-0.036758,-0.895667,-0.207602,-1.164727,-0.441582,-1.398742,-0.7981,-1.523027,-1.334495,-1.510252,-1.997616,-1.406912,-2.750736,-1.287047,-3.419511,-1.144508,-3.790777,-0.905944,-3.828829,-0.487481,-3.644537,0.160856,-3.299245,1.007352,-2.848054,1.937907,-2.358877,2.769929,-1.834149,3.338566,-1.236403,3.558707,-0.537462,3.434309,0.235208,3.018836,1.039087,2.400673,1.832705,1.692079,2.566804,1.03016,3.196103,0.50582,3.676818,0.147864,3.995305,-0.081235,4.116672,-0.259459,4.006411,-0.445087,3.684977,-0.669386,3.197775,-0.954959,2.614086,-1.313729,1.951593,-1.747028,1.233193,-2.194329,0.508478,-2.569447,-0.183891,-2.798077,-0.838176,-2.852716,-1.455719,-2.725356,-2.007479,-2.436124,-2.507792,-2.045361,-3.021915,-1.586479,-3.531481,-1.044006,-3.907145,-0.417183,-4.007018,0.253182,-3.791634,0.906321,-3.359629,1.478165,-2.831997,1.919047,-2.264214,2.238546,-1.663208,2.467912,-1.01371,2.643499,-0.297117,2.74777,0.461071,2.723001,1.206336,2.551996,1.893574,2.260617,2.495572,1.884606,2.99174,1.460174,3.367776,1.02617,3.587371,0.61061,3.620207,0.223061,3.439098,-0.141594,3.061157,-0.491707,2.54931,-0.800978,2.007114,-1.055393,1.499326,-1.25338,1.061648,-1.38436,0.692904,-1.406789,0.389721,-1.325044,0.157892,-1.151871,-0.000587,-0.908582,-0.097607,-0.644168,-0.134705,-0.427759,-0.135759,-0.298039,-0.124218,-0.225593,-0.125876,-0.164815,-0.140174,-0.087505,-0.149554,-0.000171,-0.142288,0.081783,-0.111634,0.141125,-0.058145,0.169235,-0.00152,0.164331,0.046062
0,0.132051,0.080548,0.089707,0.096138,0.061206,0.081149,0.053016,0.046673,0.054598,0.01131,0.053165,-0.010554,0.042141,-0.017062,0.030891,-0.015909,0.027947,-0.006243,0.020845,0.033117,0.014363,0.071603,0.008692,0.096224,-0.000247,0.101571,-0.017472,0.094581,-0.0359,0.076314,-0.050841,0.051345,-0.062389,0.032702,-0.063643,0.02529,-0.056577,0.035516,-0.053092,0.056265,-0.055283,0.079522,-0.058588,0.100682,-0.065132,0.1117,-0.06679,0.115753,-0.057614,0.111856,-0.045012,0.110434,-0.033169,0.122901,-0.025977,0.149114,-0.028704,0.18001,-0.046851,0.214189,-0.083203,0.243027,-0.145843,0.259515,-0.229195,0.261261,-0.326963,0.263372,-0.430374,0.276324,-0.546682,0.288747,-0.713472,0.252636,-0.95549,0.112599,-1.258777,-0.181117,-1.582035,-0.680635,-1.866735,-1.417917,-1.993557,-2.345831,-1.87855,-3.335764,-1.510171,-4.23776,-0.887904,-4.86991,0.011271,-5.19786,1.060533,-5.205285,2.088915,-4.804247,2.999388,-3.931608,3.709201,-2.704659,4.103282,-1.244003,4.076982,0.315875,3.588433,1.878476,2.732136,3.316075,1.710339,4.465889,0.698237,5.231807,-0.194039,5.639306,-0.907805,5.686826,-1.419966,5.299448,-1.766593,4.402037,-2.012765,2.994123,-2.296856,1.177942,-2.639831,-0.834562,-2.900777,-2.744237,-2.930115,-4.279254,-2.662387,-5.356646,-2.113819,-5.949252,-1.325106,-5.980401,-0.253126,-5.376918,1.081498,-4.283339,2.420041,-2.94971,3.369869,-1.508539,3.753175,0.101278,3.621094,1.705754,3.130222,3.090718,2.453594,4.166977,1.780524,4.821216,1.204404,4.959629,0.705308,4.588261,0.20771,3.766,-0.32609,2.63909,-0.837829,1.479862,-1.30579,0.549929,-1.684073,-0.038476,-1.901384,-0.320266,-1.925592,-0.382781,-1.783322,-0.297052,-1.489566,-0.123664,-1.058999,0.05537,-0.573188,0.176862,-0.158544,0.212715,0.084771,0.156003,0.145116,0.028286,0.068425,-0.123244,-0.089684,-0.24688,-0.255954,-0.294712,-0.355929,-0.269722,-0.355521,-0.192529,-0.283063,-0.108215,-0.170351,-0.043247
0,-0.069448,0.129125,-0.083567,0.125,-0.114955,0.115782,-0.166877,0.105957,-0.23123,0.099493,-0.300644,0.090419,-0.380686,0.088093,-0.456944,0.09626,-0.517988,0.08715,-0.567002,0.04014,-0.620923,-0.030912,-0.685204,-0.120964,-0.736527,-0.233238,-0.760297,-0.377496,-0.765986,-0.57214,-0.74836,-0.835347,-0.708086,-1.151622,-0.668149,-1.488307,-0.645251,-1.807537,-0.63177,-2.088191,-0.599935,-2.340833,-0.510148,-2.571622,-0.356613,-2.776378,-0.131864,-2.908136,0.167329,-2.949418,0.535772,-2.915391,0.955875,-2.78288,1.407417,-2.472291,1.855365,-1.951881,2.25904,-1.257516,2.5529,-0.441115,2.698276,0.346336,2.672034,0.999048,2.514811,1.519144,2.299902,1.942117,2.055281,2.291815,1.759179,2.554506,1.358521,2.747818,0.903751,2.921623,0.445942,3.055584,0.033216,3.150899,-0.311604,3.201233,-0.59765,3.198987,-0.83764,3.113956,-1.058087,2.923845,-1.269847,2.604359,-1.496777,2.135429,-1.752519,1.523205,-1.981025,0.853232,-2.110422,0.211588,-2.124156,-0.360808,-2.035122,-0.810982,-1.871524,-1.179685,-1.653836,-1.487622,-1.390498,-1.784577,-1.114583,-2.114918,-0.875953,-2.456683,-0.685715,-2.785768,-0.540973,-3.072176,-0.401522,-3.266188,-0.211265,-3.333371,0.072196,-3.267758,0.444698,-3.066764,0.864138,-2.729946,1.246394,-2.27706,1.516651,-1.747251,1.655598,-1.180028,1.753518,-0.586243,1.807977,-0.00636,1.783632,0.555947,1.688052,1.09952,1.548724,1.587723,1.376473,1.990323,1.171729,2.298811,0.946749,2.512292,0.721685,2.643706,0.522288,2.683755,0.329453,2.607192,0.134089,2.417914,-0.07556,2.147786,-0.313253,1.847565,-0.57501,1.54277,-0.827183,1.256133,-1.033089,1.015387,-1.158116,0.834361,-1.188415,0.695672,-1.111341,0.5639,-0.935665,0.435157,-0.7201,0.313361,-0.501171,0.201793,-0.294514,0.096467,-0.116719,-0.018075,0.018114,-0.151237,0.09788,-0.280669,0.12312,-0.374239,0.110347,-0.392186,0.050051,-0.339668,-0.040247,-0.246622,-0.118668,-0.162277,-0.164415,-0.09931
0,-0.005527,0.227319,0.001969,0.210697,-0.017597,0.182311,-0.056935,0.145187,-0.114426,0.103975,-0.182558,0.064766,-0.24314,0.037759,-0.281041,0.022367,-0.299831,0.022467,-0.311688,0.029248,-0.337336,0.025846,-0.375594,0.001995,-0.433842,-0.056147,-0.519816,-0.142069,-0.640686,-0.254398,-0.794193,-0.387931,-0.962617,-0.547805,-1.128198,-0.744063,-1.254093,-0.989763,-1.280396,-1.288335,-1.171299,-1.631044,-0.944316,-2.001007,-0.650114,-2.361114,-0.35211,-2.695487,-0.090195,-2.955122,0.164059,-3.098688,0.476824,-3.105585,0.895277,-2.945257,1.376152,-2.581857,1.822668,-2.039915,2.143515,-1.388741,2.301411,-0.690009,2.299669,-0.009526,2.176359,0.60027,1.9852,1.125584,1.762837,1.579721,1.533647,1.993423,1.318178,2.336465,1.118233,2.556851,0.899244,2.656811,0.650682,2.677196,0.365932,2.658861,0.054138,2.613149,-0.275085,2.535368,-0.599772,2.404382,-0.927778,2.2033,-1.267186,1.950806,-1.61093,1.639614,-1.917114,1.245992,-2.145287,0.788674,-2.28409,0.300393,-2.340412,-0.196036,-2.31179,-0.680164,-2.197335,-1.123772,-2.005117,-1.499306,-1.754981,-1.824482,-1.451875,-2.145645,-1.127422,-2.483649,-0.834474,-2.8167,-0.584659,-3.084141,-0.334175,-3.219331,-0.023209,-3.165214,0.372264,-2.88488,0.851416,-2.424042,1.345205,-1.837484,1.753434,-1.198664,2.021449,-0.57158,2.133573,0.005713,2.114736,0.494855,2.012871,0.926209,1.873122,1.325874,1.719704,1.693663,1.573289,2.008656,1.428324,2.247789,1.260772,2.399719,1.035962,2.450502,0.745569,2.392263,0.419107,2.225244,0.096406,1.991071,-0.186877,1.722714,-0.419344,1.454286,-0.580758,1.216715,-0.691512,1.032241,-0.770616,0.898062,-0.821272,0.789441,-0.824857,0.673125,-0.778473,0.534706,-0.700734,0.39869,-0.611256,0.292992,-0.518878,0.214533,-0.409194,0.131768,-0.279649,0.029923,-0.159393,-0.073183,-0.081935,-0.177701,-0.064889,-0.269582,-0.098407,-0.32251,-0.173019,-0.330319,-0.249033,-0.30418,-0.30055,-0.248146,-0.305595,-0.159561
0,-0.015539,0.041963,-0.000724,0.067723,0.00606,0.073057,0.011402,0.070843,0.017461,0.070887,0.023427,0.079962,0.033831,0.096601,0.04123,0.114715,0.037494,0.124436,0.021142,0.11827,-0.00266,0.100075,-0.026501,0.075948,-0.046701,0.051131,-0.05493,0.035375,-0.055653,0.02866,-0.051864,0.030953,-0.042064,0.031708,-0.031516,0.033197,-0.020971,0.040687,-0.011181,0.057965,-0.002127,0.086543,0.004753,0.118889,0.003576,0.148987,-0.005699,0.163338,-0.029268,0.159082,-0.067218,0.143937,-0.11726,0.127905,-0.180802,0.117332,-0.257921,0.10947,-0.350795,0.106851,-0.448881,0.109019,-0.546906,0.095486,-0.647863,0.046077,-0.74927,-0.077763,-0.864355,-0.310438,-1.004227,-0.638247,-1.157503,-1.075307,-1.280653,-1.644116,-1.324412,-2.338324,-1.239695,-3.102368,-1.005471,-3.790368,-0.592322,-4.284262,0.006954,-4.472062,0.813387,-4.261755,1.732537,-3.619706,2.545945,-2.643486,3.096324,-1.468536,3.359101,-0.157352,3.34679,1.207583,3.096122,2.461515,2.654705,3.488293,2.085495,4.232064,1.422417,4.69558,0.695854,4.897463,-0.036356,4.780109,-0.716896,4.199065,-1.360544,3.100011,-2.000044,1.636182,-2.663236,0.032284,-3.304895,-1.446053,-3.822035,-2.639746,-3.966785,-3.493242,-3.668874,-3.979037,-2.991255,-4.164042,-2.013427,-4.028835,-0.842432,-3.596876,0.416863,-2.991628,1.612526,-2.365787,2.533285,-1.763716,3.053886,-1.148266,3.190566,-0.434347,3.062996,0.364911,2.771792,1.136864,2.382178,1.825686,1.961802,2.41241,1.552896,2.835968,1.153495,3.047799,0.780339,2.983971,0.428853,2.630917,0.078231,2.081416,-0.289525,1.476861,-0.655551,0.972738,-0.976225,0.632784,-1.188933,0.476043,-1.264752,0.464483,-1.211165,0.543099,-1.074082,0.639761,-0.911984,0.69071,-0.767521,0.642708,-0.634591,0.498106,-0.480949,0.285153,-0.310353,0.051589,-0.159903,-0.152318,-0.062935,-0.281396,-0.037452,-0.31692,-0.062395,-0.266551,-0.104049,-0.157542,-0.12544,-0.02799,-0.124583,0.080663,-0.107763,0.154941
0,-0.007337,0.047623,0.011313,0.038209,0.024645,0.052068,0.03664,0.092555,0.025682,0.147262,-0.006064,0.183404,-0.02629,0.202602,-0.018124,0.217732,0.024865,0.234253,0.0868,0.241501,0.136324,0.23542,0.15136,0.214202,0.120587,0.196481,0.04634,0.184562,-0.060012,0.162976,-0.1668,0.143869,-0.24856,0.126257,-0.28793,0.102193,-0.267126,0.075202,-0.196242,0.042434,-0.101774,0.002905,-0.016299,-0.028703,0.042196,-0.03412,0.072085,-0.013336,0.073809,0.031171,0.040131,0.086347,-0.020778,0.150639,-0.091107,0.220916,-0.162918,0.292702,-0.220191,0.350278,-0.246256,0.378521,-0.246362,0.372934,-0.252143,0.331772,-0.306042,0.253971,-0.417682,0.135675,-0.643247,-0.05132,-1.014609,-0.330152,-1.470974,-0.719434,-1.920971,-1.214441,-2.222301,-1.764158,-2.224648,-2.295665,-1.891346,-2.761636,-1.272885,-3.183102,-0.482084,-3.533084,0.384696,-3.687628,1.292293,-3.508131,2.205794,-3.005034,3.013952,-2.251634,3.595083,-1.283552,3.834588,-0.139393,3.696165,1.054593,3.227508,2.124327,2.511948,2.970597,1.671217,3.5892,0.798182,3.976443,-0.04422,4.136737,-0.802114,4.0575,-1.451039,3.716946,-2.022608,3.088574,-2.553373,2.199145,-3.053509,1.104634,-3.465344,-0.077653,-3.71244,-1.193929,-3.711817,-2.171635,-3.345691,-2.953701,-2.541882,-3.51938,-1.333199,-3.872988,0.072123,-3.920318,1.3171,-3.613444,2.161237,-3.014498,2.619603,-2.195552,2.809293,-1.179792,2.852265,-0.087012,2.767968,0.931618,2.521384,1.763097,2.154079,2.377043,1.762851,2.772576,1.390822,2.95957,1.010783,2.951869,0.595564,2.762838,0.164992,2.438072,-0.237172,2.01181,-0.58122,1.556359,-0.862135,1.129284,-1.105786,0.765924,-1.276519,0.503483,-1.310333,0.35624,-1.194124,0.318633,-0.968486,0.360266,-0.693223,0.427606,-0.436175,0.438067,-0.238624,0.341771,-0.114788,0.150726,-0.066689,-0.083839,-0.066196,-0.281012,-0.0826,-0.383115,-0.105544,-0.377964,-0.114589,-0.299597,-0.092408,-0.188645,-0.042866,-0.088258
0,0.080166,0.083518,0.059406,0.063552,0.042273,0.035729,0.017524,0.015563,-0.015672,0.009225,-0.039157,0.016216,-0.044309,0.032551,-0.025576,0.046443,0.005337,0.053918,0.039189,0.052881,0.067818,0.044889,0.079969,0.038585,0.089032,0.039394,0.091423,0.041575,0.077066,0.04221,0.035337,0.040684,-0.016337,0.037691,-0.049931,0.04283,-0.052127,0.061843,-0.02709,0.089913,0.009155,0.106465,0.040192,0.106032,0.054873,0.100186,0.040104,0.102966,0.005458,0.111331,-0.034668,0.126297,-0.065694,0.150287,-0.087783,0.196943,-0.103879,0.266529,-0.133608,0.351018,-0.199912,0.433982,-0.302014,0.488703,-0.437935,0.487443,-0.598989,0.410007,-0.794633,0.242148,-1.050542,-0.02508,-1.371423,-0.395422,-1.723201,-0.854565,-2.063964,-1.418473,-2.319139,-2.137095,-2.292028,-2.974126,-1.857844,-3.719201,-1.026442,-4.191956,0.06967,-4.333323,1.173277,-4.120097,2.065891,-3.548382,2.727877,-2.676705,3.208176,-1.615326,3.519734,-0.446537,3.633735,0.759553,3.516912,1.919148,3.154196,2.943214,2.593375,3.738934,1.882542,4.240561,1.077944,4.428704,0.242736,4.315133,-0.538631,3.920803,-1.222104,3.276808,-1.805737,2.406817,-2.3486,1.367061,-2.827477,0.260518,-3.175824,-0.763862,-3.353193,-1.638146,-3.227397,-2.420948,-2.843863,-3.113287,-2.246338,-3.673532,-1.442337,-4.014045,-0.46711,-3.976911,0.581034,-3.451473,1.583736,-2.493341,2.419482,-1.34099,2.994398,-0.20964,3.229838,0.769037,3.107688,1.554438,2.719646,2.125013,2.199821,2.447619,1.641617,2.493719,1.06749,2.319242,0.539039,2.040659,0.116739,1.747856,-0.181327,1.506551,-0.387504,1.353478,-0.556036,1.251913,-0.719872,1.122365,-0.896093,0.933533,-1.0399,0.71803,-1.06537,0.525631,-0.957261,0.365792,-0.772364,0.237386,-0.580579,0.144772,-0.409607,0.070122,-0.284167,0.005486,-0.197102,-0.036049,-0.120922,-0.046807,-0.066182,-0.041364,-0.032843,-0.030616,-0.010883,-0.031217,-0.001947,-0.044515,-0.002687,-0.062623,0.005949,-0.07888
0,-0.168051,0.127435,-0.130427,0.133776,-0.086388,0.144055,-0.048741,0.158703,-0.030968,0.1775,-0.042235,0.191492,-0.092634,0.182884,-0.178915,0.147834,-0.300823,0.069163,-0.445074,-0.030609,-0.619382,-0.13511,-0.825629,-0.23352,-1.056001,-0.332074,-1.276379,-0.448691,-1.43631,-0.590342,-1.493428,-0.788313,-1.4396,-1.06303,-1.300678,-1.400624,-1.105917,-1.784895,-0.868795,-2.172781,-0.635124,-2.510822,-0.424805,-2.789052,-0.183355,-2.979615,0.148008,-3.084224,0.554599,-3.072502,0.95198,-2.884677,1.291258,-2.517834,1.573751,-2.019809,1.822868,-1.47058,2.023589,-0.90547,2.164181,-0.319236,2.233842,0.285554,2.220634,0.886777,2.113255,1.449738,1.911119,1.96818,1.622369,2.41801,1.265227,2.776641,0.877837,3.036359,0.502581,3.20367,0.168782,3.288836,-0.101973,3.288799,-0.309894,3.198894,-0.474176,3.032445,-0.629241,2.803897,-0.80821,2.521647,-1.030625,2.189777,-1.290746,1.813586,-1.5518,1.389648,-1.773172,0.920315,-1.921041,0.438533,-1.982699,-0.037303,-1.975437,-0.508385,-1.911104,-0.948801,-1.803884,-1.317809,-1.68185,-1.608471,-1.559658,-1.851017,-1.426372,-2.098647,-1.232156,-2.345218,-0.952945,-2.533268,-0.613761,-2.624536,-0.269241,-2.628533,0.042995,-2.564335,0.316216,-2.448533,0.594812,-2.268141,0.894024,-2.009046,1.20483,-1.683144,1.48363,-1.294763,1.703305,-0.855608,1.855566,-0.383386,1.943138,0.101699,1.955896,0.582664,1.906275,1.030404,1.807293,1.414097,1.670712,1.722732,1.500279,1.949847,1.297429,2.102825,1.073845,2.192522,0.849155,2.21914,0.632803,2.183649,0.414489,2.102871,0.184002,1.991211,-0.056301,1.856494,-0.307702,1.688465,-0.568276,1.481882,-0.820962,1.234775,-1.036244,0.94808,-1.154851,0.652478,-1.134725,0.387158,-0.973831,0.197992,-0.735741,0.102514,-0.499451,0.076249,-0.318156,0.091522,-0.221959,0.103979,-0.214187,0.091443,-0.263177,0.042586,-0.310482,-0.039737,-0.319493,-0.13332,-0.288209,-0.234429,-0.226428,-0.30294,-0.124038,-0.311354
0,-0.209917,0.116576,-0.239005,0.105656,-0.280511,0.091872,-0.338507,0.066759,-0.411098,0.015719,-0.503777,-0.073619,-0.621552,-0.210799,-0.757735,-0.390466,-0.903402,-0.596341,-1.032693,-0.816497,-1.11148,-1.068741,-1.115598,-1.381837,-1.051369,-1.791038,-0.931099,-2.286619,-0.76658,-2.8056,-0.565611,-3.277294,-0.32776,-3.593253,-0.024368,-3.662359,0.353878,-3.471932,0.821047,-3.067763,1.342334,-2.509512,1.846794,-1.88317,2.260531,-1.257987,2.512531,-0.644363,2.576134,-0.058511,2.489031,0.46683,2.292137,0.922033,2.037188,1.313691,1.770805,1.653522,1.526618,1.955792,1.304378,2.216828,1.083821,2.443646,0.837094,2.625787,0.555177,2.730518,0.257226,2.729281,-0.032022,2.615057,-0.311477,2.39439,-0.59857,2.113149,-0.916758,1.795439,-1.257397,1.463782,-1.572877,1.121621,-1.80517,0.78184,-1.945409,0.458045,-2.016102,0.170737,-2.035869,-0.066273,-2.00615,-0.285513,-1.932579,-0.513106,-1.833089,-0.773728,-1.739116,-1.068758,-1.646206,-1.404797,-1.503189,-1.789994,-1.258505,-2.207015,-0.921586,-2.630333,-0.539669,-2.981982,-0.14282,-3.18355,0.241617,-3.176364,0.574946,-2.985542,0.842936,-2.651144,1.064398,-2.245172,1.258728,-1.812654,1.431888,-1.366062,1.582771,-0.900722,1.70676,-0.427983,1.820006,0.014195,1.901196,0.395371,1.92075,0.724467,1.867486,1.032242,1.756287,1.336002,1.586948,1.622782,1.3707,1.847158,1.130909,1.995185,0.86781,2.081799,0.58419,2.105757,0.304859,2.080111,0.060789,2.027376,-0.146136,1.963355,-0.332671,1.890697,-0.496602,1.802696,-0.62774,1.673282,-0.731409,1.500283,-0.819328,1.290488,-0.878326,1.062033,-0.902899,0.836025,-0.887411,0.617907,-0.857663,0.429147,-0.828348,0.298715,-0.789089,0.207704,-0.739008,0.134215,-0.657902,0.070364,-0.539297,0.00654,-0.400594,-0.045677,-0.270541,-0.071243,-0.180349,-0.074179,-0.136464,-0.076436,-0.124382,-0.09836,-0.131388,-0.135529,-0.137762,-0.159861,-0.123628,-0.163778,-0.077442,-0.144628,0.000367,-0.105207
0,-0.298508,0.143854,-0.265011,0.124361,-0.227971,0.124349,-0.197474,0.12597,-0.194748,0.106438,-0.233024,0.043126,-0.318418,-0.072261,-0.448071,-0.228098,-0.608663,-0.410577,-0.770886,-0.607061,-0.914062,-0.797144,-1.025494,-0.970944,-1.100244,-1.155916,-1.141886,-1.392601,-1.14297,-1.721609,-1.102532,-2.136425,-1.02207,-2.592615,-0.897904,-3.053624,-0.738932,-3.400796,-0.513575,-3.546384,-0.194699,-3.437461,0.235561,-3.070008,0.738778,-2.496945,1.227744,-1.807018,1.620524,-1.124477,1.904872,-0.56281,2.075993,-0.139178,2.147405,0.203852,2.155734,0.50391,2.137783,0.765965,2.089966,1.012185,2.012825,1.28019,1.900504,1.595157,1.748358,1.931319,1.553713,2.23512,1.292218,2.474972,0.958429,2.631338,0.581525,2.684777,0.18183,2.627719,-0.233564,2.464146,-0.627945,2.214659,-1.004516,1.904767,-1.378217,1.576442,-1.7258,1.286453,-2.006182,1.057051,-2.20912,0.843414,-2.326999,0.608917,-2.34813,0.31985,-2.262862,-0.031031,-2.110003,-0.446375,-1.936749,-0.897591,-1.751525,-1.35878,-1.514049,-1.819061,-1.226186,-2.264942,-0.922518,-2.664023,-0.612238,-3.001716,-0.280825,-3.207436,0.07918,-3.252019,0.444387,-3.137143,0.77637,-2.866781,1.067846,-2.421464,1.321381,-1.83921,1.551081,-1.205422,1.789822,-0.594876,2.029666,-0.053535,2.216088,0.417733,2.286705,0.847406,2.229373,1.242593,2.077388,1.563862,1.87165,1.775763,1.618664,1.892475,1.322278,1.970045,0.984465,2.052107,0.621377,2.137719,0.272431,2.217869,-0.024454,2.279308,-0.261148,2.297329,-0.459862,2.231976,-0.618938,2.077574,-0.730395,1.848193,-0.799091,1.562167,-0.828689,1.243313,-0.830588,0.92893,-0.814218,0.662369,-0.793387,0.4409,-0.772856,0.251211,-0.752279,0.103241,-0.716481,0.003339,-0.654416,-0.05634,-0.561926,-0.078134,-0.438416,-0.06744,-0.29566,-0.034775,-0.164162,-0.001634,-0.075267,0.005836,-0.035432,-0.007416,-0.035369,-0.021952,-0.061537,-0.024093,-0.093111,-0.011809,-0.107876,0.006203,-0.101665,0.017262
0,-0.00491,0.113267,-0.015194,0.116722,-0.028209,0.121775,-0.039237,0.128153,-0.041175,0.141662,-0.03465,0.173782,-0.029709,0.215536,-0.034141,0.255531,-0.051861,0.278842,-0.093521,0.292996,-0.162467,0.305123,-0.275479,0.335222,-0.433353,0.384027,-0.620143,0.42643,-0.809225,0.410334,-0.980089,0.292274,-1.121267,0.07102,-1.221778,-0.229348,-1.27965,-0.590001,-1.306673,-0.9959,-1.33413,-1.452709,-1.369713,-1.954521,-1.365313,-2.489814,-1.240758,-3.014308,-0.960505,-3.429416,-0.565527,-3.660863,-0.131447,-3.690524,0.281383,-3.564366,0.661397,-3.274578,1.024819,-2.818,1.371168,-2.234678,1.707584,-1.593085,2.017327,-0.942239,2.278442,-0.293888,2.461078,0.335435,2.51784,0.901995,2.425242,1.380998,2.183086,1.804844,1.829006,2.191875,1.435354,2.511714,1.050623,2.736489,0.696394,2.864148,0.362954,2.907446,0.027028,2.878471,-0.302556,2.767853,-0.623258,2.591437,-0.954838,2.372388,-1.303758,2.106711,-1.628336,1.768214,-1.889304,1.354789,-2.074404,0.891747,-2.190675,0.396955,-2.236917,-0.113483,-2.203609,-0.619442,-2.104575,-1.086789,-1.942888,-1.495245,-1.717333,-1.85761,-1.428389,-2.19576,-1.099745,-2.530078,-0.755938,-2.842197,-0.416565,-3.08598,-0.086981,-3.239851,0.2258,-3.275175,0.511611,-3.167551,0.776422,-2.910026,1.057313,-2.501181,1.405204,-1.992886,1.827432,-1.45126,2.247507,-0.911001,2.557151,-0.357608,2.687035,0.231722,2.631063,0.82673,2.411133,1.389072,2.082187,1.888554,1.72428,2.283878,1.371685,2.558566,1.053343,2.724199,0.763192,2.807995,0.49701,2.806665,0.25082,2.710638,0.031882,2.517548,-0.15866,2.242414,-0.328078,1.922918,-0.485848,1.596194,-0.62704,1.289995,-0.731639,1.028435,-0.782658,0.810818,-0.776481,0.634209,-0.708509,0.493346,-0.600543,0.384646,-0.472986,0.303631,-0.359144,0.243061,-0.267086,0.204063,-0.211113,0.171213,-0.184129,0.127415,-0.162975,0.069804,-0.143045,0.020399,-0.12467,-0.0132,-0.106007,-0.038238,-0.088901,-0.05357
0,-0.057827,0.180267,-0.110934,0.201269,-0.17392,0.199773,-0.244366,0.165555,-0.331334,0.100141,-0.45371,0.00495,-0.624608,-0.113465,-0.846668,-0.259571,-1.096728,-0.430393,-1.345061,-0.641712,-1.548798,-0.908528,-1.65085,-1.226918,-1.62409,-1.596785,-1.453012,-2.003104,-1.153882,-2.404572,-0.741009,-2.748933,-0.271393,-3.023499,0.151057,-3.231958,0.474806,-3.357546,0.699711,-3.3498,0.879711,-3.174917,1.104136,-2.864365,1.408444,-2.459361,1.766216,-2.002058,2.121902,-1.51724,2.406242,-0.994111,2.574716,-0.434196,2.612474,0.137968,2.525275,0.692401,2.326025,1.198254,2.025423,1.654024,1.659035,2.055392,1.269341,2.404534,0.889384,2.690454,0.547774,2.906858,0.258548,3.046144,0.000716,3.103373,-0.235464,3.075344,-0.452292,2.948074,-0.676615,2.716428,-0.939247,2.392801,-1.227972,2.004967,-1.478528,1.580666,-1.662003,1.135056,-1.76898,0.698486,-1.808702,0.286726,-1.807525,-0.102557,-1.78486,-0.482096,-1.753509,-0.875446,-1.717877,-1.272579,-1.682147,-1.65925,-1.613562,-2.024663,-1.473793,-2.371736,-1.262044,-2.664786,-1.010222,-2.871911,-0.744739,-3.000348,-0.470339,-3.077283,-0.194559,-3.083342,0.075993,-2.973296,0.337553,-2.723423,0.606529,-2.341114,0.919359,-1.860551,1.302204,-1.322273,1.74201,-0.746267,2.178339,-0.159257,2.514632,0.414199,2.683168,0.951324,2.657771,1.436211,2.455801,1.854673,2.13625,2.180647,1.772692,2.401428,1.414803,2.545257,1.074973,2.620646,0.7633,2.624739,0.466112,2.555544,0.184891,2.429668,-0.07115,2.254924,-0.310064,2.044508,-0.52824,1.807789,-0.717118,1.569185,-0.853523,1.336472,-0.930714,1.116452,-0.951331,0.918088,-0.932778,0.755493,-0.886999,0.629754,-0.825051,0.54719,-0.765415,0.480351,-0.711013,0.405918,-0.654483,0.319752,-0.577789,0.226359,-0.484279,0.128467,-0.382959,0.042973,-0.284636,-0.028058,-0.198897,-0.075499,-0.135223,-0.098939,-0.092106,-0.095576,-0.053812,-0.076248,-0.012663,-0.053502,0.034239,-0.024056,0.076959,0.016093
0,0.022624,0.019654,-0.011803,0.046717,-0.042413,0.077774,-0.062888,0.108786,-0.079796,0.123665,-0.090804,0.118281,-0.09426,0.095265,-0.090355,0.069961,-0.076242,0.054552,-0.068552,0.054668,-0.074024,0.069679,-0.095876,0.112091,-0.140659,0.165934,-0.184884,0.210801,-0.22437,0.237616,-0.252974,0.246138,-0.273167,0.234833,-0.293649,0.200315,-0.325774,0.146661,-0.377215,0.077906,-0.464047,-0.00607,-0.599888,-0.116284,-0.782406,-0.263627,-0.969986,-0.449907,-1.157794,-0.687838,-1.337048,-0.982352,-1.471258,-1.33865,-1.494649,-1.72717,-1.359055,-2.152242,-1.103724,-2.608576,-0.776502,-3.085907,-0.440029,-3.519914,-0.080016,-3.816693,0.321776,-3.937103,0.754222,-3.86073,1.183407,-3.58722,1.596372,-3.106876,1.9903,-2.455078,2.342583,-1.65964,2.595191,-0.751921,2.704669,0.206798,2.670548,1.125036,2.49439,1.934988,2.188523,2.621217,1.801155,3.174011,1.360106,3.540399,0.907028,3.703086,0.459638,3.683913,0.032527,3.514437,-0.356628,3.218014,-0.712497,2.817625,-1.07048,2.337625,-1.476628,1.785324,-1.920192,1.136625,-2.338205,0.382661,-2.655725,-0.432297,-2.815522,-1.249758,-2.795125,-2.011219,-2.585429,-2.685995,-2.230342,-3.253118,-1.772228,-3.718752,-1.244121,-4.053471,-0.654139,-4.20788,-0.007568,-4.132401,0.675963,-3.7863,1.374389,-3.168367,2.065505,-2.308688,2.683546,-1.251498,3.078897,-0.146481,3.177354,0.868665,3.00491,1.756318,2.633876,2.512532,2.170777,3.081512,1.672175,3.397884,1.183889,3.456646,0.73009,3.280322,0.346307,2.924431,0.056311,2.464606,-0.16185,2.010378,-0.372454,1.636278,-0.597986,1.380566,-0.809512,1.211875,-0.979539,1.095449,-1.073413,1.019429,-1.094235,0.949986,-1.04833,0.8682,-0.948781,0.753838,-0.825526,0.608033,-0.688504,0.436629,-0.55764,0.257478,-0.452839,0.090744,-0.379632,-0.045477,-0.320172,-0.121579,-0.261835,-0.144487,-0.196935,-0.130625,-0.1369,-0.102083,-0.085359,-0.066791,-0.051076,-0.02681,-0.024993,0.008274,0.000722,0.04106
0,-0.003825,-0.000309,0.022535,0.0033,0.040116,0.023965,0.043735,0.063356,0.041641,0.114433,0.026415,0.159399,-0.000159,0.183889,-0.047645,0.177351,-0.126055,0.15246,-0.222659,0.127366,-0.318908,0.110984,-0.397673,0.101409,-0.466089,0.097309,-0.546107,0.06706,-0.662961,-0.00728,-0.815772,-0.152247,-0.975763,-0.370647,-1.111746,-0.660126,-1.185955,-1.000403,-1.167578,-1.369884,-1.050687,-1.742181,-0.869424,-2.091198,-0.659606,-2.439421,-0.443885,-2.798005,-0.218603,-3.152767,0.002263,-3.454006,0.219377,-3.62868,0.455265,-3.620374,0.741893,-3.421935,1.08377,-3.041789,1.455734,-2.492672,1.814451,-1.804752,2.096949,-1.019097,2.253412,-0.220612,2.260863,0.486317,2.129559,1.049492,1.870176,1.483989,1.538996,1.832669,1.24867,2.123966,1.038507,2.348768,0.855504,2.524495,0.675268,2.655683,0.473917,2.718793,0.259413,2.712521,0.027651,2.642848,-0.221453,2.516465,-0.498583,2.319468,-0.816333,2.032205,-1.145074,1.663676,-1.449282,1.238002,-1.715505,0.783876,-1.948146,0.335878,-2.161504,-0.130309,-2.34286,-0.641557,-2.445744,-1.162614,-2.423668,-1.59886,-2.266993,-1.901987,-1.982611,-2.115065,-1.607776,-2.317342,-1.169868,-2.521207,-0.698742,-2.720544,-0.204137,-2.863004,0.298882,-2.904884,0.791689,-2.822314,1.275021,-2.570998,1.723413,-2.157584,2.116051,-1.647172,2.428399,-1.09272,2.592553,-0.514733,2.586035,0.054791,2.434231,0.59208,2.169741,1.089189,1.843214,1.54143,1.528359,1.940473,1.253836,2.273974,0.997424,2.520447,0.743082,2.662914,0.483002,2.695634,0.228258,2.62455,-0.013936,2.451844,-0.23275,2.192997,-0.417522,1.884306,-0.896204,1.017482,-1.002041,0.821315,-1.040418,0.678574,-1.006712,0.569377,-0.928219,0.480197,-0.825502,0.401232,-0.709586,0.308995,-0.57969,0.207115,-0.443036,0.102123,-0.319584,0.012829,-0.219205,-0.036599,-0.155862,-0.038308,-0.118811,0.007984,-0.087316,0.066981,-0.047597,0.1145,-0.000516,0.130461,0.042014,0.115081,0.067564,0.088192
0,-0.061506,0.11075,-0.041887,0.099946,-0.019952,0.075691,0.001161,0.045685,0.012564,0.013696,0.008233,-0.007071,-0.011307,-0.007069,-0.043359,0.009755,-0.076875,0.026134,-0.105315,0.029779,-0.121841,0.013184,-0.126929,-0.01596,-0.111423,-0.04544,-0.081816,-0.058248,-0.047979,-0.061093,-0.018346,-0.046969,-0.004748,-0.013168,-0.006812,0.036434,-0.01908,0.078317,-0.040457,0.103421,-0.061383,0.113794,-0.076757,0.118774,-0.098307,0.123583,-0.142427,0.133762,-0.22073,0.146099,-0.328693,0.13609,-0.465656,0.078722,-0.620178,-0.038929,-0.795244,-0.227045,-0.979069,-0.501675,-1.148095,-0.852718,-1.295103,-1.266819,-1.401788,-1.73955,-1.403631,-2.296135,-1.247168,-2.900197,-0.908118,-3.449502,-0.444345,-3.842556,0.101147,-3.995839,0.73165,-3.874983,1.451758,-3.479828,2.190162,-2.851861,2.801303,-2.074749,3.16969,-1.210388,3.252655,-0.307536,3.091643,0.576758,2.764879,1.3749,2.337301,2.054943,1.869471,2.617156,1.412553,3.049588,0.961022,3.338933,0.522746,3.505435,0.091534,3.561828,-0.320296,3.509676,-0.687218,3.330861,-1.00063,2.999146,-1.285849,2.517173,-1.585079,1.870699,-1.90621,1.064079,-2.210654,0.138449,-2.465636,-0.861214,-2.605556,-1.893802,-2.517537,-2.84684,-2.193574,-3.651432,-1.676832,-4.241871,-1.084561,-4.571511,-0.469953,-4.554919,0.20512,-4.138148,1.008452,-3.352897,1.896775,-2.320799,2.714937,-1.197996,3.293881,-0.128995,3.528078,0.808345,3.430646,1.595254,3.075506,2.242025,2.580831,2.733192,2.056622,3.022519,1.534487,3.104642,1.015664,3.011451,0.510789,2.764041,0.034099,2.395164,-0.408893,1.982424,-0.809622,1.582968,-1.151032,1.234334,-1.392019,0.942064,-1.490978,0.718108,-1.465877,0.569968,-1.347675,0.489534,-1.162575,0.453956,-0.928867,0.435159,-0.676132,0.420744,-0.444048,0.419019,-0.267502,0.421013,-0.158434,0.40207,-0.103781,0.338521,-0.092613,0.23348,-0.109161,0.09742,-0.138634,-0.041139,-0.156528,-0.148294,-0.156164,-0.194437,-0.141503,-0.177256
0,0.104228,0.149482,0.044138,0.141445,-0.003976,0.120535,-0.030656,0.106285,-0.035399,0.113994,-0.031942,0.150384,-0.028907,0.219845,-0.034757,0.304812,-0.04219,0.385951,-0.051544,0.435921,-0.058223,0.444608,-0.068855,0.422327,-0.094191,0.400367,-0.152595,0.404434,-0.244093,0.433517,-0.362898,0.454355,-0.491872,0.422958,-0.645943,0.324446,-0.826722,0.14817,-1.03031,-0.100096,-1.230356,-0.412915,-1.392001,-0.767282,-1.465385,-1.149846,-1.433997,-1.561717,-1.339905,-2.025629,-1.219177,-2.494239,-1.066179,-2.898885,-0.867184,-3.212631,-0.636473,-3.404093,-0.388491,-3.481054,-0.051344,-3.329941,0.413143,-2.948213,0.947569,-2.392771,1.511329,-1.746297,2.069727,-1.085967,2.57984,-0.451872,2.951359,0.128033,3.072616,0.658676,2.905884,1.178176,2.512859,1.679945,2.021769,2.124239,1.536875,2.46776,1.108396,2.713143,0.741587,2.902653,0.428585,3.044719,0.157957,3.094217,-0.096547,3.019651,-0.371311,2.830733,-0.700677,2.542424,-1.110001,2.176121,-1.541777,1.730442,-1.925025,1.235413,-2.22798,0.715679,-2.415342,0.183875,-2.423744,-0.344854,-2.233387,-0.859034,-1.910789,-1.332019,-1.555224,-1.758792,-1.211587,-2.154761,-0.904459,-2.546799,-0.621107,-2.935108,-0.347112,-3.307484,-0.041942,-3.643811,0.32137,-3.866276,0.754438,-3.812661,1.252765,-3.426296,1.798394,-2.790355,2.281558,-2.024874,2.594852,-1.204769,2.683716,-0.332475,2.562841,0.556397,2.298131,1.382483,1.96131,2.105901,1.609049,2.69564,1.282324,3.125777,0.997222,3.397443,0.750968,3.51054,0.535081,3.45803,0.348576,3.257754,0.164693,2.937045,-0.047006,2.544219,-0.305455,2.13052,-0.597423,1.721399,-0.864505,1.337343,-1.031841,1.003716,-1.065909,0.735439,-1.000802,0.542148,-0.89233,0.419271,-0.762723,0.347263,-0.623022,0.308809,-0.482571,0.280821,-0.349571,0.250146,-0.234412,0.207776,-0.139499,0.16565,-0.088622,0.13447,-0.084976,0.120593,-0.117649,0.108551,-0.167594,0.091282,-0.193756,0.073778,-0.184846,0.058219
0,0.065349,0.189427,0.073197,0.19421,0.07631,0.206546,0.082706,0.218128,0.085912,0.215132,0.081339,0.187692,0.059284,0.132618,0.021227,0.052946,-0.018677,-0.037126,-0.049635,-0.120529,-0.058177,-0.174288,-0.032711,-0.200095,0.009228,-0.202546,0.048621,-0.183673,0.073233,-0.149237,-0.497944,0.407582,-0.571572,0.271343,-0.685712,0.049587,-0.850203,-0.242438,-1.022803,-0.574961,-1.148579,-0.927136,-1.180522,-1.311791,-1.101029,-1.758686,-0.939852,-2.270835,-0.747236,-2.805781,-0.531502,-3.320339,-0.27036,-3.804657,0.105205,-4.135746,0.606283,-4.129233,1.185791,-3.752218,1.806107,-3.117318,2.417361,-2.318641,2.94254,-1.430988,3.251858,-0.521833,3.262329,0.332196,2.976752,1.086683,2.452282,1.728288,1.82125,2.25578,1.233108,2.660692,0.769984,2.95175,0.428408,3.172798,0.190271,3.3514,0.016463,3.468497,-0.14087,3.497731,-0.362312,3.404035,-0.707295,3.152832,-1.13466,2.746614,-1.550942,2.222149,-1.894298,1.630497,-2.127444,1.016334,-2.24599,0.403623,-2.255221,-0.194801,-2.178707,-0.76396,-2.042983,-1.280824,-1.874571,-1.750781,-1.669616,-2.198368,-1.398829,-2.654124,-1.018993,-3.102537,-0.524083,-3.476322,-0.004599,-3.677752,0.464759,-3.679639,0.865404,-3.511849,1.243165,-3.169349,1.628302,-2.671086,1.995668,-2.048443,2.28817,-1.311143,2.471351,-0.490538,2.546945,0.320153,2.507169,1.041032,2.337483,1.671128,2.078246,2.199563,1.782215,2.586213,1.457493,2.817437,1.091683,2.931871,0.701633,2.951583,0.324239,2.869848,-0.002126,2.674578,-0.301488,2.383372,-0.599543,2.044816,-0.882696,1.690388,-1.105866,1.335028,-1.22962,1.018867,-1.253404,0.797587,-1.177275,0.696178,-1.011587,0.686265,-0.801437,0.716727,-0.59255,0.732918,-0.43172,0.714206,-0.33712,0.669666,-0.299283,0.590759,-0.296183,0.468928,-0.307974,0.313715,-0.299408,0.154885,-0.254624,0.018234,-0.169451,-0.068413,-0.073728,-0.090336,0.003157,-0.049748,0.047397,0.012522,0.063605,0.062454,0.054865,0.082895
0,-0.016338,0.074877,0.039281,0.14929,0.079553,0.211944,0.094834,0.248645,0.087559,0.250287,0.05567,0.212068,0.007138,0.161594,-0.055482,0.125592,-0.128457,0.140511,-0.207204,0.197777,-0.282359,0.273118,-0.381401,0.335315,-0.525991,0.364792,-0.715323,0.336796,-0.927414,0.226596,-1.124678,0.038785,-1.267228,-0.206407,-1.325602,-0.497597,-1.31116,-0.842641,-1.248877,-1.255656,-1.152083,-1.753806,-1.0235,-2.294619,-0.858633,-2.825604,-0.629235,-3.294044,-0.306642,-3.634719,0.139615,-3.780354,0.649839,-3.723193,1.165741,-3.479354,1.687673,-3.061501,2.214259,-2.512529,2.701601,-1.852456,3.061451,-1.122159,3.223676,-0.341432,3.174519,0.466569,2.957199,1.234614,2.61909,1.919571,2.195889,2.493999,1.729782,2.956757,1.266378,3.322455,0.876671,3.584664,0.611472,3.744532,0.439438,3.824692,0.268636,3.810321,0.050404,3.681646,-0.258495,3.454645,-0.64405,3.14122,-1.045308,2.736487,-1.418352,2.263455,-1.71484,1.790403,-1.988928,1.284229,-2.225719,0.706102,-2.35665,0.093779,-2.389751,-0.518213,-2.315517,-1.129793,-2.146583,-1.710845,-1.888396,-2.277843,-1.544776,-2.825912,-1.122682,-3.273582,-0.677626,-3.595963,-0.302495,-3.821884,-0.016779,-3.958204,0.241186,-3.998156,0.556612,-3.905898,0.985834,-3.582883,1.482186,-3.004299,2.008503,-2.258207,2.534282,-1.443892,2.959882,-0.633485,3.197933,0.11864,3.204755,0.785814,2.970177,1.399185,2.54465,1.957261,2.055526,2.429588,1.584582,2.808507,1.166807,3.107507,0.832606,3.312545,0.576985,3.3966,0.384269,3.355357,0.224556,3.191835,0.033729,2.930714,-0.221399,2.609253,-0.502438,2.277214,-0.729332,1.969563,-0.898302,1.679514,-1.005436,1.383998,-1.045541,1.084103,-0.999833,0.817038,-0.892952,0.613031,-0.747907,0.490776,-0.592487,0.441821,-0.459909,0.434694,-0.373265,0.438362,-0.334871,0.430227,-0.329075,0.391851,-0.336337,0.322759,-0.346981,0.217847,-0.33445,0.095434,-0.286018,-0.02321,-0.207498,-0.122947,-0.112017,-0.184519
0,-0.045898,0.051237,-0.039371,0.009237,-0.026875,0.001924,-0.015997,0.034354,-0.019122,0.095248,-0.049854,0.1726,-0.10671,0.24001,-0.192033,0.265408,-0.297936,0.238088,-0.416348,0.169988,-0.536492,0.077605,-0.652644,-0.018441,-0.7516,-0.111704,-0.818605,-0.213122,-0.871428,-0.354132,-0.919856,-0.553089,-0.981426,-0.827759,-1.085676,-1.173888,-1.207433,-1.565985,-1.274744,-1.990535,-1.246801,-2.436134,-1.095871,-2.839113,-0.783042,-3.136177,-0.346129,-3.326119,0.162071,-3.430089,0.69937,-3.477389,1.283699,-3.459247,1.867179,-3.300759,2.428596,-2.932359,2.931634,-2.364729,3.331792,-1.595073,3.549292,-0.660117,3.534573,0.353069,3.310607,1.335352,2.961625,2.225603,2.553612,2.945611,2.14503,3.404996,1.764892,3.601058,1.415645,3.608837,1.075849,3.492649,0.693591,3.275723,0.268164,3.02981,-0.179942,2.794905,-0.649661,2.567497,-1.130916,2.334427,-1.565832,2.061407,-1.943105,1.739205,-2.281689,1.368234,-2.562844,0.933661,-2.764885,0.418776,-2.860554,-0.122287,-2.850885,-0.690054,-2.709581,-1.292065,-2.402496,-1.866629,-1.951238,-2.373873,-1.400515,-2.832616,-0.766591,-3.252832,-0.109993,-3.56295,0.471131,-3.688753,0.932767,-3.596271,1.280654,-3.322564,1.565704,-2.927228,1.891196,-2.435323,2.297025,-1.821645,2.700388,-1.112264,3.031173,-0.350183,3.236162,0.394044,3.263915,1.042838,3.104375,1.583811,2.766364,2.043433,2.299077,2.402251,1.783582,2.626688,1.284489,2.750473,0.843546,2.827107,0.464158,2.862514,0.134218,2.831726,-0.153187,2.742218,-0.403586,2.602821,-0.590935,2.427333,-0.706441,2.21681,-0.726398,1.981413,-0.734154,1.686663,-0.761591,1.345035,-0.784998,0.987058,-0.802425,0.678032,-0.810495,0.45269,-0.804877,0.317537,-0.761554,0.22688,-0.6553,0.146917,-0.505704,0.065358,-0.346882,-0.00149,-0.202554,-0.043237,-0.100048,-0.064402,-0.051797,-0.067652,-0.040583,-0.059955,-0.046736,-0.052487,-0.057831,-0.055012,-0.05176,-0.064756,-0.032378,-0.072331,0.000108,-0.072258
0,0.012676,0.158866,-0.000733,0.184094,-0.021195,0.218248,-0.044193,0.25617,-0.069443,0.29348,-0.100913,0.325586,-0.168859,0.361899,-0.28926,0.394928,-0.441482,0.404592,-0.621415,0.364092,-0.808379,0.270996,-0.975705,0.136075,-1.111626,-0.032904,-1.207376,-0.244939,-1.248804,-0.513801,-1.250367,-0.817284,-1.248778,-1.161066,-1.256319,-1.53936,-1.237021,-1.969234,-1.141077,-2.450302,-0.952745,-2.949298,-0.687427,-3.450596,-0.320127,-3.964797,0.190759,-4.347505,0.829771,-4.468487,1.50433,-4.278936,2.162513,-3.777482,2.779915,-3.030449,3.315455,-2.151692,3.682655,-1.287675,3.808482,-0.523706,3.643401,0.157209,3.214006,0.823904,2.623111,1.497239,2.041275,2.130369,1.550253,2.691417,1.190618,3.172681,0.983468,3.525393,0.886758,3.68942,0.811776,3.666666,0.674014,3.491505,0.389239,3.227577,-0.05082,2.965552,-0.559004,2.72791,-1.070813,2.484193,-1.557873,2.182821,-1.968241,1.803934,-2.261198,1.35209,-2.441253,0.830911,-2.529871,0.259781,-2.531722,-0.35671,-2.432328,-0.990335,-2.252149,-1.630718,-2.003222,-2.266791,-1.705394,-2.901383,-1.382356,-3.525717,-1.011823,-4.127492,-0.552616,-4.646778,-0.013488,-4.972916,0.54535,-5.019712,1.139004,-4.761127,1.784701,-4.222989,2.415953,-3.485955,2.92554,-2.600247,3.237561,-1.615996,3.33588,-0.594937,3.268617,0.337902,3.100219,1.132834,2.832206,1.816441,2.48806,2.409708,2.087877,2.895211,1.661207,3.263953,1.24867,3.495252,0.900914,3.58187,0.636746,3.534798,0.422461,3.394557,0.21767,3.196952,-0.040222,2.966599,-0.363767,2.701855,-0.695268,2.396016,-0.976131,2.058102,-1.197177,1.714002,-1.363858,1.383056,-1.443407,1.077309,-1.405752,0.818641,-1.268984,0.616255,-1.074135,0.447904,-0.861664,0.297155,-0.675124,0.145029,-0.541743,-0.006534,-0.449622,-0.147348,-0.378166,-0.256809,-0.303906,-0.326766,-0.204348,-0.349771,-0.094882,-0.327457,-0.008061,-0.265987,0.052031,-0.179393,0.085502,-0.101911,0.092514,-0.053212,0.08445,-0.03157
0,-0.018049,0.02612,-0.015702,0.04071,-0.0021,0.052796,0.012319,0.06288,0.019302,0.074618,0.019361,0.083682,0.013691,0.092853,0.007528,0.097305,0.003472,0.099158,0.004864,0.098538,0.013372,0.097184,0.02566,0.104037,0.027421,0.123931,0.01169,0.15431,-0.016557,0.197094,-0.043121,0.241671,-0.063583,0.28852,-0.083243,0.333406,-0.119489,0.38354,-0.174762,0.444859,-0.256889,0.504229,-0.376973,0.518991,-0.556697,0.456382,-0.784193,0.303449,-1.05984,0.06606,-1.362343,-0.26499,-1.614722,-0.697191,-1.728168,-1.199718,-1.654806,-1.730975,-1.403138,-2.269573,-1.046163,-2.805639,-0.644026,-3.278633,-0.203468,-3.601942,0.303015,-3.761731,0.840092,-3.718476,1.39158,-3.39343,1.949991,-2.78454,2.481106,-1.970152,2.905142,-1.036823,3.131639,-0.058497,3.113552,0.909353,2.863377,1.832709,2.42836,2.665133,1.89033,3.340327,1.317448,3.807682,0.749306,4.028885,0.199953,4.01048,-0.336433,3.797623,-0.850213,3.435801,-1.334996,2.959094,-1.777129,2.38847,-2.18976,1.738097,-2.545733,1.052927,-2.790286,0.339545,-2.924285,-0.379745,-2.984265,-1.105304,-2.940351,-1.793918,-2.744046,-2.396848,-2.310742,-2.91597,-1.698419,-3.342848,-1.015424,-3.646875,-0.383978,-3.82606,0.123832,-3.875198,0.51952,-3.703378,0.8994,-3.292461,1.370911,-2.673706,1.941961,-1.904749,2.503562,-1.053893,2.92781,-0.201429,3.128989,0.583041,3.095027,1.287813,2.852383,1.927567,2.444403,2.502926,1.932238,3.006127,1.384509,3.414461,0.856839,3.663087,0.381244,3.684773,-0.04474,3.463135,-0.408844,3.043695,-0.705859,2.498154,-0.951712,1.918426,-1.157275,1.39456,-1.321065,0.978518,-1.43652,0.695707,-1.489365,0.519062,-1.46541,0.418022,-1.361224,0.358198,-1.174544,0.310885,-0.932285,0.267261,-0.659005,0.198771,-0.415932,0.094358,-0.226505,-0.041245,-0.098767,-0.174166,-0.024215,-0.276402,0.011016,-0.319404,0.027625,-0.296776,0.043244,-0.218469,0.064992,-0.10214,0.08297,0.016616,0.091566,0.104436
0,-0.015858,0.038488,-0.009918,0.065032,-0.006741,0.079482,-0.007034,0.077135,-0.008826,0.058651,-0.019518,0.029505,-0.043746,0.000562,-0.098579,-0.020074,-0.190191,-0.019438,-0.309372,-0.001239,-0.415949,0.019963,-0.500602,-0.001257,-0.585777,-0.082444,-0.702255,-0.251063,-0.849813,-0.478532,-1.001136,-0.756524,-1.13804,-1.092112,-1.218766,-1.488609,-1.215205,-1.944648,-1.094374,-2.435591,-0.865399,-2.902933,-0.541822,-3.286688,-0.148695,-3.555684,0.270516,-3.680861,0.672353,-3.625197,1.05448,-3.346217,1.456586,-2.851027,1.887309,-2.202972,2.306988,-1.470367,2.64757,-0.691207,2.842752,0.073317,2.860356,0.761596,2.712986,1.357094,2.437939,1.855368,2.062773,2.247134,1.628313,2.542833,1.168286,2.757322,0.712899,2.894507,0.285635,2.965415,-0.099725,2.980048,-0.447512,2.926591,-0.754891,2.795954,-1.027861,2.581771,-1.269727,2.294564,-1.480767,1.948964,-1.663528,1.568966,-1.813259,1.175135,-1.928788,0.772842,-2.005113,0.375982,-2.051741,-0.02061,-2.061167,-0.401848,-2.03051,-0.75003,-1.96522,-1.070573,-1.861385,-1.382295,-1.710075,-1.69639,-1.504143,-2.018245,-1.243518,-2.342176,-0.937818,-2.656878,-0.616247,-2.929038,-0.300261,-3.126745,-0.001441,-3.213507,0.299045,-3.145013,0.635076,-2.928326,1.012175,-2.603332,1.441019,-2.194095,1.917845,-1.72431,2.416367,-1.204906,2.861172,-0.643736,3.145108,-0.037276,3.215817,0.602673,3.084396,1.246097,2.796626,1.851114,2.406922,2.400275,1.942524,2.884702,1.427543,3.270777,0.908811,3.51035,0.408708,3.565267,-0.048007,3.430098,-0.445813,3.144751,-0.769487,2.748579,-1.018107,2.276368,-1.191954,1.791306,-1.29292,1.351875,-1.332711,0.995727,-1.313077,0.747219,-1.246891,0.598409,-1.135622,0.524114,-0.979727,0.493523,-0.79254,0.468441,-0.587754,0.424242,-0.389177,0.356843,-0.226742,0.266898,-0.125475,0.157004,-0.082413,0.034272,-0.076906,-0.084247,-0.082964,-0.173229,-0.088075,-0.212181,-0.084125,-0.190378,-0.070518,-0.13297,-0.043771,-0.05872
0,-0.178175,0.074494,-0.192045,0.035309,-0.194208,-0.005558,-0.202484,-0.045106,-0.221599,-0.089312,-0.261662,-0.151675,-0.334199,-0.244273,-0.435404,-0.370837,-0.536961,-0.517122,-0.621023,-0.689057,-0.699569,-0.885951,-0.791202,-1.11192,-0.885502,-1.380743,-0.947004,-1.713176,-0.943732,-2.099399,-0.859164,-2.507537,-0.670509,-2.876884,-0.379355,-3.192494,0.011513,-3.430365,0.47511,-3.550741,0.963518,-3.509602,1.453958,-3.279504,1.946268,-2.869501,2.413352,-2.323637,2.795926,-1.705126,3.040354,-1.048798,3.114261,-0.369129,3.017221,0.29188,2.765913,0.901393,2.400709,1.448007,1.974679,1.921128,1.534133,2.330563,1.104607,2.685708,0.68654,2.973543,0.295903,3.157656,-0.050855,3.220554,-0.358741,3.181467,-0.623033,3.061105,-0.850762,2.882514,-1.041886,2.670656,-1.206766,2.432308,-1.367455,2.174647,-1.515272,1.893561,-1.651314,1.578758,-1.77298,1.22599,-1.89489,0.841037,-2.013147,0.438465,-2.106258,0.0364,-2.160808,-0.373436,-2.159434,-0.780921,-2.095094,-1.165142,-1.964938,-1.506483,-1.774917,-1.804523,-1.532641,-2.057195,-1.26026,-2.285528,-0.977652,-2.502748,-0.695178,-2.702298,-0.418088,-2.878736,-0.160198,-3.029964,0.138498,-3.117845,0.505514,-3.060036,0.957633,-2.821906,1.500086,-2.400929,2.061705,-1.823699,2.546629,-1.206473,2.884096,-0.652064,3.058621,-0.213671,3.068844,0.162051,2.915243,0.563128,2.613907,1.056242,2.226924,1.619681,1.83046,2.171291,1.438201,2.653002,1.036362,3.04137,0.637711,3.308985,0.235953,3.423027,-0.142288,3.374549,-0.476086,3.159931,-0.756609,2.820562,-0.984649,2.419386,-1.174871,2.001377,-1.347006,1.600724,-1.497571,1.244277,-1.599726,0.941667,-1.611961,0.702623,-1.515266,0.521019,-1.33516,0.379615,-1.112012,0.266437,-0.875718,0.182532,-0.654259,0.11009,-0.460708,0.035147,-0.302392,-0.048628,-0.190422,-0.122539,-0.116536,-0.158176,-0.075892,-0.150522,-0.052212,-0.107682,-0.032065,-0.052106,-0.012119,0.002676,0.006583,0.043772,0.03168,0.065766
0,-0.006002,0.011471,0.008464,0.008362,0.021608,0.009262,0.022006,0.014953,0.01279,0.033189,-0.003797,0.050191,-0.022837,0.057503,-0.040453,0.046304,-0.054638,0.017197,-0.063406,-0.011375,-0.063848,-0.02393,-0.05163,-0.016739,-0.026216,0.004899,0.000714,0.046101,0.01899,0.079906,0.017298,0.092678,-0.002414,0.088554,-0.029137,0.071155,-0.053736,0.046686,-0.069308,0.021697,-0.076272,0.008278,-0.076236,0.011528,-0.067923,0.030836,-0.055135,0.060576,-0.037654,0.08963,-0.023251,0.111005,-0.020841,0.135226,-0.045312,0.159805,-0.121124,0.173659,-0.269163,0.164331,-0.45476,0.127379,-0.628108,0.040691,-0.758317,-0.063117,-0.862935,-0.182003,-1.007867,-0.381068,-1.238487,-0.697773,-1.521671,-1.167468,-1.815226,-1.772157,-2.016261,-2.36987,-2.001198,-2.864564,-1.705737,-3.206558,-1.137247,-3.3703,-0.341812,-3.398526,0.630135,-3.399551,1.71113,-3.347653,2.78982,-3.10011,3.715853,-2.498459,4.33287,-1.527786,4.568176,-0.301346,4.393032,1.016235,3.80463,2.294746,2.850594,3.410205,1.737743,4.23432,0.666034,4.702606,-0.257426,4.789659,-1.021875,4.45989,-1.714333,3.725687,-2.405507,2.689515,-3.089902,1.483955,-3.703537,0.231672,-4.16993,-1.026237,-4.402421,-2.179565,-4.288096,-3.15776,-3.716344,-3.869089,-2.695136,-4.280025,-1.356203,-4.328389,0.120651,-4.023875,1.457275,-3.504837,2.438771,-2.852486,3.018364,-2.087325,3.281735,-1.211652,3.327425,-0.282597,3.210764,0.596367,2.942052,1.373039,2.514233,2.047985,1.966906,2.630292,1.362553,3.092937,0.781249,3.403915,0.239618,3.52377,-0.241204,3.44607,-0.62714,3.211214,-0.909038,2.875201,-1.105087,2.480818,-1.214463,2.037673,-1.231816,1.564445,-1.165658,1.1043,-1.033655,0.707589,-0.869247,0.405861,-0.714702,0.18904,-0.577269,0.047662,-0.468616,-0.012836,-0.38251,-0.022895,-0.300917,-0.023565,-0.211836,-0.043988,-0.126865,-0.082092,-0.047462,-0.127276,0.020881,-0.157559,0.073922,-0.158381,0.10274,-0.140131,0.111453,-0.121873
0,0.033293,0.01601,0.006714,0.012646,-0.017555,0.017549,-0.028166,0.033528,-0.027697,0.048997,-0.019452,0.064242,-0.002329,0.075111,0.025001,0.080721,0.034555,0.091707,0.026898,0.110532,0.01149,0.125341,-0.007508,0.122946,-0.025685,0.107658,-0.048621,0.084689,-0.073142,0.063511,-0.093914,0.058461,-0.105074,0.095049,-0.100623,0.166105,-0.093614,0.253204,-0.099924,0.346978,-0.136845,0.435541,-0.222805,0.499414,-0.377313,0.484707,-0.6356,0.378899,-0.976511,0.170612,-1.33741,-0.142465,-1.660637,-0.574895,-1.901682,-1.140846,-2.035873,-1.856248,-2.066151,-2.690453,-1.970141,-3.513473,-1.684617,-4.133026,-1.151402,-4.483271,-0.403749,-4.615723,0.449998,-4.539414,1.38261,-4.132248,2.36935,-3.321054,3.324593,-2.160707,4.083765,-0.778127,4.509824,0.618057,4.523624,1.888304,4.129318,2.961803,3.415123,3.771917,2.474347,4.299967,1.457017,4.574593,0.497638,4.604319,-0.355262,4.345389,-1.089504,3.756249,-1.726983,2.897407,-2.326272,1.902569,-2.876429,0.889739,-3.354504,-0.081388,-3.741534,-0.962734,-3.991942,-1.716231,-4.02846,-2.339188,-3.755934,-2.901127,-3.133867,-3.420938,-2.204097,-3.785336,-1.13165,-3.937548,-0.062937,-3.942526,0.8843,-3.832632,1.643061,-3.582619,2.231209,-3.157779,2.675091,-2.5252,2.997887,-1.670257,3.184199,-0.687117,3.20618,0.315711,3.01924,1.315349,2.608758,2.279536,2.066691,3.108797,1.455714,3.707401,0.828488,4.047823,0.24884,4.127788,-0.211454,3.962996,-0.555441,3.579654,-0.836826,3.045861,-1.064703,2.452115,-1.243659,1.852647,-1.382155,1.332546,-1.467087,0.949405,-1.493868,0.717518,-1.461289,0.603198,-1.371661,0.543186,-1.221513,0.485242,-1.044108,0.412713,-0.881718,0.311258,-0.762471,0.183835,-0.687356,0.037725,-0.618525,-0.108937,-0.519183,-0.233585,-0.369653,-0.311998,-0.177529,-0.32317,0.01581,-0.28685,0.169534,-0.22484,0.26437,-0.143393,0.30807,-0.045777,0.307018,0.051719,0.261301,0.117641,0.181621,0.128256,0.095351,0.085659
0,0.05731,0.097434,0.047482,0.07687,0.025027,0.059282,-0.000627,0.051969,-0.024241,0.050494,-0.041403,0.043755,-0.045171,0.02992,-0.039108,0.021354,-0.023673,0.02559,-0.004697,0.039225,0.008885,0.052819,0.01291,0.070968,0.0051,0.088906,-0.013763,0.102507,-0.03664,0.10342,-0.047931,0.089272,-0.048438,0.064219,-0.038505,0.041216,-0.023311,0.02469,-0.002413,0.023385,0.014543,0.025592,0.018795,0.031804,0.009527,0.040829,-0.011427,0.048742,-0.038929,0.051115,-0.061233,0.054468,-0.07292,0.058707,-0.072066,0.06533,-0.069684,0.075534,-0.091434,0.082314,-0.194636,0.044651,-0.401071,-0.078467,-0.671404,-0.304393,-0.916525,-0.604851,-1.110302,-0.997542,-1.250154,-1.512155,-1.311367,-2.158391,-1.277903,-2.862707,-1.148565,-3.488015,-0.891889,-3.960738,-0.43624,-4.313799,0.27171,-4.490132,1.149944,-4.299025,2.067095,-3.658708,2.881098,-2.665392,3.470774,-1.512793,3.774318,-0.390637,3.772434,0.618041,3.495871,1.555001,3.013376,2.435084,2.441412,3.209975,1.834928,3.848273,1.22729,4.341646,0.615097,4.628503,0.006895,4.62397,-0.59879,4.268435,-1.196277,3.581741,-1.816054,2.628923,-2.470873,1.515252,-3.113058,0.316815,-3.654525,-0.91228,-3.994042,-2.109961,-4.017152,-3.262293,-3.617165,-4.257727,-2.771853,-4.929054,-1.585712,-5.161289,-0.248113,-4.954453,0.992775,-4.408895,1.984001,-3.721549,2.72035,-2.962148,3.233,-2.044489,3.549763,-0.916339,3.655892,0.314512,3.520899,1.509682,3.16714,2.564896,2.651701,3.409339,2.024853,3.992131,1.325553,4.271972,0.608691,4.230155,-0.068382,3.919615,-0.667198,3.394687,-1.183454,2.762763,-1.632963,2.137568,-2.004119,1.592953,-2.216037,1.155041,-2.205313,0.838508,-1.9873,0.640464,-1.614826,0.543669,-1.161145,0.509533,-0.709508,0.482239,-0.342782,0.45504,-0.133782,0.431874,-0.084619,0.397802,-0.131553,0.331097,-0.214269,0.222695,-0.28293,0.097147,-0.296796,-0.026929,-0.257981,-0.127978,-0.174382,-0.197913,-0.075388,-0.243775
0,0.003759,0.031418,0.015593,0.05155,0.011746,0.083378,-0.007818,0.112763,-0.038344,0.12339,-0.070565,0.111903,-0.101852,0.08101,-0.125327,0.044184,-0.138281,0.014022,-0.149138,-0.005884,-0.163564,-0.004803,-0.181809,0.018422,-0.202486,0.063219,-0.237089,0.098789,-0.302436,0.102145,-0.406533,0.064,-0.55894,-0.02146,-0.745754,-0.156796,-0.924971,-0.333685,-1.048785,-0.545,-1.096804,-0.790972,-1.074453,-1.074104,-1.004481,-1.399766,-0.905325,-1.784914,-0.787604,-2.248012,-0.653805,-2.763997,-0.491516,-3.290231,-0.286984,-3.726053,-0.027984,-4.000013,0.318371,-4.039765,0.784318,-3.807258,1.409461,-3.33521,2.181823,-2.714165,2.981264,-2.015151,3.629409,-1.304277,4.011619,-0.627528,4.079311,-0.017897,3.850813,0.527,3.422024,1.032736,2.879505,1.496433,2.272199,1.885379,1.626449,2.185097,0.963387,2.411989,0.311555,2.577123,-0.281654,2.696125,-0.776971,2.763088,-1.13802,2.767071,-1.382597,2.680692,-1.566914,2.497546,-1.721696,2.237807,-1.846582,1.944053,-1.911054,1.662164,-1.894438,1.410614,-1.792335,1.176396,-1.618748,0.946014,-1.414047,0.698276,-1.228612,0.433088,-1.097062,0.162054,-1.049352,-0.111929,-1.091103,-0.402637,-1.230272,-0.740404,-1.421533,-1.140872,-1.571366,-1.573102,-1.600601,-1.998103,-1.469942,-2.418936,-1.173002,-2.823505,-0.751842,-3.218067,-0.272258,-3.608589,0.27603,-3.967252,0.9434,-4.156102,1.793035,-4.015147,2.759286,-3.439774,3.710567,-2.408329,4.460731,-0.984358,4.798001,0.703936,4.623407,2.438957,3.992017,3.938039,3.012724,5.001327,1.792612,5.569107,0.453587,5.654618,-0.821827,5.285731,-1.852344,4.517321,-2.576638,3.514022,-2.996445,2.491575,-3.126109,1.578732,-2.941427,0.82946,-2.48475,0.26512,-1.860799,-0.050772,-1.223503,-0.104582,-0.711923,0.01516,-0.363542,0.184724,-0.169325,0.29747,-0.093766,0.293354,-0.066488,0.183944,-0.053747,0.008134,-0.042762,-0.158271,-0.005653,-0.261021,0.054876,-0.289338,0.101154,-0.2604,0.091979,-0.192255
0,-0.034063,0.176756,-0.075047,0.175894,-0.111747,0.160833,-0.132337,0.127697,-0.134963,0.077959,-0.121493,0.034194,-0.103284,0.012323,-0.09067,0.009881,-0.091593,0.01419,-0.108402,0.021643,-0.144978,0.030472,-0.215348,0.030433,-0.331998,0.029719,-0.494801,0.017673,-0.687828,-0.045218,-0.885467,-0.181002,-1.075861,-0.417913,-1.246565,-0.78406,-1.356087,-1.298358,-1.381909,-1.974371,-1.272741,-2.76421,-0.986424,-3.556272,-0.525059,-4.205729,0.098323,-4.611196,0.840341,-4.744474,1.617783,-4.616223,2.324852,-4.218323,2.904087,-3.551209,3.333892,-2.649932,3.589125,-1.554342,3.636881,-0.315442,3.437919,1.005051,3.029791,2.281272,2.509134,3.32662,1.929543,4.03885,1.295217,4.447291,0.656477,4.589866,0.074706,4.475286,-0.424209,4.142416,-0.858029,3.658281,-1.243406,3.093237,-1.594886,2.503256,-1.890746,1.921203,-2.068981,1.392521,-2.109299,0.946144,-2.023486,0.620136,-1.846873,0.424515,-1.628589,0.317562,-1.424527,0.264434,-1.286177,0.208138,-1.234135,0.089814,-1.262074,-0.109674,-1.342312,-0.396448,-1.44723,-0.741962,-1.529983,-1.100641,-1.553154,-1.445383,-1.48882,-1.752161,-1.321881,-1.994341,-1.071373,-2.197471,-0.750988,-2.393859,-0.388608,-2.611042,-0.010064,-2.872519,0.345349,-3.163832,0.638809,-3.414502,0.864329,-3.53742,1.113151,-3.423504,1.502115,-3.01054,2.13073,-2.285302,2.999136,-1.321114,3.89481,-0.16477,4.519588,1.158431,4.694615,2.506773,4.353371,3.612914,3.540892,4.31708,2.389711,4.577787,1.077843,4.426317,-0.176833,3.937316,-1.174191,3.222834,-1.818002,2.429083,-2.1588,1.71132,-2.264271,1.16882,-2.156007,0.811035,-1.867457,0.616501,-1.487089,0.553206,-1.12695,0.572165,-0.867886,0.622357,-0.727147,0.635192,-0.663215,0.573441,-0.624499,0.434675,-0.571134,0.2539,-0.495052,0.058055,-0.407917,-0.104219,-0.311775,-0.199892,-0.210197,-0.22722,-0.12105,-0.192393,-0.075691,-0.115944,-0.078398,-0.025322,-0.099774,0.049455,-0.115422,0.08203,-0.114505,0.047539
0,-0.085409,0.002176,-0.097355,-0.02311,-0.12562,-0.063914,-0.165996,-0.104102,-0.211202,-0.136753,-0.260335,-0.16075,-0.312925,-0.178302,-0.37167,-0.198076,-0.430228,-0.219439,-0.485671,-0.265099,-0.539903,-0.355583,-0.596066,-0.500435,-0.651428,-0.699477,-0.708875,-0.930896,-0.773515,-1.177701,-0.837791,-1.445569,-0.886642,-1.767637,-0.869948,-2.151257,-0.747877,-2.580186,-0.487539,-2.968293,-0.0861,-3.251793,0.413023,-3.370581,0.958393,-3.288116,1.506624,-2.998793,2.009565,-2.506383,2.428635,-1.87813,2.731121,-1.202426,2.919883,-0.54769,2.993696,0.031566,2.932089,0.55099,2.711814,1.070611,2.357949,1.62291,1.932163,2.166289,1.468688,2.652255,0.999433,3.066098,0.562715,3.389667,0.186282,3.602167,-0.125522,3.692027,-0.382118,3.655484,-0.608785,3.492923,-0.827812,3.195979,-1.053166,2.770225,-1.289898,2.234757,-1.516067,1.630883,-1.700371,1.024393,-1.795076,0.496531,-1.777789,0.090727,-1.649227,-0.180429,-1.428355,-0.328206,-1.176805,-0.396223,-0.947581,-0.421683,-0.773477,-0.409668,-0.670861,-0.381991,-0.663453,-0.37013,-0.744406,-0.411038,-0.894667,-0.536676,-1.081079,-0.760497,-1.244375,-1.051109,-1.32828,-1.371391,-1.292996,-1.680014,-1.149881,-2.001083,-0.962428,-2.362907,-0.775128,-2.770259,-0.591222,-3.214354,-0.375354,-3.629114,-0.067126,-3.912646,0.379771,-3.993757,0.986644,-3.798961,1.729705,-3.336641,2.516598,-2.66932,3.259171,-1.885386,3.881591,-1.007445,4.271328,-0.018294,4.32951,1.059034,4.067752,2.136039,3.532651,3.123017,2.754639,3.969222,1.791368,4.645852,0.731761,5.048378,-0.305009,5.039371,-1.234847,4.611,-2.000159,3.907061,-2.59458,3.077735,-2.999048,2.202988,-3.162027,1.338424,-3.050911,0.57617,-2.664627,0.035457,-2.083183,-0.216627,-1.437262,-0.16102,-0.871109,0.051698,-0.427529,0.261966,-0.168476,0.3979,-0.064275,0.38343,-0.044357,0.226939,-0.045932,0.004007,-0.03409,-0.187433,0.005065,-0.303249,0.054428,-0.343475,0.106519,-0.330566,0.137041,-0.299014
0,-0.006438,-0.000675,-0.006095,0.006039,-0.004939,0.029559,0.00097,0.067678,0.001869,0.104364,-0.001963,0.11872,-0.011079,0.108434,-0.02733,0.079686,-0.042573,0.046846,-0.057017,0.023086,-0.069706,0.01307,-0.085551,0.018759,-0.103202,0.039435,-0.136686,0.070286,-0.199532,0.092485,-0.298403,0.098017,-0.42797,0.069841,-0.585888,-0.00685,-0.756389,-0.143398,-0.913196,-0.328965,-1.026756,-0.548044,-1.102014,-0.805102,-1.141446,-1.181099,-1.131351,-1.761597,-1.062854,-2.532202,-0.917707,-3.337092,-0.643429,-3.976128,-0.118758,-4.340814,0.715622,-4.450572,1.720007,-4.319478,2.649962,-3.890614,3.325347,-3.075753,3.693853,-1.902588,3.782492,-0.477124,3.623337,1.032403,3.257595,2.405653,2.744008,3.497355,2.147061,4.281068,1.525989,4.813884,0.943482,5.117467,0.420942,5.129583,-0.044586,4.777109,-0.490434,4.058165,-0.963302,3.113876,-1.462953,2.118503,-1.98299,1.189383,-2.467335,0.40009,-2.884629,-0.210877,-3.207959,-0.673424,-3.404593,-1.068212,-3.426313,-1.415083,-3.21929,-1.699535,-2.782747,-1.953088,-2.173859,-2.249664,-1.484151,-2.632878,-0.824011,-3.065833,-0.265239,-3.437913,0.210838,-3.645375,0.63547,-3.644614,1.02009,-3.354443,1.382449,-2.741091,1.722676,-1.904663,2.00455,-1.033483,2.170522,-0.309839,2.182502,0.149166,2.037555,0.318675,1.775507,0.286006,1.462236,0.211884,1.177,0.225025,0.988369,0.36947,0.889987,0.614621,0.823555,0.901428,0.765365,1.207961,0.726377,1.505925,0.702084,1.722534,0.662899,1.813452,0.59107,1.769781,0.483327,1.606546,0.345233,1.380319,0.195991,1.177158,0.067234,1.031153,-0.030261,0.950329,-0.094221,0.921085,-0.144499,0.908105,-0.195412,0.897344,-0.252312,0.879464,-0.314509,0.835145,-0.380057,0.754758,-0.43155,0.645978,-0.446332,0.517225,-0.425991,0.384636,-0.395738,0.26462,-0.385015,0.164646,-0.400984,0.064965,-0.43229,-0.02488,-0.468495,-0.090288,-0.492783,-0.09351,-0.470456,-0.020956,-0.408231,0.094209,-0.322148,0.208517
0,-0.129704,0.189618,-0.135699,0.180828,-0.130804,0.155796,-0.125048,0.121272,-0.119141,0.091101,-0.123378,0.079531,-0.139075,0.093913,-0.1631,0.129469,-0.201486,0.161312,-0.252933,0.171382,-0.31111,0.17036,-0.375635,0.162799,-0.436162,0.158737,-0.479717,0.151907,-0.506427,0.135244,-0.527365,0.103213,-0.552285,0.056849,-0.591681,-0.006625,-0.651245,-0.106115,-0.735918,-0.238008,-0.833263,-0.391204,-0.941512,-0.574462,-1.052373,-0.805338,-1.152639,-1.117898,-1.206914,-1.572487,-1.157685,-2.170993,-0.986826,-2.822676,-0.701491,-3.372018,-0.318294,-3.732102,0.168605,-3.916554,0.732786,-3.928414,1.35326,-3.691423,2.031257,-3.147121,2.714537,-2.379172,3.280379,-1.533239,3.634622,-0.668453,3.771654,0.195539,3.691411,1.03771,3.3812,1.837265,2.883786,2.565786,2.252305,3.170734,1.510779,3.668084,0.730604,4.086051,-0.030723,4.37445,-0.722792,4.436513,-1.348193,4.179972,-1.917526,3.60542,-2.479971,2.743912,-3.019644,1.714613,-3.476553,0.644389,-3.802814,-0.40758,-3.975055,-1.401788,-3.922849,-2.317697,-3.57795,-3.15081,-2.880619,-3.88287,-1.845352,-4.432591,-0.591303,-4.648068,0.668603,-4.429502,1.715481,-3.811616,2.418629,-2.968204,2.790534,-2.110461,2.886629,-1.34112,2.800504,-0.669144,2.609784,-0.089881,2.366078,0.389182,2.105353,0.79095,1.83536,1.149114,1.578511,1.463669,1.333495,1.691893,1.084119,1.816369,0.825969,1.863513,0.552779,1.847779,0.264308,1.787098,-0.012205,1.71851,-0.266013,1.708349,-0.469204,1.778093,-0.595035,1.879149,-0.64527,1.945376,-0.630632,1.923954,-0.565736,1.800444,-0.473992,1.571382,-0.381607,1.2729,-0.310661,0.960577,-0.271371,0.682472,-0.263951,0.476984,-0.285772,0.368687,-0.32595,0.35838,-0.363359,0.409622,-0.377504,0.479237,-0.353843,0.517028,-0.29835,0.488416,-0.227161,0.396807,-0.158993,0.270785,-0.105163,0.13878,-0.0536,0.018321,-0.025727,-0.063074,-0.032218,-0.079962,-0.067965,-0.031829,-0.122906,0.057806,-0.173748,0.138196
0,-0.056997,0.018938,-0.073293,0.024315,-0.097748,0.037803,-0.125343,0.056093,-0.155647,0.071666,-0.182541,0.08153,-0.211898,0.082298,-0.241482,0.07325,-0.271711,0.045686,-0.303677,-0.000664,-0.345917,-0.066572,-0.407726,-0.153941,-0.492999,-0.258532,-0.596724,-0.399654,-0.72257,-0.596473,-0.842049,-0.866802,-0.940585,-1.180451,-1.011908,-1.541199,-1.04644,-1.991766,-1.061506,-2.526024,-1.05691,-3.071243,-0.945848,-3.492575,-0.634722,-3.714935,-0.074099,-3.717854,0.704632,-3.493742,1.590635,-3.10899,2.475773,-2.63271,3.25408,-2.0756,3.824223,-1.427174,4.103013,-0.728698,4.063325,-0.043425,3.738224,0.615489,3.21006,1.247844,2.584103,1.826302,1.92999,2.306589,1.279174,2.703253,0.640007,3.037848,0.013848,3.296598,-0.561299,3.458998,-1.052367,3.50386,-1.43677,3.427628,-1.74206,3.240855,-1.998809,2.956532,-2.206859,2.577203,-2.35685,2.111164,-2.462693,1.577506,-2.517651,0.99555,-2.519722,0.39568,-2.453716,-0.227492,-2.322637,-0.848707,-2.145663,-1.450736,-1.94009,-2.013587,-1.708946,-2.483538,-1.452579,-2.815893,-1.151094,-3.01892,-0.794309,-3.107402,-0.385876,-3.091678,0.061985,-2.980574,0.506297,-2.773434,0.922516,-2.470559,1.311086,-2.098601,1.690819,-1.715296,2.075944,-1.355249,2.460905,-0.991937,2.795359,-0.594973,3.012468,-0.138196,3.065247,0.385293,2.95781,0.949755,2.717015,1.495077,2.352669,1.983275,1.880208,2.403604,1.344813,2.751147,0.791625,2.98943,0.255886,3.065233,-0.209132,2.957261,-0.575613,2.696074,-0.855539,2.344118,-1.0693,1.9803,-1.22605,1.649811,-1.32843,1.365321,-1.365679,1.114789,-1.337687,0.903321,-1.259149,0.726648,-1.156203,0.589764,-1.038102,0.484314,-0.908504,0.38886,-0.782942,0.291806,-0.670156,0.185648,-0.577763,0.07472,-0.50517,-0.043304,-0.440651,-0.159781,-0.36753,-0.258434,-0.271839,-0.317372,-0.16391,-0.321642,-0.067855,-0.275927,0.001844,-0.202242,0.045098,-0.119716,0.060753,-0.027856,0.063273,0.053447,0.058685,0.098228
0,-0.495141,0.743651,-0.635275,0.712667,-0.809665,0.647887,-1.007075,0.552606,-1.216952,0.404216,-1.389656,0.173514,-1.472205,-0.140683,-1.46006,-0.486265,-1.412284,-0.833975,-1.38396,-1.194152,-1.403427,-1.578247,-1.432675,-1.947798,-1.425836,-2.244427,-1.339587,-2.461518,-1.16502,-2.646414,-0.948,-2.821715,-0.739559,-2.964459,-0.52515,-3.070245,-0.293928,-3.161902,-0.017129,-3.196742,0.341416,-3.147954,0.793896,-3.064321,1.309789,-2.936434,1.798554,-2.678308,2.203925,-2.229141,2.556194,-1.65496,2.868862,-1.024365,3.073944,-0.371773,3.110492,0.261834,2.982941,0.82914,2.734971,1.281954,2.417233,1.640932,2.067349,1.967278,1.726139,2.247034,1.402791,2.430802,1.083703,2.526924,0.737668,2.592306,0.383345,2.635323,0.043955,2.630027,-0.284282,2.578265,-0.626818,2.524552,-0.982566,2.454382,-1.288847,2.303794,-1.493564,2.05885,-1.594746,1.770326,-1.646306,1.495159,-1.706419,1.23688,-1.799045,0.96526,-1.900601,0.637423,-1.990518,0.227888,-2.051504,-0.2427,-2.047421,-0.719821,-1.922833,-1.163927,-1.697325,-1.541538,-1.45688,-1.87803,-1.233309,-2.223355,-1.046878,-2.580612,-0.881624,-2.906505,-0.646148,-3.165088,-0.254885,-3.328563,0.325341,-3.340064,1.043027,-3.171814,1.742784,-2.828831,2.2677,-2.389624,2.549467,-1.964154,2.617266,-1.624151,2.495917,-1.33301,2.253736,-0.976426,1.988233,-0.519962,1.756197,-0.004942,1.552963,0.523016,1.366168,1.069195,1.205771,1.626672,1.102578,2.146961,1.044633,2.559432,1.014797,2.805149,0.97549,2.877524,0.899472,2.799509,0.772667,2.629004,0.614655,2.415858,0.423583,2.204324,0.191293,2.014272,-0.081202,1.857618,-0.363955,1.700596,-0.614646,1.507396,-0.782906,1.26166,-0.854749,1.00312,-0.84572,0.770025,-0.765864,0.580869,-0.63731,0.434636,-0.485112,0.314567,-0.314234,0.219595,-0.139863,0.141162,-0.00315,0.06519,0.069672,-0.008645,0.070156,-0.06676,0.011894,-0.094471,-0.077948,-0.097974,-0.170773,-0.10076,-0.241964,-0.100572
0,-0.545971,0.3631,-0.707627,0.318456,-0.902472,0.238282,-1.11126,0.110231,-1.312284,-0.072795,-1.462903,-0.310043,-1.530951,-0.589113,-1.512294,-0.915264,-1.413094,-1.295237,-1.201928,-1.705415,-0.905919,-2.094392,-0.605779,-2.436353,-0.336234,-2.718919,-0.113707,-2.918699,0.100669,-3.023963,0.376171,-3.035287,0.742407,-2.965581,1.159488,-2.838028,1.556715,-2.642308,1.867223,-2.348961,2.084584,-1.9823,2.221601,-1.531076,2.28001,-0.98369,2.263757,-0.362883,2.191257,0.291174,2.069914,0.920623,1.903635,1.485115,1.703462,1.974205,1.506752,2.373876,1.331048,2.636604,1.158597,2.771006,0.97565,2.825079,0.776502,2.853967,0.55468,2.872591,0.311606,2.885153,0.039272,2.856528,-0.264307,2.74475,-0.60314,2.525854,-0.971275,2.225183,-1.311604,1.875288,-1.590031,1.509262,-1.804469,1.144578,-1.965221,0.792201,-2.074251,0.448071,-2.142756,0.096019,-2.175412,-0.277686,-2.180206,-0.6702,-2.134093,-1.051703,-2.014747,-1.40211,-1.801968,-1.735964,-1.482975,-2.040174,-1.109173,-2.299123,-0.739741,-2.514308,-0.395062,-2.688171,-0.072115,-2.798595,0.238997,-2.825119,0.569555,-2.792784,0.917152,-2.72398,1.243601,-2.626033,1.518033,-2.471939,1.762425,-2.219641,1.977609,-1.865655,2.143352,-1.421822,2.223428,-0.896997,2.197136,-0.311137,2.080594,0.269224,1.925261,0.777086,1.762927,1.215056,1.594955,1.621305,1.418526,2.002719,1.221856,2.318885,1.012107,2.551654,0.794504,2.705179,0.567963,2.790453,0.338867,2.822237,0.115286,2.79966,-0.10923,2.704463,-0.350633,2.534538,-0.588808,2.295554,-0.787783,2.018511,-0.925553,1.737517,-1.010846,1.470373,-1.063993,1.213649,-1.085635,0.966513,-1.058102,0.73082,-0.979275,0.511671,-0.868074,0.328525,-0.734269,0.202638,-0.612304,0.141327,-0.524654,0.13043,-0.464331,0.13542,-0.4132,0.120362,-0.366541,0.075436,-0.316683,-0.000743,-0.264993,-0.079416,-0.210104,-0.14302,-0.145695,-0.17776,-0.085746,-0.173691,-0.048774,-0.13972,-0.029774,-0.087695
0,-0.343174,0.067604,-0.404797,0.018953,-0.469772,-0.050327,-0.556423,-0.14801,-0.691922,-0.272854,-0.869562,-0.405469,-1.059042,-0.535514,-1.219116,-0.652247,-1.321289,-0.759652,-1.357959,-0.870314,-1.313789,-1.010096,-1.160627,-1.189757,-0.90342,-1.380958,-0.574877,-1.56398,-0.220894,-1.772411,0.156468,-2.003943,0.549669,-2.224026,0.956516,-2.404307,1.369539,-2.555449,1.765064,-2.667089,2.090348,-2.694399,2.344985,-2.616259,2.529726,-2.449688,2.613667,-2.202075,2.580116,-1.86432,2.459385,-1.428414,2.281978,-0.884731,2.077706,-0.272055,1.846515,0.359267,1.585679,0.981066,1.306554,1.595751,1.044215,2.188401,0.829241,2.68224,0.656982,3.029608,0.509383,3.25359,0.334209,3.395793,0.100274,3.49523,-0.184932,3.536539,-0.496031,3.457381,-0.779523,3.249278,-0.997822,2.946133,-1.178576,2.558491,-1.338609,2.096768,-1.483001,1.580913,-1.611425,1.050424,-1.731837,0.53367,-1.861103,0.048167,-2.01682,-0.407206,-2.205943,-0.831193,-2.38119,-1.225248,-2.418122,-1.603999,-2.221632,-1.973122,-1.820727,-2.318136,-1.321931,-2.604808,-0.834554,-2.83286,-0.432625,-2.992794,-0.101088,-3.067702,0.200911,-3.054598,0.504242,-2.9352,0.809844,-2.687194,1.121448,-2.342308,1.446633,-1.9578,1.789544,-1.555694,2.108276,-1.161665,2.336305,-0.781246,2.426001,-0.377696,2.373356,0.071054,2.200004,0.531489,1.95041,0.974019,1.639854,1.405456,1.294198,1.838075,0.958642,2.251477,0.665079,2.623362,0.434782,2.93819,0.275627,3.163576,0.158755,3.252795,0.044297,3.196997,-0.112841,3.019535,-0.336903,2.753496,-0.594807,2.432391,-0.824515,2.072725,-0.995625,1.702272,-1.113631,1.343913,-1.171773,0.993463,-1.16474,0.626197,-1.096932,0.274799,-0.993449,-0.009159,-0.870976,-0.192849,-0.73448,-0.289493,-0.574749,-0.316767,-0.403552,-0.294472,-0.257935,-0.236678,-0.166424,-0.168333,-0.145822,-0.12013,-0.183828,-0.113787,-0.232002,-0.135556,-0.244083,-0.163276,-0.203148,-0.176172,-0.122163,-0.164815,-0.026358,-0.127417
0,-0.033614,-0.015617,-0.015261,-0.012609,-0.002056,0.004908,0.009102,0.031728,0.013043,0.055979,0.011577,0.07172,0.007262,0.080505,-0.002264,0.077444,-0.011582,0.066644,-0.022933,0.060769,-0.031409,0.066239,-0.040065,0.088226,-0.047726,0.130899,-0.066181,0.18636,-0.105294,0.254042,-0.171937,0.327427,-0.248047,0.379937,-0.324854,0.388325,-0.421343,0.337452,-0.539552,0.244914,-0.691043,0.096735,-0.913329,-0.10589,-1.200375,-0.36452,-1.513842,-0.666453,-1.822061,-0.99246,-2.102962,-1.313758,-2.316856,-1.644175,-2.355411,-2.032549,-2.121768,-2.476142,-1.573273,-2.897628,-0.775004,-3.25379,0.133124,-3.517723,0.994872,-3.638891,1.685694,-3.540944,2.151978,-3.181277,2.446433,-2.653274,2.632096,-2.066795,2.744514,-1.455713,2.770993,-0.800826,2.705715,-0.093031,2.547526,0.626199,2.315226,1.322355,2.018542,1.978651,1.687655,2.574828,1.349919,3.053452,0.998141,3.389018,0.619805,3.593833,0.235766,3.696887,-0.154152,3.683709,-0.575251,3.524348,-1.02567,3.204508,-1.473728,2.68806,-1.877032,1.996361,-2.196446,1.183398,-2.422587,0.317422,-2.560254,-0.540217,-2.596085,-1.349005,-2.515402,-2.078414,-2.336419,-2.71338,-2.059895,-3.260145,-1.678358,-3.709034,-1.222344,-4.030188,-0.713329,-4.157165,-0.130106,-4.070588,0.375327,-3.995322,0.978047,-3.513247,1.566352,-2.624642,2.069772,-1.575662,2.457931,-0.578404,2.694386,0.264521,2.787942,0.999349,2.757944,1.672509,2.615757,2.274624,2.378972,2.747252,2.051493,3.036365,1.652255,3.140361,1.192426,3.08209,0.705379,2.880473,0.234502,2.566139,-0.200269,2.196048,-0.602623,1.823963,-0.949698,1.484214,-1.205607,1.192115,-1.351696,0.950535,-1.392059,0.761342,-1.331562,0.634992,-1.175756,0.559603,-0.959791,0.511973,-0.744184,0.461611,-0.567857,0.399992,-0.446483,0.347266,-0.381991,0.29152,-0.355495,0.215638,-0.326116,0.133685,-0.29056,0.067024,-0.247959,0.018663,-0.185047,0.004254,-0.094518,0.020084,-2.1e-05,0.054192,0.067155,0.091443
0,0.23838,-0.147662,0.238115,-0.195714,0.200853,-0.208839,0.145636,-0.199138,0.083564,-0.157201,0.03848,-0.087193,0.009978,-0.011516,0.006044,0.050197,0.023073,0.077476,0.044337,0.067947,0.052176,0.037616,0.049666,0.003009,0.044517,-0.017428,0.052622,-0.015787,0.074711,0.015519,0.104452,0.066553,0.116678,0.127462,0.090363,0.177197,0.035546,0.205123,-0.023227,0.204884,-0.069702,0.186335,-0.105734,0.160476,-0.481986,0.056797,-0.637964,0.037901,-0.79402,-0.004479,-0.942008,-0.082374,-1.068607,-0.217929,-1.176445,-0.401816,-1.298185,-0.662245,-1.443915,-1.02702,-1.581694,-1.501443,-1.66864,-2.058691,-1.650792,-2.638893,-1.489301,-3.13573,-1.206948,-3.461409,-0.875992,-3.587022,-0.502924,-3.498401,-0.091985,-3.202248,0.386293,-2.756047,0.987674,-2.17857,1.680668,-1.473627,2.369075,-0.673598,2.916682,0.156423,3.227652,0.964511,3.279592,1.713876,3.111309,2.34113,2.769349,2.787665,2.293491,3.031693,1.717337,3.069518,1.086745,2.89757,0.439832,2.534634,-0.202741,2.068942,-0.814678,1.567502,-1.382864,1.065776,-1.891558,0.589567,-2.352875,0.175238,-2.784981,-0.190055,-3.16827,-0.542416,-3.465982,-0.944871,-3.621884,-1.441823,-3.618987,-2.025647,-3.426076,-2.637522,-2.970955,-3.147056,-2.247126,-3.43635,-1.320609,-3.522072,-0.279138,-3.43338,0.754961,-3.187249,1.691191,-2.705538,2.479377,-2.042063,3.072364,-1.242592,3.447752,-0.407659,3.589233,0.368374,3.514178,1.063464,3.267924,1.651919,2.90177,2.109716,2.470205,2.401548,1.996877,2.55027,1.49295,2.580441,0.975673,2.507242,0.47206,2.345479,0.006161,2.150814,-0.406733,1.960852,-0.761057,1.793804,-1.048309,1.647565,-1.247723,1.523055,-1.333853,1.396692,-1.300123,1.236408,-1.163604,1.014871,-0.944009,0.739222,-0.680224,0.45273,-0.423376,0.201858,-0.224512,0.024424,-0.129456,-0.082954,-0.132391,-0.141595,-0.195335,-0.163875,-0.270429,-0.160182,-0.318007,-0.135643,-0.31817,-0.099736,-0.267659,-0.066038,-0.172842,-0.055049
0,-0.073813,0.030372,-0.088706,0.028899,-0.104746,0.037921,-0.11552,0.039853,-0.124158,0.035969,-0.134232,0.038855,-0.151395,0.044908,-0.174204,0.04749,-0.204708,0.0442,-0.238596,0.037121,-0.280555,0.019136,-0.327364,-0.013895,-0.376606,-0.057261,-0.424846,-0.118176,-0.475717,-0.192224,-0.551336,-0.282604,-0.647724,-0.406731,-0.761263,-0.599113,-0.859808,-0.877159,-0.956468,-1.248598,-1.073475,-1.721154,-1.223484,-2.325082,-1.378069,-2.999572,-1.433988,-3.627606,-1.307662,-4.073627,-0.98401,-4.27403,-0.487014,-4.254661,0.12322,-4.116447,0.822117,-3.899655,1.53376,-3.565136,2.183127,-3.063492,2.775212,-2.394892,3.307647,-1.593599,3.715008,-0.713256,3.918637,0.153772,3.881156,0.929538,3.621942,1.59682,3.172784,2.163455,2.576488,2.611817,1.884539,2.890578,1.171229,2.990029,0.473972,2.945719,-0.155953,2.835561,-0.701584,2.691872,-1.156003,2.490595,-1.56569,2.212161,-1.979446,1.870133,-2.394868,1.508477,-2.794707,1.134246,-3.133815,0.729781,-3.3508,0.279103,-3.410101,-0.242275,-3.297338,-0.827206,-2.98829,-1.447722,-2.491054,-2.062662,-1.865412,-2.652517,-1.222322,-3.211942,-0.607995,-3.687769,-0.050499,-4.029167,0.422028,-4.211053,0.843377,-4.196477,1.252209,-3.92284,1.671717,-3.401026,2.120795,-2.709789,2.564568,-1.945858,2.925747,-1.150866,3.136542,-0.357774,3.164079,0.415733,3.014112,1.13603,2.731101,1.778172,2.356994,2.300671,1.916753,2.670568,1.442304,2.890828,0.940903,2.999123,0.445736,3.001236,0.002124,2.883136,-0.374779,2.662946,-0.702122,2.378184,-1.006376,2.095257,-1.291307,1.855105,-1.550229,1.661694,-1.748969,1.505819,-1.862991,1.363568,-1.868562,1.208523,-1.760607,1.022604,-1.565148,0.804549,-1.323463,0.551758,-1.064702,0.285766,-0.803976,0.043597,-0.5594,-0.152384,-0.35156,-0.285899,-0.19615,-0.36537,-0.10649,-0.392108,-0.082031,-0.377601,-0.086576,-0.345778,-0.094962,-0.288422,-0.097592,-0.20028,-0.089584,-0.099868,-0.069046,-0.007872,-0.037745,0.054599
0,-0.101059,0.381622,-0.153764,0.42987,-0.24243,0.463305,-0.342484,0.475793,-0.433403,0.457264,-0.497688,0.406899,-0.546421,0.318975,-0.632568,0.192922,-0.822487,0.035748,-1.105045,-0.162397,-1.401673,-0.400914,-1.635087,-0.682703,-1.76379,-1.039443,-1.773713,-1.495658,-1.644115,-2.035685,-1.324978,-2.60902,-0.845484,-3.143091,-0.310623,-3.593315,0.174107,-3.978158,0.542952,-4.30066,0.804903,-4.487975,0.988536,-4.35573,1.242186,-3.882191,1.634948,-3.204595,2.119568,-2.428125,2.593675,-1.551572,2.957199,-0.595691,3.132673,0.341464,3.07775,1.11768,2.817704,1.673402,2.422364,2.059412,1.982507,2.292562,1.548284,2.400924,1.138139,2.438142,0.745794,2.479267,0.369123,2.551853,0.007213,2.637739,-0.349253,2.709394,-0.694978,2.737925,-1.014714,2.695065,-1.32209,2.542063,-1.637091,2.258278,-1.940099,1.839732,-2.176729,1.329875,-2.338154,0.792587,-2.45232,0.259888,-2.52234,-0.259032,-2.52423,-0.745939,-2.445794,-1.1821,-2.285234,-1.568792,-2.050306,-1.933057,-1.782884,-2.321235,-1.452475,-2.806942,-1.088756,-3.287404,-0.696725,-3.629824,-0.293292,-3.751974,0.142184,-3.625983,0.638222,-3.275736,1.170376,-2.792505,1.704159,-2.242343,2.228108,-1.659727,2.726471,-1.044891,3.143241,-0.392589,3.397072,0.263504,3.416396,0.851986,3.207261,1.337439,2.832106,1.775387,2.373271,2.201314,1.884927,2.574183,1.398326,2.845904,0.927147,3.013019,0.476921,3.064847,0.072117,2.9954,-0.273363,2.798372,-0.556964,2.50379,-0.807645,2.163832,-1.066893,1.836137,-1.330986,1.540074,-1.538518,1.265027,-1.632339,1.020779,-1.609807,0.824253,-1.501982,0.690667,-1.3395,0.587974,-1.155732,0.502688,-0.994432,0.411336,-0.870183,0.321013,-0.779759,0.233301,-0.713533,0.146198,-0.652849,0.064591,-0.57951,-0.000457,-0.479981,-0.047378,-0.375354,-0.07017,-0.271294,-0.072607,-0.178915,-0.063251,-0.105277,-0.050627,-0.046074,-0.041088,-0.005096,-0.035201,0.012844,-0.020033,0.008348,0.001982,0.001243,0.015772
0,-0.042384,0.112198,-0.016219,0.096861,0.00086,0.07237,-0.007418,0.047072,-0.040045,0.029686,-0.085921,0.028472,-0.150034,0.057605,-0.21816,0.103697,-0.28113,0.139391,-0.349921,0.149668,-0.455989,0.112423,-0.624729,0.016915,-0.853767,-0.127356,-1.115884,-0.305807,-1.364474,-0.49847,-1.555498,-0.701422,-1.652401,-0.940912,-1.648024,-1.264102,-1.552204,-1.71571,-1.377642,-2.292093,-1.165667,-2.882592,-0.910456,-3.378641,-0.571645,-3.743296,-0.140547,-3.924901,0.335037,-3.895234,0.825799,-3.629905,1.32505,-3.15298,1.838031,-2.515393,2.32806,-1.746787,2.747096,-0.902439,3.055712,-0.079939,3.19354,0.650214,3.110013,1.275413,2.831153,1.802384,2.427244,2.192354,1.949602,2.428616,1.450216,2.549853,0.992882,2.570861,0.590897,2.496319,0.210856,2.338334,-0.156898,2.156084,-0.516285,1.993655,-0.889809,1.854553,-1.291191,1.73324,-1.693821,1.597009,-2.039716,1.420712,-2.313253,1.184953,-2.511718,0.887453,-2.651959,0.536697,-2.7437,0.14507,-2.779566,-0.284481,-2.723746,-0.750178,-2.532294,-1.233438,-2.180346,-1.706566,-1.709771,-2.190958,-1.203555,-2.701983,-0.772892,-3.140472,-0.44128,-3.397254,-0.160919,-3.436501,0.122254,-3.246437,0.478031,-2.886705,0.901187,-2.442429,1.402682,-1.99417,1.971625,-1.55731,2.527591,-1.062169,2.971581,-0.48274,3.237711,0.121548,3.288592,0.699191,3.115233,1.215147,2.773185,1.63304,2.309854,1.926493,1.787673,2.107552,1.274173,2.201351,0.809245,2.233832,0.395463,2.239447,0.047019,2.224331,-0.234711,2.176246,-0.450562,2.074166,-0.606521,1.913518,-0.744985,1.714468,-0.876014,1.490624,-0.977065,1.26041,-1.014803,1.048079,-0.997087,0.850937,-0.962242,0.673078,-0.926652,0.51747,-0.884195,0.386609,-0.820333,0.281672,-0.724228,0.207552,-0.609619,0.157503,-0.491373,0.118071,-0.387064,0.077175,-0.301319,0.030841,-0.219594,-0.027915,-0.140713,-0.091842,-0.085217,-0.141242,-0.057945,-0.150129,-0.063903,-0.110127,-0.084814,-0.047374,-0.100001,0.005566
0,-0.130108,0.389883,-0.230606,0.441621,-0.341579,0.489403,-0.459836,0.532294,-0.601528,0.561661,-0.795263,0.549874,-1.058037,0.450639,-1.383022,0.251088,-1.772371,-0.072615,-2.212396,-0.531555,-2.656676,-1.088622,-3.048697,-1.721153,-3.313378,-2.434947,-3.301066,-3.188611,-2.863299,-3.893126,-2.112138,-4.590411,-1.090516,-5.104667,-0.08748,-5.376589,0.791444,-5.461368,1.506259,-5.441489,2.108599,-5.42194,2.652998,-5.327474,3.183594,-4.94696,3.721572,-4.226501,4.227015,-3.234053,4.6366,-2.050626,4.857798,-0.703332,4.801293,0.661208,4.443076,1.892823,3.862498,2.932502,3.184265,3.785796,2.453462,4.464713,1.681805,4.962255,0.952376,5.270944,0.31252,5.419119,-0.243392,5.443349,-0.71982,5.330795,-1.110915,5.059611,-1.453519,4.62049,-1.75195,4.014082,-2.003144,3.272176,-2.247611,2.467862,-2.591801,1.580645,-3.01615,0.640618,-3.419245,-0.27311,-3.747477,-1.150339,-3.928526,-1.976398,-3.938493,-2.724476,-3.783663,-3.448915,-3.466169,-4.145281,-2.990642,-4.825968,-2.353698,-5.458413,-1.541812,-5.946822,-0.604934,-6.167093,0.389162,-6.078675,1.406003,-5.709452,2.468672,-5.138307,3.52702,-4.430855,4.407867,-3.581527,4.972607,-2.634372,5.191063,-1.638721,5.108345,-0.588271,4.787439,0.454029,4.240967,1.43086,3.496598,2.308083,2.673363,3.070168,1.874146,3.699776,1.14568,4.152829,0.526552,4.396414,0.037582,4.404092,-0.31368,4.205196,-0.577094,3.879186,-0.802378,3.496706,-1.029878,3.113501,-1.260442,2.734257,-1.436431,2.393497,-1.490675,2.112231,-1.411253,1.873734,-1.212862,1.631268,-0.953288,1.35168,-0.703337,1.051478,-0.509308,0.770266,-0.408205,0.563943,-0.386616,0.451717,-0.387342,0.430602,-0.379622,0.480208,-0.359115,0.567158,-0.338107,0.633101,-0.316013,0.628866,-0.278819,0.561526,-0.237475,0.463283,-0.186351,0.362244,-0.124746,0.274673,-0.072548,0.203525,-0.040744,0.164963,-0.021086,0.152509,-0.018865,0.148652,-0.032669,0.145354,-0.067885,0.134093,-0.115403,0.112753
0,-0.248086,0.228081,-0.348168,0.252553,-0.47457,0.304434,-0.621225,0.36723,-0.811837,0.432771,-1.044117,0.473072,-1.324098,0.461114,-1.652868,0.379868,-2.021842,0.222388,-2.387182,-0.025749,-2.686784,-0.374189,-2.879128,-0.845038,-2.965008,-1.49461,-2.973026,-2.331727,-2.962074,-3.338145,-2.894071,-4.44741,-2.611726,-5.507274,-2.038887,-6.273981,-1.198525,-6.640969,-0.20845,-6.674837,0.916732,-6.436696,2.17091,-5.919088,3.40397,-5.093779,4.48942,-4.044041,5.326293,-2.858991,5.832586,-1.673927,6.002903,-0.559666,5.890321,0.500954,5.537778,1.506621,4.962247,2.433089,4.206323,3.26283,3.311882,3.988024,2.318597,4.58332,1.301206,5.046855,0.342072,5.39731,-0.519729,5.646892,-1.256122,5.780908,-1.842024,5.74009,-2.269682,5.477587,-2.585463,5.00309,-2.887818,4.394811,-3.288006,3.60001,-3.770693,2.661002,-4.181764,1.673901,-4.432291,0.686119,-4.49025,-0.288382,-4.385445,-1.275481,-4.122285,-2.282587,-3.687043,-3.270139,-3.151079,-4.143338,-2.52265,-4.878061,-1.829915,-5.497136,-1.112206,-6.022019,-0.414385,-6.44662,0.24888,-6.771255,0.867371,-6.913661,1.496475,-6.759215,2.15081,-6.187442,2.895695,-5.232841,3.771002,-4.038653,4.643006,-2.783563,5.363454,-1.534825,5.848036,-0.345576,6.011901,0.766912,5.83631,1.793271,5.285569,2.714534,4.40047,3.507115,3.311721,4.155219,2.172498,4.64088,1.099585,4.951379,0.140679,5.108103,-0.667612,5.132877,-1.281206,5.01821,-1.698216,4.75527,-1.942612,4.376956,-2.057688,3.933214,-2.095973,3.453943,-2.072782,2.976412,-1.977323,2.51725,-1.826656,2.080764,-1.63081,1.677828,-1.396087,1.327605,-1.167278,1.030575,-0.986492,0.798355,-0.88704,0.636547,-0.844372,0.529438,-0.798048,0.451164,-0.726245,0.390901,-0.636818,0.352628,-0.538539,0.351552,-0.452577,0.37071,-0.383904,0.380391,-0.336616,0.35402,-0.31014,0.286711,-0.283583,0.199323,-0.242371,0.125166,-0.195533,0.06961,-0.151126,0.037179,-0.120279,0.025969,-0.105865,0.030707
0,-0.151538,0.120028,-0.313918,0.152711,-0.562856,0.178409,-0.919608,0.193382,-1.347618,0.187481,-1.785915,0.131164,-2.144343,-0.049237,-2.354056,-0.332057,-2.401019,-0.722657,-2.35972,-1.237867,-2.294412,-1.857765,-2.22475,-2.529034,-2.137902,-3.247666,-2.016232,-4.025634,-1.822794,-4.86283,-1.524372,-5.703176,-1.07366,-6.466118,-0.407912,-7.042532,0.498318,-7.263079,1.476243,-6.995984,2.400367,-6.26027,3.21894,-5.232327,3.919137,-4.090051,4.490524,-2.946493,4.978472,-1.837326,5.382397,-0.659116,5.597261,0.659678,5.491576,2.006505,5.026347,3.204151,4.319385,4.1404,3.508967,4.769253,2.648561,5.154319,1.781085,5.392043,0.962261,5.53299,0.232962,5.569982,-0.394843,5.489161,-0.944432,5.293637,-1.414281,4.99516,-1.836722,4.596123,-2.259019,4.092277,-2.70308,3.50569,-3.127235,2.876179,-3.489626,2.19627,-3.76846,1.473198,-3.952796,0.745637,-4.037946,0.024296,-4.023698,-0.718112,-3.910187,-1.488161,-3.711917,-2.23911,-3.431344,-2.95642,-3.062399,-3.641586,-2.636671,-4.299766,-2.180056,-4.944013,-1.677816,-5.564448,-1.086298,-6.105189,-0.432432,-6.459259,0.224778,-6.595708,0.886593,-6.495519,1.589772,-6.165023,2.395487,-5.611897,3.260699,-4.804502,4.110532,-3.759226,4.882377,-2.528855,5.492864,-1.19251,5.818153,0.168804,5.7212,1.466947,5.218597,2.564137,4.45664,3.405893,3.587145,4.020146,2.712313,4.473029,1.866151,4.820993,1.046399,5.078129,0.272599,5.223723,-0.401609,5.219007,-0.944033,5.031051,-1.334255,4.633208,-1.585703,4.078142,-1.724728,3.450356,-1.776826,2.831864,-1.780112,2.282778,-1.728716,1.827407,-1.614445,1.470464,-1.465071,1.196178,-1.29742,0.983864,-1.137254,0.817429,-0.989784,0.69066,-0.858743,0.591077,-0.740294,0.507962,-0.629935,0.428814,-0.52522,0.34524,-0.435678,0.259612,-0.366227,0.18001,-0.305295,0.114769,-0.24952,0.065045,-0.194355,0.037595,-0.138577,0.034258,-0.095461,0.060912,-0.071484,0.102454,-0.061975,0.143638,-0.042603,0.185354
0,-1.109229,0.190736,-1.482684,-0.055968,-1.88348,-0.364924,-2.248563,-0.729108,-2.532811,-1.170367,-2.711432,-1.73144,-2.780048,-2.450647,-2.723788,-3.289134,-2.555528,-4.152212,-2.254454,-4.96825,-1.795319,-5.713253,-1.09681,-6.353271,-0.107232,-6.801721,1.070571,-6.958707,2.284281,-6.715127,3.391663,-6.034636,4.349141,-4.926503,5.10148,-3.460585,5.561687,-1.809355,5.677626,-0.171765,5.503152,1.285717,5.144558,2.477003,4.637015,3.356032,4.017109,3.936428,3.322103,4.286047,2.573858,4.521766,1.832513,4.647274,1.153181,4.687384,0.539658,4.659873,-0.017487,4.569155,-0.517971,4.422149,-0.968178,4.227249,-1.371195,3.98381,-1.741548,3.707098,-2.103907,3.40514,-2.448974,3.067654,-2.716689,2.699788,-2.860176,2.327955,-2.896358,1.926851,-2.849111,1.492303,-2.738569,1.052874,-2.593288,0.629642,-2.428951,0.230606,-2.279604,-0.141149,-2.158052,-0.505167,-2.069084,-0.878511,-2.017339,-1.276567,-1.990316,-1.7283,-1.973303,-2.259851,-1.952398,-2.905219,-1.927473,-3.673693,-1.909825,-4.538,-1.808562,-5.446684,-1.519044,-6.290805,-1.009508,-6.905617,-0.295654,-7.135998,0.602638,-6.888663,1.676337,-6.227309,2.842469,-5.252066,3.976549,-4.002295,4.975811,-2.559419,5.697281,-1.081319,6.049438,0.264361,6.00982,1.36381,5.637153,2.209662,5.013846,2.831443,4.200505,3.301248,3.234722,3.658986,2.200558,3.912021,1.208802,4.041836,0.329518,4.030704,-0.391177,3.903522,-0.924989,3.688207,-1.283016,3.395301,-1.484095,3.017969,-1.585382,2.590507,-1.629173,2.201766,-1.637258,1.886902,-1.601828,1.646046,-1.519769,1.460649,-1.394835,1.301614,-1.237037,1.171355,-1.075014,1.064766,-0.940972,0.968075,-0.842136,0.88062,-0.776088,0.798848,-0.733438,0.716062,-0.696489,0.622491,-0.63838,0.524518,-0.542544,0.425173,-0.418319,0.331203,-0.288539,0.256367,-0.181949,0.213832,-0.114584,0.201115,-0.089587,0.203194,-0.110303,0.204005,-0.173676,0.192765,-0.238304,0.170371,-0.261109,0.150156,-0.249809,0.137319
0,-0.229497,0.281466,-0.333225,0.395033,-0.484064,0.519639,-0.676605,0.628284,-0.903873,0.713996,-1.154403,0.710741,-1.458828,0.563525,-1.827892,0.235523,-2.219969,-0.238136,-2.58176,-0.7679,-2.8546,-1.296834,-3.010626,-1.776848,-3.051976,-2.249281,-2.938311,-2.75158,-2.6479,-3.264143,-2.192204,-3.766499,-1.609692,-4.245664,-0.929515,-4.664444,-0.170578,-4.990365,0.669822,-5.166361,1.610267,-5.169727,2.640066,-4.971872,3.659207,-4.534923,4.54399,-3.790034,5.14778,-2.764952,5.424325,-1.623814,5.410342,-0.518069,5.150513,0.406564,4.685525,1.113163,4.025036,1.659698,3.201754,2.12165,2.33569,2.557754,1.523611,2.991323,0.778255,3.40659,0.107586,3.759336,-0.460404,4.00599,-0.899743,4.104343,-1.221257,4.030913,-1.462867,3.820431,-1.641411,3.520647,-1.785766,3.186878,-1.936579,2.874692,-2.113205,2.591715,-2.288423,2.298654,-2.405172,1.956545,-2.444679,1.525043,-2.442746,0.999449,-2.446583,0.378113,-2.483602,-0.320581,-2.531565,-1.088896,-2.559015,-1.911417,-2.520366,-2.790349,-2.387708,-3.675799,-2.134094,-4.524235,-1.741725,-5.274052,-1.210684,-5.847263,-0.570663,-6.181609,0.135181,-6.244923,0.937524,-6.067512,1.875728,-5.690082,2.946792,-5.09774,4.024587,-4.213704,4.927859,-3.036179,5.5422,-1.709035,5.841786,-0.410937,5.782662,0.813304,5.347094,1.940664,4.590467,2.91054,3.617562,3.647074,2.547798,4.12263,1.482639,4.362632,0.503737,4.415064,-0.337489,4.304629,-0.965356,4.055641,-1.371018,3.709601,-1.593179,3.306388,-1.706596,2.899043,-1.752849,2.513794,-1.765517,2.170624,-1.763701,1.874785,-1.755669,1.624054,-1.706019,1.400858,-1.591389,1.190484,-1.408908,0.981313,-1.195197,0.780595,-0.987253,0.585141,-0.815558,0.4084,-0.698266,0.261124,-0.621578,0.145496,-0.553611,0.064771,-0.480712,0.009383,-0.396141,-0.024357,-0.291332,-0.044501,-0.192426,-0.046774,-0.118117,-0.036457,-0.077874,-0.037933,-0.078403,-0.057719,-0.104654,-0.081464,-0.132832,-0.106028,-0.151718,-0.124937
0,0.057738,0.00329,0.078575,0.018112,0.10178,0.052939,0.119908,0.095009,0.139586,0.125914,0.153091,0.139505,0.152521,0.152271,0.148142,0.17086,0.101184,0.210276,-0.013087,0.280782,-0.210848,0.358357,-0.471838,0.409805,-0.754103,0.415005,-1.018272,0.358592,-1.250653,0.213145,-1.459469,-0.081346,-1.650466,-0.500155,-1.855854,-1.040081,-2.101371,-1.613871,-2.360089,-2.195361,-2.542642,-2.744279,-2.597487,-3.232811,-2.431701,-3.703431,-1.950973,-4.144513,-1.127686,-4.46095,-0.068404,-4.504066,1.041904,-4.186145,2.048095,-3.518031,2.838246,-2.605059,3.339072,-1.574121,3.548378,-0.531273,3.500846,0.43155,3.242389,1.272118,2.851979,1.95099,2.412845,2.488004,2.026794,2.875359,1.751048,3.094692,1.558809,3.121914,1.389298,2.977662,1.185982,2.715039,0.914215,2.390862,0.559805,2.049464,0.12315,1.708906,-0.375624,1.387327,-0.921204,1.104438,-1.444244,0.86499,-1.893561,0.658843,-2.269342,0.458215,-2.559681,0.222669,-2.750668,-0.093758,-2.856267,-0.520062,-2.901419,-1.05296,-2.855379,-1.701537,-2.636911,-2.390431,-2.2277,-2.985628,-1.637196,-3.380849,-0.906342,-3.577448,-0.032397,-3.626769,0.968256,-3.56691,1.967992,-3.343193,2.793691,-2.910398,3.326138,-2.259849,3.516345,-1.45967,3.401036,-0.579469,3.075523,0.32079,2.644041,1.186532,2.194871,1.943766,1.784006,2.53477,1.440042,2.903521,1.174745,3.039044,0.980656,2.965924,0.79768,2.747822,0.566141,2.447359,0.286758,2.125602,-0.008588,1.82212,-0.268876,1.556627,-0.449871,1.349839,-0.537901,1.215547,-0.546355,1.149865,-0.507361,1.119266,-0.460953,1.085198,-0.435019,1.025073,-0.458943,0.928248,-0.543992,0.791106,-0.686454,0.61485,-0.835581,0.406157,-0.914404,0.204298,-0.880782,0.055447,-0.758486,-0.034488,-0.601875,-0.079837,-0.4507,-0.097886,-0.323364,-0.099835,-0.23002,-0.095224,-0.170424,-0.0795,-0.129703,-0.056197,-0.092005,-0.028397,-0.05001,0.001396,-0.013389,0.032589,0.009649,0.050713,0.014825,0.051601
0,-0.110138,0.011732,-0.159748,0.004374,-0.249393,-0.00743,-0.361437,-0.027894,-0.474299,-0.065832,-0.586096,-0.134778,-0.701071,-0.231973,-0.81756,-0.359533,-0.947613,-0.512687,-1.08772,-0.699822,-1.260183,-0.934219,-1.501494,-1.24746,-1.786024,-1.609672,-2.033511,-1.985291,-2.201676,-2.356386,-2.173396,-2.70504,-1.912858,-3.012115,-1.535349,-3.276523,-1.052475,-3.484955,-0.429739,-3.577733,0.354069,-3.500726,1.231428,-3.235949,2.092759,-2.828457,2.838938,-2.328304,3.364812,-1.790493,3.649044,-1.271218,3.697849,-0.754409,3.545619,-0.171306,3.261191,0.485491,2.895301,1.19918,2.519163,1.926197,2.200483,2.611395,1.965134,3.167243,1.788739,3.587565,1.662158,3.850564,1.510467,3.929104,1.255575,3.851594,0.877943,3.639034,0.410357,3.335519,-0.102067,2.953397,-0.629392,2.513899,-1.136896,2.051362,-1.593234,1.601,-1.988661,1.163335,-2.34113,0.749736,-2.654196,0.333266,-2.888893,-0.094826,-3.008254,-0.548115,-3.010944,-1.034809,-2.926591,-1.561419,-2.804314,-2.135473,-2.665109,-2.740244,-2.522138,-3.275769,-2.29319,-3.671745,-1.835284,-3.884404,-1.129622,-3.887026,-0.282602,-3.708854,0.582469,-3.401294,1.374575,-3.025891,2.082741,-2.649559,2.674627,-2.221952,3.10051,-1.693581,3.325876,-1.090675,3.343565,-0.415982,3.160362,0.315165,2.810599,1.072018,2.373771,1.78908,1.929101,2.424148,1.539437,2.915068,1.228921,3.22973,0.981449,3.357633,0.750137,3.307538,0.479829,3.117346,0.175069,2.839994,-0.144926,2.524495,-0.451168,2.210255,-0.695829,1.892489,-0.851077,1.624355,-0.897898,1.421281,-0.865838,1.256263,-0.79901,1.098717,-0.737486,0.934667,-0.71424,0.740517,-0.7208,0.524907,-0.761487,0.308741,-0.80375,0.121015,-0.802025,-0.021069,-0.743787,-0.115208,-0.649216,-0.173205,-0.547091,-0.209912,-0.457706,-0.238237,-0.380678,-0.270289,-0.299933,-0.303494,-0.197042,-0.306913,-0.085891,-0.25474,0.009783,-0.162477,0.075407,-0.064772,0.110897,0.020618,0.122824,0.082826,0.119629,0.104431
0,0.066515,0.24997,0.020458,0.22814,-0.019517,0.183466,-0.04796,0.13106,-0.06766,0.08687,-0.078845,0.065397,-0.083875,0.073766,-0.082509,0.111018,-0.081554,0.17054,-0.080214,0.239147,-0.08864,0.313576,-0.120506,0.39835,-0.202189,0.481601,-0.356544,0.546956,-0.583805,0.572672,-0.863544,0.531651,-1.162936,0.41086,-1.434304,0.193779,-1.633737,-0.101471,-1.741755,-0.457489,-1.767629,-0.860808,-1.727037,-1.326632,-1.636718,-1.880792,-1.501811,-2.530477,-1.334905,-3.217261,-1.115799,-3.896393,-0.803333,-4.418191,-0.333503,-4.685665,0.281285,-4.647913,1.058694,-4.286436,1.962664,-3.65382,2.86028,-2.773808,3.589562,-1.657136,4.015808,-0.44376,4.10544,0.683107,3.853463,1.60317,3.299007,2.307848,2.582325,2.835116,1.875128,3.17607,1.305207,3.327477,0.951049,3.363987,0.776778,3.299451,0.66163,3.136505,0.483403,2.906514,0.159941,2.61717,-0.331696,2.300994,-0.943077,1.956773,-1.597602,1.592017,-2.208797,1.248757,-2.725081,0.891293,-3.094621,0.478828,-3.304013,-0.001695,-3.336403,-0.539192,-3.193669,-1.078033,-2.925302,-1.616078,-2.583297,-2.219559,-2.191975,-2.958271,-1.783095,-3.710637,-1.358379,-4.317469,-0.89536,-4.696497,-0.394404,-4.788855,0.180943,-4.524924,0.868978,-3.924794,1.608215,-3.009662,2.282212,-1.861673,2.793852,-0.580872,3.11002,0.709271,3.242013,1.831212,3.191657,2.691861,2.96464,3.260896,2.603825,3.53768,2.145241,3.597825,1.624261,3.519174,1.09266,3.334511,0.596336,3.091102,0.148638,2.804116,-0.260925,2.467536,-0.63483,2.095419,-0.965837,1.707736,-1.243832,1.308911,-1.46628,0.948703,-1.624057,0.665029,-1.712803,0.42971,-1.710985,0.237416,-1.616769,0.087592,-1.451649,-0.02176,-1.242681,-0.084328,-1.011127,-0.109066,-0.774486,-0.092058,-0.552117,-0.051593,-0.362067,0.003359,-0.219135,0.055484,-0.114373,0.085377,-0.0448,0.094332,-0.002201,0.09365,0.015693,0.086252,0.014198,0.073014,0.002547,0.056587,-0.006811,0.029494,-0.008381,-0.004757
0,0.025725,0.136622,0.038023,0.134852,0.044059,0.125881,0.037001,0.12875,0.020441,0.146048,-0.002909,0.168546,-0.03002,0.191765,-0.057005,0.215018,-0.090642,0.22741,-0.135134,0.225024,-0.211787,0.206146,-0.336995,0.171314,-0.523716,0.109971,-0.763648,0.009341,-1.033954,-0.12815,-1.283108,-0.290191,-1.481233,-0.487259,-1.614618,-0.745182,-1.680791,-1.070166,-1.696013,-1.457083,-1.670263,-1.949814,-1.592395,-2.552469,-1.438779,-3.221291,-1.213648,-3.871614,-0.93285,-4.364789,-0.561225,-4.610935,-0.052679,-4.585476,0.618367,-4.285879,1.415787,-3.745239,2.198734,-2.968704,2.841985,-1.927947,3.311787,-0.695304,3.581319,0.551279,3.634518,1.6602,3.467235,2.555921,3.136676,3.212038,2.703919,3.611866,2.203871,3.760442,1.660887,3.729975,1.11807,3.57678,0.620594,3.337188,0.156026,3.063214,-0.325029,2.748344,-0.842521,2.370443,-1.356419,1.964148,-1.841374,1.569102,-2.288465,1.172016,-2.646145,0.776306,-2.892404,0.366738,-3.036059,-0.050653,-3.075666,-0.447522,-2.994538,-0.818729,-2.796575,-1.144856,-2.507854,-1.435258,-2.153277,-1.752721,-1.760448,-2.138262,-1.356641,-2.583246,-0.962258,-3.061067,-0.582174,-3.487179,-0.187495,-3.850265,0.268846,-4.04985,0.834436,-4.01154,1.435852,-3.680387,2.006241,-3.015409,2.502577,-2.089967,2.889433,-0.986717,3.114897,0.172583,3.153937,1.245625,3.000793,2.133456,2.698697,2.789827,2.297616,3.208155,1.843561,3.398798,1.386777,3.421361,0.971718,3.344461,0.620659,3.202249,0.313737,2.993169,0.029313,2.700937,-0.247233,2.295587,-0.516308,1.805327,-0.771061,1.289606,-1.000152,0.808381,-1.178608,0.429061,-1.281255,0.178625,-1.302793,0.057567,-1.257167,0.009133,-1.160342,-0.020557,-1.020945,-0.061743,-0.852893,-0.083666,-0.683709,-0.075541,-0.524183,-0.022833,-0.386949,0.065461,-0.267918,0.154307,-0.152592,0.213327,-0.049412,0.222441,0.030919,0.183408,0.079524,0.114404,0.087725,0.035777,0.060736,-0.024546,0.007205,-0.059968,-0.057253,-0.070157
0,-0.198444,0.14962,-0.307556,0.14877,-0.415725,0.127134,-0.51729,0.090606,-0.611733,0.042673,-0.718903,-0.03325,-0.851161,-0.121386,-1.011607,-0.221373,-1.185936,-0.354183,-1.346539,-0.534974,-1.473105,-0.791598,-1.553669,-1.140418,-1.592672,-1.557399,-1.580262,-2.059166,-1.50735,-2.633816,-1.371807,-3.225129,-1.168153,-3.725684,-0.892603,-4.079845,-0.513212,-4.318161,-0.028929,-4.402894,0.582373,-4.332876,1.28862,-4.102844,1.976559,-3.655804,2.562173,-2.957399,3.003675,-2.017724,3.285663,-0.905674,3.411526,0.215619,3.397079,1.216631,3.266105,2.037161,3.045647,2.70227,2.738311,3.244025,2.340012,3.63669,1.861333,3.873064,1.352155,3.956449,0.855707,3.90172,0.384863,3.729464,-0.093171,3.484476,-0.603852,3.205161,-1.14762,2.903931,-1.682494,2.599916,-2.168252,2.286147,-2.570579,1.943974,-2.875562,1.530955,-3.074889,1.063347,-3.16709,0.579722,-3.17639,0.110228,-3.144434,-0.334326,-3.073853,-0.738543,-2.94427,-1.078109,-2.743263,-1.364531,-2.465697,-1.646619,-2.128335,-1.97418,-1.749572,-2.434704,-1.338784,-2.979517,-0.903697,-3.517341,-0.44948,-3.971033,0.062072,-4.27799,0.652906,-4.383112,1.296559,-4.273197,1.915156,-3.944434,2.437159,-3.400735,2.836876,-2.63301,3.096859,-1.660923,3.218054,-0.554543,3.222584,0.578188,3.11952,1.660626,2.913966,2.595832,2.607787,3.295389,2.226263,3.72124,1.797306,3.916089,1.37365,3.956431,0.991208,3.862139,0.637983,3.634858,0.295507,3.337936,-0.060169,3.020601,-0.442359,2.660801,-0.830741,2.230543,-1.176865,1.77012,-1.448571,1.314942,-1.631242,0.896062,-1.722638,0.531839,-1.727355,0.235897,-1.658506,0.014949,-1.5431,-0.146514,-1.407798,-0.246761,-1.258288,-0.293816,-1.098805,-0.314797,-0.935646,-0.31358,-0.757758,-0.281637,-0.570289,-0.216753,-0.38581,-0.129728,-0.2311,-0.043154,-0.122467,0.026035,-0.077005,0.067554,-0.080614,0.075193,-0.10908,0.057746,-0.15022,0.019605,-0.194655,-0.025379,-0.225252,-0.064003,-0.240418,-0.079961
0,-0.015972,0.050769,-0.027151,0.057104,-0.02996,0.068504,-0.026407,0.09106,-0.020442,0.120046,-0.01638,0.155085,-0.048732,0.189065,-0.150631,0.218068,-0.328499,0.220708,-0.567138,0.182185,-0.840623,0.074649,-1.117092,-0.091573,-1.356899,-0.300922,-1.533198,-0.52214,-1.629235,-0.739226,-1.647081,-0.95199,-1.587867,-1.201665,-1.466295,-1.514215,-1.317573,-1.964905,-1.149711,-2.570559,-0.938316,-3.246177,-0.679286,-3.898424,-0.331293,-4.419464,0.160363,-4.712769,0.845017,-4.749429,1.656413,-4.473145,2.466097,-3.824489,3.153321,-2.82982,3.633905,-1.59652,3.882797,-0.262767,3.908415,0.991826,3.734338,2.005489,3.409764,2.735272,2.988953,3.210262,2.528453,3.482394,2.041313,3.586556,1.547963,3.567349,1.068676,3.468087,0.60484,3.351741,0.150393,3.234889,-0.304807,3.096488,-0.782966,2.938574,-1.292056,2.744057,-1.810396,2.493676,-2.297274,2.183894,-2.721685,1.732749,-3.043151,1.145786,-3.238782,0.494868,-3.33701,-0.194086,-3.352416,-0.86649,-3.274676,-1.478946,-3.115374,-2.024162,-2.888602,-2.510536,-2.591051,-3.009448,-2.207912,-3.529054,-1.741377,-4.02674,-1.218379,-4.392802,-0.619847,-4.548617,0.044774,-4.43203,0.765455,-4.0182,1.498491,-3.395813,2.193347,-2.621216,2.830027,-1.68282,3.357696,-0.616399,3.699732,0.519733,3.814874,1.583052,3.708974,2.455274,3.426615,3.110904,2.992734,3.545484,2.439138,3.730852,1.836921,3.729092,1.245763,3.630178,0.719793,3.493633,0.284186,3.344967,-0.080896,3.128783,-0.450732,2.750677,-0.823789,2.261111,-1.149568,1.728044,-1.404047,1.175602,-1.579006,0.667374,-1.679995,0.267882,-1.71472,-0.003663,-1.687978,-0.169608,-1.60078,-0.264033,-1.473079,-0.298078,-1.321265,-0.289608,-1.151401,-0.250919,-0.971141,-0.187827,-0.780528,-0.099486,-0.584572,0.002444,-0.399373,0.085718,-0.229513,0.133474,-0.089708,0.13348,0.007962,0.103104,0.045686,0.055769,0.033315,0.01428,-0.014443,-0.013199,-0.073816,-0.03053,-0.116569,-0.040696,-0.127867,-0.034663
0,0.116042,0.111019,0.107136,0.072722,0.085162,0.05516,0.065786,0.069337,0.053332,0.115823,0.047591,0.175185,0.052436,0.223164,0.062727,0.250378,0.073721,0.244296,0.071292,0.211528,0.059505,0.167803,0.03434,0.13402,0.000806,0.128081,-0.039563,0.162025,-0.076996,0.236214,-0.13182,0.327295,-0.210251,0.418253,-0.311204,0.493076,-0.425209,0.536852,-0.541984,0.54285,-0.663171,0.505406,-0.812761,0.418207,-1.016421,0.269598,-1.269962,0.060863,-1.544594,-0.226143,-1.814465,-0.596821,-2.058515,-1.05975,-2.245378,-1.656558,-2.294804,-2.388438,-2.13797,-3.186103,-1.714392,-3.954483,-1.072809,-4.53128,-0.307672,-4.828198,0.482656,-4.843738,1.242474,-4.562378,1.956789,-3.996385,2.648847,-3.280678,3.328981,-2.523193,3.942677,-1.715722,4.352354,-0.713701,4.445094,0.46481,4.154246,1.688311,3.511267,2.777114,2.612936,3.645122,1.601608,4.267159,0.65389,4.638786,-0.109312,4.762155,-0.676188,4.617685,-1.083968,4.235179,-1.400273,3.678831,-1.706882,3.021771,-2.039629,2.265266,-2.40347,1.428101,-2.751919,0.55352,-3.043549,-0.328619,-3.25588,-1.1868,-3.35365,-2.020168,-3.312794,-2.825143,-3.102603,-3.615806,-2.704716,-4.340886,-2.134697,-4.886249,-1.452548,-5.130432,-0.724727,-5.035613,-0.002818,-4.599345,0.692373,-3.878329,1.374595,-2.952521,2.032924,-1.891326,2.606906,-0.761453,3.01531,0.33147,3.167735,1.274499,3.054562,2.034781,2.7187,2.637443,2.231531,3.084752,1.668576,3.360397,1.099646,3.457622,0.584592,3.376144,0.15599,3.112912,-0.182349,2.714151,-0.436006,2.247393,-0.613778,1.793452,-0.721948,1.39372,-0.780017,1.045469,-0.787249,0.764755,-0.743843,0.571014,-0.662301,0.479663,-0.558238,0.468135,-0.454934,0.502205,-0.35081,0.532758,-0.258905,0.540852,-0.188556,0.505445,-0.143837,0.425144,-0.121725,0.308753,-0.113865,0.17153,-0.118527,0.035931,-0.140992,-0.069567,-0.17774,-0.128971,-0.223685,-0.144177,-0.269253,-0.12305,-0.309734,-0.096656,-0.3351,-0.075263
0,-0.066117,0.063223,-0.106599,0.060799,-0.122833,0.059093,-0.103393,0.057213,-0.061995,0.05662,-0.010524,0.052431,0.032651,0.03888,0.052946,0.027129,0.054312,0.026339,0.037542,0.03789,0.012208,0.044728,-0.014609,0.037845,-0.034826,0.016284,-0.044859,-0.002194,-0.049418,-0.016785,-0.049862,-0.019061,-0.05449,-0.007008,-0.064507,0.012363,-0.077974,0.036273,-0.101278,0.056328,-0.152293,0.065315,-0.227992,0.051901,-0.322254,0.017857,-0.435443,-0.023921,-0.553838,-0.074482,-0.684931,-0.122761,-0.841868,-0.169547,-1.045699,-0.230332,-1.292045,-0.342515,-1.540238,-0.559043,-1.767121,-0.925925,-1.971498,-1.470654,-2.092718,-2.239808,-2.04798,-3.254293,-1.773819,-4.3298,-1.208915,-5.184716,-0.390348,-5.56772,0.65339,-5.42981,1.815613,-4.841077,2.889978,-3.902366,3.751321,-2.683843,4.275784,-1.290213,4.353289,0.18874,3.962263,1.630559,3.250438,2.894911,2.441566,3.850559,1.66797,4.480416,0.991658,4.84997,0.448843,4.984385,0.018121,4.848063,-0.366268,4.429843,-0.776158,3.751885,-1.260509,2.85141,-1.808119,1.776347,-2.345088,0.635362,-2.823343,-0.479788,-3.231242,-1.517792,-3.528096,-2.501985,-3.674213,-3.463346,-3.608111,-4.407111,-3.232259,-5.230111,-2.505023,-5.752515,-1.467553,-5.851055,-0.256028,-5.438122,1.025811,-4.617478,2.261745,-3.549373,3.309428,-2.282559,4.039437,-0.949504,4.353576,0.269038,4.270973,1.265494,3.891199,2.079343,3.344683,2.760539,2.736737,3.317646,2.146064,3.690576,1.584254,3.832138,1.067755,3.703492,0.611989,3.338753,0.221538,2.837842,-0.121014,2.300026,-0.443499,1.820551,-0.775704,1.442,-1.083048,1.166776,-1.308775,0.980506,-1.404654,0.865854,-1.372555,0.790636,-1.255731,0.705514,-1.085808,0.585187,-0.889813,0.451405,-0.700911,0.336739,-0.537341,0.252366,-0.403841,0.20556,-0.305667,0.194511,-0.244184,0.203761,-0.217806,0.218056,-0.225706,0.219872,-0.259616,0.202724,-0.299757,0.171101,-0.325125,0.135275,-0.330698,0.103866,-0.310262,0.090468
0,-0.014014,0.043887,-0.037246,0.029572,-0.048616,0.004532,-0.044711,-0.02077,-0.032192,-0.029164,-0.014634,-0.019183,0.005639,0.004378,0.027373,0.031488,0.052273,0.053756,0.072411,0.067411,0.074392,0.068761,0.05729,0.056665,0.034479,0.040277,0.016462,0.027022,0.007917,0.026449,0.007636,0.039384,0.009925,0.056052,0.019497,0.068676,0.03779,0.075343,0.07579,0.086734,0.124507,0.110749,0.155702,0.15404,0.14173,0.208493,0.072014,0.268045,-0.04207,0.316786,-0.21373,0.336254,-0.454169,0.316999,-0.744208,0.239036,-1.040363,0.089387,-1.308413,-0.138095,-1.520334,-0.458157,-1.653277,-0.893108,-1.714174,-1.4639,-1.709473,-2.174773,-1.611845,-2.969791,-1.383325,-3.740127,-1.099366,-4.361984,-0.768243,-4.796896,-0.322029,-5.049693,0.372236,-5.072412,1.399178,-4.717642,2.587738,-3.974947,3.671003,-2.993971,4.395139,-1.817506,4.655147,-0.470071,4.451486,0.893688,3.893738,2.129098,3.150489,3.164859,2.351818,3.971913,1.549521,4.558344,0.797883,4.899484,0.135515,4.943801,-0.445128,4.695845,-0.981862,4.1858,-1.546571,3.442861,-2.162697,2.495846,-2.78832,1.37148,-3.355695,0.142656,-3.826064,-1.091886,-4.106687,-2.3033,-4.107686,-3.411123,-3.763619,-4.311904,-3.08716,-4.999447,-2.13051,-5.469417,-0.977936,-5.642444,0.249137,-5.457792,1.401442,-4.843916,2.436018,-3.76806,3.30285,-2.318061,3.89383,-0.739391,4.093906,0.703856,3.91568,1.8588,3.472626,2.74315,2.891204,3.421436,2.265377,3.894644,1.659929,4.134953,1.103222,4.111974,0.608721,3.810877,0.179414,3.290708,-0.205291,2.679453,-0.574858,2.088279,-0.945782,1.585304,-1.281151,1.181151,-1.522925,0.885116,-1.64146,0.685852,-1.638349,0.565076,-1.522313,0.504163,-1.301494,0.478918,-0.999412,0.454825,-0.671115,0.419033,-0.371867,0.379466,-0.144356,0.34754,0.00141,0.320795,0.060588,0.284146,0.043052,0.239676,-0.025657,0.190076,-0.119203,0.140179,-0.206642,0.092554,-0.268534,0.052961,-0.29721,0.03242
0,-0.026034,-0.032394,-0.042691,-0.035803,-0.056868,-0.030055,-0.060657,-0.016774,-0.058219,-0.00222,-0.037717,0.019331,0.001187,0.056782,0.04576,0.104077,0.078693,0.145504,0.087937,0.171014,0.078065,0.173113,0.055339,0.162993,0.030221,0.148151,0.008018,0.129592,-0.008412,0.114401,-0.016107,0.104207,-0.020636,0.105487,-0.01835,0.115696,0.001401,0.141295,0.042847,0.188614,0.090289,0.244696,0.119908,0.305603,0.120963,0.372401,0.075717,0.444122,-0.034203,0.507612,-0.215428,0.546379,-0.450416,0.553016,-0.704993,0.512387,-0.936452,0.400178,-1.167276,0.212466,-1.424011,-0.051979,-1.699478,-0.404563,-1.987814,-0.861336,-2.28301,-1.446871,-2.537812,-2.179273,-2.663337,-3.028888,-2.545561,-3.874296,-2.146606,-4.552036,-1.554392,-5.00648,-0.823308,-5.231025,0.08287,-5.176674,1.120557,-4.742651,2.197362,-3.911656,3.161731,-2.759626,3.876446,-1.402199,4.286015,0.005236,4.423669,1.323731,4.347943,2.540807,4.081545,3.657232,3.627002,4.590656,3.005674,5.284877,2.260484,5.695133,1.446512,5.776063,0.590665,5.479763,-0.322022,4.797584,-1.251633,3.764857,-2.165227,2.446502,-3.044783,0.947293,-3.834253,-0.585989,-4.506223,-1.951947,-5.054805,-3.089332,-5.485367,-4.098942,-5.68897,-5.08275,-5.276883,-6.019798,-4.021262,-6.593695,-2.038565,-6.608841,0.237133,-6.141428,2.255648,-5.338933,3.722033,-4.251987,4.64771,-2.842074,5.118032,-1.2052,5.162228,0.436121,4.831832,1.847452,4.21907,2.967594,3.407678,3.902343,2.504978,4.698905,1.609185,5.335284,0.780721,5.73947,0.072088,5.813927,-0.501992,5.513559,-0.941699,4.867262,-1.340486,3.98526,-1.73615,2.969924,-2.015735,1.959831,-2.098804,1.112554,-1.994923,0.520809,-1.747776,0.180409,-1.410396,0.038054,-1.033921,0.012951,-0.686666,0.027204,-0.42667,0.03469,-0.254441,0.034191,-0.135678,0.028064,-0.051414,0.0142,0.01109,-0.000687,0.052881,-0.020386,0.068744,-0.050508,0.052176,-0.100293,0.004555,-0.160859,-0.053994,-0.206854
0,-0.052657,0.077014,-0.106978,0.021109,-0.170478,-0.019598,-0.236956,-0.043483,-0.303448,-0.06277,-0.363333,-0.09127,-0.420833,-0.134305,-0.487398,-0.194599,-0.57908,-0.274367,-0.700712,-0.358827,-0.849633,-0.446351,-1.008186,-0.575224,-1.148717,-0.799941,-1.253588,-1.159141,-1.274832,-1.671958,-1.183219,-2.304288,-0.9971,-2.977278,-0.768026,-3.611312,-0.5093,-4.137176,-0.167357,-4.530951,0.251452,-4.794176,0.720566,-4.933427,1.234047,-4.865518,1.8308,-4.465514,2.482022,-3.707774,3.118916,-2.694973,3.667122,-1.546176,4.04902,-0.349533,4.184927,0.837354,4.016916,1.960435,3.546284,2.955635,2.842083,3.73597,2.029737,4.229242,1.231387,4.446041,0.526053,4.419443,-0.078745,4.201711,-0.574989,3.845938,-0.964114,3.39515,-1.293867,2.909367,-1.621802,2.433818,-1.949427,1.965305,-2.250895,1.508141,-2.491529,1.07953,-2.642338,0.673305,-2.695241,0.274267,-2.676628,-0.123851,-2.614706,-0.558693,-2.527659,-1.050052,-2.409612,-1.552586,-2.240779,-2.065573,-2.020545,-2.587441,-1.747357,-3.091221,-1.424537,-3.511189,-1.084056,-3.766363,-0.762159,-3.84654,-0.429044,-3.765625,-0.046146,-3.5552,0.386821,-3.258173,0.840175,-2.931484,1.317377,-2.613828,1.802805,-2.248752,2.238242,-1.752329,2.588796,-1.087275,2.856098,-0.331107,3.036857,0.412389,3.090859,1.103616,2.987614,1.762488,2.723372,2.350151,2.326912,2.802609,1.848446,3.111359,1.344767,3.281386,0.851188,3.302398,0.395205,3.195214,0.009775,2.992165,-0.313696,2.724081,-0.563533,2.421813,-0.748232,2.097622,-0.890192,1.754577,-1.003545,1.410885,-1.075526,1.084767,-1.075247,0.800104,-1.029707,0.55989,-0.964969,0.382599,-0.888876,0.279289,-0.809105,0.224814,-0.730231,0.199265,-0.662382,0.179035,-0.600178,0.13874,-0.549206,0.069117,-0.504191,-0.022523,-0.455545,-0.112967,-0.395928,-0.160708,-0.323705,-0.150433,-0.244564,-0.107559,-0.168464,-0.053868,-0.107427,0.001952,-0.066252,0.049341,-0.041213,0.086963,-0.032094,0.110385,-0.033579,0.107778
0,-0.430282,0.244119,-0.571686,0.260881,-0.736131,0.289928,-0.934797,0.302967,-1.157122,0.276258,-1.37843,0.173373,-1.578753,-0.01987,-1.738626,-0.299705,-1.837585,-0.660903,-1.867961,-1.094651,-1.836459,-1.592192,-1.724814,-2.159628,-1.483444,-2.761123,-1.107015,-3.337507,-0.643768,-3.811932,-0.142268,-4.12534,0.363093,-4.273354,0.837152,-4.216542,1.256232,-3.931628,1.610949,-3.43077,1.908881,-2.770383,2.16672,-2.042289,2.415377,-1.323545,2.674729,-0.644141,2.920201,-0.025098,3.084672,0.55665,3.114995,1.128957,3.000947,1.675294,2.756073,2.159311,2.405551,2.558384,1.978045,2.86701,1.499508,3.091676,1.000171,3.226158,0.521282,3.248986,0.091998,3.156582,-0.273597,2.968795,-0.578145,2.716558,-0.818362,2.443988,-1.009811,2.183495,-1.179721,1.939513,-1.355509,1.692271,-1.555313,1.438677,-1.745596,1.186041,-1.888774,0.947714,-1.978613,0.739063,-2.004268,0.55407,-1.969017,0.370627,-1.880805,0.163812,-1.768391,-0.086679,-1.66202,-0.38893,-1.583067,-0.737581,-1.545011,-1.106755,-1.515366,-1.502139,-1.469398,-1.90921,-1.368269,-2.34216,-1.184541,-2.784993,-0.929927,-3.228501,-0.623089,-3.64836,-0.294636,-3.977264,0.037594,-4.158936,0.375229,-4.147712,0.738144,-3.903838,1.149477,-3.449456,1.654404,-2.864785,2.269794,-2.214985,2.942764,-1.519412,3.563478,-0.753171,3.998231,0.049318,4.159074,0.84544,4.017011,1.611828,3.62216,2.331618,3.035051,2.962782,2.340728,3.465606,1.624901,3.78364,0.951424,3.896556,0.35093,3.791056,-0.163571,3.483565,-0.598787,3.020691,-0.955333,2.48498,-1.237808,1.952461,-1.479208,1.494698,-1.685508,1.152987,-1.819314,0.916715,-1.839029,0.75543,-1.722794,0.637811,-1.493952,0.539811,-1.203559,0.448971,-0.908248,0.363952,-0.662671,0.284065,-0.500633,0.217012,-0.428273,0.155734,-0.41554,0.092465,-0.433496,0.020398,-0.450761,-0.050047,-0.457783,-0.102555,-0.449208,-0.122667,-0.402156,-0.112763,-0.309637,-0.090932,-0.196513,-0.070014,-0.087849,-0.055706
0,0.022467,0.098992,-0.013348,0.088245,-0.035335,0.090475,-0.047496,0.104561,-0.052824,0.129649,-0.064053,0.156287,-0.077114,0.174603,-0.084898,0.178954,-0.083756,0.168208,-0.081163,0.152332,-0.088898,0.141134,-0.112091,0.133055,-0.149708,0.117239,-0.2143,0.08452,-0.323544,0.031691,-0.497895,-0.063887,-0.74347,-0.221902,-1.055393,-0.430655,-1.396395,-0.666431,-1.710221,-0.931239,-1.953081,-1.233925,-2.103764,-1.580535,-2.16865,-1.961728,-2.129107,-2.388041,-1.991257,-2.812628,-1.733291,-3.209185,-1.278781,-3.548369,-0.561375,-3.796068,0.415347,-3.92067,1.474231,-3.817443,2.43674,-3.410272,3.227054,-2.738235,3.796424,-1.895033,4.130486,-1.018227,4.239323,-0.195402,4.123445,0.561679,3.784545,1.29132,3.260065,2.006354,2.619779,2.655109,1.935057,3.188447,1.281763,3.610684,0.701271,3.935507,0.203859,4.147054,-0.220352,4.22112,-0.591946,4.125069,-0.912949,3.848307,-1.18007,3.397163,-1.411466,2.810433,-1.645504,2.119456,-1.904497,1.361447,-2.181677,0.582237,-2.473846,-0.17131,-2.747787,-0.898984,-2.961342,-1.601986,-3.065745,-2.297153,-3.011093,-3.003314,-2.760421,-3.699443,-2.306674,-4.282921,-1.671581,-4.64582,-0.898734,-4.704011,-0.047795,-4.464067,0.795519,-4.002325,1.568741,-3.414778,2.247209,-2.747432,2.80369,-2.03536,3.224115,-1.333393,3.499024,-0.669701,3.622186,-0.064944,3.589672,0.461434,3.386066,0.919889,3.010814,1.354848,2.485541,1.797464,1.872229,2.234759,1.239476,2.623739,0.639764,2.934618,0.132357,3.154869,-0.248647,3.273948,-0.537362,3.295027,-0.767483,3.21039,-0.973863,3.000355,-1.182772,2.678793,-1.376749,2.271968,-1.523288,1.826478,-1.599307,1.386991,-1.601502,0.976903,-1.529649,0.621881,-1.385077,0.330995,-1.169062,0.105973,-0.907509,-0.056526,-0.654536,-0.168458,-0.448596,-0.241107,-0.299408,-0.274704,-0.210951,-0.279358,-0.178451,-0.268393,-0.179264,-0.254693,-0.19265,-0.246651,-0.188187,-0.24255,-0.153106,-0.225072,-0.10216,-0.189578,-0.049101,-0.150719
0,-0.262185,0.178418,-0.353711,0.133612,-0.430762,0.063198,-0.473849,-0.027736,-0.483682,-0.139249,-0.469051,-0.271251,-0.463057,-0.430235,-0.495215,-0.611085,-0.585219,-0.814717,-0.725324,-1.039669,-0.909619,-1.301074,-1.104158,-1.613169,-1.292922,-1.95462,-1.44953,-2.334715,-1.516286,-2.773933,-1.411766,-3.245978,-1.074162,-3.715086,-0.514251,-4.147542,0.228889,-4.460294,1.095716,-4.478747,2.046492,-4.077603,3.035583,-3.290051,3.894083,-2.246657,4.492691,-1.121122,4.783225,-0.060975,4.788404,0.861538,4.541689,1.648472,4.056554,2.356034,3.404208,2.970685,2.657239,3.479643,1.872615,3.864041,1.096356,4.116446,0.379491,4.220778,-0.231407,4.185069,-0.729479,4.017857,-1.129282,3.738133,-1.449376,3.380638,-1.707252,2.979929,-1.913144,2.545544,-2.058732,2.086392,-2.100597,1.665496,-2.016538,1.320323,-1.844772,1.024925,-1.637291,0.752012,-1.427422,0.50536,-1.243965,0.286251,-1.115812,0.086153,-1.049017,-0.109054,-1.036413,-0.299687,-1.04993,-0.485863,-1.071268,-0.674485,-1.092459,-0.875109,-1.108335,-1.101063,-1.10929,-1.346648,-1.080766,-1.601259,-1.021992,-1.859677,-0.945452,-2.11536,-0.864896,-2.363457,-0.779115,-2.605518,-0.65274,-2.84526,-0.466104,-3.054526,-0.238374,-3.196941,0.023706,-3.262329,0.344419,-3.246079,0.783571,-3.141857,1.355329,-2.947672,2.04313,-2.684975,2.812395,-2.332811,3.551455,-1.858372,4.163112,-1.197671,4.542162,-0.284433,4.588943,0.837954,4.260566,2.02503,3.579785,3.105228,2.630479,3.940158,1.547309,4.440984,0.448887,4.573451,-0.548389,4.352689,-1.359705,3.867033,-1.978605,3.216185,-2.452893,2.515656,-2.756067,1.850555,-2.846771,1.293299,-2.693561,0.89605,-2.351583,0.635927,-1.901311,0.473376,-1.420561,0.36271,-0.994411,0.282162,-0.68718,0.222483,-0.506955,0.189038,-0.403734,0.167605,-0.318641,0.138245,-0.236933,0.099526,-0.181216,0.044222,-0.151627,-0.028008,-0.128181,-0.09792,-0.106445,-0.14629,-0.085957,-0.170749,-0.056174,-0.163222,-0.019016,-0.123719
0,-0.172634,-0.011801,-0.208096,-0.026735,-0.244964,-0.040743,-0.286985,-0.056288,-0.326673,-0.072401,-0.361639,-0.0937,-0.39569,-0.122487,-0.432586,-0.161115,-0.484645,-0.204538,-0.564822,-0.257534,-0.67301,-0.328578,-0.801843,-0.428953,-0.9432,-0.577905,-1.083278,-0.78959,-1.198678,-1.077823,-1.237418,-1.43787,-1.142479,-1.889856,-0.913257,-2.451565,-0.542558,-3.118181,-0.095158,-3.87113,0.363786,-4.585553,0.781598,-5.039195,1.195003,-5.104004,1.662641,-4.798662,2.184499,-4.219173,2.73412,-3.400839,3.237532,-2.362651,3.600111,-1.171884,3.724581,0.074514,3.57937,1.263414,3.20256,2.286212,2.67494,3.094603,2.099468,3.652373,1.551478,3.944026,1.054394,4.012129,0.612884,3.921894,0.221847,3.73833,-0.127919,3.503717,-0.458851,3.212055,-0.794975,2.879333,-1.156908,2.528853,-1.523037,2.176761,-1.852662,1.812755,-2.121436,1.414503,-2.286988,0.973666,-2.333315,0.50468,-2.278513,0.05494,-2.154762,-0.322992,-2.008325,-0.596039,-1.851978,-0.774509,-1.727469,-0.927145,-1.677529,-1.150111,-1.702484,-1.439978,-1.779594,-1.752148,-1.825403,-2.044586,-1.737269,-2.282125,-1.458168,-2.453725,-0.999214,-2.589088,-0.431241,-2.728427,0.132575,-2.903781,0.626383,-3.095562,1.02789,-3.263051,1.341751,-3.368418,1.587521,-3.331992,1.80894,-3.093614,2.066479,-2.657487,2.437018,-2.066829,2.90429,-1.356702,3.343699,-0.541739,3.609149,0.326809,3.613367,1.197264,3.355783,2.046017,2.883755,2.83593,2.256828,3.529135,1.541784,4.074322,0.808381,4.415183,0.123108,4.515666,-0.464887,4.369202,-0.939842,3.999351,-1.299794,3.441943,-1.575536,2.750329,-1.78901,1.990603,-1.920082,1.270546,-1.954597,0.679674,-1.865671,0.271277,-1.669295,0.052122,-1.391076,-0.027234,-1.088132,-0.024264,-0.79964,0.00982,-0.563477,0.039835,-0.416065,0.058403,-0.373904,0.045225,-0.398841,0.00177,-0.433575,-0.039532,-0.427345,-0.061714,-0.360531,-0.044257,-0.24855,0.008654,-0.133491,0.07455,-0.064636,0.130727,-0.059708,0.153696
0,0.044559,0.050815,0.073554,0.042089,0.089559,0.031284,0.093248,0.022312,0.07439,0.031765,0.040939,0.062818,0.009366,0.092364,-0.008178,0.104689,-0.022044,0.102459,-0.040641,0.094917,-0.064984,0.093163,-0.095468,0.09247,-0.130682,0.098015,-0.170829,0.10741,-0.200288,0.11882,-0.214837,0.130517,-0.219227,0.137179,-0.234193,0.132879,-0.262391,0.115561,-0.301441,0.07611,-0.36134,-0.001619,-0.450391,-0.117713,-0.559996,-0.258231,-0.661664,-0.404306,-0.731853,-0.560607,-0.747216,-0.743172,-0.691177,-0.978595,-0.551075,-1.272851,-0.347599,-1.602558,-0.082693,-1.928084,0.260212,-2.214721,0.681767,-2.432646,1.180616,-2.587158,1.755513,-2.653594,2.364422,-2.580825,2.908529,-2.325661,3.312139,-1.88329,3.538216,-1.171091,3.59689,-0.136868,3.485108,1.09252,3.188169,2.30484,2.711121,3.325806,2.067756,4.088398,1.286665,4.589919,0.454824,4.838466,-0.340002,4.785028,-1.053939,4.391301,-1.657733,3.699211,-2.165152,2.825735,-2.62671,1.91423,-3.081753,1.053175,-3.51079,0.29072,-3.873526,-0.396143,-4.09216,-1.040142,-4.062109,-1.666461,-3.718436,-2.256625,-3.074951,-2.813041,-2.18591,-3.364385,-1.168497,-3.855838,-0.179035,-4.130879,0.667697,-4.168533,1.359057,-4.04235,1.947429,-3.815549,2.486629,-3.434226,3.005253,-2.81371,3.449435,-1.959069,3.730922,-1.014601,3.773615,-0.057601,3.603755,0.857788,3.257932,1.713325,2.771015,2.5128,2.184729,3.236385,1.55324,3.843666,0.948305,4.294314,0.410508,4.534613,-0.053426,4.483454,-0.444779,4.10214,-0.794162,3.464893,-1.168348,2.739712,-1.584014,2.074517,-1.963586,1.545698,-2.209996,1.183312,-2.277681,0.945223,-2.1784,0.75886,-1.949618,0.563458,-1.622177,0.344651,-1.272934,0.128965,-0.97774,-0.034145,-0.764427,-0.13278,-0.606889,-0.181966,-0.484049,-0.209295,-0.393026,-0.23597,-0.336249,-0.279916,-0.31248,-0.3379,-0.301289,-0.396881,-0.279322,-0.425915,-0.231234,-0.406921,-0.14432,-0.342587,-0.037599,-0.250154,0.049311,-0.155795
0,-1.363565,-0.80032,-1.444263,-1.133359,-1.487617,-1.477508,-1.49398,-1.846648,-1.450068,-2.271897,-1.374809,-2.735927,-1.274286,-3.201671,-1.093456,-3.607262,-0.788072,-3.913111,-0.363759,-4.114628,0.133654,-4.209043,0.65993,-4.156354,1.223862,-3.893255,1.82154,-3.424179,2.479648,-2.79373,3.164301,-2.059717,3.772181,-1.255303,4.219826,-0.467364,4.436263,0.237563,4.395037,0.851877,4.087781,1.434806,3.555069,1.988292,2.8764,2.475877,2.132562,2.861026,1.389019,3.133057,0.683053,3.306801,0.029672,3.395431,-0.537959,3.398324,-1.01277,3.309499,-1.413556,3.153466,-1.770272,2.953636,-2.073539,2.725132,-2.292163,2.468661,-2.399003,2.189372,-2.383971,1.904938,-2.26099,1.630659,-2.070107,1.362474,-1.843569,1.094968,-1.617134,0.829121,-1.42653,0.570731,-1.307416,0.322251,-1.262174,0.079797,-1.269469,-0.171573,-1.298955,-0.432585,-1.320633,-0.701205,-1.304614,-0.986319,-1.225246,-1.310675,-1.090936,-1.679828,-0.93017,-2.081474,-0.77195,-2.487012,-0.623679,-2.864834,-0.47182,-3.202362,-0.308075,-3.451381,-0.129825,-3.57476,0.059096,-3.55543,0.263429,-3.402281,0.52894,-3.130438,0.912259,-2.740135,1.414443,-2.266207,1.986379,-1.744561,2.549168,-1.174622,3.031055,-0.561145,3.354026,0.099347,3.452076,0.78055,3.331869,1.449894,3.048592,2.055541,2.646796,2.570746,2.165691,2.969125,1.648757,3.201209,1.124206,3.218796,0.626274,3.04364,0.162839,2.723309,-0.272946,2.36183,-0.7047,2.049647,-1.109978,1.811695,-1.434185,1.638421,-1.649801,1.509626,-1.758994,1.39823,-1.765802,1.289315,-1.688511,1.178734,-1.553096,1.049837,-1.389165,0.889853,-1.24117,0.69924,-1.126456,0.505226,-1.037682,0.337453,-0.954132,0.220039,-0.857757,0.146141,-0.74395,0.085175,-0.621101,0.025522,-0.505546,-0.040458,-0.411323,-0.096622,-0.335285,-0.127067,-0.265067,-0.135907,-0.193711,-0.120654,-0.119884,-0.078516,-0.055117,-0.027479,-0.007493,0.013934,0.010631,0.042572,0.005622,0.046145,-0.009164,0.023312
0,-0.050142,0.883361,-0.102246,0.913821,-0.178621,0.923418,-0.293896,0.905541,-0.47642,0.846269,-0.740531,0.717008,-1.061781,0.495285,-1.420914,0.168934,-1.787299,-0.239489,-2.117524,-0.718765,-2.346519,-1.233368,-2.42993,-1.764956,-2.363806,-2.282253,-2.174923,-2.726069,-1.908146,-3.087841,-1.608516,-3.362332,-1.271232,-3.536086,-0.853083,-3.578638,-0.302411,-3.454932,0.397434,-3.187523,1.221679,-2.827353,2.088686,-2.433917,2.872818,-2.039181,3.472008,-1.624163,3.810456,-1.1827,3.896753,-0.717323,3.799963,-0.175177,3.598101,0.451541,3.319349,1.086294,2.984717,1.664265,2.595122,2.182153,2.153629,2.653169,1.68025,3.050983,1.19467,3.334271,0.716017,3.466041,0.26151,3.450183,-0.162147,3.310044,-0.554374,3.084145,-0.915696,2.801977,-1.268734,2.471429,-1.607167,2.106722,-1.933092,1.722912,-2.226663,1.327845,-2.481482,0.923216,-2.678787,0.511729,-2.781828,0.100216,-2.748878,-0.298222,-2.59252,-0.683626,-2.372492,-1.068798,-2.156803,-1.443421,-1.976922,-1.814192,-1.840425,-2.195769,-1.729492,-2.575531,-1.629577,-2.960385,-1.497325,-3.34451,-1.295478,-3.676988,-1.011311,-3.864644,-0.634469,-3.866484,-0.169829,-3.65331,0.410818,-3.253319,1.130863,-2.720504,1.932558,-2.156784,2.675004,-1.623071,3.218636,-1.092366,3.518901,-0.540218,3.593689,0.023505,3.488493,0.578585,3.251501,1.106154,2.906639,1.603466,2.483349,2.052899,2.033006,2.439375,1.595112,2.765018,1.184661,3.007607,0.806337,3.115997,0.46085,3.073075,0.133033,2.877583,-0.184781,2.563207,-0.503287,2.18874,-0.800583,1.80973,-1.03745,1.475788,-1.178753,1.207662,-1.227604,1.007211,-1.202413,0.866553,-1.121398,0.775406,-0.996323,0.727484,-0.834877,0.711372,-0.659379,0.703681,-0.502086,0.681871,-0.395464,0.626559,-0.341486,0.54462,-0.32264,0.438344,-0.313901,0.318913,-0.308135,0.19286,-0.297839,0.07663,-0.277936,-0.008165,-0.248,-0.058989,-0.209123,-0.083551,-0.165769,-0.086237,-0.125266,-0.065907,-0.091801,-0.027403
0,-1.193237,-0.695288,-1.426342,-0.973416,-1.621493,-1.285714,-1.738321,-1.669272,-1.779992,-2.121956,-1.774854,-2.606161,-1.723272,-3.090001,-1.618301,-3.525683,-1.469618,-3.882827,-1.269067,-4.14538,-0.999606,-4.254844,-0.653364,-4.20496,-0.228774,-4.019099,0.271174,-3.733776,0.855519,-3.420768,1.499279,-3.133793,2.158953,-2.897483,2.776714,-2.628243,3.294557,-2.179086,3.683745,-1.528221,3.909121,-0.758746,3.989255,0.049889,3.919816,0.836164,3.711643,1.562362,3.371781,2.241149,2.913708,2.864012,2.364383,3.427952,1.749013,3.901686,1.116812,4.254695,0.52115,4.456336,-0.010749,4.503368,-0.472033,4.413711,-0.858217,4.200138,-1.184725,3.896154,-1.457973,3.534366,-1.689404,3.120054,-1.888293,2.628575,-2.037667,2.043868,-2.115607,1.391432,-2.1195,0.707602,-2.072296,0.055152,-2.008181,-0.510478,-1.926222,-0.974259,-1.838442,-1.369743,-1.748777,-1.739314,-1.670019,-2.102767,-1.621076,-2.451442,-1.598709,-2.765507,-1.577034,-3.04653,-1.526474,-3.305118,-1.400595,-3.523872,-1.176683,-3.676922,-0.856267,-3.744513,-0.478843,-3.748352,-0.089111,-3.690669,0.311273,-3.53851,0.722282,-3.26619,1.142461,-2.83791,1.567942,-2.27139,1.989323,-1.637817,2.369192,-1.006556,2.678563,-0.390108,2.908348,0.19633,3.062535,0.729107,3.126238,1.196577,3.064039,1.626892,2.834648,2.046307,2.441293,2.433615,1.918381,2.757297,1.323906,2.996388,0.729412,3.127246,0.198077,3.12994,-0.259102,3.010481,-0.624648,2.803737,-0.915102,2.53046,-1.144727,2.218297,-1.312996,1.935033,-1.397883,1.726629,-1.383024,1.589815,-1.27344,1.492339,-1.093579,1.400649,-0.876846,1.289099,-0.67348,1.146344,-0.530955,0.968307,-0.46664,0.762681,-0.464611,0.553877,-0.499429,0.370815,-0.533169,0.233526,-0.533914,0.150103,-0.500143,0.103419,-0.436255,0.073149,-0.355801,0.03948,-0.282451,0.005335,-0.223476,-0.022058,-0.185871,-0.03301,-0.156747,-0.038846,-0.142031,-0.04846,-0.136831,-0.053517,-0.134651,-0.043832,-0.119597,-0.010257
0,-1.878997,-0.5951,-2.186584,-1.01296,-2.432111,-1.414989,-2.585526,-1.79248,-2.624314,-2.177641,-2.54761,-2.566438,-2.378764,-2.958357,-2.125975,-3.331803,-1.806658,-3.611835,-1.400651,-3.762383,-0.905093,-3.77979,-0.314878,-3.684785,0.357753,-3.5198,1.080054,-3.311242,1.838011,-3.070141,2.588615,-2.839998,3.261453,-2.649824,3.793372,-2.467367,4.17416,-2.258392,4.392151,-1.996413,4.455901,-1.631178,4.377673,-1.145084,4.202357,-0.552552,3.964406,0.101587,3.681184,0.81033,3.359283,1.588687,3.013913,2.386567,2.654427,3.1096,2.249516,3.67909,1.743484,4.066954,1.130264,4.290691,0.453451,4.393618,-0.220771,4.400543,-0.818078,4.340029,-1.293122,4.22505,-1.651238,4.072948,-1.879233,3.90309,-2.000851,3.712918,-2.038914,3.482175,-2.03292,3.181588,-2.009798,2.793365,-1.969714,2.321613,-1.924512,1.789426,-1.918097,1.228892,-1.975292,0.646949,-2.107036,0.04908,-2.282677,-0.580386,-2.455703,-1.261074,-2.593446,-1.990577,-2.676683,-2.740857,-2.692487,-3.433675,-2.61761,-3.973781,-2.446208,-4.305005,-2.167462,-4.444335,-1.786185,-4.467988,-1.313725,-4.41329,-0.778047,-4.242281,-0.224406,-3.916576,0.349891,-3.485071,0.979798,-3.056072,1.62941,-2.752741,2.218706,-2.558184,2.661084,-2.37001,2.935058,-2.121454,3.086409,-1.752512,3.135208,-1.255222,3.079044,-0.659113,2.917485,-0.01099,2.653143,0.677423,2.324639,1.355533,1.977636,1.942834,1.616899,2.369665,1.255748,2.594383,0.913267,2.610634,0.62093,2.462191,0.379216,2.234246,0.177064,2.027508,0.013342,1.879463,-0.113673,1.770581,-0.207238,1.675554,-0.271511,1.554318,-0.32583,1.407068,-0.383132,1.254918,-0.443669,1.112021,-0.496311,0.992316,-0.529748,0.904593,-0.530812,0.832389,-0.497398,0.754581,-0.438657,0.648978,-0.369918,0.508183,-0.293367,0.351747,-0.218287,0.203538,-0.140409,0.084945,-0.075991,0.023177,-0.058218,0.012922,-0.08711,0.029609,-0.150052,0.050681,-0.204101,0.075552,-0.235639,0.107554,-0.234253,0.146194
0,-0.717045,-0.034255,-0.796089,-0.131758,-0.914616,-0.265824,-1.066344,-0.438781,-1.247592,-0.629915,-1.440642,-0.826881,-1.614733,-1.038913,-1.748096,-1.295282,-1.834211,-1.588985,-1.875825,-1.875527,-1.857531,-2.112078,-1.750734,-2.280842,-1.532304,-2.398448,-1.20903,-2.50692,-0.801019,-2.645797,-0.345332,-2.847826,0.107526,-3.091233,0.512069,-3.328717,0.848185,-3.513428,1.151645,-3.581646,1.466309,-3.50653,1.804616,-3.298394,2.151224,-2.970631,2.481017,-2.515852,2.806193,-1.930395,3.131722,-1.21802,3.44108,-0.431851,3.685611,0.353729,3.80427,1.11617,3.784492,1.873204,3.602606,2.649567,3.247378,3.40845,2.711294,4.074177,2.018855,4.589009,1.227144,4.924084,0.404943,5.055398,-0.373336,4.992716,-1.043435,4.752888,-1.590945,4.330538,-2.024272,3.738619,-2.363625,3.014638,-2.625146,2.240616,-2.812436,1.471923,-2.950975,0.785679,-3.050998,0.210072,-3.116208,-0.27333,-3.112858,-0.716564,-3.011524,-1.169671,-2.824478,-1.649355,-2.562224,-2.145551,-2.253637,-2.633316,-1.927342,-3.077233,-1.62709,-3.426448,-1.404044,-3.657537,-1.249789,-3.790549,-1.084237,-3.848861,-0.815482,-3.837944,-0.385024,-3.739506,0.190467,-3.511849,0.842125,-3.174614,1.478885,-2.741523,2.029855,-2.204835,2.45085,-1.598475,2.715241,-1.004912,2.819899,-0.475609,2.759771,-0.007598,2.558149,0.443276,2.28404,0.912384,1.988511,1.385526,1.698849,1.800507,1.418956,2.087327,1.148176,2.223499,0.893624,2.227633,0.66444,2.144327,0.466242,2.020995,0.298779,1.900879,0.159707,1.812725,0.041806,1.782578,-0.063785,1.802336,-0.166164,1.821112,-0.266535,1.793569,-0.370729,1.694577,-0.471473,1.529714,-0.556157,1.305121,-0.623988,1.042799,-0.664263,0.771278,-0.675561,0.51309,-0.652746,0.298422,-0.608891,0.153909,-0.550239,0.094675,-0.472582,0.116176,-0.372036,0.193255,-0.266923,0.294061,-0.177621,0.36749,-0.114979,0.369027,-0.078168,0.279235,-0.075808,0.147351,-0.103049,0.029378,-0.144657,-0.03723,-0.183597,-0.065047
0,-0.972842,-1.286491,-1.034034,-1.556891,-1.10307,-1.844473,-1.164868,-2.1207,-1.180775,-2.350168,-1.119096,-2.533296,-0.962326,-2.691428,-0.725998,-2.840415,-0.447426,-2.984199,-0.162486,-3.113764,0.127581,-3.228019,0.444363,-3.297034,0.852015,-3.292347,1.391517,-3.162784,2.047497,-2.908201,2.717426,-2.555251,3.279662,-2.125898,3.679533,-1.648014,3.894377,-1.109232,3.902599,-0.488697,3.725,0.214892,3.395481,0.966083,2.938515,1.736224,2.410007,2.482149,1.861769,3.175138,1.308428,3.80484,0.773518,4.35253,0.283966,4.784165,-0.158049,5.028018,-0.569645,5.063983,-0.955636,4.904552,-1.29954,4.573885,-1.587601,4.139545,-1.814811,3.664019,-1.975834,3.177894,-2.081518,2.679365,-2.144219,2.117476,-2.18233,1.460063,-2.210067,0.756389,-2.226132,0.055695,-2.226382,-0.601389,-2.178336,-1.176741,-2.091889,-1.665459,-1.990556,-2.085325,-1.907152,-2.467444,-1.831514,-2.830902,-1.742398,-3.162739,-1.600878,-3.469146,-1.390047,-3.713682,-1.101812,-3.832661,-0.74773,-3.792736,-0.370954,-3.620886,0.024152,-3.398942,0.415001,-3.195172,0.761123,-3.017776,1.033723,-2.823554,1.274419,-2.588633,1.548742,-2.268963,1.86457,-1.82579,2.17583,-1.290658,2.418952,-0.728193,2.558772,-0.169656,2.585451,0.400863,2.537079,0.988109,2.446313,1.550666,2.315896,2.030737,2.118207,2.382669,1.847661,2.594866,1.517724,2.675244,1.145568,2.664469,0.765906,2.587681,0.400519,2.446559,0.052063,2.238685,-0.261754,1.98518,-0.515968,1.723247,-0.691775,1.482341,-0.814161,1.274593,-0.911093,1.10829,-0.982316,0.970999,-1.019356,0.842771,-1.019052,0.720832,-0.993886,0.613502,-0.950416,0.51115,-0.891678,0.422387,-0.824478,0.339862,-0.760464,0.26253,-0.70831,0.197904,-0.662814,0.163464,-0.601319,0.14025,-0.518602,0.134792,-0.409046,0.152853,-0.289778,0.193569,-0.192036,0.236174,-0.143636,0.240026,-0.147226,0.195617,-0.190416,0.119965,-0.245303,0.040748,-0.283738,-0.014192,-0.294643,-0.019406,-0.269421,0.024296
0,-0.922811,-0.451512,-1.074823,-0.541238,-1.212826,-0.732584,-1.295409,-1.04327,-1.268622,-1.451035,-1.141764,-1.8828,-0.933956,-2.349014,-0.641887,-2.820116,-0.273075,-3.319913,0.132454,-3.842476,0.523233,-4.279223,0.874796,-4.507479,1.212666,-4.45597,1.580897,-4.068014,2.02999,-3.365784,2.53154,-2.456865,3.019763,-1.463411,3.426739,-0.485963,3.700281,0.45572,3.814803,1.356778,3.772239,2.194613,3.559406,2.931731,3.178012,3.545124,2.654409,4.013469,2.028571,4.352121,1.350209,4.591717,0.6726,4.693806,0.07181,4.627634,-0.429075,4.400804,-0.834395,4.062366,-1.175811,3.645164,-1.471198,3.188821,-1.74158,2.714733,-1.997974,2.215867,-2.246166,1.663541,-2.455463,1.062179,-2.626373,0.431683,-2.755999,-0.167815,-2.8219,-0.691276,-2.799102,-1.148193,-2.691602,-1.558326,-2.516736,-1.944879,-2.293164,-2.307539,-2.02864,-2.643224,-1.74739,-2.919679,-1.475032,-3.160711,-1.227267,-3.364133,-1.018968,-3.482166,-0.806842,-3.453432,-0.530417,-3.255692,-0.158142,-2.926893,0.296961,-2.568569,0.81075,-2.277948,1.302051,-2.081683,1.694395,-1.955241,1.959472,-1.856399,2.129279,-1.746401,2.255589,-1.552958,2.371579,-1.244929,2.494453,-0.817851,2.614771,-0.292759,2.709197,0.308947,2.738497,0.952038,2.673597,1.577517,2.484571,2.14135,2.181759,2.614879,1.793241,2.959591,1.354872,3.166865,0.890137,3.227189,0.444301,3.166527,0.059431,3.037875,-0.245666,2.899915,-0.463836,2.801495,-0.619733,2.726247,-0.747886,2.629016,-0.880927,2.457442,-1.029587,2.200708,-1.186347,1.877663,-1.329494,1.521995,-1.415282,1.163391,-1.436676,0.836876,-1.400158,0.569809,-1.321249,0.371361,-1.208568,0.224063,-1.082376,0.10625,-0.951538,-0.009202,-0.824173,-0.137078,-0.70799,-0.267851,-0.596833,-0.369139,-0.500004,-0.422107,-0.425071,-0.426502,-0.366091,-0.398077,-0.305693,-0.354346,-0.229453,-0.305347,-0.14487,-0.255339,-0.063372,-0.212403,-0.002986,-0.17037,0.030915,-0.132312,0.039872,-0.101165,0.03447,-0.05909
0,-0.211718,0.367956,-0.28618,0.393903,-0.364219,0.382785,-0.449766,0.324522,-0.542993,0.212016,-0.66007,0.052093,-0.809076,-0.134387,-1.004502,-0.357131,-1.229365,-0.617098,-1.440577,-0.936735,-1.61941,-1.331604,-1.754157,-1.802134,-1.829204,-2.321723,-1.858409,-2.882789,-1.769275,-3.408479,-1.539919,-3.791801,-1.157596,-4.049184,-0.634373,-4.236263,0.003723,-4.352182,0.723185,-4.333293,1.44923,-4.119514,2.118452,-3.682502,2.688783,-3.043575,3.142436,-2.280458,3.445768,-1.479502,3.596615,-0.690861,3.599574,0.047236,3.463123,0.703091,3.20422,1.315072,2.851126,1.915306,2.404353,2.512925,1.877683,3.074119,1.310144,3.560284,0.753815,3.939423,0.265523,4.174259,-0.125184,4.282928,-0.448026,4.261449,-0.714824,4.119605,-0.950183,3.849217,-1.171498,3.495463,-1.374366,3.115304,-1.563125,2.723577,-1.728117,2.320008,-1.846188,1.917952,-1.906957,1.51138,-1.904517,1.0752,-1.856692,0.604469,-1.793702,0.119118,-1.748302,-0.383887,-1.727393,-0.889087,-1.723621,-1.37906,-1.712242,-1.873575,-1.668565,-2.387493,-1.581659,-2.907569,-1.460731,-3.369734,-1.302237,-3.739848,-1.09471,-3.993799,-0.833755,-4.137021,-0.506254,-4.167296,-0.091907,-4.081165,0.377455,-3.891407,0.851788,-3.625298,1.297822,-3.245312,1.735155,-2.750208,2.217739,-2.157961,2.713833,-1.486557,3.151115,-0.749203,3.429349,0.030806,3.498836,0.813835,3.34485,1.578331,2.990442,2.28239,2.48955,2.870151,1.913224,3.308351,1.330666,3.571455,0.798305,3.659302,0.339262,3.573469,-0.055204,3.336838,-0.402681,3.001156,-0.715744,2.625087,-0.994753,2.265615,-1.236215,1.963479,-1.410074,1.727936,-1.48353,1.548637,-1.451098,1.377214,-1.337496,1.209839,-1.166414,1.026817,-0.976587,0.838016,-0.793481,0.657631,-0.641217,0.492326,-0.533063,0.353102,-0.461237,0.241717,-0.414164,0.153013,-0.387122,0.083478,-0.359363,0.023889,-0.311704,-0.027318,-0.244889,-0.076671,-0.178822,-0.116374,-0.124925,-0.136746,-0.088026,-0.130681,-0.067931,-0.100329
0,-0.020111,0.481845,-0.03276,0.458559,-0.052438,0.440441,-0.082194,0.42933,-0.120924,0.426995,-0.165402,0.420438,-0.218085,0.422134,-0.268354,0.425158,-0.314671,0.426033,-0.350116,0.403466,-0.377792,0.353012,-0.418574,0.269393,-0.499076,0.154086,-0.670304,0.006,-0.935069,-0.1748,-1.211103,-0.37509,-1.414563,-0.625543,-1.53583,-0.948498,-1.611152,-1.330532,-1.688679,-1.746148,-1.741212,-2.192489,-1.715431,-2.658421,-1.599883,-3.118854,-1.408563,-3.56075,-1.147873,-3.942672,-0.825186,-4.222465,-0.42997,-4.338901,0.063626,-4.282886,0.681084,-4.036418,1.443702,-3.610209,2.297639,-3.041784,3.085841,-2.356474,3.676911,-1.56939,3.991263,-0.717302,4.001882,0.165999,3.751364,1.054721,3.307786,1.898106,2.742558,2.677458,2.124179,3.357059,1.521736,3.862991,0.967506,4.161727,0.474014,4.263585,0.05174,4.186028,-0.311881,3.945158,-0.635658,3.568073,-0.951182,3.103121,-1.289782,2.63059,-1.642388,2.205405,-1.971831,1.819938,-2.230421,1.42112,-2.378994,0.962774,-2.414941,0.46191,-2.372744,-0.072511,-2.326284,-0.621064,-2.307122,-1.182915,-2.295026,-1.773182,-2.247134,-2.37265,-2.112051,-2.921889,-1.886252,-3.397759,-1.5908,-3.808221,-1.248297,-4.158185,-0.876866,-4.364903,-0.461337,-4.381065,0.05837,-4.186977,0.733947,-3.766265,1.53396,-3.190775,2.345996,-2.562657,2.99525,-1.928912,3.38187,-1.249903,3.483849,-0.492444,3.310129,0.312354,2.921061,1.115592,2.400707,1.870478,1.858539,2.531018,1.389547,3.050182,1.026009,3.353262,0.749102,3.403904,0.519384,3.223436,0.294298,2.875865,0.057207,2.443893,-0.186375,1.99737,-0.4322,1.599791,-0.643264,1.315011,-0.770629,1.161621,-0.77885,1.094994,-0.697229,1.061306,-0.57411,1.013994,-0.461338,0.920895,-0.379605,0.76493,-0.329754,0.55518,-0.288717,0.323582,-0.241725,0.10532,-0.163597,-0.065689,-0.080399,-0.174373,-0.01891,-0.223163,-0.017453,-0.212568,-0.076543,-0.163278,-0.164663,-0.107191,-0.248843,-0.075069,-0.311098,-0.065868
0,-0.067623,0.336777,-0.053949,0.35176,-0.048758,0.333782,-0.052456,0.300184,-0.074359,0.263923,-0.11391,0.233665,-0.165355,0.215774,-0.218094,0.202616,-0.269279,0.196872,-0.325359,0.189035,-0.393775,0.155627,-0.469912,0.073641,-0.559902,-0.05597,-0.685505,-0.224451,-0.827178,-0.501703,-1.005459,-0.902298,-1.183616,-1.423625,-1.282523,-1.95909,-1.326159,-2.471602,-1.29815,-2.998215,-1.170353,-3.55859,-0.934083,-4.078589,-0.6618,-4.512075,-0.375518,-4.764972,-0.043245,-4.763195,0.393252,-4.47684,0.974668,-3.92278,1.66328,-3.147852,2.37954,-2.249722,2.992953,-1.340457,3.415587,-0.496199,3.588655,0.274855,3.537679,1.018865,3.310665,1.769571,2.946305,2.525536,2.481185,3.271452,1.966019,3.961037,1.462302,4.543348,0.958905,4.987571,0.464732,5.264445,0.019058,5.345296,-0.372354,5.204042,-0.70164,4.825441,-0.991618,4.220477,-1.262457,3.434186,-1.50753,2.523415,-1.739709,1.554703,-1.974232,0.555387,-2.2022,-0.432988,-2.403196,-1.343003,-2.543325,-2.117996,-2.602934,-2.751855,-2.586066,-3.28536,-2.483662,-3.740252,-2.292137,-4.086475,-2.02933,-4.3262,-1.713217,-4.469691,-1.344672,-4.499617,-0.912785,-4.370955,-0.399313,-4.024228,0.214949,-3.460021,0.945839,-2.787858,1.716416,-2.123263,2.404329,-1.544021,2.911404,-1.070592,3.213593,-0.64936,3.314936,-0.196681,3.230668,0.349695,3.026276,0.965056,2.753561,1.574704,2.441126,2.121488,2.079259,2.599239,1.668424,3.003208,1.255655,3.270388,0.852551,3.368559,0.476298,3.29579,0.120614,3.077105,-0.243111,2.757733,-0.605018,2.397073,-0.947304,2.037567,-1.21087,1.693317,-1.364946,1.346026,-1.408869,0.981956,-1.359756,0.627638,-1.242827,0.31821,-1.093168,0.081228,-0.944166,-0.073788,-0.810526,-0.151845,-0.698957,-0.176813,-0.596015,-0.175135,-0.488344,-0.159384,-0.360599,-0.128073,-0.211586,-0.074137,-0.067029,-0.02457,0.04544,-0.005416,0.108321,-0.025563,0.124702,-0.078165,0.103251,-0.141731,0.061642,-0.194159,0.022361,-0.227073
0,-0.367221,0.236999,-0.462508,0.134846,-0.595041,-0.062437,-0.744429,-0.301382,-0.882091,-0.533749,-0.989458,-0.731462,-1.068635,-0.910385,-1.130015,-1.102814,-1.164184,-1.34981,-1.163618,-1.663619,-1.10504,-2.038682,-0.984741,-2.455397,-0.819403,-2.862881,-0.620183,-3.212698,-0.414773,-3.492863,-0.220503,-3.674885,-0.026413,-3.700926,0.199167,-3.56959,0.509049,-3.325664,0.926639,-3.02288,1.429453,-2.663132,1.953706,-2.227356,2.442066,-1.710263,2.848274,-1.100675,3.143111,-0.373834,3.308677,0.459016,3.348236,1.326726,3.254932,2.153209,3.020012,2.882731,2.644304,3.479156,2.150171,3.928828,1.588693,4.251769,1.027665,4.454195,0.499985,4.519508,0.042718,4.435024,-0.356313,4.19859,-0.712924,3.825195,-1.058594,3.346117,-1.419823,2.774024,-1.810945,2.154814,-2.220919,1.550493,-2.603871,0.9839,-2.90665,0.423918,-3.087377,-0.137557,-3.115324,-0.691812,-2.981256,-1.230533,-2.704372,-1.755631,-2.346016,-2.283387,-1.959868,-2.793655,-1.588864,-3.267412,-1.241995,-3.693612,-0.932984,-4.050776,-0.651482,-4.294942,-0.352418,-4.37664,-0.018169,-4.280383,0.38828,-4.028708,0.891962,-3.656619,1.456104,-3.199275,1.985022,-2.646859,2.392735,-2.03194,2.631986,-1.410349,2.712445,-0.797773,2.673749,-0.152058,2.585748,0.541109,2.498158,1.253212,2.390423,1.945734,2.243821,2.605886,2.054257,3.203526,1.828549,3.651906,1.568435,3.895781,1.270398,3.918812,0.933475,3.752439,0.563082,3.456775,0.173516,3.097398,-0.208779,2.731257,-0.565882,2.409456,-0.869455,2.146502,-1.095318,1.919278,-1.234272,1.702364,-1.293752,1.497573,-1.276183,1.306868,-1.189584,1.133698,-1.072614,0.958413,-0.9551,0.767904,-0.848901,0.568511,-0.757276,0.371453,-0.685973,0.202071,-0.630339,0.081345,-0.582105,0.015875,-0.526201,-0.000801,-0.451132,0.010373,-0.357339,0.013803,-0.25443,-1.1e-05,-0.161387,-0.024572,-0.103125,-0.035648,-0.085217,-0.002145,-0.094069,0.077681,-0.114652,0.183142,-0.136071,0.269392,-0.161592,0.296185
0,0.102783,0.087773,0.061265,0.129166,0.02058,0.161489,-0.014759,0.185873,-0.056978,0.22123,-0.114923,0.271124,-0.186975,0.322721,-0.290049,0.368356,-0.435142,0.394591,-0.645175,0.385336,-0.934972,0.325582,-1.291962,0.188829,-1.667011,-0.050379,-2.000709,-0.38109,-2.257,-0.787945,-2.444339,-1.277173,-2.576602,-1.849847,-2.675566,-2.511333,-2.733544,-3.224187,-2.664784,-3.91815,-2.380244,-4.51079,-1.903165,-4.947816,-1.307792,-5.216455,-0.651233,-5.278677,0.036557,-5.106925,0.71216,-4.746602,1.33873,-4.231999,1.931304,-3.570963,2.488938,-2.763794,2.954813,-1.832767,3.259722,-0.828819,3.359681,0.174478,3.248361,1.101889,2.962905,1.917674,2.559518,2.606891,2.107893,3.195839,1.679879,3.683864,1.301848,4.059345,0.962229,4.323992,0.656586,4.473524,0.380651,4.488831,0.127869,4.35545,-0.108182,4.074383,-0.351139,3.654894,-0.643444,3.100109,-1.004444,2.434788,-1.418072,1.674997,-1.852702,0.850555,-2.271036,0.023521,-2.619522,-0.743221,-2.86428,-1.414632,-2.982068,-2.004228,-2.941135,-2.537653,-2.735943,-3.027527,-2.388221,-3.466002,-1.926102,-3.843649,-1.376758,-4.122088,-0.798146,-4.256893,-0.219978,-4.213382,0.365061,-4.009711,0.954312,-3.720349,1.51562,-3.390333,2.029887,-2.956442,2.486765,-2.372749,2.877766,-1.662576,3.156378,-0.915423,3.269204,-0.164499,3.199862,0.588931,2.996894,1.336708,2.695921,2.080202,2.32228,2.796919,1.902808,3.422117,1.476084,3.905141,1.051951,4.194384,0.65933,4.249503,0.340847,4.067881,0.097016,3.673939,-0.104878,3.157879,-0.28544,2.608493,-0.460986,2.114995,-0.626383,1.727168,-0.774943,1.465268,-0.893109,1.311588,-0.95496,1.21891,-0.952101,1.15355,-0.901073,1.070091,-0.828528,0.949275,-0.754326,0.795686,-0.686177,0.623331,-0.596698,0.466507,-0.473576,0.359372,-0.33038,0.32001,-0.196479,0.335425,-0.085814,0.371757,-0.005108,0.388047,0.049465,0.360864,0.077831,0.279734,0.079652,0.16802,0.054397,0.047083,-0.000922,-0.047549
0,0.056173,-0.025674,0.042835,0.007135,0.027618,0.029019,0.008125,0.032831,-0.014715,0.027625,-0.041361,0.02435,-0.069409,0.044383,-0.097414,0.09772,-0.132501,0.193901,-0.161431,0.325494,-0.184284,0.474162,-0.205491,0.613724,-0.240062,0.714919,-0.300601,0.771883,-0.402628,0.798588,-0.53659,0.817176,-0.67668,0.820841,-0.813052,0.7229,-0.965594,0.467108,-1.14606,0.033588,-1.422907,-0.480391,-1.749414,-1.004128,-2.008383,-1.490883,-2.111855,-1.975842,-2.016932,-2.490515,-1.706743,-3.014785,-1.224069,-3.445185,-0.662056,-3.667881,-0.039563,-3.616664,0.636942,-3.26951,1.340555,-2.661951,2.058631,-1.905349,2.771606,-1.12518,3.405333,-0.382046,3.902293,0.335517,4.217212,1.032421,4.295973,1.72583,4.103595,2.396575,3.640197,3.036,2.96102,3.580931,2.130019,3.997286,1.180962,4.263689,0.151696,4.360479,-0.844027,4.286117,-1.715704,4.045015,-2.399359,3.63811,-2.880939,3.102439,-3.220501,2.460974,-3.480121,1.717784,-3.681485,0.872563,-3.832695,-0.042986,-3.926851,-0.954806,-3.949005,-1.795665,-3.855834,-2.524112,-3.580752,-3.122895,-3.117362,-3.621909,-2.495487,-4.056798,-1.778833,-4.390656,-1.015994,-4.582164,-0.231698,-4.592937,0.566991,-4.4154,1.356261,-4.070252,2.124874,-3.596359,2.84509,-3.041013,3.478517,-2.385252,3.976541,-1.570186,4.288208,-0.614987,4.343362,0.384555,4.086453,1.315846,3.527971,2.135434,2.724871,2.81353,1.798532,3.345766,0.858731,3.754753,0.000277,4.028252,-0.719396,4.12789,-1.266192,4.003992,-1.581066,3.602576,-1.675109,2.957029,-1.663492,2.182075,-1.626015,1.447387,-1.576951,0.87458,-1.518742,0.512111,-1.453242,0.335639,-1.382581,0.277856,-1.292674,0.287392,-1.164379,0.315887,-0.996861,0.317224,-0.820184,0.25334,-0.660991,0.135904,-0.518163,-0.000837,-0.394736,-0.119817,-0.286165,-0.200124,-0.198583,-0.237992,-0.14066,-0.222461,-0.099574,-0.164493,-0.06135,-0.102954,-0.031255,-0.060972,-0.016912,-0.050497,-0.022224,-0.067827,-0.039845,-0.090754
0,0.023134,0.08996,-0.000135,0.103662,-0.028867,0.127286,-0.060605,0.14871,-0.082897,0.164723,-0.089478,0.167442,-0.08339,0.152032,-0.06876,0.119849,-0.050031,0.071294,-0.028656,0.01151,-0.006773,-0.040559,0.017115,-0.065095,0.03768,-0.061315,0.044327,-0.027529,0.032862,0.01857,0.006177,0.072542,-0.024147,0.116537,-0.051707,0.140257,-0.067195,0.141375,-0.074491,0.137155,-0.077088,0.145896,-0.071209,0.183491,-0.063575,0.243362,-0.069257,0.303612,-0.091701,0.363516,-0.123051,0.412639,-0.1595,0.43565,-0.2069,0.421921,-0.263941,0.372969,-0.329656,0.303109,-0.392188,0.227405,-0.451603,0.163049,-0.509067,0.124502,-0.567267,0.102555,-0.641122,0.074509,-0.754234,0.014168,-0.910556,-0.105593,-1.108609,-0.300207,-1.334591,-0.580201,-1.562043,-0.955899,-1.75017,-1.411394,-1.857065,-1.946987,-1.848845,-2.551584,-1.68004,-3.199887,-1.307781,-3.802964,-0.715398,-4.263071,0.064558,-4.474086,0.941165,-4.371344,1.802451,-3.95911,2.565981,-3.268503,3.180071,-2.375499,3.644399,-1.369782,3.942916,-0.330615,4.011926,0.754216,3.816216,1.845935,3.379391,2.832721,2.759691,3.609198,2.051669,4.157296,1.293399,4.501873,0.485342,4.670281,-0.344961,4.671333,-1.116534,4.480859,-1.74284,4.094084,-2.190929,3.518724,-2.475803,2.818587,-2.664187,2.036874,-2.830531,1.212852,-3.024953,0.377062,-3.26692,-0.437436,-3.532808,-1.198436,-3.757211,-1.886859,-3.848855,-2.497405,-3.743427,-3.050678,-3.356304,-3.565536,-2.639319,-4.051428,-1.59941,-4.487246,4.03312,-2.084741,1.953144,2.246925,-1.71232,3.274668,-1.812839,2.999862,-1.745143,2.570789,-1.588785,2.02423,-1.398537,1.458701,-1.210033,0.97425,-1.036828,0.642344,-0.884647,0.487598,-0.767061,0.46562,-0.685233,0.50585,-0.615848,0.543335,-0.525783,0.538087,-0.423789,0.468818,-0.325919,0.351918,-0.254334,0.213756,-0.218159,0.07898,-0.214959,-0.032725,-0.238099,-0.098727,-0.264749,-0.116063,-0.276947,-0.093454,-0.271766,-0.052208,-0.238743,-0.020462
0,-0.063094,0.037462,-0.062522,0.029,-0.076229,0.025527,-0.094459,0.011007,-0.109229,-0.007573,-0.114168,-0.026227,-0.110223,-0.044723,-0.0842,-0.051406,-0.043964,-0.041196,-0.124352,0.149718,-0.371972,0.204659,-0.390504,0.162871,-0.413509,0.12146,-0.448069,0.098144,-0.492208,0.087286,-0.542085,0.068331,-0.599934,0.037779,-0.676404,-0.005478,-0.778193,-0.07022,-0.900588,-0.163036,-1.036152,-0.293546,-1.161524,-0.455183,-1.257322,-0.651841,-1.316093,-0.887096,-1.323082,-1.179807,-1.255586,-1.602956,-1.129746,-2.184387,-0.964246,-2.892913,-0.781227,-3.559533,-0.578878,-4.043077,1.667232,-2.356589,2.268491,-1.539395,2.864872,-0.620459,3.400662,0.34259,3.784978,1.28065,3.89932,2.149654,3.670929,2.919188,3.116998,3.501854,2.309127,3.857123,1.383195,3.960664,0.469212,3.847603,-0.365702,3.587251,-1.078778,3.220137,-1.653131,2.790188,-2.078648,2.325893,-2.349529,1.839704,-2.521177,1.353454,-2.640991,0.865093,-2.722797,0.384763,-2.772045,-0.084447,-2.798661,-0.542358,-2.810291,-0.997753,-2.787978,-1.446504,-2.688629,-1.879033,-2.481757,-2.292192,-2.144388,-2.697257,-1.673968,-3.123779,-1.087988,-3.562746,-0.437827,-3.947034,0.223486,-4.228163,0.872803,-4.382496,1.492651,-4.316902,2.076224,-3.920238,2.634397,-3.14547,3.13608,-2.086873,3.507659,-0.890974,3.700563,0.287453,3.653092,1.339187,3.345126,2.223568,2.791365,2.941329,2.030352,3.508509,1.136832,3.932055,0.245202,4.209777,-0.534202,4.326124,-1.1506,4.266876,-1.616127,4.040163,-1.910296,3.658948,-2.026891,3.119524,-1.989828,2.445518,-1.864995,1.704417,-1.701902,1.00044,-1.53867,0.437435,-1.392225,0.078145,-1.274318,-0.075715,-1.17584,-0.076469,-1.07956,0.006191,-0.974337,0.09865,-0.856351,0.157284,-0.723721,0.166688,-0.584515,0.122415,-0.446629,0.042535,-0.315785,-0.038325,-0.193894,-0.093331,-0.090966,-0.098409,-0.000841,-0.065468,0.069558,-0.009756,0.104567,0.066389,0.115076,0.156595,0.11433,0.234049,0.108236,0.274451
0,-0.009892,-0.02138,-0.062641,-0.004809,-0.099071,0.004627,-0.105992,0.009791,-0.081896,0.005114,-0.036927,-0.004262,0.018334,-0.017167,0.066744,-0.033633,0.089721,-0.048049,0.080127,-0.05748,0.043803,-0.067087,-0.003979,-0.084148,-0.041791,-0.108936,-0.061968,-0.131532,-0.08471,0.105708,-0.054726,0.064116,-0.045571,0.02588,-0.036315,-0.010295,-0.034935,-0.028604,-0.044454,-0.027673,-0.056848,-0.012575,-0.068742,0.007794,-0.073554,0.024272,-0.06984,0.029307,-0.055265,0.024805,-0.026094,0.016617,0.005023,0.006956,0.030103,-0.008637,0.041488,-0.012099,0.039841,0.001983,0.024791,0.04008,-0.00625,0.088494,-0.048799,0.145839,-0.114369,0.199158,-0.221572,0.245356,-0.36006,0.27345,-0.524011,0.266618,-0.710216,0.190226,-0.915298,-0.01636,-1.119389,-0.403549,-1.745836,-4.750031,-1.116318,-4.897355,-0.111375,-4.784198,1.234524,-4.319897,2.780249,-3.416425,4.25695,-2.155371,5.37793,-0.733836,5.940639,0.710127,5.892452,2.080127,5.288158,3.235243,4.121025,4.098866,2.512487,4.580123,0.813732,4.584925,-0.729525,4.232728,-2.053551,3.742793,-3.090891,3.19361,-3.748957,2.526341,-4.006272,1.625176,-4.002336,0.316319,-3.870728,-1.341818,-3.71325,-3.032718,-3.590142,-4.511932,-3.330969,-5.650571,-2.667266,-6.386141,-1.425536,-6.591738,0.397828,-6.19664,2.476097,-5.152238,4.288874,-3.598498,5.423624,-1.864684,5.793297,-0.322647,5.50425,0.932903,4.725676,1.987081,3.690955,2.803202,2.541046,3.34844,1.295969,3.71855,0.027376,3.99234,-1.181712,4.16967,-2.223335,4.23106,-2.962636,4.132808,-3.288822,3.823177,-3.196693,3.249668,-2.794003,2.414239,-2.298841,1.424318,-1.904743,0.480043,-1.629108,-0.2192,-1.395402,-0.552994,-1.167631,-0.559293,-0.936943,-0.342573,-0.727527,-0.025964,-0.559916,0.254588,-0.435071,0.390272,-0.357972,0.35894,-0.315095,0.196432,-0.301089,-0.016561,-0.300587,-0.210299,-0.259454,-0.328298,-0.153574,-0.342005,-0.0136,-0.260858,0.103944,-0.137204,0.171393,-0.030103
0,-0.335765,0.115941,-0.461252,0.099111,-0.591368,0.068282,-0.709442,0.010851,-0.799288,-0.061012,-0.838687,-0.149058,-0.81903,-0.248521,-0.770783,-0.364162,-0.7217,-0.497096,-0.696776,-0.65008,-0.690627,-0.828405,-0.702526,-1.030008,-0.738076,-1.268786,-0.801654,-1.559826,-0.875569,-1.899014,-0.948764,-2.284906,-0.998963,-2.688974,-0.97054,-3.086205,-0.769964,-3.46165,-0.339087,-3.787969,0.327825,-4.012791,1.1546,-4.095969,2.054114,-3.977368,2.916414,-3.576038,3.642034,-2.858495,4.121954,-1.852012,4.268264,-0.692332,4.051594,0.474792,3.527245,1.491611,2.836742,2.269453,2.14163,2.778931,1.505596,3.068202,0.880745,3.225478,0.242956,3.319064,-0.403772,3.357977,-0.978184,3.357383,-1.427974,3.335186,-1.718214,3.284252,-1.89061,3.176094,-1.990549,3.005227,-2.041123,2.786844,-2.044098,2.539655,-1.997973,2.27131,-1.897969,2.000389,-1.763882,1.739916,-1.605443,1.4994,-1.413818,1.274723,-1.195855,1.049341,-0.980314,0.807173,-0.809217,0.547042,-0.736071,0.288335,-0.79207,0.042149,-0.969821,-0.194092,-1.242014,-0.436021,-1.566728,-0.703978,-1.877315,-0.986992,-2.124891,-1.254111,-2.271505,-1.501754,-2.277608,-1.708417,-2.149939,-1.879277,-1.954645,-2.044905,-1.749938,-2.26907,-1.545614,-2.572148,-1.285145,-2.931353,-0.869573,-3.264101,-0.227713,-3.462449,0.617833,-3.456695,1.552647,-3.236897,2.428815,-2.788808,3.116272,-2.104015,3.558348,-1.21013,3.768215,-0.187805,3.754718,0.838362,3.503718,1.781146,3.020022,2.574624,2.337977,3.183789,1.522318,3.594249,0.621304,3.805714,-0.252671,3.827889,-1.008769,3.678883,-1.570725,3.359145,-1.904793,2.868268,-2.019315,2.237728,-1.946193,1.567379,-1.745937,0.955051,-1.494508,0.480253,-1.226465,0.16864,-0.975456,0.006378,-0.742222,-0.014816,-0.54921,0.060951,-0.410848,0.176971,-0.32866,0.274156,-0.287685,0.318186,-0.272845,0.280404,-0.269943,0.163855,-0.276446,-0.000601,-0.276353,-0.168568,-0.251821,-0.2854,-0.190643,-0.314387,-0.106472,-0.258855
0,-1.285692,0.016628,-1.577175,-0.06542,-1.88755,-0.228596,-2.143186,-0.47155,-2.268777,-0.78532,-2.229837,-1.146043,-2.023413,-1.52653,-1.665565,-1.918913,-1.180381,-2.33773,-0.605485,-2.802314,0.027354,-3.278344,0.681153,-3.712996,1.299499,-4.033606,1.835075,-4.177948,2.267686,-4.113129,2.598416,-3.763769,2.798193,-3.071096,2.862991,-2.12102,2.815656,-1.087502,2.703413,-0.138246,2.584348,0.619967,2.468399,1.181605,2.293688,1.634428,2.022973,2.05171,1.667701,2.460251,1.255301,2.82268,0.816954,3.089034,0.358256,3.251096,-0.109285,3.335628,-0.557962,3.33825,-0.972757,3.280344,-1.333671,3.153527,-1.613233,2.945864,-1.784696,2.657472,-1.867333,2.32205,-1.89386,1.953995,-1.90316,1.559286,-1.935048,1.15853,-2.002417,0.795521,-2.071697,0.506936,-2.112547,0.309996,-2.09931,0.184761,-2.035593,0.084786,-1.93289,-0.034296,-1.8334,-0.211366,-1.766911,-0.455642,-1.762312,-0.753581,-1.784253,-1.061326,-1.794548,-1.32603,-1.756428,-1.541845,-1.664003,-1.741742,-1.519927,-1.979252,-1.331635,-2.280185,-1.120139,-2.626048,-0.882352,-2.949657,-0.600007,-3.213216,-0.250205,-3.386741,0.182396,-3.417146,0.680927,-3.267516,1.228036,-2.961126,1.77595,-2.542939,2.28605,-2.080885,2.691566,-1.578226,2.950225,-1.007554,3.08529,-0.378052,3.1077,0.289732,2.981531,0.97113,2.724005,1.606347,2.386657,2.156142,1.987336,2.612682,1.52693,2.964509,1.024404,3.22815,0.525969,3.394668,0.082417,3.454341,-0.287695,3.413553,-0.594706,3.270104,-0.843925,3.018651,-1.027413,2.678902,-1.14909,2.286649,-1.224202,1.861067,-1.271557,1.435967,-1.32647,1.061538,-1.372027,0.764017,-1.38586,0.536209,-1.360726,0.364587,-1.291569,0.24387,-1.168434,0.163931,-1.001126,0.108976,-0.809399,0.07362,-0.618425,0.055546,-0.452491,0.051741,-0.331232,0.043414,-0.255313,0.013577,-0.229178,-0.043238,-0.248026,-0.104867,-0.2966,-0.141538,-0.350591,-0.158802,-0.36365,-0.173649,-0.352266,-0.185431,-0.322871,-0.180125
0,-0.848707,0.035523,-1.006701,-0.141479,-1.17023,-0.388174,-1.319412,-0.684126,-1.430482,-1.013279,-1.471574,-1.370107,-1.412262,-1.745125,-1.253853,-2.114886,-1.012032,-2.452054,-0.690408,-2.729198,-0.279883,-3.002516,0.205745,-3.266859,0.694967,-3.431689,1.142809,-3.453383,1.531374,-3.320732,1.852096,-3.050058,2.139337,-2.675028,2.428948,-2.211769,2.700354,-1.673594,2.917487,-1.089318,3.018947,-0.478165,2.972544,0.116804,2.764592,0.65654,2.41316,1.124852,1.968051,1.528367,1.485305,1.901195,0.991612,2.246007,0.506479,2.547773,0.042324,2.774348,-0.36447,2.909552,-0.696589,2.950075,-0.961053,2.913313,-1.170432,2.816783,-1.336786,2.67936,-1.460791,2.519926,-1.548452,2.327385,-1.603801,2.096962,-1.632519,1.82729,-1.63239,1.520998,-1.596161,1.215263,-1.529583,0.875663,-1.451447,0.508344,-1.386555,0.134275,-1.342928,-0.240458,-1.324765,-0.632699,-1.332104,-1.040612,-1.354172,-1.457051,-1.3944,-1.876994,-1.429232,-2.291341,-1.427278,-2.69733,-1.376564,-3.034107,-1.281018,-3.33287,-1.121232,-3.625278,-0.889103,-3.828758,-0.602473,-3.847407,-0.254351,-3.657599,0.173742,-3.296924,0.66185,-2.830196,1.153621,-2.325395,1.638568,-1.854146,2.11749,-1.422473,2.548481,-0.939866,2.887928,-0.349,3.100598,0.310135,3.147204,0.948274,3.028393,1.508149,2.775853,1.962278,2.425041,2.308523,2.000159,2.563879,1.537935,2.737877,1.058299,2.81732,0.569406,2.816379,0.092751,2.769669,-0.371585,2.70312,-0.803632,2.627544,-1.19234,2.544255,-1.504016,2.441513,-1.722727,2.299748,-1.857562,2.115051,-1.92181,1.882984,-1.934513,1.608479,-1.904868,1.306086,-1.824091,0.994979,-1.709771,0.711851,-1.565857,0.477277,-1.399117,0.311798,-1.218,0.17122,-1.009498,0.008482,-0.771867,-0.14008,-0.529502,-0.26114,-0.319095,-0.343897,-0.171418,-0.397183,-0.073487,-0.426593,-0.012405,-0.438349,0.02826,-0.440764,0.053605,-0.441735,0.07137,-0.452118,0.085138,-0.475148,0.090926,-0.491701,0.084609,-0.466882
0,-0.770584,-2.399744,-0.563506,-2.742476,-0.318493,-3.03481,-0.031172,-3.252165,0.294056,-3.363541,0.650286,-3.349668,1.019133,-3.202614,1.383202,-2.897902,1.743753,-2.446403,2.121122,-1.917621,2.506584,-1.351415,2.902542,-0.774861,3.291444,-0.200544,3.60646,0.382358,3.750197,0.968817,3.682659,1.527739,3.419415,2.017627,2.967558,2.395834,2.374199,2.634207,1.703127,2.752861,1.032065,2.802252,0.378182,2.824721,-0.216696,2.832326,-0.743047,2.824199,-1.172874,2.786107,-1.478014,2.711918,-1.689979,2.589976,-1.845601,2.447852,-1.950804,2.289576,-2.00202,2.106672,-2.014645,1.88893,-2.006251,1.63339,-1.990576,1.356798,-1.978669,1.076517,-1.96123,0.822096,-1.923244,0.596486,-1.886244,0.375866,-1.872218,0.159122,-1.879642,-0.044995,-1.883802,-0.232255,-1.874938,-0.421037,-1.836247,-0.615318,-1.761573,-0.817176,-1.655306,-1.034612,-1.538531,-1.278806,-1.410232,-1.544963,-1.262002,-1.864047,-1.073197,-2.239168,-0.851177,-2.662195,-0.610125,-3.024259,-0.376194,-3.261485,-0.162021,-3.32598,0.055735,-3.235843,0.285715,-3.017773,0.517642,-2.739163,0.73748,-2.499731,0.951019,-2.356626,1.167672,-2.292067,1.385857,-2.216075,1.60906,-2.042971,1.844809,-1.727952,2.087488,-1.257696,2.315314,-0.649756,2.513033,0.045024,2.660783,0.733821,2.716811,1.342382,2.658366,1.848331,2.485666,2.234868,2.207762,2.512657,1.834391,2.703042,1.379194,2.8308,0.889345,2.905393,0.394102,2.914912,-0.083451,2.854399,-0.552648,2.743492,-0.994287,2.603976,-1.378029,2.450084,-1.688226,2.298673,-1.906984,2.139519,-2.034284,1.955656,-2.072257,1.739745,-2.033669,1.49872,-1.931354,1.251738,-1.766018,1.010096,-1.548828,0.807547,-1.316281,0.619482,-1.095501,0.439048,-0.893093,0.278161,-0.714946,0.151071,-0.555477,0.054768,-0.4182,-0.021033,-0.328373,-0.070353,-0.294709,-0.086989,-0.27558,-0.063591,-0.254941,-0.0255,-0.235348,0.004377,-0.210009,0.013323,-0.171343,-0.00187,-0.124998,-0.025397,-0.079064,-0.029753
0,-0.933573,0.319537,-1.127539,0.169925,-1.320008,-0.059494,-1.481399,-0.367008,-1.590472,-0.745982,-1.634266,-1.193488,-1.599248,-1.713684,-1.490721,-2.321798,-1.297175,-2.988823,-0.957766,-3.613863,-0.450327,-4.083014,0.232654,-4.380441,1.010273,-4.535483,1.728293,-4.518506,2.236018,-4.289154,2.492741,-3.862709,2.611293,-3.279261,2.712828,-2.586667,2.867652,-1.840353,3.055343,-1.074366,3.190957,-0.276015,3.181731,0.566275,2.972923,1.421889,2.570403,2.216164,2.057676,2.870672,1.541568,3.311822,1.088737,3.545158,0.717033,3.635031,0.445059,3.628756,0.23902,3.529855,0.023195,3.355606,-0.252319,3.141277,-0.585673,2.912122,-0.926904,2.678381,-1.228422,2.445468,-1.490762,2.203425,-1.74063,1.931076,-1.982211,1.603845,-2.191832,1.220226,-2.3639,0.791532,-2.498031,0.339007,-2.567301,-0.118436,-2.536968,-0.562988,-2.379961,-0.957479,-2.120612,-1.283262,-1.808186,-1.527555,-1.477844,-1.717646,-1.127358,-1.896141,-0.752612,-2.118681,-0.37189,-2.408172,-0.009001,-2.728821,0.316648,-2.996516,0.582091,-3.181097,0.748147,-3.301144,0.81224,-3.381375,0.823882,-3.407043,0.880986,-3.329685,1.064895,-3.109317,1.396133,-2.713829,1.846559,-2.154349,2.321791,-1.466589,2.72691,-0.697254,3.010812,0.052077,3.141992,0.67008,3.09214,1.164831,2.834371,1.584234,2.375112,1.971394,1.78372,2.344515,1.147173,2.684932,0.522159,2.950177,-0.050769,3.119615,-0.525929,3.182464,-0.873174,3.129769,-1.081447,2.953336,-1.202583,2.670359,-1.286269,2.300269,-1.350015,1.886654,-1.388925,1.494881,-1.399219,1.17247,-1.393909,0.916205,-1.355945,0.722322,-1.272784,0.578189,-1.156856,0.477285,-1.035176,0.413915,-0.935082,0.371989,-0.866969,0.346332,-0.810329,0.329578,-0.740396,0.314756,-0.647222,0.301676,-0.534761,0.27746,-0.41707,0.238442,-0.299566,0.189426,-0.195431,0.15348,-0.124568,0.139378,-0.088498,0.135461,-0.069959,0.12138,-0.069334,0.114648,-0.083992,0.107128,-0.101463,0.087191,-0.10643,0.036004
0,-0.764123,-0.001808,-0.906885,-0.064661,-1.046026,-0.17489,-1.180894,-0.33905,-1.272328,-0.54697,-1.280478,-0.79205,-1.215674,-1.068205,-1.114044,-1.376716,-1.002938,-1.711928,-0.859294,-2.063041,-0.643263,-2.391094,-0.352812,-2.683643,-0.012806,-2.943043,0.366516,-3.153032,0.744273,-3.297661,1.063901,-3.317349,1.288887,-3.1548,1.429218,-2.826277,1.576954,-2.400509,1.840028,-1.92717,2.264969,-1.417253,2.790965,-0.892472,3.287968,-0.38002,3.637078,0.113781,3.741169,0.623869,3.543068,1.146352,3.091482,1.638998,2.502108,2.058476,1.869325,2.391292,1.228026,2.670004,0.63414,2.921385,0.126381,3.134206,-0.293307,3.289517,-0.640318,3.388255,-0.934842,3.434988,-1.200439,3.416768,-1.46056,3.310761,-1.722314,3.092671,-1.942738,2.80369,-2.077228,2.487769,-2.146358,2.131904,-2.163919,1.730438,-2.123495,1.313299,-2.004799,0.906332,-1.825515,0.52281,-1.647537,0.15272,-1.515281,-0.21479,-1.435067,-0.590534,-1.39423,-0.979837,-1.374289,-1.374036,-1.338721,-1.772304,-1.243701,-2.148273,-1.041073,-2.479366,-0.738746,-2.737984,-0.388195,-2.921383,-0.044656,-3.048499,0.242544,-3.153123,0.462932,-3.261608,0.629184,-3.391948,0.749979,-3.531707,0.85086,-3.618019,0.996168,-3.556847,1.204599,-3.264847,1.487354,-2.731956,1.87875,-2.015153,2.345868,-1.194654,2.771132,-0.349841,3.065869,0.439354,3.208515,1.107054,3.169433,1.649271,2.915711,2.118886,2.46816,2.530442,1.893306,2.871824,1.279077,3.118005,0.648092,3.272582,0.040862,3.276763,-0.494603,3.093379,-0.873145,2.769176,-1.109555,2.380265,-1.258242,1.978074,-1.351181,1.604294,-1.364169,1.292912,-1.290746,1.051163,-1.155843,0.886558,-1.001903,0.787122,-0.845032,0.728056,-0.701524,0.687713,-0.588159,0.64154,-0.512566,0.587327,-0.469989,0.532444,-0.448603,0.49058,-0.428184,0.461164,-0.40085,0.425186,-0.348068,0.370942,-0.280752,0.292114,-0.214323,0.200228,-0.151813,0.100403,-0.101994,0.00673,-0.071172,-0.052735,-0.072132,-0.062519
0,-0.054596,0.218143,-0.134654,0.245651,-0.233314,0.264335,-0.346683,0.265001,-0.480084,0.227633,-0.649971,0.155186,-0.878343,0.063413,-1.122991,-0.030775,-1.338509,-0.163038,-1.540395,-0.399341,-1.750858,-0.762888,-1.931955,-1.256768,-1.970986,-1.815299,-1.80197,-2.327211,-1.472095,-2.697367,-1.072545,-2.927041,-0.675947,-3.125036,-0.317178,-3.375368,-0.025944,-3.649601,0.19492,-3.881387,0.348853,-3.973704,0.490977,-3.84945,0.716713,-3.553859,1.053444,-3.100307,1.450969,-2.467527,1.818279,-1.680889,2.079708,-0.810544,2.225309,0.08644,2.267465,0.930477,2.195764,1.676992,2.009348,2.334111,1.780458,2.879639,1.559537,3.27422,1.347343,3.49827,1.134826,3.588716,0.92623,3.58689,0.721067,3.521416,0.503581,3.384763,0.269792,3.169932,0.015182,2.89856,-0.281728,2.603862,-0.609793,2.293248,-0.915456,1.956231,-1.152509,1.589073,-1.322469,1.224871,-1.461943,0.872034,-1.586808,0.517404,-1.694044,0.141722,-1.81496,-0.255915,-1.972297,-0.644339,-2.154571,-0.990596,-2.300431,-1.308833,-2.344601,-1.629825,-2.269479,-1.982414,-2.088682,-2.378613,-1.818545,-2.758561,-1.492083,-3.076077,-1.147022,-3.329809,-0.832988,-3.526947,-0.556625,-3.652012,-0.249118,-3.730801,0.146803,-3.752937,0.629461,-3.692915,1.136621,-3.519213,1.597689,-3.189772,1.974708,-2.698484,2.262944,-2.095303,2.450434,-1.44265,2.521244,-0.768122,2.479698,-0.060909,2.350393,0.70307,2.16962,1.486336,1.942116,2.210786,1.687143,2.792628,1.412689,3.184891,1.142622,3.360203,0.88473,3.339719,0.640977,3.149446,0.429745,2.868491,0.229837,2.54514,0.01259,2.206006,-0.233043,1.882393,-0.508831,1.611009,-0.771977,1.408168,-0.952297,1.245008,-1.010226,1.094412,-0.965022,0.937333,-0.851313,0.757786,-0.712079,0.563549,-0.566657,0.387582,-0.430208,0.247383,-0.318409,0.155272,-0.238594,0.11817,-0.185302,0.14099,-0.159567,0.207772,-0.158407,0.275016,-0.182097,0.298103,-0.210488,0.263675,-0.230408,0.181504,-0.213083,0.076259
0,-0.578803,0.104859,-0.74762,0.030057,-0.939066,-0.044306,-1.12753,-0.116057,-1.330377,-0.221163,-1.529553,-0.371204,-1.708348,-0.586177,-1.866427,-0.828809,-1.988811,-1.17861,-2.064476,-1.642167,-2.048051,-2.173659,-1.902148,-2.719983,-1.624144,-3.178555,-1.231238,-3.506895,-0.744793,-3.725361,-0.211416,-3.832525,0.313523,-3.816775,0.816857,-3.66953,1.319692,-3.386966,1.813146,-3.000198,2.249874,-2.50318,2.594743,-1.876214,2.801338,-1.170057,2.87015,-0.451288,2.821701,0.214196,2.664892,0.834712,2.411489,1.460181,2.100932,2.11587,1.77402,2.743899,1.459325,3.26046,1.154497,3.619245,0.866003,3.81581,0.580825,3.865077,0.304174,3.801102,0.029161,3.644219,-0.248215,3.421127,-0.552836,3.143194,-0.883469,2.822787,-1.193569,2.473974,-1.448672,2.108521,-1.618357,1.739403,-1.710598,1.370917,-1.755021,0.975251,-1.76647,0.548565,-1.769883,0.113339,-1.785716,-0.287504,-1.816942,-0.616302,-1.841155,-0.88119,-1.820243,-1.110454,-1.726152,-1.341184,-1.561438,-1.603409,-1.359439,-1.919868,-1.13069,-2.262872,-0.872985,-2.597433,-0.596458,-2.901529,-0.329563,-3.158478,-0.093677,-3.354126,0.10362,-3.480456,0.292222,-3.522404,0.519861,-3.452687,0.847321,-3.248586,1.313963,-2.901329,1.885558,-2.412106,2.467232,-1.782714,2.967975,-1.033063,3.316005,-0.241951,3.450875,0.531395,3.351281,1.297013,3.068057,2.042044,2.673785,2.693967,2.198399,3.185294,1.672089,3.476548,1.111146,3.572053,0.5511,3.516353,0.042934,3.36367,-0.379791,3.138657,-0.710972,2.847582,-0.997312,2.518434,-1.247824,2.188297,-1.433198,1.867583,-1.526871,1.57183,-1.525484,1.346338,-1.449235,1.196235,-1.324687,1.076076,-1.170899,0.953817,-1.02077,0.808819,-0.898495,0.645435,-0.793938,0.47184,-0.694366,0.30525,-0.596394,0.158044,-0.493845,0.04301,-0.395639,-0.038117,-0.318541,-0.096576,-0.263978,-0.138703,-0.229487,-0.162479,-0.194067,-0.163113,-0.146263,-0.138403,-0.078692,-0.107294,-0.005825,-0.091245,0.042201,-0.080857
0,0.067929,0.098323,0.077071,0.09504,0.073862,0.088299,0.054464,0.079993,0.02175,0.071107,-0.020531,0.066943,-0.063317,0.066641,-0.098532,0.072154,-0.117134,0.082542,-0.109069,0.089277,-0.089041,0.091355,-0.078419,0.088678,-0.095341,0.078342,-0.142768,0.059522,-0.197455,0.028955,-0.250352,-0.002531,-0.299435,-0.016871,-0.347032,-0.013962,-0.390742,0.001429,-0.418148,0.027921,-0.432596,0.051988,-0.446575,0.063098,-0.473163,0.058869,-0.502221,0.026393,-0.528956,-0.036595,-0.572194,-0.127347,-0.638445,-0.252007,-0.726547,-0.409201,-0.84102,-0.612462,-0.981102,-0.884861,-1.155095,-1.263388,-1.35701,-1.785594,-1.517902,-2.432218,-1.551594,-3.204048,-1.392741,-4.066625,-1.025121,-4.83546,-0.449753,-5.383049,0.304517,-5.624216,1.118118,-5.543445,1.938974,-5.063226,2.741838,-4.256564,3.547383,-3.104949,4.257166,-1.579731,4.556535,0.163337,4.344624,1.889496,3.72794,3.389251,2.882338,4.503146,1.993213,5.151123,1.154827,5.353963,0.370552,5.260556,-0.287493,4.913942,-0.827508,4.298273,-1.314422,3.417838,-1.836504,2.37361,-2.407944,1.305621,-2.977698,0.343925,-3.472717,-0.466098,-3.848583,-1.178686,-4.04883,-1.866764,-4.003858,-2.568381,-3.670187,-3.271913,-3.076404,-3.966377,-2.231389,-4.586805,-1.146134,-5.034681,0.134767,-5.140707,1.529892,-4.811645,2.896243,-4.121709,4.013504,-3.185995,4.691137,-2.106511,4.874932,-0.911225,4.64245,0.355339,4.116787,1.549031,3.409788,2.56282,2.622863,3.358297,1.82426,3.938587,1.074586,4.321203,0.424126,4.45996,-0.09433,4.28441,-0.473364,3.81313,-0.807055,3.150678,-1.109658,2.417429,-1.306524,1.733075,-1.382397,1.210813,-1.396743,0.892633,-1.376664,0.751818,-1.284659,0.740368,-1.120617,0.790507,-0.925943,0.819296,-0.719692,0.774367,-0.51689,0.652807,-0.326892,0.485982,-0.177126,0.331827,-0.10303,0.218227,-0.085854,0.13964,-0.10372,0.072425,-0.122674,0.014187,-0.121061,-0.034201,-0.086256,-0.070334,-0.028229,-0.079898,0.023581,-0.048792
0,-0.084471,0.108764,-0.060977,0.070191,-0.027661,0.026508,0.00893,0.00471,0.03591,0.009835,0.04744,0.032679,0.037084,0.058781,0.011768,0.081549,-0.011701,0.087811,-0.031071,0.078353,-0.040456,0.060847,-0.034881,0.046665,-0.01364,0.038086,0.014147,0.039467,0.041854,0.043909,0.062795,0.047491,0.078556,0.047227,0.085489,0.039247,0.084961,0.02958,0.072148,0.028575,0.047473,0.044483,0.008589,0.076357,-0.060321,0.122748,-0.192892,0.178578,-0.418458,0.235401,-0.743657,0.27668,-1.138492,0.25285,-1.53318,0.114367,-1.840442,-0.167485,-2.029201,-0.635314,-2.12795,-1.304869,-2.123107,-2.148154,-1.975286,-3.102121,-1.695971,-4.050471,-1.290469,-4.900865,-0.729054,-5.585217,0.007716,-6.013197,0.869131,-6.007078,1.737045,-5.409625,2.516499,-4.290773,3.20782,-2.864381,3.791091,-1.259554,4.163258,0.416874,4.215182,1.988103,3.941921,3.280698,3.414846,4.198813,2.72661,4.739551,1.993492,4.952901,1.262227,4.895195,0.566091,4.642084,-0.091309,4.278203,-0.687265,3.857859,-1.220994,3.397771,-1.762106,2.888474,-2.370728,2.293386,-3.003935,1.594033,-3.606534,0.804701,-4.083219,-0.070936,-4.334889,-1.045409,-4.300673,-2.073663,-3.956959,-3.065264,-3.313622,-3.952744,-2.445931,-4.744788,-1.454878,-5.377851,-0.442951,-5.718514,0.528397,-5.66389,1.465481,-5.143728,2.419534,-4.239902,3.381911,-3.102499,4.205861,-1.840067,4.704188,-0.426868,4.820111,1.038106,4.575051,2.37947,4.058844,3.461642,3.383864,4.241912,2.611394,4.752299,1.802072,4.992194,1.008419,4.937504,0.292972,4.598052,-0.296502,4.014582,-0.771684,3.259665,-1.197241,2.449551,-1.582465,1.699918,-1.861627,1.084662,-2.009861,0.641723,-2.019088,0.382973,-1.881127,0.284674,-1.591597,0.310145,-1.20764,0.395943,-0.821427,0.462962,-0.495867,0.463893,-0.264995,0.397129,-0.121999,0.292514,-0.055681,0.18024,-0.027497,0.086709,0.012695,0.00408,0.046906,-0.060384,0.044312,-0.092724,-0.001949,-0.101708,-0.071255,-0.099481
0,-1.191347,-0.710533,-1.257021,-0.977225,-1.343161,-1.301487,-1.411357,-1.699809,-1.401286,-2.161524,-1.283763,-2.646286,-1.062017,-3.065881,-0.743695,-3.33951,-0.355408,-3.48041,0.090142,-3.493545,0.59061,-3.331642,1.123518,-2.969462,1.630603,-2.433993,2.093452,-1.819217,2.48631,-1.249606,2.793645,-0.782562,2.975792,-0.379862,2.993998,0.01904,2.844176,0.434322,2.588721,0.860181,2.298898,1.299271,1.99932,1.746366,1.684529,2.164981,1.349435,2.521191,1.013302,2.786763,0.690908,2.963667,0.402894,3.060223,0.167183,3.091,-0.057838,3.035432,-0.28541,2.908382,-0.504238,2.753173,-0.702938,2.592013,-0.886061,2.422632,-1.06516,2.232389,-1.242336,2.026461,-1.408437,1.806602,-1.554359,1.579046,-1.678804,1.34161,-1.779591,1.087841,-1.85833,0.82427,-1.906392,0.545502,-1.919478,0.239809,-1.914175,-0.093216,-1.9068,-0.452226,-1.895602,-0.829229,-1.856973,-1.21431,-1.771108,-1.606723,-1.638072,-1.999851,-1.472512,-2.395776,-1.285722,-2.789948,-1.075163,-3.155628,-0.83285,-3.451149,-0.575464,-3.664231,-0.316125,-3.784904,-0.058752,-3.799512,0.209476,-3.698936,0.507299,-3.482153,0.83121,-3.158443,1.195015,-2.732781,1.619203,-2.225556,2.072312,-1.675619,2.4836,-1.102883,2.763582,-0.526768,2.854808,0.025508,2.771227,0.547817,2.587073,1.042564,2.333428,1.50043,2.020887,1.908405,1.676587,2.251962,1.339369,2.508296,1.035436,2.662683,0.76271,2.725938,0.522082,2.715859,0.309924,2.66063,0.101651,2.599817,-0.126805,2.543886,-0.376492,2.466352,-0.642443,2.333958,-0.889844,2.138165,-1.08283,1.875835,-1.20337,1.56185,-1.256896,1.241733,-1.252665,0.954839,-1.206614,0.731132,-1.120924,0.562315,-1.010029,0.433852,-0.87886,0.340973,-0.741935,0.267605,-0.616315,0.193068,-0.509264,0.114596,-0.416087,0.032756,-0.344617,-0.043647,-0.303611,-0.095131,-0.278172,-0.111124,-0.251062,-0.097835,-0.208532,-0.075526,-0.162308,-0.056452,-0.119295,-0.034231,-0.082444,-0.010566,-0.05125,0.000996
0,-0.893702,-0.673936,-1.023164,-0.91474,-1.151905,-1.206745,-1.274597,-1.566618,-1.36843,-2.035585,-1.404357,-2.627444,-1.344304,-3.265869,-1.16123,-3.828033,-0.847457,-4.181161,-0.419809,-4.24333,0.123917,-4.014343,0.770023,-3.567523,1.467326,-2.998598,2.145566,-2.410681,2.726045,-1.861277,3.132629,-1.352375,3.324428,-0.845279,3.323091,-0.323182,3.184677,0.191481,2.959467,0.655247,2.64993,1.068651,2.26819,1.467563,1.847918,1.879099,1.413876,2.296372,0.984647,2.677381,0.580774,2.982727,0.202534,3.18377,-0.129536,3.275326,-0.433119,3.252336,-0.728302,3.141237,-1.023017,2.97166,-1.326442,2.774584,-1.616919,2.556247,-1.867242,2.314563,-2.058767,2.031818,-2.181087,1.700046,-2.242367,1.319014,-2.243425,0.916373,-2.18173,0.527589,-2.081357,0.18482,-1.978004,-0.097473,-1.886351,-0.318587,-1.808297,-0.501935,-1.728933,-0.668231,-1.63057,-0.824595,-1.499273,-0.967303,-1.348082,-1.100012,-1.183184,-1.236495,-0.994417,-1.386772,-0.779798,-1.555988,-0.571839,-1.741367,-0.404983,-1.953776,-0.288158,-2.208107,-0.190924,-2.470184,-0.058284,-2.710849,0.119614,-2.878394,0.323633,-2.934708,0.520234,-2.851208,0.675385,-2.617978,0.809977,-2.274251,0.964952,-1.868203,1.157801,-1.443362,1.372633,-1.044782,1.582797,-0.718595,1.770399,-0.487024,1.916096,-0.316073,1.999313,-0.152875,2.024033,0.052293,1.994506,0.313242,1.887706,0.623562,1.7035,0.953336,1.485854,1.259178,1.269208,1.502591,1.053406,1.664148,0.85377,1.735073,0.675767,1.731987,0.512105,1.682296,0.36514,1.623454,0.221191,1.579581,0.080372,1.568983,-0.048853,1.591743,-0.147462,1.643753,-0.200133,1.690262,-0.212147,1.691137,-0.208379,1.600516,-0.219703,1.412179,-0.242451,1.171178,-0.26559,0.921309,-0.293687,0.703658,-0.314981,0.540548,-0.323394,0.453618,-0.306984,0.430149,-0.27611,0.451874,-0.244675,0.485491,-0.226495,0.499423,-0.214689,0.472388,-0.202608,0.399372,-0.193191,0.299681,-0.187441,0.207138,-0.180229,0.143255
0,-1.112498,-1.431251,-1.064411,-1.865196,-0.991524,-2.332942,-0.889349,-2.814362,-0.732087,-3.301563,-0.463184,-3.755848,-0.073243,-4.059293,0.407215,-4.135658,0.942695,-3.980563,1.509572,-3.602582,2.098361,-3.048744,2.655635,-2.398149,3.103755,-1.733133,3.423224,-1.122676,3.620185,-0.601172,3.655015,-0.143127,3.478038,0.28504,3.094748,0.672425,2.551715,1.024778,1.937917,1.382022,1.328853,1.770187,0.776068,2.174757,0.290108,2.562657,-0.131387,2.905871,-0.471055,3.18128,-0.730717,3.36612,-0.92916,3.448189,-1.123751,3.409642,-1.354402,3.245452,-1.628033,3.004536,-1.909877,2.765316,-2.166467,2.562697,-2.352152,2.365839,-2.440822,2.125194,-2.442151,1.805206,-2.386154,1.404565,-2.290921,0.943767,-2.163418,0.42589,-2.038813,-0.121835,-1.927104,-0.665153,-1.814711,-1.17993,-1.687547,-1.671536,-1.545681,-2.140869,-1.387047,-2.586818,-1.233714,-2.962699,-1.104648,-3.228611,-0.985949,-3.398186,-0.846181,-3.497023,-0.653479,-3.517551,-0.392591,-3.471796,-0.053299,-3.396461,0.356682,-3.306308,0.786058,-3.194212,1.193338,-3.006952,1.595581,-2.687898,1.992635,-2.201689,2.343252,-1.5743,2.587708,-0.910179,2.732034,-0.323859,2.804101,0.131797,2.820832,0.49166,2.75113,0.831933,2.586698,1.185118,2.332899,1.537619,2.021208,1.864008,1.671851,2.143041,1.303094,2.375573,0.947249,2.581559,0.628388,2.766159,0.341992,2.903353,0.098951,2.984363,-0.126133,2.988473,-0.352285,2.899803,-0.585697,2.728238,-0.81659,2.492996,-1.024251,2.215113,-1.190082,1.93217,-1.301664,1.678622,-1.356517,1.461252,-1.367207,1.258729,-1.351435,1.063067,-1.313986,0.876882,-1.262401,0.700396,-1.195434,0.538921,-1.094105,0.399134,-0.960969,0.279901,-0.811386,0.179705,-0.682853,0.115071,-0.596916,0.084365,-0.541255,0.069702,-0.476111,0.064817,-0.409426,0.060468,-0.344933,0.060184,-0.277408,0.061971,-0.192705,0.05015,-0.107383,0.018667,-0.036393,-0.023668,0.019651,-0.070175,0.063246,-0.105037,0.093651,-0.112471
0,-1.569677,-2.510409,-1.417337,-3.072981,-1.23567,-3.653329,-0.983968,-4.183808,-0.621946,-4.587773,-0.136448,-4.772635,0.488537,-4.667528,1.201444,-4.276544,1.914533,-3.705301,2.586942,-3.052427,3.202331,-2.338697,3.692253,-1.59876,3.982823,-0.894898,4.051931,-0.240538,3.917793,0.387968,3.584937,0.990512,3.093624,1.559837,2.484683,2.0853,1.834602,2.535373,1.209742,2.889265,0.650514,3.143924,0.166379,3.310016,-0.226747,3.400323,-0.53538,3.423419,-0.774818,3.385422,-0.965006,3.292987,-1.141423,3.164135,-1.335056,3.009997,-1.534676,2.827454,-1.714226,2.610754,-1.849313,2.369671,-1.932246,2.12252,-1.975605,1.874398,-1.985832,1.624382,-1.984779,1.367187,-1.971618,1.082959,-1.950845,0.767796,-1.929054,0.41848,-1.899482,0.042434,-1.861199,-0.342678,-1.803769,-0.716952,-1.736832,-1.065513,-1.652607,-1.384318,-1.551961,-1.674769,-1.436437,-1.940201,-1.302734,-2.180803,-1.149998,-2.390395,-0.9743,-2.553376,-0.784409,-2.677449,-0.587923,-2.751139,-0.379306,-2.77594,-0.153533,-2.759047,0.101888,-2.714189,0.384795,-2.656367,0.673506,-2.591588,0.959476,-2.488358,1.258769,-2.327364,1.573074,-2.088981,1.888429,-1.767149,2.197205,-1.378284,2.490154,-0.95815,2.749546,-0.549744,2.920302,-0.179028,2.969615,0.163413,2.911839,0.507751,2.767955,0.873428,2.531752,1.263635,2.212821,1.650394,1.837345,2.008532,1.432735,2.324004,1.054734,2.595025,0.737131,2.80424,0.487657,2.935333,0.304947,2.966084,0.151181,2.887037,0.001689,2.706144,-0.142156,2.466423,-0.285477,2.198685,-0.441835,1.945891,-0.597238,1.727133,-0.73487,1.547645,-0.842091,1.397548,-0.899844,1.254053,-0.916859,1.098173,-0.905844,0.928508,-0.878202,0.745556,-0.836903,0.564939,-0.778855,0.398667,-0.693532,0.265103,-0.577387,0.174201,-0.447274,0.125379,-0.334255,0.105337,-0.256674,0.101858,-0.225151,0.099974,-0.239241,0.09207,-0.284461,0.062264,-0.34161,0.01738,-0.390254,-0.029713,-0.415924,-0.06736,-0.411344,-0.091967
0,0.023136,0.036127,0.012227,0.031354,0.000356,0.037063,-0.011799,0.054078,-0.016596,0.073283,-0.016083,0.092224,-0.015418,0.109667,-0.012849,0.122752,-0.002652,0.13503,0.014225,0.14037,0.027974,0.146933,0.037314,0.16821,0.03627,0.195332,0.018607,0.222416,-0.01042,0.242387,-0.056818,0.254716,-0.130152,0.28124,-0.229623,0.329638,-0.334621,0.386272,-0.442308,0.42981,-0.554841,0.434975,-0.700136,0.386637,-0.917807,0.264379,-1.227642,0.038795,-1.586371,-0.301227,-1.910378,-0.686677,-2.168318,-1.087058,-2.355162,-1.482737,-2.488575,-1.895494,-2.553214,-2.363383,-2.460119,-2.884476,-2.124049,-3.442997,-1.543693,-4.002484,-0.726426,-4.534839,0.266933,-4.920815,1.340871,-4.983315,2.397089,-4.598097,3.328011,-3.797562,4.02165,-2.721537,4.399704,-1.514829,4.432375,-0.274148,4.152637,0.883469,3.651141,1.860487,3.037153,2.621351,2.382216,3.169125,1.710413,3.526342,1.05314,3.716615,0.440163,3.795463,-0.107058,3.791026,-0.592131,3.70808,-1.033038,3.542621,-1.435014,3.302656,-1.835527,2.976834,-2.247166,2.54997,-2.645187,2.011266,-3.003256,1.378314,-3.29027,0.69164,-3.483802,-0.021967,-3.537355,-0.747572,-3.412499,-1.462072,-3.073695,-2.166072,-2.535883,-2.858992,-1.846399,-3.531346,-1.066561,-4.113145,-0.229042,-4.546721,0.617849,-4.750685,1.451463,-4.576412,2.260093,-3.97027,2.980649,-3.017859,3.520014,-1.897697,3.821503,-0.703788,3.824189,0.448432,3.510478,1.470875,3.004682,2.292671,2.404462,2.902072,1.754148,3.321998,1.108185,3.567999,0.495289,3.65305,-0.063828,3.594083,-0.561133,3.408367,-0.993474,3.104593,-1.382945,2.72772,-1.730854,2.334775,-1.998586,1.966427,-2.103514,1.640569,-2.01481,1.350825,-1.788552,1.052124,-1.458329,0.743895,-1.082012,0.450516,-0.686671,0.190519,-0.333089,-0.003188,-0.072759,-0.066066,0.081523,-0.031588,0.133962,0.047173,0.114918,0.137135,0.064055,0.198649,-0.003607,0.219211,-0.071378,0.201089,-0.128734,0.160134,-0.170538,0.121476
0,-0.062154,0.102614,-0.067795,0.092237,-0.059858,0.083067,-0.047211,0.081007,-0.035115,0.07809,-0.0227,0.069867,-0.011717,0.053675,-0.002482,0.034821,-0.00568,0.024187,-0.024878,0.031812,-0.045021,0.051518,-0.056646,0.066774,-0.066241,0.079346,-0.065592,0.093997,-0.053258,0.122648,-0.038382,0.164952,-0.044401,0.20444,-0.081268,0.229768,-0.146808,0.234486,-0.245988,0.215063,-0.402432,0.156062,-0.643061,0.065041,-0.953355,-0.05295,-1.2747,-0.20243,-1.547395,-0.414088,-1.758483,-0.741586,-1.928415,-1.217269,-2.027459,-1.855533,-1.989021,-2.633096,-1.773018,-3.427427,-1.408887,-4.065549,-0.91985,-4.51549,-0.288071,-4.799753,0.50639,-4.894849,1.409148,-4.750509,2.299147,-4.26754,3.002661,-3.394293,3.41675,-2.17984,3.511127,-0.76109,3.346403,0.658122,3.009211,1.912604,2.578783,2.904781,2.110048,3.612657,1.620347,4.05794,1.174488,4.258676,0.811202,4.273492,0.526458,4.170033,0.284984,4.006101,0.040676,3.814118,-0.241882,3.568892,-0.602421,3.198796,-1.024874,2.661341,-1.473298,1.964146,-1.898185,1.149131,-2.255635,0.303369,-2.509182,-0.517307,-2.646566,-1.281947,-2.663948,-1.980836,-2.592864,-2.640176,-2.463327,-3.316368,-2.261585,-3.974888,-1.891812,-4.542946,-1.30581,-4.894005,-0.560093,-4.946199,0.242871,-4.694238,1.026294,-4.182014,1.759605,-3.450916,2.429161,-2.577291,2.969759,-1.626139,3.297684,-0.609676,3.394982,0.410704,3.270907,1.34124,2.957354,2.125743,2.498255,2.761693,1.981589,3.244671,1.478808,3.587491,1.044711,3.767233,0.663142,3.756706,0.33083,3.539005,0.046665,3.124882,-0.208205,2.584644,-0.448491,2.021392,-0.667725,1.504418,-0.829159,1.086739,-0.910405,0.806814,-0.898937,0.669439,-0.822389,0.629933,-0.709524,0.629145,-0.577746,0.606338,-0.443773,0.540563,-0.332999,0.442088,-0.255635,0.339261,-0.21585,0.239135,-0.201328,0.140306,-0.199346,0.040201,-0.210676,-0.044345,-0.21966,-0.100068,-0.207929,-0.12809,-0.170254,-0.132583,-0.112244,-0.103209
0,0.039286,0.039279,0.065561,0.056534,0.076403,0.080881,0.071061,0.104323,0.061108,0.116982,0.049492,0.108766,0.033939,0.084524,0.021043,0.056404,0.015104,0.036613,0.007732,0.029726,-0.003012,0.034403,-0.0234,0.04805,-0.04916,0.069584,-0.077766,0.101321,-0.107991,0.134295,-0.156033,0.165608,-0.225896,0.190595,-0.326395,0.190272,-0.452732,0.157704,-0.604766,0.082644,-0.778757,-0.041332,-0.995048,-0.252268,-1.269008,-0.58559,-1.596642,-1.040391,-1.939301,-1.590546,-2.226799,-2.225091,-2.36631,-2.881687,-2.216328,-3.497999,-1.780619,-4.057698,-1.142432,-4.520296,-0.392294,-4.914087,0.423007,-5.225777,1.240749,-5.387778,1.998794,-5.282994,2.636762,-4.829504,3.093812,-4.04485,3.334085,-2.996022,3.367179,-1.731001,3.231726,-0.33362,3.000732,1.025655,2.724801,2.204741,2.421722,3.157643,2.127252,3.86399,1.839574,4.336004,1.551336,4.606441,1.225086,4.734629,0.858274,4.766418,0.472195,4.703797,0.082183,4.520848,-0.301832,4.193039,-0.713276,3.691812,-1.200805,3.008401,-1.73707,2.151783,-2.224369,1.180198,-2.606368,0.144158,-2.858393,-0.893655,-2.970793,-1.866679,-2.921925,-2.698049,-2.732799,-3.410687,-2.452374,-4.021607,-2.118051,-4.496019,-1.694026,-4.730097,-1.166087,-4.673061,-0.576776,-4.355841,0.052197,-3.860612,0.709118,-3.264127,1.373502,-2.630186,2.023379,-1.978039,2.64845,-1.264676,3.15237,-0.474224,3.410794,0.361733,3.354182,1.191416,3.028302,1.95269,2.534032,2.587239,1.971395,3.037101,1.38584,3.301603,0.836997,3.405558,0.366538,3.364276,-0.010883,3.213452,-0.284834,2.996941,-0.485201,2.741617,-0.663969,2.482965,-0.839487,2.229587,-0.98106,1.96526,-1.042753,1.683037,-1.018362,1.402935,-0.936148,1.149374,-0.82553,0.933424,-0.703308,0.753252,-0.581144,0.603259,-0.479442,0.487159,-0.418792,0.391988,-0.38435,0.298295,-0.354242,0.195571,-0.315979,0.092223,-0.278383,0.012787,-0.230798,-0.04063,-0.165651,-0.078536,-0.100349,-0.099092,-0.061038,-0.096976
0,0.048519,0.016262,0.040455,3.7e-05,0.032841,-0.003322,0.026178,0.011895,0.015719,0.038545,0.004823,0.069006,-0.002242,0.095191,0.008771,0.112305,0.033613,0.130806,0.072321,0.164951,0.112303,0.227038,0.141617,0.311237,0.142704,0.398139,0.091828,0.463464,-0.024971,0.481918,-0.204747,0.424288,-0.4651,0.271708,-0.8166,0.021987,-1.250532,-0.311648,-1.691957,-0.690461,-2.052757,-1.101461,-2.256889,-1.542301,-2.290974,-2.035547,-2.186058,-2.573286,-1.976621,-3.108408,-1.653372,-3.616096,-1.197112,-4.066694,-0.617205,-4.446562,0.072347,-4.694535,0.820614,-4.701775,1.568897,-4.425155,2.258496,-3.883182,2.814038,-3.131469,3.17705,-2.193112,3.324739,-1.131236,3.267604,-0.029531,3.052009,1.028882,2.745625,2.000571,2.391185,2.858016,2.020288,3.556698,1.617339,4.05584,1.207184,4.3542,0.824987,4.47535,0.480563,4.434677,0.17165,4.224472,-0.127735,3.859239,-0.445427,3.368401,-0.807293,2.774637,-1.179956,2.116883,-1.538925,1.429639,-1.87357,0.723021,-2.166839,0.004402,-2.420298,-0.708454,-2.623429,-1.409348,-2.745976,-2.069678,-2.790824,-2.702624,-2.72665,-3.359338,-2.464888,-4.003984,-1.947846,-4.515279,-1.175365,-4.742512,-0.235663,-4.612075,0.741359,-4.186002,1.647738,-3.618501,2.429059,-3.0009,3.06654,-2.307589,3.524241,-1.453817,3.755177,-0.424693,3.756373,0.668766,3.537877,1.727196,3.135655,2.682162,2.607052,3.494746,2.009777,4.112522,1.398274,4.49219,0.834063,4.592357,0.326957,4.428321,-0.118791,4.030542,-0.531551,3.45377,-0.954505,2.772225,-1.380173,2.078692,-1.724817,1.44722,-1.909398,0.921123,-1.90874,0.537514,-1.736567,0.28975,-1.464389,0.163867,-1.163105,0.119649,-0.902362,0.112964,-0.714313,0.121386,-0.611148,0.124194,-0.557875,0.11588,-0.500754,0.075571,-0.389534,-0.009569,-0.228744,-0.120379,-0.066933,-0.221045,0.047972,-0.285121,0.113115,-0.296145,0.135618,-0.261247,0.125605,-0.18372,0.094136,-0.090851,0.063163,-0.014176,0.050273,0.035782
0,0.030195,0.061135,0.024725,0.056557,0.020282,0.059661,0.015659,0.075624,0.016962,0.09713,0.021482,0.112594,0.027331,0.112378,0.031399,0.100142,0.036226,0.081726,0.037124,0.075501,0.033197,0.09241,0.033243,0.118073,0.031475,0.155097,0.024499,0.21095,0.005437,0.28544,-0.035508,0.372679,-0.098934,0.435723,-0.192704,0.444044,-0.316238,0.389485,-0.471785,0.283967,-0.658771,0.133351,-0.873274,-0.05751,-1.101142,-0.280058,-1.327588,-0.51829,-1.531842,-0.778468,-1.715144,-1.104726,-1.869973,-1.548105,-1.936483,-2.14449,-1.833695,-2.848385,-1.472413,-3.527981,-0.844759,-4.04134,-0.035642,-4.363721,0.822975,-4.491456,1.613307,-4.409569,2.260689,-4.081129,2.736022,-3.463923,3.019058,-2.540369,3.154719,-1.363359,3.187108,-0.087602,3.118171,1.116422,2.926609,2.170416,2.601254,3.043919,2.184461,3.706307,1.739872,4.146134,1.302132,4.384266,0.892119,4.446361,0.50409,4.366558,0.147965,4.143454,-0.168056,3.770574,-0.47767,3.265119,-0.831667,2.675349,-1.215539,2.048921,-1.583947,1.401022,-1.918184,0.739452,-2.217494,0.072053,-2.491371,-0.614933,-2.733367,-1.33784,-2.895876,-2.106713,-2.919086,-2.925388,-2.743813,-3.75913,-2.314464,-4.499126,-1.643539,-5.007881,-0.852223,-5.229969,-0.089691,-5.190869,0.568407,-4.926481,1.097823,-4.473783,1.504282,-3.892157,1.83321,-3.213844,2.138766,-2.399445,2.443386,-1.417371,2.712871,-0.342765,2.872189,0.715017,2.834177,1.710005,2.607625,2.592455,2.246639,3.312214,1.827548,3.80823,1.395928,4.055744,0.968274,4.048975,0.543221,3.798943,0.144234,3.365016,-0.188726,2.841036,-0.471554,2.316441,-0.725935,1.84693,-0.949921,1.453664,-1.104871,1.131511,-1.157725,0.877892,-1.108724,0.691479,-0.976357,0.575189,-0.806092,0.519603,-0.625463,0.502105,-0.456826,0.483284,-0.311527,0.447982,-0.197742,0.388318,-0.123991,0.311079,-0.091471,0.214648,-0.086008,0.099296,-0.089431,-0.011474,-0.101314,-0.090984,-0.099204,-0.133701,-0.062306,-0.127376
0,0.008735,0.022964,0.007676,0.045563,0.013766,0.072004,0.026879,0.096956,0.036238,0.108585,0.025761,0.11422,-0.003314,0.129133,-0.023311,0.15715,-0.031666,0.189515,-0.044285,0.226693,-0.072612,0.274934,-0.119678,0.332309,-0.182921,0.402043,-0.25501,0.484873,-0.328857,0.565681,-0.427825,0.628087,-0.571081,0.645207,-0.782702,0.610969,-1.058851,0.493016,-1.385628,0.264581,-1.71701,-0.062729,-1.991497,-0.477316,-2.157433,-0.949179,-2.155669,-1.468977,-1.961061,-2.01626,-1.627006,-2.540938,-1.212179,-2.98789,-0.75711,-3.353827,-0.312477,-3.621013,0.120312,-3.720189,0.580344,-3.620461,1.102143,-3.340518,1.66846,-2.874996,2.220679,-2.253771,2.68815,-1.510134,3.013099,-0.669614,3.158721,0.194146,3.111206,0.989684,2.877959,1.673841,2.531895,2.232261,2.138848,2.652403,1.715807,2.952388,1.286821,3.15051,0.852831,3.265849,0.411019,3.311161,-0.00854,3.258487,-0.381933,3.084424,-0.703672,2.79859,-1.007453,2.409217,-1.290978,1.930779,-1.570152,1.381203,-1.85737,0.812317,-2.129895,0.266199,-2.329984,-0.255112,-2.425636,-0.740439,-2.42908,-1.168938,-2.353708,-1.564556,-2.226821,-1.985523,-2.08397,-2.437061,-1.94729,-2.854269,-1.779086,-3.19475,-1.506164,-3.414113,-1.06805,-3.44877,-0.483028,-3.292847,0.220259,-2.965928,1.003321,-2.501549,1.772109,-1.966273,2.442391,-1.408298,2.959893,-0.86152,3.298025,-0.348572,3.434441,0.127137,3.34344,0.566907,3.034553,0.985055,2.560624,1.372612,1.985592,1.730893,1.375316,2.079902,0.794887,2.415975,0.278317,2.722296,-0.184675,2.963057,-0.583738,3.109093,-0.887274,3.12178,-1.104491,2.992532,-1.26571,2.725456,-1.36411,2.35154,-1.380211,1.943983,-1.294526,1.560966,-1.127895,1.22402,-0.931425,0.939889,-0.731296,0.720305,-0.525323,0.551339,-0.328024,0.407753,-0.172846,0.29258,-0.08064,0.208665,-0.058019,0.153506,-0.083928,0.10658,-0.132505,0.054997,-0.169991,-0.003471,-0.182117,-0.063789,-0.168052,-0.116431,-0.117233,-0.150313
0,0.017759,0.079144,0.000227,0.115177,-0.020181,0.144395,-0.034769,0.172682,-0.048054,0.202846,-0.066992,0.227929,-0.09041,0.249789,-0.114179,0.2632,-0.142428,0.265762,-0.171422,0.270814,-0.222872,0.279856,-0.295206,0.286955,-0.397509,0.285824,-0.560223,0.24983,-0.770665,0.172865,-1.015441,0.047583,-1.284317,-0.127838,-1.56179,-0.351191,-1.810996,-0.631404,-2.015864,-0.968823,-2.158579,-1.387024,-2.251925,-1.884236,-2.283103,-2.413454,-2.214365,-2.931611,-1.987028,-3.402838,-1.520739,-3.78753,-0.798608,-4.078586,0.096287,-4.258925,1.035367,-4.185501,1.916534,-3.796858,2.625847,-3.166492,3.093489,-2.419233,3.351754,-1.62601,3.407025,-0.838178,3.28891,-0.080887,3.069751,0.615237,2.77744,1.232952,2.4265,1.801218,2.050328,2.325947,1.66893,2.78506,1.319654,3.14002,1.013076,3.389937,0.694267,3.543544,0.363981,3.595802,0.047443,3.52406,-0.23369,3.316764,-0.495282,2.986281,-0.78121,2.563828,-1.115971,2.093549,-1.490867,1.584988,-1.89015,1.043666,-2.304462,0.478886,-2.695951,-0.076988,-3.031127,-0.598433,-3.286694,-1.100995,-3.420259,-1.607997,-3.389989,-2.128001,-3.133538,-2.66095,-2.655628,-3.225211,-1.972788,-3.705113,-1.127371,-3.947927,-0.155748,-3.917895,0.860586,-3.651687,1.826555,-3.213051,2.63834,-2.65952,3.231806,-2.017586,3.591918,-1.325813,3.733315,-0.63371,3.670413,0.022824,3.421286,0.618138,3.020205,1.127557,2.518137,1.580604,1.96691,1.992746,1.400748,2.36965,0.869383,2.702967,0.384992,2.985841,-0.055094,3.201525,-0.421878,3.311673,-0.703404,3.289946,-0.899238,3.132403,-1.05431,2.866548,-1.188109,2.522513,-1.277767,2.13502,-1.309825,1.730602,-1.278797,1.359993,-1.183962,1.061237,-1.044213,0.837049,-0.873704,0.671262,-0.692646,0.540125,-0.528373,0.419108,-0.403535,0.307997,-0.329219,0.206797,-0.276712,0.130565,-0.22128,0.070536,-0.162576,0.012544,-0.104161,-0.045717,-0.049354,-0.111481,-0.000594,-0.184359,0.038136,-0.245944,0.074208,-0.277524
0,-1.24578,0.502021,-1.60483,0.404784,-2.019881,0.247467,-2.452964,0.012369,-2.8413,-0.347483,-3.150982,-0.864562,-3.332296,-1.520106,-3.406737,-2.328394,-3.354211,-3.270582,-3.143525,-4.259666,-2.820274,-5.203097,-2.390509,-6.028423,-1.831862,-6.738118,-1.200053,-7.370408,-0.519741,-7.849145,0.147412,-8.166836,0.862514,-8.361072,1.651925,-8.490286,2.469898,-8.419022,3.294028,-7.873672,4.145294,-6.693576,5.002126,-4.996743,5.759667,-3.055796,6.335929,-1.233193,6.656211,0.374087,6.598459,1.846622,6.106897,3.20153,5.25706,4.340344,4.192842,5.181819,3.006241,5.736447,1.743621,6.084577,0.494074,6.293346,-0.652054,6.4321,-1.639383,6.540675,-2.470953,6.598096,-3.105548,6.563134,-3.463144,6.392851,-3.549866,6.048656,-3.445986,5.543099,-3.290392,4.887931,-3.17818,4.098042,-3.149689,3.200964,-3.213894,2.178868,-3.370323,1.031056,-3.552089,-0.157688,-3.692141,-1.353429,-3.763725,-2.523353,-3.754217,-3.647049,-3.653357,-4.66979,-3.453662,-5.56952,-3.124007,-6.350385,-2.642006,-6.98596,-2.048369,-7.445857,-1.407514,-7.707398,-0.746678,-7.687485,-0.021583,-7.332587,0.850234,-6.689671,1.914464,-5.830758,3.131679,-4.834688,4.366611,-3.772216,5.454871,-2.640563,6.23169,-1.416535,6.597286,-0.086078,6.527499,1.275995,6.032934,2.557503,5.200811,3.646006,4.127594,4.486796,2.914021,5.091398,1.698478,5.488865,0.548176,5.730042,-0.497785,5.823452,-1.408949,5.78903,-2.126223,5.623738,-2.600756,5.32855,-2.825958,4.912663,-2.826723,4.436355,-2.658185,3.921916,-2.364173,3.362232,-2.005998,2.762533,-1.632362,2.161536,-1.285854,1.639987,-0.971798,1.223492,-0.726617,0.898971,-0.566827,0.642546,-0.499648,0.452946,-0.503585,0.32607,-0.5435,0.247829,-0.572596,0.196442,-0.565873,0.149582,-0.513611,0.108187,-0.421172,0.082129,-0.311024,0.061988,-0.204563,0.040834,-0.126512,0.019308,-0.081274,0.001436,-0.068619,-0.024743,-0.073908,-0.070545,-0.08397,-0.126747,-0.09022,-0.166612,-0.078863,-0.152082
0,-0.018222,0.223144,-0.024948,0.244398,-0.061421,0.281389,-0.173452,0.343494,-0.400519,0.444473,-0.775382,0.577552,-1.272271,0.677452,-1.810304,0.643888,-2.292042,0.410742,-2.703983,0.025393,-3.028733,-0.458427,-3.18333,-1.066446,-3.084154,-1.785748,-2.704192,-2.644528,-2.105695,-3.648266,-1.454536,-4.702088,-0.905352,-5.613239,-0.516257,-6.230772,-0.246834,-6.576522,-0.016274,-6.702028,0.312085,-6.646457,0.854202,-6.425817,1.62402,-6.025785,2.575119,-5.388396,3.576534,-4.501301,4.475222,-3.461197,5.185954,-2.411107,5.661796,-1.387544,5.870761,-0.320394,5.78968,0.80775,5.413025,1.954383,4.762329,3.061095,3.942474,4.06145,3.000695,4.902781,1.979055,5.558784,0.917286,6.034443,-0.128896,6.327931,-1.099715,6.446254,-1.927425,6.379827,-2.564353,6.167598,-3.000017,5.842395,-3.279366,5.401836,-3.414423,4.823283,-3.443772,4.081782,-3.437462,3.169105,-3.46134,2.130524,-3.54737,1.031408,-3.670804,-0.062208,-3.757337,-1.138981,-3.771176,-2.225066,-3.706765,-3.271101,-3.586942,-4.233602,-3.418379,-5.085392,-3.202002,-5.7885,-2.891717,-6.295209,-2.442078,-6.616011,-1.829793,-6.794849,-1.067957,-6.83468,-0.180904,-6.725195,0.788207,-6.486043,1.828192,-6.073955,2.928628,-5.412489,4.032806,-4.478066,5.041969,-3.294111,5.808633,-1.908644,6.214095,-0.438942,6.245417,0.967855,5.966517,2.207778,5.415191,3.256353,4.612617,4.126149,3.619323,4.832226,2.566041,5.363343,1.519021,5.734049,0.488067,5.943676,-0.468617,5.961875,-1.290256,5.777759,-1.909856,5.414573,-2.352385,4.914804,-2.636743,4.381357,-2.774743,3.885261,-2.782619,3.388774,-2.673602,2.879891,-2.483671,2.37094,-2.208335,1.880881,-1.882798,1.450974,-1.522679,1.110039,-1.147763,0.876708,-0.812543,0.735402,-0.562962,0.645778,-0.421682,0.567521,-0.369937,0.482726,-0.376696,0.375586,-0.408326,0.256871,-0.429094,0.144108,-0.423457,0.048154,-0.38342,-0.023309,-0.308373,-0.065276,-0.210228,-0.075752,-0.122167,-0.063563,-0.061219,-0.025717
0,-0.197598,0.318115,-0.325504,0.447151,-0.488619,0.598526,-0.67772,0.71319,-0.884845,0.753366,-1.114015,0.672663,-1.387263,0.448139,-1.735709,0.104553,-2.14362,-0.32027,-2.543617,-0.81606,-2.850527,-1.414181,-2.966938,-2.130134,-2.87523,-2.952284,-2.587823,-3.817204,-2.114077,-4.595189,-1.49368,-5.205045,-0.760792,-5.692856,0.022167,-6.111238,0.791366,-6.498301,1.531902,-6.86431,2.274951,-7.132456,3.102117,-7.11841,4.014713,-6.627511,4.93066,-5.592693,5.695512,-4.101842,6.176696,-2.375647,6.32135,-0.646158,6.089057,0.934829,5.461698,2.33562,4.552565,3.539349,3.512059,4.528129,2.431733,5.289697,1.361111,5.850098,0.325121,6.251934,-0.640965,6.526417,-1.450157,6.681112,-2.08716,6.743081,-2.521213,6.685859,-2.75706,6.445729,-2.833897,6.007073,-2.810615,5.402657,-2.75561,4.641258,-2.737114,3.735695,-2.774088,2.688397,-2.876825,1.515534,-3.05679,0.255958,-3.240621,-1.005204,-3.381305,-2.240085,-3.428658,-3.380519,-3.385243,-4.364422,-3.268766,-5.210435,-3.069562,-5.926728,-2.769685,-6.48656,-2.35206,-6.906786,-1.837437,-7.218353,-1.291669,-7.377317,-0.73315,-7.327631,-0.169372,-7.021064,0.443812,-6.431271,1.210035,-5.601007,2.184646,-4.610782,3.300595,-3.540643,4.400105,-2.447261,5.28933,-1.373716,5.843391,-0.346488,6.040686,0.646053,5.891804,1.649862,5.396056,2.674419,4.606595,3.653501,3.650757,4.489412,2.628632,5.153623,1.606568,5.664935,0.658981,6.05636,-0.178628,6.289112,-0.886477,6.320272,-1.464429,6.14087,-1.941304,5.781194,-2.301196,5.290396,-2.532913,4.709519,-2.648239,4.083715,-2.667199,3.42711,-2.576267,2.770853,-2.370355,2.128035,-2.074367,1.543182,-1.7334,1.05791,-1.379736,0.709321,-1.054998,0.504436,-0.790896,0.425494,-0.615016,0.420793,-0.516352,0.447298,-0.465427,0.459518,-0.431545,0.425632,-0.409293,0.337737,-0.393418,0.214648,-0.368498,0.082436,-0.327789,-0.042895,-0.274269,-0.140021,-0.219608,-0.198248,-0.166626,-0.208845,-0.11517,-0.171715
0,-2.133903,-1.580616,-2.45785,-2.015749,-2.741136,-2.445571,-2.928535,-2.894623,-2.972566,-3.361528,-2.865943,-3.807936,-2.62125,-4.211134,-2.231704,-4.56784,-1.705734,-4.907512,-1.082739,-5.255657,-0.392532,-5.585854,0.290767,-5.871508,0.937074,-6.100592,1.526151,-6.216424,2.117852,-6.141746,2.850702,-5.763512,3.80197,-5.034157,4.89116,-3.933657,5.893741,-2.509862,6.588418,-0.92965,6.85383,0.623044,6.700372,2.011762,6.144297,3.233025,5.244144,4.296642,4.105303,5.18095,2.846337,5.841688,1.572484,6.258353,0.36664,6.492015,-0.756663,6.592741,-1.754797,6.606887,-2.57817,6.545856,-3.190622,6.36463,-3.61628,5.981014,-3.831603,5.477904,-3.896585,4.906688,-3.824058,4.292695,-3.640755,3.658209,-3.405002,2.988317,-3.164094,2.282862,-2.93688,1.597295,-2.713208,1.00064,-2.493888,0.500968,-2.278271,0.058912,-2.059436,-0.33697,-1.835046,-0.697591,-1.620774,-1.03269,-1.453196,-1.359253,-1.351321,-1.704337,-1.300185,-2.079757,-1.273021,-2.480453,-1.261735,-2.917924,-1.237523,-3.392193,-1.190733,-3.905601,-1.110157,-4.400595,-0.999173,-4.816604,-0.874265,-5.103674,-0.717687,-5.233346,-0.500906,-5.199358,-0.193632,-5.046822,0.223663,-4.837683,0.771692,-4.633295,1.434809,-4.449992,2.151605,-4.247259,2.874409,-3.907833,3.568811,-3.330036,4.18615,-2.534844,4.678242,-1.548863,4.991032,-0.384678,5.075606,0.862595,4.912881,2.092062,4.539075,3.221844,3.961586,4.223942,3.175563,5.074136,2.229896,5.722359,1.210616,6.103439,0.19615,6.163373,-0.785388,5.888344,-1.560876,5.35832,-2.144042,4.627594,-2.52894,3.804203,-2.713298,2.984845,-2.69447,2.238703,-2.480624,1.621757,-2.109973,1.178618,-1.650063,0.915313,-1.181518,0.780629,-0.771482,0.715266,-0.4679,0.674606,-0.30784,0.619669,-0.279635,0.52703,-0.320458,0.394006,-0.336446,0.24326,-0.286155,0.115401,-0.198092,0.032801,-0.112909,0.003672,-0.042947,0.006429,0.008923,0.015114,0.037508,0.019791,0.042042,0.018291,0.036057,0.010752
0,-2.284905,-0.448732,-2.518043,-0.666037,-2.704985,-0.974986,-2.82689,-1.437945,-2.840076,-2.085136,-2.754,-2.815825,-2.55326,-3.584401,-2.231936,-4.33446,-1.76889,-5.010749,-1.163007,-5.5878,-0.448954,-6.071418,0.327431,-6.453315,1.095655,-6.668949,1.819933,-6.666916,2.488413,-6.388432,3.120202,-5.823637,3.735896,-5.018128,4.335145,-3.989774,4.891807,-2.707242,5.353676,-1.270016,5.618237,0.171863,5.605303,1.510994,5.316322,2.686359,4.786234,3.709654,4.066896,4.563794,3.196134,5.266394,2.256119,5.840312,1.303213,6.271292,0.382742,6.550189,-0.472153,6.694571,-1.233363,6.711105,-1.866232,6.571851,-2.34229,6.254032,-2.670929,5.791127,-2.866569,5.217151,-2.957878,4.554526,-2.957374,3.827236,-2.876274,3.072112,-2.754737,2.319167,-2.615165,1.587278,-2.489745,0.935881,-2.413063,0.402652,-2.402984,-0.010428,-2.448479,-0.339377,-2.530694,-0.641087,-2.643809,-0.955427,-2.737767,-1.30007,-2.765742,-1.693804,-2.716874,-2.142754,-2.600619,-2.638382,-2.435821,-3.182617,-2.259187,-3.744423,-2.071573,-4.291462,-1.852031,-4.796745,-1.594866,-5.256326,-1.31596,-5.675612,-1.009033,-5.990644,-0.642427,-6.083872,-0.187428,-5.923004,0.370417,-5.559339,1.056413,-5.110672,1.888552,-4.695745,2.830457,-4.27919,3.792088,-3.712502,4.62723,-2.873129,5.243391,-1.820427,5.594333,-0.663809,5.642864,0.554629,5.389521,1.791884,4.897986,2.98148,4.211195,4.053056,3.370435,4.944237,2.423581,5.606952,1.437352,6.03031,0.48237,6.229736,-0.396047,6.196436,-1.171913,5.912302,-1.768398,5.423525,-2.219508,4.820534,-2.54305,4.207128,-2.727643,3.652772,-2.759812,3.151077,-2.637148,2.692112,-2.391807,2.270104,-2.051892,1.885484,-1.679308,1.578992,-1.332591,1.322778,-1.010844,1.06866,-0.743694,0.843166,-0.556022,0.649817,-0.452257,0.490919,-0.403381,0.351509,-0.371334,0.208753,-0.334853,0.080053,-0.271756,-0.01235,-0.196705,-0.072189,-0.134736,-0.095521,-0.086413,-0.071643,-0.056395,-0.020439,-0.056521,0.029191
0,-0.240844,-0.088333,-0.296105,-0.13561,-0.347596,-0.186408,-0.946388,-2.14243,-0.940205,-2.601756,-0.861641,-3.218291,-0.741333,-3.848574,-0.566992,-4.427626,-0.323793,-4.911192,-0.003849,-5.256545,0.37291,-5.49603,0.843575,-5.6964,1.403888,-5.87472,2.049136,-5.934021,2.801843,-5.727358,3.695808,-5.073666,4.646,-3.845754,5.448567,-2.080215,5.867358,0.001258,5.80865,2.102375,5.30359,4.017188,4.472803,5.575742,3.429895,6.714962,2.277525,7.437224,1.119411,7.799903,0.03331,7.865394,-0.937015,7.689411,-1.758775,7.324367,-2.37974,6.755762,-2.763947,5.957705,-2.908446,4.819851,-2.997784,3.801765,-2.99666,2.801558,-3.000285,1.832083,-2.981415,0.958775,-2.947243,0.309524,-2.911648,-0.13796,-2.786973,-0.448988,-2.546157,-0.633201,-2.226149,-0.715481,-1.898477,-0.741802,-1.639697,-0.742424,-1.494928,-0.745354,-1.450953,-0.779411,-1.468637,-0.878027,-1.505827,-1.06626,-1.524496,-1.326527,-1.510114,-1.614539,-1.462134,-1.889082,-1.388014,-2.121508,-1.29351,-2.290422,-1.171671,-2.388826,-1.033452,-2.441886,-0.870911,-2.480209,-0.664275,-2.544753,-0.413729,-2.652575,-0.143933,-2.796348,0.108592,-2.949204,0.333684,-3.087841,0.530614,-3.213644,0.704297,-3.300806,0.877227,-3.302771,1.085256,-3.216217,1.383602,-3.073128,1.808535,-2.842245,2.36472,-2.46521,3.007939,-1.937944,3.652456,-1.256369,4.222789,-0.395332,4.634312,0.617699,4.824188,1.746159,4.719114,2.939863,4.285908,4.091436,3.56668,5.072293,2.647151,5.810186,1.600529,6.267751,0.471974,6.434561,-0.665628,6.309011,-1.723615,5.92093,-2.597513,5.24322,-3.241197,4.342993,-3.576035,3.143138,-3.920899,1.959037,-4.185119,0.761154,-4.177167,-0.135425,-3.749489,-0.53737,-3.07055,-0.658769,-2.245508,-0.671994,-1.41337,-0.58306,-0.736654,-0.470537,-0.331383,-0.358985,-0.191999,-0.260393,-0.2058,-0.162158,-0.256187,-0.060021,-0.312762,0.029713,-0.348635,0.092474,-0.33128,0.121332,-0.264509,0.112092,-0.168634,0.083739,-0.082355,0.05515
0,-1.488379,-0.546229,-1.75736,-0.835471,-1.954563,-1.177642,-2.057817,-1.578945,-2.087317,-2.048694,-2.07355,-2.563592,-2.005028,-3.093642,-1.879268,-3.604981,-1.694697,-4.07899,-1.42235,-4.519207,-1.04178,-4.946915,-0.575106,-5.351153,-0.083016,-5.737431,0.419833,-6.071439,0.972928,-6.249907,1.671163,-6.141617,2.525704,-5.647771,3.489562,-4.79176,4.454739,-3.712406,5.282597,-2.552637,5.85614,-1.368455,6.112303,-0.144622,6.008551,1.099064,5.522251,2.289907,4.727841,3.348939,3.708759,4.231158,2.570226,4.921817,1.429678,5.466739,0.372724,5.895869,-0.54832,6.211829,-1.338195,6.437726,-1.988286,6.572251,-2.486843,6.575669,-2.805458,6.387568,-2.936875,6.028072,-2.935111,5.516993,-2.856639,4.875459,-2.752156,4.118327,-2.640403,3.273593,-2.55049,2.383179,-2.534401,1.45418,-2.594173,0.539144,-2.713135,-0.324535,-2.887447,-1.119759,-3.102142,-1.85399,-3.304518,-2.494385,-3.41464,-3.012937,-3.360159,-3.413478,-3.164011,-3.755723,-2.877461,-4.0956,-2.537802,-4.438041,-2.156507,-4.806986,-1.74185,-5.185384,-1.282728,-5.474443,-0.772507,-5.5393,-0.163402,-5.325106,0.586555,-4.909812,1.453579,-4.438221,2.380918,-4.040552,3.287161,-3.749706,4.084569,-3.518099,4.723555,-3.152568,5.177477,-2.512021,5.427627,-1.585984,5.445257,-0.462924,5.228995,0.726255,4.803798,1.875775,4.197325,2.973087,3.437063,3.990119,2.547268,4.890109,1.571801,5.632075,0.5652,6.182826,-0.450815,6.518514,-1.35769,6.631393,-2.064084,6.522589,-2.572373,6.233444,-2.869665,5.779656,-2.960908,5.135747,-2.878036,4.322148,-2.681765,3.404319,-2.442419,2.420063,-2.171134,1.518238,-1.872637,0.846148,-1.563429,0.403301,-1.292853,0.143621,-1.077556,0.017309,-0.914538,-0.001385,-0.791747,0.050144,-0.692492,0.12219,-0.592831,0.16705,-0.49267,0.172844,-0.400405,0.163117,-0.329502,0.147165,-0.26845,0.106609,-0.202519,0.043982,-0.136819,-0.024865,-0.073085,-0.075895,-0.01244,-0.102483,0.045644,-0.107088,0.090139,-0.107249
0,-0.993666,0.229517,-1.312175,-0.073124,-1.637849,-0.463866,-1.920377,-0.925858,-2.130857,-1.455131,-2.289813,-2.053219,-2.37562,-2.72704,-2.360505,-3.459776,-2.228232,-4.166189,-1.975976,-4.775828,-1.632446,-5.292095,-1.191067,-5.725788,-0.647675,-6.06143,-0.006223,-6.245976,0.77186,-6.194358,1.760382,-5.824137,2.917298,-5.117212,4.067639,-4.139166,4.997113,-3.005991,5.594565,-1.830675,5.867758,-0.675065,5.834382,0.452427,5.493525,1.541843,4.877889,2.551495,4.079397,3.416826,3.168299,4.126176,2.210091,4.705501,1.277022,5.194163,0.397595,5.588683,-0.397481,5.867265,-1.063021,6.024737,-1.585983,6.05142,-1.977179,5.930214,-2.199362,5.652518,-2.243326,5.212905,-2.170476,4.615042,-2.073667,3.882825,-2.020471,3.050297,-2.078857,2.153187,-2.23694,1.297952,-2.466062,0.562828,-2.74459,-0.018799,-3.00218,-0.442183,-3.158317,-0.78072,-3.19649,-1.102365,-3.123383,-1.421203,-2.970695,-1.731115,-2.758573,-2.055097,-2.503147,-2.429232,-2.235753,-2.865,-1.985785,-3.366319,-1.757247,-3.943362,-1.520813,-4.594223,-1.248319,-5.260757,-0.926627,-5.865344,-0.549463,-6.267287,-0.083002,-6.262731,0.529863,-5.800766,1.343875,-5.076556,2.317283,-4.341047,3.3664,-3.676229,4.33838,-2.987475,5.106079,-2.16716,5.602991,-1.169201,5.793075,-0.00997,5.629911,1.257995,5.131667,2.534247,4.33448,3.753679,3.343501,4.846807,2.306752,5.689731,1.28492,6.218846,0.285819,6.471705,-0.630209,6.502501,-1.396202,6.330285,-1.979988,5.993971,-2.364331,5.545104,-2.531054,5.002683,-2.497641,4.37389,-2.373507,3.636181,-2.24284,2.794524,-2.074514,1.925007,-1.854226,1.13696,-1.601901,0.494829,-1.339673,0.031884,-1.095752,-0.243964,-0.909389,-0.352032,-0.791661,-0.343315,-0.711564,-0.31035,-0.644515,-0.299043,-0.574647,-0.313453,-0.483041,-0.338958,-0.379468,-0.369404,-0.288518,-0.391186,-0.218643,-0.3865,-0.169792,-0.357127,-0.13817,-0.312333,-0.11398,-0.252422,-0.094179,-0.204139,-0.070145,-0.172849,-0.043196,-0.141164
0,-2.243493,-2.187424,-2.369658,-2.638126,-2.407672,-3.072946,-2.367785,-3.51365,-2.240399,-3.996994,-1.991684,-4.503226,-1.572215,-5.000685,-0.956645,-5.498278,-0.20494,-5.933019,0.601437,-6.234062,1.407135,-6.38318,2.239902,-6.345077,3.157824,-5.99108,4.21104,-5.18811,5.328639,-3.910419,6.288112,-2.321471,6.830885,-0.678446,6.820549,0.800597,6.30265,2.022498,5.431494,2.953527,4.35275,3.657258,3.195614,4.176825,2.051869,4.582207,0.983483,4.95214,0.013221,5.31654,-0.825925,5.639469,-1.495134,5.854222,-1.960574,5.902738,-2.191645,5.763574,-2.251554,5.457686,-2.191972,5.021253,-2.055943,4.510475,-1.903596,3.96623,-1.758041,3.435193,-1.632982,2.940413,-1.55584,2.494581,-1.553045,2.087512,-1.619258,1.686971,-1.72553,1.270547,-1.843508,0.801341,-1.950896,0.293983,-2.034735,-0.219682,-2.099685,-0.710252,-2.130713,-1.176256,-2.115543,-1.626296,-2.049925,-2.07867,-1.968822,-2.532875,-1.917781,-2.978761,-1.915722,-3.369467,-1.952304,-3.662714,-1.97651,-3.865368,-1.934749,-4.013552,-1.793857,-4.207572,-1.557125,-4.476345,-1.195619,-4.771408,-0.662742,-5.023954,0.039649,-5.155192,0.842585,-5.106338,1.677216,-4.867935,2.574209,-4.435188,3.563568,-3.78288,4.59744,-2.900926,5.488554,-1.833891,6.05076,-0.618853,6.150122,0.696265,5.787421,2.012603,5.000811,3.211597,3.88071,4.227109,2.590662,5.026976,1.284863,5.607135,0.062282,5.93294,-0.960002,5.973175,-1.719513,5.700251,-2.226151,5.163167,-2.511275,4.470209,-2.597285,3.720962,-2.521166,2.964552,-2.304844,2.256617,-1.998771,1.628863,-1.662428,1.116024,-1.33483,0.731527,-1.056168,0.472944,-0.832982,0.291013,-0.677562,0.149379,-0.602073,0.035375,-0.598041,-0.048601,-0.641156,-0.09389,-0.683126,-0.103313,-0.665216,-0.065884,-0.560684,-0.001623,-0.398773,0.052347,-0.219719,0.074919,-0.059828,0.082184,0.043768,0.096379,0.089464,0.109056,0.076863,0.106042,0.027416,0.091927,-0.042075,0.074624,-0.10299,0.056662,-0.137605,0.041524
0,0.065131,-0.001675,0.06811,0.008517,0.08728,0.025495,0.103935,0.040483,0.107661,0.055,0.103319,0.060788,0.095483,0.053457,0.072897,0.04461,0.035522,0.054013,-0.013322,0.088018,-0.081384,0.144899,-0.162157,0.221571,-0.249781,0.315739,-0.345589,0.432977,-0.450892,0.556507,-0.561409,0.673619,-0.706113,0.776424,-0.933843,0.830594,-1.279822,0.780268,-1.725061,0.583494,-2.203784,0.201276,-2.624558,-0.380106,-2.901705,-1.127522,-2.987923,-1.943104,-2.844507,-2.763604,-2.371811,-3.588399,-1.509167,-4.344213,-0.407452,-4.940456,0.695249,-5.326998,1.7081,-5.501729,2.557066,-5.483368,3.170777,-5.066356,3.532161,-4.219687,3.749228,-2.940505,3.793892,-1.340371,3.607763,0.372437,3.186294,1.946898,2.661144,3.174794,2.125634,4.059081,1.598163,4.65343,1.100281,4.960558,0.645362,5.008207,0.23577,4.877194,-0.148681,4.649033,-0.506106,4.344472,-0.836723,3.933479,-1.158524,3.426506,-1.491266,2.856267,-1.879711,2.237823,-2.358397,1.553757,-2.89559,0.788735,-3.416334,-0.045016,-3.83409,-0.896813,-4.094594,-1.749582,-4.14945,-2.586753,-3.957214,-3.363348,-3.472275,-4.011846,-2.623265,-4.463502,-1.419304,-4.697385,-0.047803,-4.72838,1.261901,-4.599642,2.364121,-4.316895,3.153729,-3.874219,3.638114,-3.219951,3.862797,-2.369825,3.894336,-1.427059,3.798568,-0.42512,3.577859,0.642422,3.171418,1.723806,2.567582,2.73701,1.845671,3.587013,1.083079,4.216162,0.359528,4.616748,-0.25197,4.772418,-0.715038,4.662062,-1.062871,4.288764,-1.3052,3.730432,-1.453973,3.055818,-1.558895,2.297624,-1.634611,1.528177,-1.623865,0.843251,-1.523061,0.342177,-1.364614,0.063667,-1.187323,-0.01806,-1.022341,0.044035,-0.878806,0.201641,-0.747036,0.381887,-0.627756,0.518204,-0.511049,0.561675,-0.399727,0.502313,-0.322147,0.382225,-0.275274,0.252547,-0.240351,0.151189,-0.202381,0.082964,-0.162316,0.042763,-0.117626,0.010187,-0.067695,-0.020605,-0.015128,-0.034037,0.042045,-0.022805,0.082732,0.013527
0,0.115081,0.062342,0.115767,0.080057,0.109402,0.098797,0.103298,0.116057,0.102948,0.139683,0.10828,0.165828,0.115857,0.183912,0.128833,0.189118,0.150083,0.178069,0.161788,0.168493,0.16524,0.188199,0.160906,0.25113,0.147372,0.359261,0.113665,0.495209,0.034176,0.6211,-0.117716,0.695266,-0.369905,0.687334,-0.73224,0.587225,-1.18252,0.38986,-1.647825,0.068991,-2.049363,-0.37285,-2.365712,-0.902776,-2.598325,-1.523064,-2.707317,-2.2192,-2.620772,-2.936878,-2.306163,-3.624549,-1.772753,-4.276974,-1.032877,-4.85466,-0.125244,-5.175521,0.872463,-5.027158,1.876374,-4.365264,2.744947,-3.262447,3.331038,-1.849738,3.562551,-0.334337,3.514881,1.04502,3.29617,2.171714,2.987641,2.990505,2.662139,3.526146,2.387298,3.807217,2.157887,3.871654,1.941512,3.764066,1.720868,3.526956,1.463375,3.191545,1.112339,2.790968,0.670954,2.360354,0.096064,1.908528,-0.618489,1.479656,-1.355483,1.084321,-2.02067,0.740585,-2.562334,0.407618,-2.969631,0.054047,-3.284475,-0.351954,-3.510151,-0.815457,-3.611968,-1.322248,-3.535718,-1.857232,-3.248967,-2.416901,-2.756195,-2.985132,-2.106608,-3.535482,-1.370205,-4.027915,-0.613835,-4.406587,0.127961,-4.621938,0.886207,-4.643995,1.663387,-4.334364,2.367422,-3.569828,2.871814,-2.387524,3.104188,-0.9448,3.099072,0.486667,2.929455,1.698228,2.697349,2.578577,2.426231,3.111821,2.113584,3.356622,1.79309,3.395136,1.484377,3.29844,1.200571,3.120676,0.958502,2.878818,0.74205,2.588515,0.457442,2.262236,0.092333,1.896457,-0.256064,1.511638,-0.498801,1.142708,-0.636915,0.838233,-0.711693,0.621647,-0.754287,0.496567,-0.768854,0.431398,-0.750795,0.390928,-0.717636,0.350562,-0.689728,0.286345,-0.663704,0.205166,-0.615423,0.126666,-0.537635,0.075288,-0.448324,0.05564,-0.365441,0.063224,-0.297403,0.069452,-0.2381,0.067083,-0.184845,0.049207,-0.122908,0.015925,-0.029809,-0.013139,0.083216,-0.02698,0.168477,-0.024912,0.214475,-0.010581
0,0.13676,-0.050369,0.126265,-0.034409,0.084308,-0.026266,0.019662,-0.006354,-0.06125,0.01293,-0.14772,0.009472,-0.257269,-0.043688,-0.403395,-0.144488,-0.582045,-0.287507,-0.79047,-0.472592,-0.991493,-0.685255,-1.13075,-0.913376,-1.168079,-1.139853,-1.096563,-1.362117,-0.972035,-1.582135,-0.874294,-1.817618,-0.770659,-2.093845,-0.58462,-2.366644,-0.253072,-2.563978,0.240654,-2.618608,0.805252,-2.512895,1.331014,-2.279825,1.772884,-2.000563,2.121228,-1.730497,2.323224,-1.447523,2.348694,-1.109416,2.236516,-0.696717,2.06331,-0.201645,1.90474,0.374297,1.781361,1.007687,1.684461,1.632551,1.612584,2.165166,1.562952,2.578112,1.496708,2.847829,1.35894,2.969518,1.079857,2.967649,0.7075,2.891087,0.31536,2.753057,-0.099716,2.578556,-0.553737,2.366118,-1.001978,1.72155,-1.377513,1.654124,-1.625077,1.43304,-1.694645,1.307389,-1.717541,1.116694,-1.804847,0.768358,-1.930891,0.301417,-2.057047,-0.249316,-2.107836,-0.845414,-2.067579,-1.472652,-1.95865,-2.075253,-1.822002,-2.607277,-1.691341,-3.090953,-1.49948,-3.508314,-1.149314,-3.761256,-0.656457,-3.769443,-0.095912,-3.579526,0.48159,-3.251279,1.019827,-2.818414,1.466742,-2.329218,1.816238,-1.801126,2.044965,-1.204382,2.087715,-0.546435,1.92972,0.104562,1.684636,0.672227,1.4979,1.158991,1.410453,1.591094,1.379862,1.94245,1.395958,2.168099,1.436992,2.265218,1.403955,2.264638,1.2536,2.200248,0.986176,2.096678,0.618708,1.986143,0.197732,1.881289,-0.206654,1.79046,-0.55501,1.69495,-0.876092,1.583784,-1.156796,1.449573,-1.395697,1.29827,-1.596989,1.137401,-1.741036,0.953917,-1.808628,0.71468,-1.787403,0.41522,-1.691536,0.093553,-1.53542,-0.19789,-1.32239,-0.418566,-1.051244,-0.546509,-0.741568,-0.5788,-0.453475,-0.528817,-0.234279,-0.432033,-0.093663,-0.320986,0.003487,-0.19921,0.077592,-0.088773,0.12367,-0.015239,0.157682,0.017289,0.186654,0.01661,0.213377,-0.001381,0.23633,-0.017093,0.249787,-0.024133
0,-0.167957,0.169605,-0.20229,0.13461,-0.241932,0.115026,-0.271825,0.123419,-0.293775,0.158569,-0.324674,0.209022,-0.38088,0.252535,-0.479888,0.279439,-0.629203,0.264492,-0.805059,0.197098,-0.979885,0.068052,-1.170306,-0.180064,-1.365064,-0.571735,-1.58544,-1.087189,-1.818216,-1.669441,-2.041991,-2.28149,-2.153166,-2.85013,-2.057536,-3.301584,-1.777479,-3.619851,-1.356431,-3.81015,-0.803701,-3.833562,-0.182889,-3.611183,0.467365,-3.16277,1.165408,-2.577227,1.911729,-1.990642,2.623707,-1.475973,3.189716,-0.995594,3.558624,-0.487716,3.671597,0.06481,3.525211,0.688478,3.213673,1.339141,2.818511,1.950786,2.416606,2.479814,2.036028,2.885616,1.728489,3.151379,1.524905,3.296345,1.405245,3.316578,1.270117,3.230867,1.047342,3.04455,0.672491,2.789853,0.153099,2.541414,-0.474949,2.322896,-1.116807,2.135372,-1.689597,1.952653,-2.165633,1.741856,-2.526419,1.479,-2.782122,1.183773,-2.943223,0.835525,-3.028021,0.404833,-3.047031,-0.131958,-2.969249,-0.771086,-2.810126,-1.493077,-2.61364,-2.265364,-2.373966,-3.040653,-2.052001,-3.760824,-1.638612,-4.362186,-1.156817,-4.752619,-0.60079,-4.809185,0.032999,-4.454798,0.702427,-3.713897,1.374174,-2.719949,2.06382,-1.635982,2.683487,-0.680372,3.108017,0.025991,3.292742,0.517061,3.240197,0.910611,2.994319,1.285653,2.653648,1.646989,2.2811,1.99516,1.924748,2.345737,1.663365,2.667071,1.48435,2.898716,1.326843,2.981675,1.148357,2.916583,0.94702,2.7422,0.702107,2.503436,0.378336,2.251982,-0.000951,2.00843,-0.34861,1.775192,-0.604197,1.549758,-0.774165,1.327499,-0.880577,1.114571,-0.928057,0.923521,-0.94541,0.734882,-0.961465,0.554423,-0.987478,0.405302,-0.99113,0.292731,-0.926276,0.218316,-0.795792,0.165988,-0.64127,0.105918,-0.489789,0.02841,-0.351052,-0.054144,-0.218754,-0.118011,-0.088535,-0.158795,0.034218,-0.170579,0.130134,-0.170274,0.188906,-0.152082,0.200253,-0.124231,0.182635,-0.109563,0.159085,-0.116553
0,-0.073223,0.04402,-0.076189,0.02379,-0.079482,0.002624,-0.092943,-0.018608,-0.130466,-0.034386,-0.18809,-0.03251,-0.258395,-0.007501,-0.354066,0.035942,-0.496417,0.076723,-0.656257,0.08794,-0.817564,0.063794,-0.967799,-0.015792,-1.118023,-0.169669,-1.295042,-0.412814,-1.495141,-0.747804,-1.720474,-1.176206,-1.928249,-1.688539,-2.085693,-2.226785,-2.162633,-2.785409,-2.07747,-3.315968,-1.747841,-3.701355,-1.17715,-3.878902,-0.468157,-3.841299,0.236557,-3.621606,0.89579,-3.225211,1.531091,-2.663602,2.139486,-2.007454,2.669783,-1.325419,3.097688,-0.669883,3.382396,-0.064629,3.468104,0.50129,3.328117,1.109576,3.005645,1.757986,2.588899,2.358461,2.16117,2.830841,1.762205,3.131671,1.42483,3.229463,1.138933,3.125741,0.87396,2.872382,0.591919,2.556759,0.247132,2.24008,-0.162468,1.953801,-0.583016,1.722703,-0.973744,1.523708,-1.314221,1.309058,-1.621869,1.059011,-1.921987,0.7683,-2.215356,0.44239,-2.501667,0.060832,-2.737044,-0.382588,-2.842528,-0.881298,-2.76488,-1.419974,-2.515653,-1.981464,-2.162858,-2.523113,-1.732506,-2.969924,-1.256703,-3.270048,-0.749967,-3.414236,-0.228688,-3.418557,0.228174,-3.326014,0.616863,-3.16735,1.06537,-2.915768,1.625445,-2.5584,2.184928,-2.071892,2.594689,-1.42654,2.81021,-0.685863,2.855176,0.072039,2.765078,0.776285,2.574147,1.378006,2.313735,1.833039,1.996015,2.164686,1.671007,2.35964,1.388719,2.401375,1.169926,2.342083,0.987025,2.248546,0.794236,2.141865,0.547633,2.041801,0.220555,1.96165,-0.19023,1.917958,-0.61266,1.876028,-0.980191,1.800633,-1.262983,1.687646,-1.46933,1.530627,-1.60532,1.325191,-1.641603,1.06405,-1.563121,0.758128,-1.38701,0.460883,-1.155973,0.233594,-0.919575,0.095223,-0.703771,0.042215,-0.516553,0.037532,-0.357125,0.036182,-0.228205,0.001988,-0.115654,-0.087654,-0.00549,-0.221587,0.100164,-0.335157,0.192131,-0.36822,0.256605,-0.318311,0.283983,-0.22558,0.270103,-0.129841,0.223821,-0.052494
0,-2.603025,-2.175326,-2.712566,-2.901278,-2.592644,-3.636656,-2.212566,-4.145919,-1.637961,-4.352112,-0.925406,-4.292693,-0.137087,-3.995414,0.657522,-3.510656,1.410122,-2.892333,2.084219,-2.216794,2.64327,-1.557464,3.108394,-0.960935,3.448063,-0.43548,3.595644,0.048859,3.565697,0.542225,3.431638,1.045734,3.215421,1.580309,2.922652,2.125727,2.585661,2.605828,2.227322,2.959974,1.864563,3.193768,1.518922,3.297073,1.213076,3.270941,0.931693,3.136549,0.665985,2.961735,0.366316,2.816066,-0.004726,2.751211,-0.40251,2.745915,-0.781653,2.752479,-1.109975,2.726772,-1.363023,2.639697,-1.569693,2.477319,-1.740382,2.253635,-1.877363,1.963665,-1.980587,1.595654,-2.037782,1.154018,-2.057743,0.653407,-2.064476,0.119269,-2.080581,-0.429773,-2.101412,-0.969823,-2.082398,-1.47958,-1.993217,-1.956887,-1.815548,-2.383522,-1.563129,-2.741129,-1.274422,-3.019443,-0.99918,-3.216468,-0.776287,-3.340311,-0.610412,-3.392108,-0.487876,-3.378186,-0.357776,-3.303652,-0.160351,-3.19539,0.171559,-3.04533,0.666446,-2.840522,1.265105,-2.615659,1.850011,-2.361875,2.330577,-2.004572,2.678312,-1.501902,2.910944,-0.871763,3.001612,-0.189887,2.938455,0.453957,2.782388,0.993914,2.589373,1.396934,2.378338,1.6764,2.13402,1.875975,1.826335,2.024858,1.463425,2.155642,1.0969,2.300701,0.771251,2.468799,0.548558,2.656628,0.418918,2.850859,0.323733,3.009362,0.194909,3.054029,-0.001339,2.96955,-0.236568,2.766385,-0.515317,2.467873,-0.809641,2.105947,-1.080922,1.719514,-1.299601,1.349554,-1.459157,1.013944,-1.552091,0.725353,-1.571925,0.45683,-1.540662,0.207423,-1.507592,-0.037736,-1.488482,-0.28361,-1.441523,-0.492246,-1.327239,-0.630618,-1.160361,-0.705318,-0.958774,-0.716328,-0.746486,-0.659219,-0.537231,-0.542608,-0.361276,-0.401609,-0.238597,-0.266168,-0.172185,-0.154341,-0.148854,-0.078704,-0.145913,-0.028979,-0.137707,-0.001376,-0.107695,0.013645,-0.04749,0.030039,0.041729,0.047026,0.145094,0.065447
0,-0.524785,0.230617,-0.700542,0.11454,-0.86444,-0.012514,-0.996594,-0.159992,-1.097331,-0.333674,-1.172338,-0.548183,-1.243704,-0.81741,-1.344024,-1.149456,-1.462962,-1.546548,-1.555935,-1.997153,-1.577196,-2.457707,-1.494004,-2.865823,-1.311168,-3.212874,-1.027931,-3.508945,-0.726774,-3.770569,-0.403565,-3.998883,-0.110906,-4.164793,0.197851,-4.186376,0.615333,-4.038289,1.155085,-3.743559,1.851403,-3.297991,2.648083,-2.675362,3.408579,-1.878928,3.920453,-0.957071,4.015903,-0.009739,3.700859,0.905067,3.139276,1.68578,2.502814,2.294954,1.932315,2.757746,1.524901,3.111552,1.30551,3.367403,1.230755,3.528188,1.203451,3.574435,1.133334,3.523006,0.984533,3.399494,0.763908,3.2136,0.428806,2.994309,-0.053629,2.760553,-0.639107,2.508041,-1.238434,2.259664,-1.770844,2.021711,-2.208869,1.782315,-2.528703,1.52851,-2.730237,1.23734,-2.821026,0.909602,-2.819716,0.539796,-2.756757,0.121006,-2.611694,-0.347422,-2.395653,-0.881335,-2.145968,-1.483837,-1.896973,-2.142356,-1.6526,-2.800597,-1.401817,-3.413647,-1.172459,-3.959413,-0.949471,-4.407752,-0.695677,-4.700096,-0.377936,-4.787581,0.106664,-4.600379,0.799377,-4.12777,1.6725,-3.385003,2.590636,-2.438264,3.373934,-1.390493,3.849577,-0.35241,3.953874,0.628575,3.765923,1.504941,3.395441,2.261404,2.890582,2.846412,2.270124,3.223312,1.602902,3.389713,0.997908,3.365375,0.520521,3.194439,0.187479,2.919071,-0.027477,2.57509,-0.199485,2.192861,-0.398775,1.812434,-0.613267,1.480954,-0.796514,1.21243,-0.932034,1.018509,-1.035334,0.883176,-1.10385,0.774508,-1.133343,0.67051,-1.128661,0.562933,-1.10227,0.449557,-1.064196,0.340913,-1.020954,0.242727,-0.966894,0.171761,-0.888539,0.127989,-0.778558,0.109408,-0.649255,0.114735,-0.519867,0.121523,-0.410831,0.101071,-0.330228,0.044322,-0.288224,-0.03427,-0.268043,-0.115173,-0.245513,-0.16769,-0.197997,-0.179813,-0.11772,-0.152389,-0.013147,-0.092038,0.083192,-0.017235,0.156595,0.045631
0,-1.567381,-0.826339,-1.809913,-1.149073,-1.996851,-1.530927,-2.067958,-1.977701,-1.991534,-2.482906,-1.803442,-3.033979,-1.54063,-3.569249,-1.224207,-3.98919,-0.750918,-4.297402,-0.097345,-4.462791,0.666438,-4.393111,1.433001,-4.127252,2.119752,-3.718486,2.717764,-3.185556,3.231117,-2.558547,3.611004,-1.80946,3.758946,-0.905193,3.651056,0.107918,3.374068,1.157411,3.029504,2.125057,2.666911,2.88646,2.305982,3.406623,1.996296,3.730857,1.763371,3.879122,1.597793,3.886303,1.479267,3.787162,1.36771,3.61503,1.206874,3.41105,0.992254,3.185479,0.767765,2.928145,0.525565,2.679012,0.224448,2.456598,-0.149528,2.258286,-0.537534,2.069922,-0.88735,1.881575,-1.184127,1.696831,-1.431222,1.527319,-1.643451,1.363916,-1.82493,1.190375,-1.978462,0.983095,-2.127575,0.727695,-2.278506,0.423251,-2.408931,0.071159,-2.496105,-0.305553,-2.524031,-0.698805,-2.486625,-1.113029,-2.410686,-1.539285,-2.335521,-2.029043,-2.277153,-2.628655,-2.201722,-3.256386,-2.04682,-3.792369,-1.767275,-4.185357,-1.389614,-4.415169,-0.970287,-4.487742,-0.550514,-4.419803,-0.09198,-4.19436,0.43317,-3.81755,1.043227,-3.312073,1.775355,-2.687658,2.553521,-1.961413,3.221332,-1.187886,3.667425,-0.435389,3.852794,0.286472,3.759119,0.971431,3.427255,1.561197,2.949291,2.037267,2.442122,2.397299,1.978108,2.673969,1.57931,2.851732,1.237939,2.939101,0.953539,2.9674,0.72414,2.9582,0.537861,2.87443,0.36689,2.701455,0.158196,2.462046,-0.113089,2.19672,-0.424349,1.937092,-0.714801,1.680791,-0.943421,1.420906,-1.091697,1.154454,-1.175009,0.906448,-1.203207,0.691222,-1.162458,0.525894,-1.061858,0.399589,-0.959699,0.29423,-0.882213,0.205322,-0.817933,0.126877,-0.743069,0.056737,-0.647094,-0.003915,-0.535404,-0.055812,-0.419194,-0.097455,-0.319681,-0.128814,-0.23741,-0.153614,-0.172211,-0.16325,-0.113429,-0.148859,-0.042519,-0.106788,0.031843,-0.046165,0.099222,0.018689,0.146168,0.067743,0.186392,0.094193
0,-1.35832,-1.532962,-1.430448,-2.068811,-1.468655,-2.669376,-1.454805,-3.322367,-1.383384,-3.993722,-1.227311,-4.572092,-0.921755,-4.936859,-0.464811,-5.03062,0.064699,-4.840528,0.671933,-4.340515,1.344246,-3.586747,2.007358,-2.659881,2.547972,-1.621415,2.860356,-0.572111,2.920364,0.385624,2.773778,1.194632,2.522222,1.801544,2.266658,2.187875,2.045684,2.384956,1.886578,2.468566,1.79716,2.501945,1.760385,2.521823,1.751834,2.565093,1.703177,2.642267,1.571187,2.726791,1.348975,2.791024,1.067104,2.833005,0.746468,2.860843,0.407708,2.857534,0.062078,2.797055,-0.30364,2.677122,-0.680349,2.486882,-1.036963,2.24117,-1.340804,1.971479,-1.581717,1.698742,-1.758824,1.428259,-1.868588,1.146867,-1.912977,0.861343,-1.917431,0.552153,-1.916585,0.200753,-1.90969,-0.191002,-1.908937,-0.619881,-1.898276,-1.083563,-1.86868,-1.615134,-1.828209,-2.232709,-1.78226,-2.91057,-1.718703,-3.567859,-1.607105,-4.104722,-1.421384,-4.457254,-1.121609,-4.592955,-0.661717,-4.497478,-0.102596,-4.200425,0.508221,-3.742268,1.19107,-3.173423,1.940719,-2.537418,2.652426,-1.902872,3.220623,-1.30213,3.565841,-0.731273,3.64011,-0.157796,3.471781,0.453294,3.176429,1.102918,2.838794,1.727465,2.493449,2.281043,2.164721,2.729589,1.860739,3.063605,1.585103,3.276771,1.330379,3.345773,1.065405,3.268825,0.770054,3.091872,0.468887,2.886585,0.182028,2.702648,-0.091187,2.545399,-0.348762,2.395889,-0.572328,2.213729,-0.722046,1.992169,-0.797871,1.745854,-0.839894,1.493219,-0.890724,1.243657,-0.952941,1.008777,-1.030873,0.789044,-1.118582,0.590952,-1.190275,0.415451,-1.207662,0.281161,-1.155876,0.186602,-1.050819,0.116558,-0.92059,0.063636,-0.785546,0.027661,-0.664569,-0.006994,-0.57307,-0.03701,-0.510998,-0.060357,-0.460242,-0.077723,-0.385407,-0.097709,-0.291104,-0.11326,-0.196436,-0.126297,-0.138371,-0.126709,-0.118582,-0.103424,-0.111043,-0.062362,-0.100683,-0.015444,-0.086397,0.026888,-0.068445,0.056791
