1,0.084149,0.301333,0.143463,0.354966,0.236609,0.3968,0.393527,0.426841,0.627497,0.44103,0.940841,0.417476,1.312581,0.349424,1.68752,0.255302,2.002201,0.148159,2.220701,-0.001658,2.336196,-0.248374,2.350179,-0.630448,2.303266,-1.143621,2.250589,-1.735163,2.1798,-2.349826,2.053987,-2.921452,1.841777,-3.431077,1.539671,-3.871891,1.136331,-4.185211,0.616583,-4.341948,-0.013883,-4.360389,-0.724561,-4.208807,-1.463031,-3.831594,-2.181247,-3.239809,-2.83746,-2.516194,-3.38238,-1.767281,-3.79123,-1.029433,-4.055623,-0.28005,-4.15291,0.486314,-4.049247,1.242369,-3.755112,1.946437,-3.3071,2.58116,-2.700582,3.13741,-1.961873,3.594615,-1.175846,3.931169,-0.407428,4.10899,0.3287,4.088564,1.016569,3.865507,1.616491,3.471035,2.117461,2.985106,2.484642,2.46793,2.722173,1.965833,2.875235,1.508123,2.970244,1.086597,3.04037,0.659417,3.1202,0.192567,3.175141,-0.356461,3.1345,-0.97669,2.971777,-1.62704,2.712558,-2.293561,2.386759,-2.985812,2.039055,-3.632621,1.687935,-4.169744,1.280538,-4.54147,0.769951,-4.693525,0.173973,-4.62561,-0.475885,-4.37243,-1.126045,-3.889743,-1.699585,-3.118867,-2.141279,-2.13049,-2.440607,-1.095238,-2.619713,-0.168149,-2.707047,0.575659,-2.713228,1.195498,-2.640803,1.749788,-2.483815,2.234025,-2.241747,2.605314,-1.932036,2.837668,-1.581401,2.944716,-1.192898,2.952127,-0.764869,2.887309,-0.303954,2.770283,0.156034,2.603719,0.560799,2.407531,0.867471,2.207541,1.066127,2.01268,1.181669,1.822933,1.245729,1.613717,1.26784,1.367432,1.240155,1.081707,1.17315,0.770216,1.073314,0.46701,0.956222,0.216057,0.824839,0.04538,0.701403,-0.054265,0.610251,-0.118371,0.560673,-0.181054,0.537191,-0.232833,0.526864,-0.246394,0.513892,-0.23123,0.483467,-0.208611,0.434179,-0.189434,0.358247,-0.160879,0.262936,-0.105345,0.166384,-0.018215,0.090211,0.078165,0.050947,0.149781,0.032799,0.180292,0.02796,0.182274,0.025462,0.163009
1,0.518187,0.835184,0.887985,0.69557,1.285584,0.465194,1.668757,0.186857,1.982789,-0.09523,2.188206,-0.373255,2.286435,-0.659342,2.29552,-0.968956,2.258793,-1.333073,2.213397,-1.748419,2.165344,-2.230061,2.108771,-2.779878,2.015285,-3.344727,1.87178,-3.843367,1.645145,-4.200717,1.328737,-4.392327,0.936589,-4.463991,0.453522,-4.458886,-0.144687,-4.35958,-0.854301,-4.134885,-1.576153,-3.770221,-2.179724,-3.294702,-2.678205,-2.689068,-3.16561,-1.906492,-3.637623,-0.978314,-4.079545,0.037724,-4.42363,1.047948,-4.606136,1.961656,-4.570621,2.707169,-4.273218,3.221351,-3.763695,3.504514,-3.132648,3.595905,-2.454478,3.574323,-1.784165,3.502022,-1.139791,3.411177,-0.528488,3.304262,0.075921,3.160067,0.661343,2.941545,1.21282,2.632735,1.708772,2.229118,2.125116,1.751976,2.428964,1.250421,2.640663,0.792961,2.799597,0.409819,2.926184,0.085764,3.032271,-0.227455,3.093044,-0.554908,3.075845,-0.904812,2.975002,-1.282754,2.811342,-1.679617,2.601955,-2.089024,2.353835,-2.500612,2.061285,-2.899636,1.760731,-3.265768,1.47428,-3.628864,1.118323,-3.944267,0.678336,-4.132233,0.204282,-4.122902,-0.289778,-3.892404,-0.837527,-3.454475,-1.402261,-2.849734,-1.914208,-2.161642,-2.337358,-1.459444,-2.633846,-0.810255,-2.795731,-0.233509,-2.817043,0.282639,-2.707789,0.79264,-2.495419,1.343777,-2.209688,1.927547,-1.881974,2.480099,-1.521485,2.958802,-1.133263,3.326904,-0.70817,3.515972,-0.261402,3.433629,0.177528,3.104175,0.584121,2.614786,0.907674,2.08727,1.130092,1.617285,1.259994,1.230747,1.302115,0.908494,1.281214,0.637705,1.22691,0.416577,1.169515,0.251383,1.116742,0.119422,1.055168,-0.002449,0.967321,-0.125706,0.859043,-0.230207,0.750139,-0.299221,0.643213,-0.319871,0.539205,-0.292209,0.437825,-0.219006,0.332638,-0.12748,0.240179,-0.029943,0.174707,0.071092,0.148558,0.171482,0.151222,0.242953,0.164225,0.2685,0.171706,0.253753,0.169096,0.222651,0.157194,0.185589
1,0.501928,-0.020645,0.687373,-0.087049,0.919351,-0.191267,1.158603,-0.347994,1.380703,-0.572431,1.561399,-0.858139,1.701189,-1.207108,1.79511,-1.604627,1.816267,-2.040864,1.743257,-2.467149,1.56804,-2.799803,1.314565,-2.999511,1.026453,-3.1084,0.712209,-3.182928,0.34426,-3.268887,-0.085055,-3.391076,-0.558748,-3.518229,-1.058818,-3.548826,-1.55513,-3.386353,-2.038371,-2.989743,-2.509856,-2.394712,-2.948636,-1.675234,-3.327869,-0.872017,-3.617608,-0.030184,-3.772988,0.786782,-3.792168,1.53647,-3.669682,2.196923,-3.412215,2.770775,-3.048101,3.252414,-2.607599,3.635265,-2.08892,3.916499,-1.499172,4.071293,-0.863386,4.067246,-0.213325,3.892435,0.408016,3.567248,0.967088,3.11872,1.443623,2.610473,1.830351,2.092507,2.099338,1.597102,2.265243,1.141308,2.365209,0.714756,2.473148,0.320788,2.611397,-0.035718,2.732335,-0.346544,2.791624,-0.616336,2.782602,-0.850059,2.72276,-1.066302,2.618731,-1.316546,2.495876,-1.627061,2.367646,-2.008672,2.207666,-2.447068,1.997557,-2.894007,1.715877,-3.287457,1.340533,-3.568909,0.902336,-3.697102,0.41751,-3.707365,-0.105296,-3.647778,-0.597689,-3.560411,-1.059452,-3.427782,-1.493545,-3.180994,-1.884182,-2.806611,-2.212338,-2.306034,-2.462899,-1.699705,-2.635409,-1.026748,-2.750526,-0.359127,-2.806922,0.276588,-2.801781,0.895668,-2.733881,1.518567,-2.600477,2.10243,-2.39205,2.604919,-2.108382,3.010621,-1.755969,3.308655,-1.370024,3.493858,-0.971099,3.593132,-0.551777,3.630969,-0.130754,3.609716,0.267022,3.503818,0.626415,3.261365,0.940736,2.858689,1.183671,2.351676,1.367003,1.803558,1.510211,1.275174,1.606652,0.836808,1.625369,0.520608,1.556163,0.30943,1.410659,0.177198,1.213963,0.095155,1.015778,0.04639,0.829894,0.013292,0.653357,-0.006605,0.495732,-0.013505,0.373444,-0.011716,0.293393,-0.000936,0.24741,0.021106,0.23079,0.043159,0.230302,0.073814,0.233038,0.108755,0.223511,0.144624,0.203561,0.187915,0.180782,0.222991
1,-0.126653,0.219439,-0.130998,0.189675,-0.14844,0.181624,-0.170763,0.219507,-0.181683,0.320809,-0.196916,0.473177,-0.214349,0.668928,-0.216839,0.894623,-0.171606,1.108275,-0.038469,1.255955,0.201078,1.287671,0.498119,1.183389,0.803171,0.984194,1.105977,0.735161,1.385327,0.452326,1.623928,0.135405,1.815397,-0.225741,1.924406,-0.611025,1.941402,-1.017297,1.920356,-1.481087,1.900406,-2.037235,1.858769,-2.618894,1.744529,-3.136441,1.495654,-3.478793,1.096234,-3.603007,0.622902,-3.552046,0.131254,-3.408314,-0.38167,-3.249821,-0.996538,-3.070166,-1.673544,-2.856446,-2.291722,-2.612459,-2.833775,-2.294543,-3.34471,-1.881951,-3.801251,-1.398378,-4.03638,-0.878317,-3.929668,-0.299684,-3.540888,0.387566,-3.0517,1.140417,-2.574929,1.916194,-2.115588,2.64513,-1.627666,3.275692,-1.082035,3.742539,-0.48959,3.997821,0.109664,4.025609,0.675296,3.857997,1.155568,3.590017,1.514204,3.284661,1.739093,2.953765,1.870118,2.593218,1.962319,2.19134,2.05104,1.76479,2.142419,1.324998,2.208163,0.86623,2.270166,0.370247,2.371539,-0.169177,2.463917,-0.732591,2.457022,-1.28401,2.346661,-1.83854,2.136958,-2.40256,1.809267,-2.908265,1.379039,-3.261424,0.934672,-3.459868,0.509651,-3.521694,0.106059,-3.465631,-0.295623,-3.357286,-0.73853,-3.258625,-1.274903,-3.076636,-1.827575,-2.728371,-2.288287,-2.205635,-2.642174,-1.578352,-2.891862,-0.917191,-2.965474,-0.251319,-2.821541,0.456345,-2.504613,1.20343,-2.115637,1.930765,-1.712346,2.58381,-1.30043,3.127359,-0.877858,3.488374,-0.446984,3.630365,-0.044344,3.54306,0.311547,3.256671,0.613281,2.840061,0.826857,2.375909,0.952098,1.92844,0.982175,1.546201,0.93003,1.248451,0.823228,1.04313,0.708302,0.912062,0.615273,0.792559,0.534496,0.630193,0.453267,0.438424,0.38193,0.253298,0.318684,0.102977,0.259,0.004288,0.196529,-0.031974,0.15409,-0.010402,0.150975,0.052134,0.173897,0.131088,0.197107,0.192371,0.19218,0.224373
1,0.01377,0.38717,0.066019,0.501262,0.130938,0.618906,0.221954,0.711536,0.352047,0.755774,0.505913,0.720943,0.656373,0.594473,0.809242,0.390236,0.969163,0.127892,1.129753,-0.179977,1.278709,-0.520983,1.396215,-0.868323,1.475014,-1.215286,1.512225,-1.613699,1.517143,-2.113675,1.490192,-2.655532,1.418747,-3.207964,1.285709,-3.71339,1.085215,-4.138795,0.804529,-4.486444,0.392795,-4.737815,-0.144091,-4.824847,-0.764724,-4.658353,-1.42242,-4.256088,-2.092174,-3.733293,-2.736004,-3.173176,-3.31642,-2.543613,-3.819581,-1.794853,-4.176013,-0.970782,-4.310336,-0.183434,-4.179621,0.528108,-3.791057,1.195308,-3.195679,1.851903,-2.493804,2.474761,-1.79812,3.009798,-1.173708,3.42659,-0.645924,3.717242,-0.184195,3.898129,0.257234,3.958017,0.68419,3.906104,1.085461,3.737779,1.447431,3.462287,1.768277,3.130708,2.071461,2.771482,2.342972,2.37653,2.552705,1.934162,2.663475,1.420056,2.667394,0.825085,2.585964,0.162065,2.46685,-0.565717,2.314786,-1.280787,2.146659,-1.923272,1.981313,-2.488594,1.788729,-2.988297,1.524702,-3.426836,1.188561,-3.773237,0.789021,-3.979642,0.34787,-4.062757,-0.102355,-4.050229,-0.578528,-3.965236,-1.09023,-3.763145,-1.620142,-3.426464,-2.107192,-2.962291,-2.496229,-2.437333,-2.78911,-1.885878,-3.015177,-1.306386,-3.174851,-0.715094,-3.240188,-0.128527,-3.205458,0.459863,-3.058721,1.078362,-2.774713,1.739853,-2.331306,2.397796,-1.751362,2.980379,-1.120735,3.412525,-0.528177,3.671531,-0.039805,3.760609,0.341575,3.711781,0.627256,3.551785,0.829911,3.318691,0.979511,3.038469,1.089404,2.728389,1.167056,2.387021,1.197679,2.027833,1.177141,1.65203,1.106194,1.281632,0.994092,0.921047,0.867071,0.579645,0.73816,0.274227,0.621556,0.034,0.53428,-0.117334,0.473351,-0.170342,0.421159,-0.151463,0.362785,-0.101383,0.290789,-0.05246,0.208276,-0.023982,0.117352,-0.02254,0.02757,-0.029065,-0.050758,-0.020614,-0.097807,-0.002006,-0.106313,0.016158
1,1.682172,-0.922082,1.743627,-1.079862,1.69098,-1.276566,1.56408,-1.525576,1.404357,-1.851236,1.207998,-2.24442,0.986131,-2.66492,0.755559,-3.062292,0.525726,-3.371208,0.275091,-3.557348,-0.013793,-3.65697,-0.363762,-3.771044,-0.749841,-3.918309,-1.187938,-3.988214,-1.682119,-3.870701,-2.204401,-3.533264,-2.672314,-3.008619,-3.051215,-2.362101,-3.353435,-1.634828,-3.588272,-0.873076,-3.732088,-0.088494,-3.756855,0.694136,-3.635773,1.430313,-3.351009,2.098789,-2.952422,2.684244,-2.490825,3.160118,-2.017148,3.519406,-1.553596,3.770772,-1.116463,3.948714,-0.698693,4.078953,-0.294066,4.136485,0.094095,4.08436,0.479574,3.907105,0.874414,3.620748,1.260977,3.247641,1.618038,2.814356,1.921208,2.343597,2.155647,1.861042,2.301774,1.384845,2.342532,0.935897,2.286727,0.519383,2.207215,0.138249,2.163543,-0.217165,2.16456,-0.555229,2.172917,-0.891576,2.144212,-1.2454,2.054694,-1.618055,1.885764,-2.005827,1.642674,-2.407132,1.375112,-2.812437,1.128878,-3.18936,0.89984,-3.515757,0.642612,-3.79611,0.311881,-4.052519,-0.090207,-4.240681,-0.518644,-4.281784,-0.947829,-4.132995,-1.378564,-3.824463,-1.802211,-3.427892,-2.205129,-2.978642,-2.589139,-2.460898,-2.963165,-1.846769,-3.312329,-1.130385,-3.577115,-0.335039,-3.668986,0.516112,-3.518365,1.351622,-3.155595,2.081828,-2.670228,2.695563,-2.130971,3.198627,-1.613619,3.58901,-1.152976,3.859085,-0.746212,3.99646,-0.378266,3.975142,-0.040871,3.775655,0.243228,3.440663,0.458609,3.043809,0.617396,2.648417,0.740371,2.308722,0.845088,2.05789,0.93998,1.872126,1.022183,1.71702,1.071019,1.541665,1.085871,1.316134,1.081839,1.053121,1.053399,0.777064,0.992241,0.531469,0.897074,0.363715,0.787547,0.269113,0.669191,0.216678,0.554299,0.185697,0.450927,0.186139,0.373478,0.211675,0.331143,0.231107,0.318104,0.22369,0.320239,0.191595,0.322274,0.162604,0.300671,0.161932,0.251272,0.188251,0.182463,0.231878,0.110485,0.251733
1,-0.040085,0.136811,-0.030409,0.120443,-0.01844,0.10105,-0.002747,0.089454,0.020903,0.086006,0.047746,0.095704,0.082579,0.123326,0.119556,0.161988,0.148064,0.200922,0.17023,0.227502,0.19598,0.238315,0.220877,0.237052,0.230216,0.220265,0.215902,0.189936,0.183168,0.145725,0.152444,0.11467,0.163094,0.098227,0.235301,0.098671,0.35677,0.08891,0.492397,0.049462,0.623311,-0.047478,0.779468,-0.221653,0.967819,-0.44916,1.168999,-0.727922,1.384927,-1.054474,1.609101,-1.493666,1.767818,-2.130508,1.792958,-3.007035,1.608042,-4.091265,1.180492,-5.246322,0.548475,-6.196143,-0.181155,-6.649621,-0.928125,-6.49414,-1.723157,-5.839702,-2.637825,-4.843432,-3.566932,-3.622351,-4.28486,-2.270273,-4.658525,-0.85938,-4.593861,0.510399,-4.094775,1.782495,-3.286146,2.921245,-2.363483,3.909677,-1.442001,4.687418,-0.500448,5.163359,0.48006,5.317444,1.408714,5.220797,2.130191,4.934295,2.56597,4.474371,2.740321,3.784605,2.750746,2.834285,2.688874,1.584204,2.554655,0.065976,2.353702,-1.557373,2.144504,-3.018139,1.997689,-4.176055,1.937416,-5.051448,1.852396,-5.691533,1.540876,-6.040952,0.892997,-6.044289,-0.053058,-5.691639,-1.177458,-5.0594,-2.386144,-4.129457,-3.463232,-2.949276,-4.237158,-1.603289,-4.599366,-0.208745,-4.523887,1.105565,-4.064451,2.244754,-3.335358,3.204329,-2.459268,4.035622,-1.54164,4.699798,-0.653982,5.097004,0.140646,5.183984,0.812531,4.976597,1.365064,4.568792,1.792995,4.077063,2.101005,3.562305,2.279888,3.018578,2.318937,2.410446,2.213748,1.733782,1.999865,1.048479,1.744715,0.404795,1.499469,-0.185647,1.304085,-0.677757,1.153167,-1.027777,0.984525,-1.218247,0.774593,-1.269852,0.539004,-1.193222,0.308018,-1.024309,0.112843,-0.798749,-0.033819,-0.538505,-0.120895,-0.257842,-0.153476,0.001678,-0.139092,0.198232,-0.102925,0.31648,-0.067501,0.370757,-0.054981,0.381834,-0.06743,0.359529,-0.097406,0.308704,-0.141614,0.24513,-0.193141,0.186431
1,-0.044996,0.039035,-0.048138,0.027237,-0.050233,0.019681,-0.053368,0.012098,-0.052218,0.004571,-0.049099,0.008806,-0.038812,0.029145,-0.030903,0.061179,-0.029419,0.092047,-0.03209,0.113248,-0.043063,0.123632,-0.066495,0.119894,-0.104638,0.105082,-0.138293,0.077285,-0.141965,0.045626,-0.084421,0.036252,0.039973,0.034831,0.221283,0.026405,0.454919,-0.021251,0.732347,-0.138935,1.000666,-0.317221,1.249447,-0.581166,1.471908,-0.884942,1.652179,-1.231346,1.740751,-1.624794,1.726318,-2.058342,1.611186,-2.540649,1.394732,-3.077852,1.067198,-3.638382,0.641272,-4.157558,0.130893,-4.535262,-0.438519,-4.680751,-1.038964,-4.579053,-1.689524,-4.255405,-2.380057,-3.740391,-3.082532,-3.087137,-3.799265,-2.333512,-4.485537,-1.459507,-5.04742,-0.408392,-5.311848,0.784383,-5.141751,2.044143,-4.501378,3.239911,-3.469834,4.2361,-2.16213,4.940009,-0.702145,5.277146,0.791383,5.263457,2.149496,5.000572,3.197028,4.548127,3.869437,3.820193,4.182714,2.752298,4.148395,1.411314,3.772018,0.047878,3.232862,-1.187264,2.725696,-2.267431,2.362181,-3.171428,2.089215,-3.882828,1.822686,-4.410317,1.464152,-4.762397,0.954318,-4.957269,0.271947,-4.999784,-0.598843,-4.771135,-1.604971,-4.221857,-2.616756,-3.436711,-3.467976,-2.561328,-4.062109,-1.701621,-4.370172,-0.859653,-4.369188,0.018355,-4.040013,0.954805,-3.450017,1.918046,-2.729239,2.848159,-2.004769,3.649074,-1.352021,4.230619,-0.776949,4.586706,-0.26702,4.763265,0.190452,4.787832,0.650037,4.658744,1.14774,4.384448,1.639767,3.973399,2.050756,3.429765,2.349792,2.784052,2.527053,2.075073,2.591293,1.356755,2.547676,0.682529,2.380454,0.098466,2.107983,-0.369047,1.769365,-0.71104,1.378806,-0.902071,0.95438,-0.925787,0.517864,-0.81587,0.12484,-0.647595,-0.172998,-0.482281,-0.338448,-0.330975,-0.381746,-0.19481,-0.340678,-0.066026,-0.259499,0.044146,-0.174289,0.129958,-0.104289,0.193674,-0.048214,0.248109,-0.00814,0.285098,0.008868,0.299134
1,-0.020904,0.111942,-0.037295,0.119828,-0.048806,0.12298,-0.054855,0.114981,-0.062709,0.098611,-0.072202,0.076957,-0.078816,0.051734,-0.080762,0.03027,-0.07024,0.016242,-0.026752,0.013675,0.066453,0.038385,0.217985,0.08707,0.406528,0.130586,0.625251,0.147262,0.890573,0.126181,1.217479,0.034721,1.553067,-0.155892,1.826032,-0.457447,1.957524,-0.819737,1.920673,-1.241298,1.744195,-1.766236,1.444574,-2.445231,1.037059,-3.254923,0.550983,-4.121807,0.070925,-4.91767,-0.351014,-5.46735,-0.740573,-5.620884,-1.165627,-5.390847,-1.689281,-4.891954,-2.346071,-4.195631,-3.106165,-3.297033,-3.853383,-2.178634,-4.437844,-0.882618,-4.734835,0.490474,-4.704304,1.778877,-4.365541,2.877747,-3.752742,3.75387,-2.922773,4.425716,-1.958692,4.878007,-0.955691,5.073628,0.001409,4.993831,0.846816,4.68435,1.567655,4.216847,2.173386,3.65682,2.600898,3.046206,2.815386,2.357534,2.845884,1.536859,2.774131,0.60233,2.678502,-0.342802,2.630106,-1.217361,2.64974,-1.988274,2.67869,-2.648908,2.601733,-3.233378,2.35074,-3.756819,1.930024,-4.193398,1.355612,-4.484612,0.684179,-4.596004,-0.010253,-4.552755,-0.658557,-4.365284,-1.250101,-4.036302,-1.846768,-3.538022,-2.455913,-2.860712,-3.016336,-2.035405,-3.435265,-1.140061,-3.677478,-0.252885,-3.739746,0.581041,-3.641187,1.370903,-3.407859,2.125101,-3.046821,2.831761,-2.550619,3.441339,-1.952853,3.887186,-1.299604,4.117302,-0.654282,4.107186,-0.056248,3.901834,0.469943,3.604647,0.907331,3.279139,1.242843,2.932156,1.493984,2.56568,1.669274,2.184975,1.770041,1.789511,1.798354,1.395571,1.787171,1.030679,1.746693,0.707065,1.669637,0.452609,1.537489,0.281804,1.357061,0.194401,1.146348,0.17785,0.930621,0.192658,0.737884,0.200034,0.572685,0.187427,0.429722,0.156195,0.309053,0.099216,0.205758,0.03065,0.112889,-0.012588,0.03314,-0.011624,-0.022227,0.023529,-0.036951,0.069056,-0.014362,0.118602,0.022861,0.160975,0.054974,0.181433
1,0.114048,0.059039,0.13971,0.009689,0.166101,-0.035133,0.185333,-0.071059,0.225677,-0.094999,0.286061,-0.104575,0.363493,-0.12801,0.456858,-0.231222,0.575596,-0.439323,0.710214,-0.736372,0.860958,-1.068707,1.046869,-1.388944,1.263622,-1.695762,1.446952,-2.019737,1.524789,-2.383437,1.478305,-2.829814,1.299517,-3.381286,1.009588,-4.01068,0.649885,-4.62402,0.217668,-5.060046,-0.33639,-5.177043,-1.034765,-5.006382,-1.848432,-4.634163,-2.784273,-4.014096,-3.750842,-3.104549,-4.5992,-1.952428,-5.236675,-0.662814,-5.587857,0.697518,-5.565282,2.057097,-5.141454,3.356868,-4.398636,4.584209,-3.401165,5.691182,-2.243885,6.535157,-1.061725,6.948198,0.006888,6.822808,0.931391,6.239083,1.75578,5.347742,2.485642,4.277329,3.050519,3.133623,3.37408,1.989491,3.420074,0.9076,3.26869,-0.048406,3.070099,-0.870413,2.879503,-1.609966,2.730992,-2.279693,2.632971,-2.850364,2.538891,-3.358263,2.373259,-3.793041,2.055244,-4.080648,1.532689,-4.145463,0.869129,-4.087526,0.162536,-4.077884,-0.482642,-4.111259,-0.983119,-4.033275,-1.330191,-3.767878,-1.627848,-3.332896,-1.976516,-2.740239,-2.362945,-2.089677,-2.699671,-1.505204,-2.913052,-0.966165,-2.959615,-0.389321,-2.837868,0.253393,-2.604119,0.891349,-2.307981,1.473831,-1.979566,1.987071,-1.63502,2.379933,-1.293665,2.625449,-0.980865,2.736301,-0.696352,2.742525,-0.442128,2.658806,-0.210195,2.481127,2.2e-05,2.240683,0.179191,1.985105,0.341485,1.762673,0.482506,1.594652,0.595015,1.466087,0.678103,1.380063,0.732111,1.323399,0.749466,1.25529,0.738009,1.16647,0.723214,1.055855,0.708277,0.93118,0.68602,0.811746,0.667392,0.723986,0.66565,0.672929,0.692108,0.649867,0.730023,0.636606,0.748311,0.61913,0.717031,0.587427,0.622135,0.529248,0.484105,0.451218,0.35146,0.347311,0.249228,0.226213,0.176275,0.11435,0.123444,0.039035,0.084697,0.020749,0.054312,0.04974,0.034399,0.087844,0.030002,0.103762,0.047699,0.104771
1,0.063389,0.030958,0.04824,0.02228,0.018164,0.014657,-0.012999,0.014701,-0.031577,0.028007,-0.036951,0.043756,-0.040941,0.053951,-0.039899,0.053798,-0.033989,0.042221,-0.019767,0.028457,0.001371,0.018071,0.028362,0.011201,0.053477,0.014236,0.071411,0.011772,0.071606,0.005292,0.064539,-0.015136,0.055455,-0.043746,0.063829,-0.074273,0.106107,-0.107793,0.188895,-0.159816,0.314507,-0.275436,0.519422,-0.484645,0.832285,-0.786398,1.204575,-1.163048,1.546954,-1.616923,1.770772,-2.114246,1.812541,-2.624178,1.642092,-3.111988,1.274162,-3.541713,0.759056,-3.905504,0.203306,-4.145498,-0.289408,-4.215182,-0.67465,-4.1547,-0.971245,-3.994213,-1.240764,-3.750643,-1.535874,-3.405819,-1.861318,-2.921196,-2.180177,-2.323555,-2.470418,-1.654149,-2.725331,-0.934922,-2.918052,-0.194966,-3.03927,0.557821,-3.075982,1.313892,-3.01462,2.037791,-2.849892,2.662758,-2.586111,3.110631,-2.242227,3.343872,-1.85203,3.382537,-1.444605,3.291483,-1.028229,3.165936,-0.58823,3.070659,-0.136984,3.011829,0.295967,2.96249,0.699871,2.901853,1.068651,2.803746,1.416267,2.649145,1.767252,2.428368,2.14809,2.098929,2.611003,1.607109,3.151161,0.939315,3.68003,0.125821,4.12266,-0.794172,4.40185,-1.783945,4.391821,-2.80522,4.062041,-3.844217,3.445965,-4.862487,2.54986,-5.644017,1.376274,-5.923333,0.019353,-5.679187,-1.361994,-5.075129,-2.701183,-4.174666,-4.016264,-2.878637,-5.107843,-1.301737,-5.767653,0.302279,-5.941904,1.751129,-5.681922,3.033791,-4.962917,4.149692,-3.835532,4.994236,-2.464411,5.445974,-1.067261,5.536959,0.252257,5.31704,1.377619,4.789773,2.198272,4.050588,2.684121,3.231209,2.809884,2.408698,2.612504,1.627739,2.151497,0.936273,1.562886,0.412135,1.014944,0.112176,0.597223,-0.021509,0.308813,-0.105985,0.125402,-0.223328,0.024474,-0.348681,-0.016997,-0.443465,-0.027252,-0.463441,-0.033592,-0.384856,-0.028016,-0.241305,0.006392,-0.077688,0.063165,0.060522,0.127849,0.141125
1,0.245336,0.335555,0.324727,0.315017,0.404436,0.258095,0.481255,0.181913,0.579049,0.109073,0.745127,0.052178,0.997993,-0.005059,1.307595,-0.100048,1.589746,-0.247748,1.805372,-0.440444,1.951439,-0.684454,2.045304,-1.026856,2.100624,-1.502824,2.118687,-2.077696,2.074167,-2.676069,1.946073,-3.266283,1.743701,-3.859632,1.455646,-4.487445,1.068006,-5.072456,0.560339,-5.489854,-0.058357,-5.590471,-0.76959,-5.402975,-1.56263,-4.98428,-2.423589,-4.313435,-3.324559,-3.414647,-4.14785,-2.342585,-4.781709,-1.149056,-5.152853,0.149091,-5.216649,1.321163,-5.001013,2.257442,-4.572783,3.034895,-3.973439,3.702516,-3.250736,4.255101,-2.464628,4.646011,-1.676736,4.839299,-0.927656,4.829618,-0.252169,4.636526,0.310714,4.284707,0.758193,3.825155,1.092676,3.31187,1.32069,2.800998,1.479524,2.323222,1.582559,1.897108,1.665101,1.537212,1.724453,1.254813,1.763593,1.02037,1.802575,0.791286,1.870072,0.520491,1.948524,0.194208,1.982743,-0.165119,1.97201,-0.519946,1.964661,-0.85273,1.975514,-1.20226,1.996292,-1.618588,2.009867,-2.120395,2.000516,-2.652991,1.94727,-3.170188,1.809214,-3.632876,1.546772,-4.016339,1.175809,-4.295727,0.732719,-4.406624,0.232825,-4.322012,-0.341684,-4.050259,-0.967509,-3.638127,-1.620085,-3.178034,-2.269211,-2.691331,-2.897439,-2.127002,-3.498036,-1.394937,-4.035834,-0.47562,-4.433018,0.520799,-4.622802,1.486414,-4.505487,2.354897,-4.059202,3.133398,-3.361103,3.855197,-2.53679,4.406527,-1.634766,4.727287,-0.663708,4.771198,0.301585,4.509435,1.123906,4.039545,1.806183,3.513093,2.285811,2.964743,2.522877,2.400939,2.550244,1.838856,2.403378,1.313849,2.137856,0.909711,1.804757,0.61355,1.476032,0.403585,1.16806,0.249439,0.889775,0.11108,0.630998,-0.038865,0.401114,-0.174711,0.205168,-0.279718,0.043213,-0.334162,-0.079802,-0.339931,-0.152819,-0.298966,-0.170565,-0.210162,-0.137303,-0.079885,-0.07887,0.07528,-0.021775,0.211354,0.014872,0.281828
1,0.219376,-0.042883,0.292931,-0.078354,0.41814,-0.116799,0.594358,-0.166556,0.78762,-0.234737,0.948425,-0.321319,1.058429,-0.436006,1.145529,-0.584885,1.229138,-0.759975,1.325939,-0.965873,1.420823,-1.223951,1.51144,-1.550034,1.57738,-1.933542,1.583266,-2.356034,1.504101,-2.81407,1.352154,-3.33384,1.132495,-3.892775,0.852136,-4.404506,0.497391,-4.712486,0.071755,-4.731187,-0.398923,-4.52081,-0.889094,-4.190407,-1.410543,-3.775807,-1.991282,-3.24595,-2.593653,-2.60845,-3.128201,-1.909854,-3.56652,-1.087492,-3.902126,-0.096569,-4.12418,1.005609,-4.234659,2.119717,-4.179928,3.160597,-3.914798,4.049075,-3.408574,4.706465,-2.706878,5.054807,-1.91035,5.07577,-1.116513,4.823623,-0.369527,4.410759,0.310762,3.946347,0.89925,3.453183,1.377994,2.944118,1.770987,2.439211,2.092336,1.980985,2.331243,1.609933,2.47649,1.311467,2.526042,1.048951,2.499058,0.787694,2.452137,0.490726,2.41511,0.131167,2.367653,-0.296275,2.301472,-0.770215,2.219177,-1.235891,2.154278,-1.705279,2.128049,-2.192551,2.082636,-2.687817,1.966906,-3.167441,1.751877,-3.590057,1.420507,-3.967118,0.992551,-4.32535,0.534899,-4.67896,0.070152,-4.929707,-0.484599,-4.869952,-1.182529,-4.362778,-2.022016,-3.524461,-2.979788,-2.570805,-3.985144,-1.563064,-4.888876,-0.418562,-5.546874,0.891912,-5.85552,2.311617,-5.784118,3.717359,-5.346223,4.93668,-4.538059,5.835195,-3.390102,6.31198,-1.960172,6.33209,-0.305278,5.91675,1.414398,5.170286,2.885567,4.190147,3.860076,3.100133,4.29348,2.015881,4.182263,1.032681,3.561646,0.248105,2.611256,-0.325097,1.58963,-0.699363,0.7313,-0.821181,0.189575,-0.717636,-0.030999,-0.52154,-0.020464,-0.38746,0.092555,-0.391093,0.204501,-0.491354,0.290327,-0.584936,0.350428,-0.582554,0.377969,-0.460661,0.371304,-0.232061,0.315225,0.046014,0.202894,0.277889,0.069844,0.380668,-0.050542,0.355505,-0.146941,0.250606,-0.207159,0.112394,-0.228369,-0.030852,-0.207016,-0.158873
1,0.033335,0.165088,0.043845,0.171111,0.050131,0.14764,0.053147,0.100978,0.051641,0.045282,0.041389,0.011287,0.032655,0.002907,0.034848,0.018791,0.056467,0.043849,0.100694,0.046724,0.168462,0.008413,0.267524,-0.065763,0.406891,-0.180907,0.597237,-0.353926,0.842667,-0.577534,1.148263,-0.818771,1.499353,-1.07707,1.80753,-1.390394,1.944225,-1.852633,1.8504,-2.507895,1.532309,-3.284514,1.057731,-4.06975,0.549906,-4.769968,0.090108,-5.22261,-0.384042,-5.184428,-1.03453,-4.616625,-1.9044,-3.752659,-2.89689,-2.755294,-3.81611,-1.611157,-4.455822,-0.309689,-4.731282,1.130753,-4.667789,2.657182,-4.338896,4.157851,-3.77632,5.486382,-3.041367,6.470199,-2.154555,6.968248,-1.120135,6.845619,0.054599,6.116741,1.276062,4.9616,2.402282,3.617529,3.227031,2.226653,3.677399,0.898087,3.83492,-0.254667,3.80269,-1.201821,3.593793,-1.948045,3.272392,-2.474355,2.941326,-2.81766,2.616328,-3.026606,2.253384,-3.167542,1.834084,-3.300915,1.438224,-3.506691,1.128337,-3.815579,0.86439,-4.142877,0.569562,-4.367147,0.193224,-4.397499,-0.27019,-4.204626,-0.828193,-3.783977,-1.441695,-3.150889,-2.057397,-2.375049,-2.61407,-1.595908,-3.071553,-0.905854,-3.350887,-0.37541,-3.427684,0.062959,-3.325985,0.455222,-3.106184,0.857061,-2.814205,1.301322,-2.474051,1.799922,-2.093682,2.289631,-1.680141,2.657456,-1.256686,2.853536,-0.841716,2.905685,-0.444077,2.858647,-0.07718,2.735565,0.256748,2.579684,0.540639,2.434754,0.755651,2.313523,0.901536,2.206347,0.990399,2.092878,1.034001,1.942202,1.047801,1.7308,1.060013,1.480027,1.070599,1.214509,1.076067,0.956694,1.074016,0.741456,1.055135,0.589487,1.015151,0.496074,0.947793,0.450984,0.853678,0.447442,0.735232,0.442609,0.604483,0.394531,0.479864,0.288463,0.393029,0.141647,0.336196,-0.008252,0.283581,-0.125656,0.221921,-0.18508,0.152092,-0.174911,0.088883,-0.108309,0.042474,-0.020084,0.016578,0.050842,0.005242,0.082769
1,-0.124037,0.132874,-0.105851,0.139945,-0.054168,0.134822,0.014399,0.108749,0.087445,0.026529,0.173433,-0.118272,0.341271,-0.297587,0.625646,-0.49593,1.010458,-0.71511,1.458419,-0.957083,1.860566,-1.215909,2.119148,-1.515774,2.224206,-1.908831,2.229406,-2.419855,2.159522,-3.007669,1.973374,-3.552988,1.608158,-3.98435,1.069451,-4.337331,0.367936,-4.591667,-0.481473,-4.635951,-1.41895,-4.475349,-2.397904,-4.128942,-3.35356,-3.53142,-4.1854,-2.649461,-4.815574,-1.562347,-5.201163,-0.348916,-5.303799,0.851721,-5.076956,1.886972,-4.535288,2.767038,-3.715006,3.552994,-2.718749,4.218981,-1.672462,4.686462,-0.654372,4.897535,0.276237,4.863376,1.066632,4.653944,1.642014,4.32204,1.999602,3.891169,2.218425,3.36237,2.355845,2.788348,2.432225,2.205233,2.476816,1.615249,2.507608,1.0224,2.526679,0.429689,2.547411,-0.20306,2.611116,-0.906514,2.729067,-1.627063,2.850706,-2.292009,2.909759,-2.867847,2.860332,-3.375169,2.656891,-3.822988,2.305165,-4.178812,1.830167,-4.370709,1.223716,-4.336553,0.557382,-4.066556,-0.081182,-3.656273,-0.620301,-3.219205,-1.048902,-2.838013,-1.406766,-2.515079,-1.791281,-2.196076,-2.230328,-1.846372,-2.67311,-1.443461,-3.059312,-0.962614,-3.331339,-0.445735,-3.42488,0.060468,-3.30037,0.517801,-3.00352,0.925208,-2.62875,1.30127,-2.231648,1.641955,-1.818914,1.917379,-1.404577,2.113086,-1.01189,2.232391,-0.651737,2.29178,-0.349344,2.302119,-0.117811,2.293944,0.053196,2.324486,0.184245,2.389649,0.297942,2.43725,0.426745,2.410264,0.567267,2.277288,0.694478,2.054212,0.784225,1.769041,0.830723,1.464461,0.834561,1.17709,0.80335,0.964786,0.745559,0.853913,0.659476,0.826078,0.570732,0.839969,0.495333,0.846972,0.425523,0.787049,0.355318,0.643533,0.304612,0.44466,0.294612,0.231341,0.317862,0.054636,0.351059,-0.047402,0.364538,-0.066219,0.358358,-0.018735,0.336464,0.080863,0.300295,0.206457,0.24857,0.303337,0.187183,0.341828
1,-0.052524,0.518378,-0.021034,0.53496,0.038541,0.499098,0.123664,0.417407,0.22035,0.300056,0.310334,0.15892,0.4076,0.016981,0.540671,-0.099739,0.746378,-0.206764,1.001319,-0.32397,1.241924,-0.458362,1.440131,-0.605676,1.612329,-0.783481,1.756671,-1.039714,1.853874,-1.401981,1.900743,-1.830725,1.883015,-2.278313,1.789055,-2.733383,1.602076,-3.206721,1.320687,-3.70045,0.969585,-4.214989,0.557216,-4.647344,0.070149,-4.891401,-0.455031,-4.884897,-0.996203,-4.615073,-1.547533,-4.155065,-2.081694,-3.582935,-2.571595,-2.939711,-2.963172,-2.262954,-3.261046,-1.517983,-3.438415,-0.693099,-3.461286,0.214013,-3.299405,1.131233,-2.95841,1.994638,-2.487428,2.759562,-1.95121,3.36742,-1.410675,3.813537,-0.877047,4.08551,-0.357927,4.175623,0.136184,4.122645,0.575967,3.943427,0.96436,3.650535,1.326503,3.254555,1.658478,2.783005,1.908865,2.266313,2.035052,1.740522,2.058017,1.203423,2.027608,0.638883,1.988349,0.071098,1.97514,-0.480409,1.975865,-0.956711,1.946338,-1.353324,1.8574,-1.681966,1.73111,-2.022917,1.591892,-2.441177,1.423951,-2.93975,1.179699,-3.400286,0.8457,-3.771778,0.448858,-4.000437,-0.014154,-4.045294,-0.502609,-3.856418,-1.019206,-3.491408,-1.562542,-2.914683,-2.059802,-2.232948,-2.453828,-1.520932,-2.691741,-0.831348,-2.792376,-0.233392,-2.771007,0.358746,-2.630733,0.918087,-2.401327,1.441399,-2.100953,1.907231,-1.744785,2.340249,-1.350417,2.744356,-0.947903,3.045967,-0.561668,3.15899,-0.195666,3.077428,0.172405,2.862274,0.518515,2.55187,0.814314,2.193351,1.019733,1.832988,1.127536,1.51242,1.158736,1.235509,1.139737,1.010273,1.088606,0.847942,1.007642,0.729595,0.901705,0.618302,0.785514,0.49359,0.677861,0.356281,0.587746,0.211417,0.516623,0.075199,0.451039,-0.033443,0.372433,-0.094291,0.274427,-0.096706,0.165702,-0.037263,0.057257,0.069186,-0.02666,0.186869,-0.075403,0.267061,-0.086728,0.288377,-0.070813,0.256812,-0.04203,0.19335
1,0.069044,0.297709,0.106558,0.422572,0.162115,0.547637,0.250126,0.643983,0.374554,0.686851,0.556415,0.659645,0.773584,0.564812,1.003838,0.414189,1.254469,0.229502,1.526059,0.041847,1.794569,-0.133792,2.028366,-0.310227,2.202075,-0.532168,2.320788,-0.83853,2.425992,-1.227666,2.494601,-1.653801,2.491857,-2.057382,2.400609,-2.428903,2.220383,-2.739982,1.937132,-2.975703,1.562482,-3.173953,1.114576,-3.362774,0.605253,-3.510728,0.066129,-3.569574,-0.47516,-3.538964,-1.028743,-3.431362,-1.586085,-3.229243,-2.092454,-2.945293,-2.546139,-2.546937,-2.91432,-2.022229,-3.190638,-1.386155,-3.346271,-0.701764,-3.388972,-0.00923,-3.311604,0.693139,-3.106899,1.423847,-2.72948,2.103492,-2.154639,2.721964,-1.445686,3.239473,-0.693027,3.646034,0.043,3.898809,0.709714,3.950423,1.275986,3.783848,1.706794,3.377353,1.971837,2.744338,2.072942,1.966466,2.069231,1.188391,2.037155,0.473789,2.035557,-0.161937,2.060254,-0.711691,2.086725,-1.174166,2.084123,-1.556063,2.04415,-1.869008,1.955234,-2.177235,1.813729,-2.527621,1.617027,-2.92769,1.359989,-3.349595,1.04812,-3.738729,0.664936,-3.991488,0.173567,-3.951773,-0.414498,-3.567702,-1.059419,-2.953123,-1.708856,-2.255735,-2.289241,-1.536734,-2.725454,-0.828693,-2.956166,-0.163681,-3.002524,0.409242,-2.907286,0.912899,-2.713629,1.404832,-2.426825,1.862121,-2.071879,2.239456,-1.691649,2.548858,-1.310133,2.810872,-0.934202,3.007935,-0.577968,3.072846,-0.260276,2.964961,-0.017403,2.676471,0.172472,2.270429,0.336374,1.878411,0.475816,1.593653,0.568567,1.457856,0.611245,1.436651,0.636941,1.436926,0.667694,1.368534,0.724446,1.18396,0.791331,0.910214,0.832454,0.599366,0.829254,0.321539,0.775431,0.121604,0.675925,0.000101,0.537505,-0.059717,0.369205,-0.069457,0.201543,-0.043948,0.076624,0.000249,0.023538,0.039302,0.038791,0.055005,0.103462,0.01786,0.189679,-0.057067,0.28113,-0.123731,0.350593,-0.155306,0.371639,-0.152194
1,0.035775,0.060201,0.059538,0.07866,0.07405,0.093036,0.09056,0.097065,0.131354,0.093177,0.209666,0.089388,0.32127,0.076005,0.47873,0.029537,0.711478,-0.057573,1.042889,-0.199442,1.461303,-0.377497,1.930326,-0.566522,2.368569,-0.767033,2.663315,-1.01753,2.747188,-1.358161,2.648259,-1.757627,2.401786,-2.216506,2.040715,-2.688099,1.610809,-3.127426,1.137741,-3.503815,0.631562,-3.793167,0.093906,-3.955385,-0.434358,-3.986125,-0.928747,-3.899484,-1.39334,-3.717738,-1.836985,-3.414002,-2.248005,-2.993897,-2.58381,-2.475354,-2.84974,-1.842205,-3.051228,-1.085107,-3.165301,-0.275541,-3.17864,0.476001,-3.099587,1.029356,-2.897098,1.470028,-2.518991,1.922847,-2.015706,2.365909,-1.457845,2.767414,-0.916487,3.097379,-0.440767,3.337142,-0.026383,3.47544,0.349713,3.520902,0.717343,3.477738,1.059042,3.333344,1.372864,3.051921,1.653121,2.603672,1.891322,1.995185,2.103892,1.307141,2.308059,0.603603,2.479573,-0.075568,2.586858,-0.725289,2.605846,-1.342095,2.528028,-1.918273,2.343389,-2.428972,2.085496,-2.890485,1.779576,-3.300365,1.429966,-3.60433,0.982169,-3.797052,0.456765,-3.88563,-0.088576,-3.909326,-0.621721,-3.856657,-1.135819,-3.668283,-1.64071,-3.233277,-2.115126,-2.543625,-2.481202,-1.69701,-2.719552,-0.825768,-2.850585,-0.052662,-2.905163,0.564614,-2.863595,1.08816,-2.689425,1.568701,-2.394232,2.00699,-2.037666,2.346237,-1.678161,2.577744,-1.323873,2.838645,-0.964389,3.095971,-0.595211,3.285342,-0.230503,3.392421,0.123595,3.414465,0.474715,3.342834,0.822707,3.151038,1.161839,2.833923,1.472152,2.402223,1.72305,1.8879,1.890853,1.345847,1.945925,0.828984,1.874401,0.396489,1.698932,0.090416,1.451264,-0.081885,1.180117,-0.145712,0.920484,-0.145588,0.682642,-0.111454,0.46583,-0.067101,0.279427,-0.03121,0.138512,-0.015653,0.05116,-0.033939,0.005039,-0.072388,-0.017727,-0.096719,-0.024137,-0.091335,-0.016488,-0.069052,-0.001338,-0.039368,0.009422,-0.022415
1,0.23481,0.302589,0.364013,0.320617,0.492356,0.306761,0.625343,0.27168,0.785707,0.22546,0.961604,0.173456,1.115599,0.108567,1.246207,0.016186,1.365222,-0.115641,1.490003,-0.305999,1.638355,-0.552137,1.808654,-0.844844,1.980906,-1.172132,2.130755,-1.50827,2.213636,-1.84622,2.185699,-2.19991,2.030942,-2.578761,1.762765,-2.969673,1.407956,-3.352394,0.997075,-3.664355,0.53718,-3.824946,0.062864,-3.81497,-0.413104,-3.689601,-0.90518,-3.491438,-1.424448,-3.183465,-1.970542,-2.727133,-2.499708,-2.137613,-2.973104,-1.464045,-3.358641,-0.758485,-3.634397,-0.023346,-3.746778,0.681155,-3.689034,1.352532,-3.495794,2.006895,-3.199189,2.637697,-2.813538,3.214663,-2.311161,3.694747,-1.680721,4.020934,-0.953292,4.161253,-0.201637,4.082901,0.538355,3.819639,1.195339,3.391895,1.792895,2.888842,2.306938,2.277426,2.726384,1.62211,3.008161,0.980665,3.136177,0.382247,3.119978,-0.179494,3.003122,-0.712273,2.799538,-1.184538,2.534301,-1.594242,2.235223,-1.966083,1.913759,-2.327646,1.576245,-2.669546,1.218466,-2.952183,0.818807,-3.165715,0.398868,-3.334569,-0.04736,-3.470428,-0.510257,-3.530419,-0.985595,-3.438997,-1.439325,-3.166149,-1.835503,-2.752169,-2.169397,-2.263645,-2.455055,-1.705315,-2.689154,-1.078825,-2.850936,-0.425056,-2.897362,0.226088,-2.807418,0.869424,-2.58393,1.500911,-2.258151,2.096266,-1.836146,2.645901,-1.366238,3.120467,-0.898451,3.494602,-0.454422,3.72065,-0.026083,3.775239,0.390211,3.656381,0.76566,3.426466,1.071684,3.158592,1.285697,2.881005,1.387385,2.568249,1.390761,2.183112,1.321959,1.716614,1.208554,1.220407,1.072382,0.767334,0.941535,0.417645,0.832002,0.175009,0.750997,0.020727,0.691495,-0.073165,0.63631,-0.113349,0.57207,-0.121232,0.502345,-0.118477,0.435975,-0.115409,0.375914,-0.114384,0.318215,-0.120766,0.254834,-0.133438,0.195329,-0.138912,0.153581,-0.136,0.133289,-0.11392,0.131102,-0.064859,0.12878,-0.011511,0.113756,0.019577
1,0.896945,-0.533336,1.343178,-0.773871,1.820253,-1.010317,2.250034,-1.246049,2.556605,-1.495725,2.688722,-1.784339,2.640857,-2.142394,2.445487,-2.572569,2.12914,-3.041163,1.706772,-3.499574,1.199212,-3.879748,0.626569,-4.108944,0.026622,-4.178605,-0.555328,-4.145992,-1.102013,-4.047005,-1.603245,-3.872037,-2.060167,-3.618527,-2.479361,-3.25558,-2.881041,-2.740335,-3.245597,-2.07052,-3.553755,-1.275493,-3.765411,-0.37918,-3.862803,0.595795,-3.830225,1.598938,-3.67027,2.490842,-3.375472,3.223828,-2.957712,3.794108,-2.419921,4.228547,-1.783445,4.549825,-1.098058,4.715014,-0.407046,4.662344,0.263589,4.381099,0.843152,3.921447,1.289382,3.401412,1.590278,2.906913,1.771778,2.456657,1.861503,2.040641,1.897661,1.648803,1.892544,1.281574,1.844114,0.92552,1.767039,0.566111,1.697385,0.211408,1.674774,-0.13927,1.702324,-0.480197,1.75685,-0.788097,1.804275,-1.045403,1.830008,-1.245331,1.821419,-1.393351,1.764374,-1.485431,1.665794,-1.544,1.529601,-1.590975,1.370467,-1.665601,1.213475,-1.799638,1.073438,-1.993599,0.936522,-2.204996,0.796331,-2.408898,0.647319,-2.615598,0.468744,-2.831484,0.237942,-3.038358,-0.053817,-3.194593,-0.407197,-3.28301,-0.81978,-3.315132,-1.277139,-3.275074,-1.750439,-3.11965,-2.183409,-2.843169,-2.524302,-2.41468,-2.782051,-1.771739,-2.97631,-0.923044,-3.116227,0.044321,-3.194703,1.045377,-3.156467,2.088085,-2.991092,3.024829,-2.725551,3.796162,-2.387138,4.375556,-1.98253,4.763373,-1.481146,4.927977,-0.869922,4.861096,-0.195029,4.606505,0.458412,4.231753,1.042026,3.776584,1.542531,3.282362,1.951927,2.75892,2.22928,2.214813,2.352217,1.669937,2.301456,1.150653,2.080041,0.714693,1.734413,0.406839,1.343371,0.212579,0.966312,0.102207,0.647457,0.046809,0.414807,0.018467,0.2688,0.000532,0.202883,0.001778,0.188475,0.03556,0.209382,0.095834,0.241101,0.15749,0.266383,0.196613,0.270528,0.210185,0.247004,0.196708,0.193789,0.170311
1,1.506738,-2.577146,1.366497,-3.012293,1.171648,-3.414244,0.92421,-3.766419,0.633852,-4.036759,0.306519,-4.148435,-0.043782,-4.063084,-0.401452,-3.808214,-0.765743,-3.44408,-1.147905,-2.99957,-1.546194,-2.505385,-1.956622,-1.961899,-2.364537,-1.330903,-2.76515,-0.599802,-3.116791,0.142358,-3.414201,0.852551,-3.622744,1.506497,-3.713394,2.09104,-3.648008,2.558177,-3.399431,2.870202,-2.98016,3.018949,-2.438826,3.016891,-1.833357,2.914498,-1.205654,2.798186,-0.587548,2.710941,-0.015771,2.645306,0.487264,2.571059,0.911806,2.48288,1.254812,2.373643,1.501711,2.239055,1.668287,2.069237,1.769116,1.874931,1.81511,1.647883,1.835608,1.381459,1.863146,1.080122,1.914215,0.760751,1.991052,0.414278,2.088105,0.026367,2.182539,-0.37666,2.241763,-0.762234,2.22854,-1.101796,2.142263,-1.404358,1.991422,-1.699744,1.799447,-2.006179,1.577514,-2.336051,1.329176,-2.660959,1.069992,-2.938603,0.833338,-3.164805,0.621631,-3.346106,0.408049,-3.480013,0.144007,-3.503874,-0.195529,-3.382923,-0.590852,-3.174246,-0.996849,-2.922303,-1.396234,-2.649131,-1.765953,-2.336138,-2.072259,-1.961604,-2.278292,-1.540396,-2.384529,-1.058402,-2.408935,-0.562166,-2.375717,-0.0769,-2.298761,0.386625,-2.179058,0.821492,-2.025651,1.20849,-1.855962,1.556593,-1.677058,1.898074,-1.493963,2.225232,-1.29721,2.495406,-1.069309,2.681262,-0.796774,2.758504,-0.479834,2.767816,-0.13385,2.777694,0.206193,2.812858,0.504213,2.856154,0.755166,2.857427,0.953164,2.785566,1.096255,2.619871,1.190661,2.368938,1.250805,2.023202,1.28536,1.589455,1.299111,1.104373,1.282268,0.640546,1.228961,0.263388,1.137736,0.01349,1.025878,-0.105703,0.924839,-0.141686,0.835923,-0.157351,0.751749,-0.17961,0.651312,-0.202657,0.538212,-0.218349,0.42256,-0.219783,0.325968,-0.200376,0.251991,-0.156,0.197135,-0.092727,0.142191,-0.019751,0.074929,0.03445,-0.011062,0.044722,-0.099792,0.00898,-0.163758,-0.054549,-0.181489,-0.128478
1,0.748448,-0.000127,0.886011,0.000569,1.019792,0.004805,1.148902,0.001037,1.258817,-0.045168,1.332444,-0.149542,1.372087,-0.326035,1.390921,-0.556397,1.407569,-0.826466,1.42704,-1.126802,1.434471,-1.437942,1.415331,-1.748942,1.34556,-2.0683,1.198143,-2.391834,0.983401,-2.694125,0.729816,-2.932144,0.441665,-3.082178,0.114507,-3.121271,-0.225008,-3.086558,-0.532137,-3.032724,-0.793289,-2.956907,-1.059288,-2.829194,-1.356123,-2.641829,-1.68784,-2.371928,-2.030679,-1.986964,-2.346809,-1.502902,-2.628793,-0.931681,-2.892142,-0.296724,-3.111309,0.364876,-3.240352,1.024447,-3.244793,1.646401,-3.117647,2.23691,-2.860895,2.774218,-2.456242,3.250135,-1.903075,3.625001,-1.22262,3.890633,-0.470361,4.023047,0.271578,4.015151,0.957155,3.862739,1.537561,3.564831,1.97846,3.168866,2.260389,2.732149,2.384551,2.2582,2.397173,1.747095,2.342115,1.210497,2.257438,0.696652,2.173624,0.205608,2.114082,-0.305681,2.074052,-0.828863,2.040702,-1.331796,1.986584,-1.763815,1.874883,-2.119404,1.708816,-2.423665,1.498922,-2.706555,1.232122,-2.963495,0.911628,-3.167872,0.562626,-3.276716,0.219362,-3.278525,-0.128404,-3.186678,-0.502842,-3.015244,-0.898341,-2.767881,-1.311036,-2.485731,-1.713565,-2.186026,-2.058006,-1.826548,-2.323819,-1.411399,-2.540361,-0.941101,-2.722658,-0.403988,-2.806424,0.171357,-2.734575,0.764549,-2.500127,1.366214,-2.137624,1.923024,-1.693645,2.387013,-1.186296,2.741822,-0.641497,2.994042,-0.098369,3.143611,0.405975,3.179429,0.836117,3.118009,1.167843,2.992687,1.391378,2.807127,1.491872,2.541376,1.487861,2.187355,1.441635,1.772577,1.401909,1.342736,1.387934,0.947773,1.354766,0.622781,1.273515,0.381903,1.131381,0.207918,0.934469,0.068715,0.727774,-0.067535,0.555355,-0.207052,0.41966,-0.317179,0.304207,-0.355252,0.216664,-0.319645,0.173365,-0.228431,0.16914,-0.122444,0.191537,-0.044708,0.218128,0.004092,0.220921,0.030028,0.182585,0.036451,0.117729,0.033371
1,1.146035,-0.432592,1.319799,-0.579524,1.472086,-0.709277,1.581781,-0.85078,1.648014,-1.030033,1.668249,-1.27543,1.629599,-1.583006,1.519682,-1.949661,1.329873,-2.336978,1.083207,-2.711051,0.806962,-3.042804,0.510781,-3.322621,0.189865,-3.529915,-0.150953,-3.650631,-0.51636,-3.638285,-0.927932,-3.477551,-1.383765,-3.226026,-1.8617,-2.916316,-2.319596,-2.528728,-2.730231,-2.028417,-3.071186,-1.423148,-3.312085,-0.74189,-3.435848,-0.02252,-3.440893,0.685861,-3.331905,1.370956,-3.109268,2.027133,-2.770471,2.638127,-2.328095,3.168166,-1.833335,3.580136,-1.338968,3.858618,-0.875443,4.008176,-0.441767,4.04404,-0.01797,3.973945,0.402726,3.815933,0.807737,3.578224,1.185716,3.27536,1.540697,2.908583,1.870508,2.468391,2.127655,1.977626,2.279175,1.473203,2.351166,0.973147,2.404584,0.496419,2.470296,0.022913,2.523651,-0.447076,2.515286,-0.883534,2.419467,-1.251471,2.252076,-1.577706,2.055212,-1.890138,1.852528,-2.192461,1.622064,-2.474407,1.34762,-2.737168,1.025891,-2.988413,0.689144,-3.219233,0.337263,-3.342837,-0.041858,-3.339662,-0.451462,-3.256486,-0.845809,-3.126143,-1.207886,-2.921642,-1.561656,-2.622961,-1.913453,-2.244223,-2.23128,-1.796547,-2.470127,-1.315622,-2.617608,-0.84839,-2.682461,-0.395226,-2.652241,0.077243,-2.5188,0.569129,-2.304967,1.064196,-2.048657,1.528821,-1.760641,1.92965,-1.434141,2.247043,-1.075717,2.487514,-0.69733,2.687808,-0.33384,2.855827,0.000821,2.971095,0.296819,2.995877,0.552856,2.919763,0.778107,2.737782,0.965676,2.472895,1.094409,2.164478,1.159958,1.872067,1.180007,1.612716,1.168211,1.370523,1.147013,1.109272,1.135449,0.875411,1.11061,0.673268,1.053445,0.492245,0.963695,0.329374,0.840215,0.21284,0.697328,0.149541,0.54111,0.100661,0.383094,0.038168,0.234471,-0.020768,0.117088,-0.045255,0.056292,-0.044497,0.0398,-0.051231,0.036267,-0.072482,0.034992,-0.090627,0.033882,-0.089543,0.023899,-0.061206,0.002191,0.000929
1,-0.156805,-0.006581,-0.153716,-0.051976,-0.154047,-0.078141,-0.159988,-0.069755,-0.163527,-0.011565,-0.169654,0.082974,-0.174685,0.184093,-0.168595,0.274122,-0.137307,0.345633,-0.06928,0.405374,0.035224,0.446625,0.159145,0.464961,0.278868,0.460883,0.388376,0.432433,0.489537,0.383085,0.607848,0.32672,0.770851,0.26136,0.974992,0.17342,1.212457,0.046379,1.481523,-0.141035,1.748185,-0.401746,1.967662,-0.741502,2.122768,-1.147443,2.189948,-1.608748,2.181468,-2.137978,2.091014,-2.731398,1.871127,-3.344372,1.518605,-3.94953,1.076998,-4.532169,0.595775,-5.046047,0.108145,-5.408652,-0.36392,-5.564873,-0.80443,-5.513941,-1.230798,-5.234596,-1.702118,-4.690739,-2.248089,-3.875256,-2.811893,-2.834581,-3.309779,-1.635648,-3.672642,-0.375959,-3.844736,0.845651,-3.81352,1.971966,-3.579311,2.927871,-3.135306,3.659738,-2.4849,4.14113,-1.695817,4.411252,-0.878397,4.509476,-0.123281,4.452937,0.525985,4.274012,1.066005,4.004649,1.516228,3.675838,1.90803,3.302528,2.281251,2.836981,2.609131,2.255083,2.851772,1.548319,2.993786,0.747539,3.065379,-0.099039,3.075316,-0.952897,3.003688,-1.773338,2.807909,-2.515325,2.451164,-3.156074,1.957776,-3.682554,1.363785,-4.057827,0.71096,-4.246674,0.049083,-4.272062,-0.578702,-4.156264,-1.160895,-3.894059,-1.711052,-3.466084,-2.204769,-2.882808,-2.608899,-2.176877,-2.904132,-1.371618,-3.094022,-0.495484,-3.149926,0.36686,-3.063817,1.154065,-2.839003,1.842585,-2.494537,2.428511,-2.070228,2.873338,-1.607918,3.134174,-1.160255,3.194272,-0.758281,3.106982,-0.401694,2.935766,-0.062067,2.726112,0.272664,2.495668,0.581511,2.254677,0.826959,1.993565,0.971237,1.691866,1.00881,1.361365,0.950607,1.043529,0.836261,0.776644,0.71934,0.577836,0.605906,0.442343,0.497561,0.357552,0.406277,0.307044,0.337946,0.290918,0.28788,0.299687,0.254548,0.331736,0.227383,0.362545,0.194067,0.368609,0.153068,0.330549,0.110771,0.259252,0.083095,0.181086
1,0.120825,0.2204,0.065664,0.269217,0.02403,0.28134,-0.008414,0.261311,-0.041418,0.224323,-0.077242,0.175997,-0.111885,0.130515,-0.142194,0.101205,-0.164707,0.102472,-0.1632,0.142051,-0.117565,0.234763,-0.020925,0.355901,0.16082,0.467395,0.436371,0.540411,0.786126,0.557584,1.156603,0.49733,1.556406,0.384593,1.903969,0.203544,2.187995,-0.039953,2.374435,-0.354203,2.458122,-0.716153,2.455492,-1.162976,2.344627,-1.690488,2.123218,-2.288728,1.810755,-2.904199,1.441808,-3.473656,1.037542,-3.93849,0.606975,-4.297289,0.138395,-4.567204,-0.369633,-4.713169,-0.892012,-4.688788,-1.398354,-4.461877,-1.880712,-4.002315,-2.340753,-3.309894,-2.728427,-2.476469,-3.050004,-1.553362,-3.311136,-0.568449,-3.493046,0.430939,-3.56791,1.353914,-3.514116,2.117151,-3.299349,2.710163,-2.910115,3.186057,-2.321248,3.558383,-1.560907,3.813367,-0.701044,3.967496,0.168571,4.023503,0.945853,3.965487,1.585438,3.753985,2.091272,3.366151,2.450123,2.812343,2.67133,2.119503,2.746779,1.349771,2.684469,0.564303,2.581695,-0.209019,2.526346,-0.992494,2.521369,-1.772039,2.530951,-2.527268,2.50024,-3.275786,2.385116,-4.030548,2.154291,-4.750057,1.780365,-5.356545,1.238716,-5.739583,0.484646,-5.735173,-0.474791,-5.280322,-1.525989,-4.461164,-2.521625,-3.396234,-3.323257,-2.19225,-3.892897,-0.874975,-4.155454,0.310278,-4.117939,1.216741,-3.824022,1.902065,-3.320728,2.456055,-2.650481,2.893562,-1.880813,3.209935,-1.058863,3.393736,-0.245648,3.415003,0.463157,3.265721,1.01119,2.995278,1.366112,2.668696,1.534901,2.343852,1.567583,2.020977,1.514669,1.691671,1.411779,1.353852,1.281578,1.060914,1.135466,0.83909,0.982453,0.653317,0.838183,0.469935,0.714548,0.282942,0.614986,0.124264,0.53085,0.009394,0.43666,-0.059934,0.341535,-0.088835,0.232519,-0.093311,0.108505,-0.083341,-0.007039,-0.072479,-0.068787,-0.0482,-0.063316,0.0077,-0.013103,0.084184,0.044112,0.149916,0.081077,0.185676
1,0.037743,-0.013595,0.002221,0.013697,-0.035215,0.022876,-0.057569,0.01864,-0.065827,0.004643,-0.054643,-0.006788,-0.032725,-0.007853,-0.000624,-0.002296,0.01619,0.006943,-0.00118,0.021038,-0.039877,0.025652,-0.079044,0.024924,-0.088696,0.022065,-0.077562,0.024943,-0.060741,0.034227,-0.048135,0.051549,-0.046165,0.069739,-0.045405,0.094618,-0.040737,0.114422,-0.034862,0.135804,-0.013956,0.164993,0.042849,0.223368,0.133555,0.314435,0.261227,0.409102,0.4439,0.482017,0.702066,0.490599,1.054936,0.393541,1.475841,0.215879,1.888418,-0.046855,2.207369,-0.397568,2.387939,-0.851375,2.424759,-1.420211,2.340985,-2.137179,2.156696,-2.95649,1.895465,-3.775119,1.538405,-4.434262,1.015715,-4.74634,0.301606,-4.66292,-0.626128,-4.271931,-1.779013,-3.680353,-3.048795,-2.99389,-4.250533,-2.236639,-5.082247,-1.370332,-5.371323,-0.474482,-4.977347,0.122564,-4.172671,0.994359,-3.022894,1.992573,-1.743058,2.931,-0.498326,3.668206,0.556369,4.142624,1.346268,4.328199,1.888866,4.224449,2.243845,3.814427,2.49296,3.092902,2.683322,2.141863,2.794162,1.095045,2.832069,0.090731,2.801734,-0.832569,2.684931,-1.689958,2.459954,-2.462876,2.13403,-3.134863,1.686944,-3.652251,1.075488,-3.960896,0.295076,-4.069547,-0.595695,-4.009408,-1.595385,-3.805691,-2.598153,-3.453301,-3.46075,-2.970889,-4.022011,-2.471874,-4.194004,-2.034416,-4.100499,-1.390373,-3.750028,-0.51856,-3.227862,0.476319,-2.602752,1.497316,-1.927933,2.434234,-1.251407,3.211503,-0.612457,3.773023,-0.034959,4.114679,0.491734,4.219345,0.975925,4.093024,1.352824,3.766003,1.596459,3.292382,1.709486,2.737776,1.719762,2.144991,1.642516,1.553393,1.485003,0.999577,1.267922,0.518876,1.013177,0.144278,0.753445,-0.12341,0.503371,-0.304812,0.286135,-0.411667,0.115449,-0.449532,0.004664,-0.427434,-0.037432,-0.375089,-0.009038,-0.298911,0.058997,-0.195052,0.134175,-0.070436,0.191605,0.056253,0.211179,0.161629,0.178727,0.226837
1,0.043556,0.141117,0.041736,0.063131,0.03627,-0.034196,0.005369,-0.096953,0.004538,-0.128511,0.050704,-0.120887,0.135701,-0.076734,0.240121,0.011464,0.308525,0.144749,0.316182,0.291232,0.262251,0.412634,0.196603,0.452281,0.153934,0.416413,0.148293,0.335181,0.195424,0.252885,0.294856,0.204636,0.42378,0.198302,0.583555,0.220217,0.790545,0.231121,1.068344,0.185233,1.376689,0.060109,1.648376,-0.167863,1.789469,-0.50544,1.757689,-0.954114,1.570185,-1.500296,1.294815,-2.127666,0.989724,-2.806681,0.671863,-3.451676,0.321252,-3.970932,-0.050614,-4.343961,-0.444037,-4.567541,-0.864675,-4.58889,-1.324672,-4.356506,-1.773326,-3.895077,-2.163954,-3.224545,-2.479889,-2.306162,-2.713333,-1.171057,-2.86031,0.109114,-2.864321,1.428579,-2.658424,2.627908,-2.265692,3.553258,-1.74361,4.161334,-1.164772,4.498624,-0.576406,4.624582,-0.026908,4.576354,0.441886,4.336581,0.843858,3.892596,1.210233,3.238714,1.567165,2.399708,1.905071,1.483332,2.150826,0.589279,2.266924,-0.256371,2.267968,-1.03979,2.166205,-1.709968,2.037741,-2.262391,1.910727,-2.760554,1.758396,-3.226244,1.549646,-3.658035,1.281947,-4.062122,0.934667,-4.401359,0.493553,-4.624362,-0.024734,-4.615445,-0.628637,-4.307532,-1.322561,-3.767917,-2.017425,-3.076807,-2.634292,-2.283305,-3.165118,-1.416085,-3.602723,-0.502448,-3.864841,0.466601,-3.857726,1.503822,-3.546121,2.562708,-2.986007,3.490225,-2.249333,4.094144,-1.433145,4.321653,-0.611132,4.221942,0.137696,3.892451,0.707578,3.45942,1.030239,3.01705,1.149318,2.593475,1.17491,2.200821,1.189986,1.838385,1.197212,1.492045,1.173307,1.149886,1.110615,0.78261,1.013235,0.404299,0.907083,0.048151,0.809898,-0.244438,0.712577,-0.445792,0.592868,-0.538625,0.450901,-0.520885,0.304646,-0.426807,0.178645,-0.300019,0.084101,-0.162206,0.02666,-0.034689,-0.000793,0.058217,-0.017587,0.098531,-0.046568,0.10225,-0.089136,0.092592,-0.125114,0.062751,-0.147724,0.015965
1,0.028644,-0.011687,0.031001,-0.009305,0.010885,0.009117,-0.019243,0.028418,-0.054301,0.059497,-0.079368,0.114754,-0.085056,0.184864,-0.065127,0.242111,-0.024861,0.263254,0.023229,0.247461,0.061441,0.197613,0.079521,0.144569,0.09106,0.126798,0.120689,0.150049,0.188354,0.180795,0.296698,0.192047,0.468899,0.15584,0.727213,0.051239,1.035815,-0.091697,1.338482,-0.268053,1.588841,-0.509886,1.785169,-0.852883,1.934708,-1.318106,2.001969,-1.912899,1.949032,-2.589759,1.773105,-3.257302,1.481743,-3.878304,1.09933,-4.39804,0.608488,-4.705864,-0.003212,-4.719963,-0.695267,-4.451242,-1.387068,-3.93277,-1.994336,-3.221827,-2.484791,-2.427861,-2.870448,-1.643496,-3.200808,-0.874179,-3.435752,-0.107767,-3.52333,0.626362,-3.409889,1.299103,-3.133082,1.953498,-2.725561,2.630139,-2.226834,3.30707,-1.664158,3.867967,-1.060836,4.186638,-0.427704,4.232167,0.238116,4.058216,0.86769,3.745293,1.390628,3.353135,1.756873,2.901026,1.974805,2.367109,2.099655,1.728046,2.151471,1.001739,2.210758,0.196673,2.301299,-0.637967,2.369708,-1.42371,2.364362,-2.094215,2.261,-2.6483,2.040801,-3.074675,1.714278,-3.38537,1.296475,-3.596541,0.767477,-3.715648,0.131463,-3.728274,-0.557897,-3.607136,-1.220758,-3.327694,-1.82049,-2.889116,-2.324399,-2.277192,-2.698738,-1.543964,-2.960403,-0.772894,-3.122296,-0.037681,-3.140897,0.650066,-2.955655,1.291509,-2.574666,1.910615,-2.075466,2.539187,-1.54437,3.141691,-1.0367,3.629406,-0.582182,3.940956,-0.155619,4.061378,0.279063,4.010273,0.710789,3.817597,1.092563,3.527138,1.38831,3.128907,1.62804,2.622732,1.7984,2.021633,1.848483,1.341706,1.762663,0.665923,1.590037,0.092407,1.38412,-0.304121,1.161708,-0.489184,0.932778,-0.476098,0.69006,-0.334389,0.449855,-0.164818,0.237959,-0.039357,0.062131,0.028249,-0.060017,0.063334,-0.096795,0.089657,-0.055622,0.114785,0.039379,0.13936,0.134234,0.165498,0.178939,0.187867,0.158274,0.196264
1,-0.162323,0.27308,-0.133465,0.286832,-0.122626,0.307277,-0.134055,0.343534,-0.153046,0.39637,-0.164673,0.466809,-0.143217,0.541529,-0.090313,0.597059,0.002521,0.632141,0.13977,0.651368,0.32648,0.655507,0.55884,0.636039,0.825323,0.591903,1.094795,0.549592,1.3296,0.494459,1.507778,0.385899,1.648305,0.200293,1.77582,-0.082498,1.895348,-0.457853,2.006081,-0.911295,2.094224,-1.402846,2.106462,-1.925891,2.031132,-2.474984,1.862838,-3.030187,1.623705,-3.537731,1.328131,-3.978652,0.979963,-4.355274,0.559502,-4.63478,-0.017049,-4.734406,-0.832023,-4.565059,-1.837599,-4.115335,-2.886331,-3.436958,-3.852487,-2.582208,-4.601005,-1.629482,-5.000184,-0.612772,-4.951085,0.401041,-4.518942,1.430029,-3.835356,2.376008,-3.098369,3.18142,-2.448003,3.804061,-1.913288,4.257363,-1.455021,4.579372,-1.048157,4.801634,-0.679636,4.880813,-0.282872,4.782163,0.257174,4.528956,0.994386,4.158886,1.820939,3.706482,2.531688,3.171602,3.007288,2.537471,3.266715,1.809386,3.379817,0.982207,3.395405,0.064812,3.28933,-0.86778,3.069135,-1.756268,2.740927,-2.548741,2.329439,-3.215323,1.8604,-3.762054,1.38525,-4.198436,0.950041,-4.516734,0.565034,-4.720975,0.193362,-4.814079,-0.234791,-4.75129,-0.798403,-4.491015,-1.504703,-4.032145,-2.31256,-3.401455,-3.138301,-2.635382,-3.857852,-1.789582,-4.370088,-0.929948,-4.607726,-0.057725,-4.548833,0.839002,-4.190392,1.685995,-3.615525,2.464062,-2.954306,3.117127,-2.304965,3.638536,-1.696088,3.932131,-1.123444,4.040865,-0.572816,3.994765,-0.057372,3.836457,0.365061,3.580329,0.657046,3.21734,0.831724,2.783321,0.91099,2.335478,0.948218,1.91618,0.984991,1.54206,1.000541,1.187651,0.962228,0.846425,0.867976,0.538071,0.749714,0.301935,0.622196,0.156021,0.481808,0.088457,0.32567,0.06808,0.190472,0.065949,0.109002,0.060524,0.088842,0.036356,0.091405,0.001896,0.085378,-0.022547,0.067292,-0.019589,0.039989,0.000314,-0.002395,0.029549
1,-0.140353,0.275903,-0.117896,0.301737,-0.094762,0.333842,-0.061757,0.372623,-0.020332,0.399326,0.032131,0.405315,0.114738,0.392469,0.222642,0.391736,0.33947,0.422911,0.494733,0.482862,0.704925,0.5535,0.948363,0.602079,1.19572,0.596217,1.412129,0.538771,1.588171,0.436165,1.74789,0.272231,1.921327,0.01625,2.101305,-0.387058,2.23467,-0.941983,2.284514,-1.574985,2.225157,-2.226924,2.055324,-2.891546,1.781499,-3.566514,1.426773,-4.219586,1.030677,-4.794111,0.621572,-5.239586,0.205625,-5.466779,-0.248281,-5.338634,-0.85432,-4.799082,-1.662793,-3.958712,-2.572303,-2.954602,-3.415789,-1.865856,-4.071876,-0.775074,-4.462862,0.245263,-4.543364,1.210666,-4.304124,2.156167,-3.823681,3.035112,-3.235139,3.748005,-2.627157,4.258553,-2.037799,4.568563,-1.47708,4.689595,-0.925975,4.643939,-0.387732,4.44722,0.142811,4.108588,0.700801,3.64296,1.307816,3.07056,1.940818,2.442186,2.51197,1.819047,2.92806,1.224614,3.144982,0.623233,3.199329,-0.004589,3.141885,-0.671702,2.978979,-1.341036,2.713022,-1.996678,2.363049,-2.582162,1.964135,-3.041963,1.53547,-3.376053,1.080608,-3.619346,0.604494,-3.792062,0.117597,-3.874802,-0.353473,-3.862947,-0.790015,-3.749895,-1.273535,-3.526958,-1.871798,-3.182258,-2.541662,-2.707045,-3.163254,-2.128938,-3.601315,-1.505507,-3.834779,-0.853686,-3.876769,-0.1662,-3.691436,0.600027,-3.278773,1.460553,-2.707749,2.354238,-2.072869,3.172102,-1.442568,3.818964,-0.881728,4.247955,-0.42143,4.459958,-0.01532,4.485496,0.392378,4.332577,0.779689,3.980579,1.091606,3.41874,1.328763,2.714741,1.496502,1.996417,1.590075,1.392449,1.611094,0.976907,1.545291,0.745932,1.379651,0.629332,1.166788,0.560223,0.968557,0.487657,0.786525,0.399056,0.603489,0.289434,0.425071,0.153373,0.262159,-0.004584,0.10883,-0.15551,-0.028996,-0.260271,-0.141539,-0.29392,-0.202538,-0.249991,-0.208544,-0.144018,-0.17394,-0.028383,-0.106104,0.053674,-0.014453,0.088071
1,-0.129881,-0.09144,-0.105005,-0.10728,-0.076651,-0.113141,-0.050648,-0.100849,-0.029095,-0.074356,-0.021829,-0.033388,-0.021514,0.025371,-0.027104,0.098194,-0.029378,0.18247,-0.020598,0.272513,0.001719,0.378981,0.060295,0.505873,0.15988,0.636873,0.296452,0.740671,0.48945,0.814522,0.779288,0.833515,1.139673,0.74066,1.47336,0.532704,1.733264,0.256496,1.943693,-0.048983,2.137031,-0.380447,2.319861,-0.74219,2.497924,-1.164271,2.681423,-1.665946,2.845574,-2.183975,2.949277,-2.66709,2.940781,-3.088721,2.767659,-3.424263,2.360505,-3.627512,1.675788,-3.680422,0.717551,-3.584431,-0.348594,-3.341293,-1.323975,-2.960124,-2.098552,-2.484379,-2.676687,-1.957411,-3.110087,-1.396828,-3.418462,-0.802382,-3.593137,-0.160096,-3.607209,0.550562,-3.439805,1.312552,-3.060532,2.085675,-2.476261,2.832475,-1.771298,3.467664,-1.033522,3.91181,-0.299333,4.160754,0.43126,4.257281,1.137948,4.202837,1.779533,3.962548,2.310093,3.530821,2.680397,2.955495,2.878398,2.292313,2.939317,1.587032,2.936127,0.861908,2.943672,0.146831,2.947614,-0.53776,2.916919,-1.186303,2.85111,-1.823438,2.733147,-2.471681,2.562279,-3.107339,2.350474,-3.676202,2.067547,-4.129296,1.62686,-4.34135,0.942813,-4.262302,0.085908,-3.95507,-0.81665,-3.491965,-1.670178,-2.901468,-2.389389,-2.225284,-2.959206,-1.475067,-3.350429,-0.658999,-3.52057,0.199115,-3.476729,1.030787,-3.269624,1.782153,-2.918701,2.434111,-2.408425,2.95844,-1.773187,3.345526,-1.080661,3.582404,-0.372422,3.694725,0.315156,3.656911,0.921715,3.439324,1.37998,3.058595,1.656454,2.594583,1.749004,2.116678,1.701795,1.655685,1.586064,1.244046,1.450132,0.914955,1.290395,0.627625,1.101442,0.356586,0.903927,0.11844,0.701451,-0.057049,0.505381,-0.161201,0.339525,-0.198133,0.22117,-0.187251,0.145491,-0.149064,0.094804,-0.09863,0.061119,-0.057917,0.036622,-0.026623,0.026717,0.007041,0.01406,0.032879,-0.009532,0.037547,-0.038835,0.026698
1,-0.089534,0.060455,-0.070239,0.089654,-0.041444,0.106068,-0.017657,0.114841,0.002844,0.127946,0.014393,0.152957,0.013978,0.190209,0.008995,0.233377,0.022999,0.277812,0.065286,0.320085,0.133284,0.342566,0.205783,0.338447,0.29259,0.295809,0.407544,0.223299,0.561518,0.10832,0.726214,-0.041267,0.894968,-0.206253,1.08066,-0.34092,1.305672,-0.436134,1.575047,-0.516986,1.864769,-0.62293,2.156196,-0.798414,2.403354,-1.067798,2.593663,-1.436455,2.672106,-1.858664,2.595746,-2.268172,2.347388,-2.625635,1.945888,-2.936143,1.394944,-3.206827,0.697108,-3.430142,-0.070638,-3.557075,-0.834349,-3.527763,-1.534789,-3.29133,-2.175845,-2.850735,-2.779602,-2.223115,-3.273933,-1.483567,-3.578558,-0.694162,-3.641504,0.090216,-3.480667,0.836935,-3.15333,1.536393,-2.70602,2.167829,-2.160213,2.728095,-1.56035,3.168888,-0.961729,3.460757,-0.373739,3.62075,0.213734,3.640716,0.764009,3.516661,1.248587,3.258958,1.63454,2.89249,1.920623,2.454585,2.137665,1.986196,2.31365,1.488696,2.45765,0.930136,2.591244,0.29716,2.732298,-0.378708,2.870303,-1.024202,2.988472,-1.613647,3.053346,-2.161437,3.026284,-2.696767,2.875675,-3.21037,2.548658,-3.645329,2.021902,-3.945305,1.332611,-4.094774,0.524501,-4.121225,-0.335326,-4.029611,-1.135274,-3.822032,-1.791801,-3.489353,-2.278081,-3.024607,-2.605627,-2.40433,-2.786721,-1.617971,-2.837985,-0.713775,-2.79597,0.22182,-2.684386,1.109004,-2.504835,1.933738,-2.226929,2.684236,-1.817141,3.30458,-1.268827,3.680162,-0.624765,3.762749,0.029814,3.592127,0.608753,3.257651,1.055674,2.845654,1.352695,2.418534,1.528946,2.013194,1.60028,1.645635,1.566111,1.328331,1.438194,1.061486,1.248732,0.827748,1.031725,0.604868,0.819005,0.394278,0.629556,0.210874,0.467691,0.041396,0.341625,-0.113583,0.250709,-0.245203,0.176586,-0.34622,0.114421,-0.406256,0.074358,-0.41527,0.05593,-0.362824,0.046191,-0.272411,0.03159,-0.161986,0.009287,-0.05783
1,-0.028809,0.24505,-0.021575,0.305518,0.009488,0.341499,0.07025,0.341627,0.16176,0.303216,0.292774,0.244823,0.493672,0.184454,0.783194,0.125749,1.117618,0.070966,1.437724,0.017826,1.682156,-0.029166,1.835423,-0.083751,1.93285,-0.183725,2.030798,-0.393777,2.157477,-0.755588,2.312182,-1.262769,2.483603,-1.851929,2.652793,-2.446513,2.773059,-3.010983,2.742052,-3.488454,2.438454,-3.814845,1.844802,-3.953853,1.032319,-3.938832,0.087928,-3.804732,-0.862249,-3.57942,-1.718076,-3.236607,-2.453532,-2.734969,-3.105455,-2.076492,-3.679122,-1.317464,-4.112389,-0.519719,-4.347185,0.285915,-4.361769,1.077305,-4.187749,1.859245,-3.822393,2.615578,-3.266452,3.29511,-2.543065,3.817912,-1.700101,4.109623,-0.802422,4.131691,0.07357,3.936147,0.83637,3.616605,1.433569,3.249325,1.87966,2.875727,2.214422,2.509495,2.464608,2.166476,2.628345,1.862146,2.706086,1.596224,2.730736,1.311256,2.748677,0.964265,2.77021,0.519537,2.759846,-0.005493,2.695891,-0.554375,2.632482,-1.066036,2.61189,-1.551904,2.637713,-2.022074,2.660968,-2.451606,2.625201,-2.799514,2.496001,-3.080093,2.232198,-3.306741,1.818619,-3.491599,1.286175,-3.62944,0.660734,-3.723354,-0.036591,-3.711897,-0.748538,-3.511054,-1.440262,-3.116971,-2.047985,-2.588207,-2.557604,-1.966421,-2.960744,-1.268401,-3.259433,-0.504672,-3.431395,0.283683,-3.457532,1.066731,-3.325054,1.837487,-3.040252,2.573832,-2.63142,3.243338,-2.153793,3.794872,-1.635297,4.172992,-1.069009,4.335841,-0.467245,4.269502,0.146145,3.995136,0.727727,3.568141,1.217766,3.042075,1.584636,2.489522,1.820258,1.984805,1.937886,1.566459,1.953681,1.243205,1.894585,0.979733,1.780838,0.730634,1.603576,0.47802,1.339378,0.239691,0.996571,0.035082,0.624862,-0.131453,0.284719,-0.249074,-0.002691,-0.310467,-0.213802,-0.327078,-0.32768,-0.312028,-0.333406,-0.250663,-0.234218,-0.143479,-0.061858,-0.03334,0.133914,0.061864,0.298612,0.125892,0.402796,0.15214
1,0.384145,0.128325,0.470158,0.1076,0.585547,0.058905,0.739793,0.00386,0.931855,-0.036136,1.136199,-0.049346,1.335363,-0.03826,1.522251,-0.030868,1.711876,-0.064069,1.91134,-0.200523,2.128227,-0.474956,2.364155,-0.837443,2.617344,-1.217114,2.866815,-1.576468,3.060075,-1.923301,3.139992,-2.265452,3.077876,-2.607374,2.863505,-2.968331,2.514445,-3.325767,2.02037,-3.633638,1.365593,-3.83707,0.596164,-3.903873,-0.260469,-3.80757,-1.177337,-3.529112,-2.104712,-3.060899,-2.975129,-2.402911,-3.706335,-1.580249,-4.231893,-0.643361,-4.512409,0.342473,-4.562304,1.314496,-4.400654,2.20191,-4.034495,2.930438,-3.489292,3.439006,-2.820669,3.696829,-2.111791,3.71953,-1.386503,3.588598,-0.66201,3.390799,0.00473,3.162281,0.553889,2.909182,0.961643,2.634807,1.262128,2.354378,1.492046,2.072905,1.655558,1.782777,1.778239,1.4651,1.908304,1.114674,2.056031,0.735443,2.20628,0.35052,2.343446,-0.017085,2.445466,-0.354674,2.503459,-0.667892,2.533626,-0.966686,2.546923,-1.257797,2.556746,-1.534861,2.543995,-1.795464,2.471305,-2.025791,2.326715,-2.226878,2.152915,-2.435749,1.989236,-2.691135,1.841128,-2.990179,1.662318,-3.278429,1.377007,-3.486185,0.928792,-3.572294,0.313521,-3.507714,-0.443668,-3.293656,-1.282406,-2.965435,-2.131385,-2.510172,-2.909926,-1.896097,-3.540116,-1.093887,-3.937915,-0.155173,-4.052023,0.83714,-3.875873,1.801595,-3.466231,2.622871,-2.902212,3.264124,-2.236551,3.710997,-1.523336,4.030765,-0.823121,4.178411,-0.183232,4.096714,0.356024,3.819176,0.771588,3.414905,1.051826,2.937172,1.191278,2.450044,1.211939,2.00416,1.152769,1.62241,1.051707,1.320582,0.949274,1.086612,0.860571,0.893075,0.786772,0.722509,0.717215,0.564134,0.633827,0.417629,0.517902,0.281975,0.365355,0.165057,0.19133,0.070721,0.027233,-0.012554,-0.099564,-0.062675,-0.146602,-0.106208,-0.131143,-0.122565,-0.091818,-0.060477,-0.033818,0.049176,0.033142,0.151207,0.096992,0.210065
1,-0.111268,0.115082,-0.12507,0.151519,-0.138516,0.224062,-0.145488,0.33898,-0.131439,0.482848,-0.071712,0.629572,0.057833,0.745935,0.301798,0.813071,0.671661,0.826642,1.121928,0.803693,1.576136,0.756871,1.985451,0.683535,2.313538,0.576143,2.545873,0.418786,2.683134,0.201391,2.738763,-0.074266,2.747845,-0.392989,2.759559,-0.760131,2.795282,-1.181556,2.81347,-1.642727,2.736729,-2.104562,2.475889,-2.471107,1.995997,-2.698103,1.346793,-2.818665,0.599151,-2.870785,-0.185919,-2.857759,-0.972934,-2.760724,-1.745574,-2.534183,-2.467271,-2.16473,-3.07141,-1.666926,-3.503651,-1.075161,-3.720797,-0.426924,-3.728279,0.23474,-3.555754,0.899778,-3.254017,1.579832,-2.831965,2.273152,-2.309291,2.953638,-1.700097,3.577498,-1.008561,4.085474,-0.257077,4.405808,0.496595,4.46357,1.168557,4.249028,1.705307,3.836195,2.091157,3.321073,2.328759,2.794418,2.523486,2.275483,2.611797,1.760204,2.728243,1.197655,2.877863,0.658146,3.025295,0.191248,3.166167,-0.265325,3.277285,-0.75641,3.302189,-1.268291,3.234367,-1.7793,3.087566,-2.275461,2.904616,-2.763618,2.724093,-3.2022,2.510055,-3.550498,2.247532,-3.785947,1.932977,-3.917936,1.510902,-3.951837,0.961926,-3.880956,0.262263,-3.679205,-0.560337,-3.307565,-1.438663,-2.766546,-2.258585,-2.090444,-2.929899,-1.301339,-3.399862,-0.410493,-3.629094,0.538862,-3.618999,1.486773,-3.411505,2.332579,-3.055855,3.009098,-2.597025,3.477882,-2.066146,3.746141,-1.486017,3.8348,-0.881152,3.780688,-0.283567,3.629225,0.281928,3.389961,0.813973,3.033947,1.293201,2.571859,1.679761,2.053418,1.917222,1.556153,1.989123,1.131501,1.926109,0.78975,1.775287,0.513806,1.580003,0.299992,1.360054,0.143044,1.133274,0.025906,0.906554,-0.071953,0.679695,-0.157644,0.459008,-0.236809,0.251189,-0.300811,0.066305,-0.338872,-0.080726,-0.346459,-0.172144,-0.331376,-0.203659,-0.315105,-0.192888,-0.308938,-0.16517,-0.323197,-0.147106,-0.34347,-0.146539,-0.36594
1,0.549891,0.482417,0.895543,0.527849,1.248684,0.546334,1.527717,0.527003,1.704132,0.456304,1.800358,0.33489,1.851035,0.152128,1.906434,-0.113909,1.965093,-0.476514,2.000683,-0.904784,2.008862,-1.344088,2.016587,-1.74671,2.070635,-2.123949,2.1523,-2.476816,2.21788,-2.779773,2.187439,-3.022352,1.986085,-3.196683,1.556945,-3.277844,0.91056,-3.214517,0.106613,-3.008071,-0.75903,-2.674689,-1.604314,-2.24948,-2.342481,-1.775714,-2.910704,-1.300425,-3.31046,-0.815193,-3.577666,-0.294271,-3.732574,0.287732,-3.769278,0.938764,-3.658543,1.637051,-3.390721,2.336078,-2.962562,2.980899,-2.386089,3.517629,-1.700806,3.893118,-0.97259,4.077938,-0.225176,4.054144,0.496181,3.828516,1.145092,3.446548,1.674794,2.974643,2.061221,2.459171,2.30934,1.943457,2.458928,1.447179,2.561855,0.989381,2.677323,0.577154,2.808787,0.190406,2.937495,-0.183174,3.036141,-0.568132,3.095797,-0.986796,3.096857,-1.41787,3.068134,-1.835541,3.039466,-2.197543,3.042356,-2.495335,3.039123,-2.750311,2.943999,-2.968689,2.710352,-3.123201,2.346542,-3.22661,1.880162,-3.299712,1.356568,-3.330709,0.773243,-3.295087,0.079438,-3.167788,-0.722321,-2.92472,-1.588915,-2.555126,-2.427278,-2.045747,-3.147014,-1.387016,-3.698529,-0.568236,-4.047261,0.399035,-4.129949,1.464024,-3.914974,2.476429,-3.432656,3.271716,-2.775998,3.734344,-2.050782,3.857581,-1.343668,3.732506,-0.703685,3.482413,-0.148756,3.195986,0.334335,2.915768,0.765579,2.675254,1.137701,2.492019,1.436169,2.366073,1.656231,2.271058,1.785908,2.169366,1.83379,2.018765,1.814295,1.821762,1.73989,1.607702,1.629835,1.384452,1.495635,1.154616,1.351562,0.923509,1.218101,0.690168,1.108287,0.475556,0.961145,0.299096,0.762519,0.145837,0.536021,0.005598,0.300462,-0.098314,0.077846,-0.149331,-0.09712,-0.152662,-0.211436,-0.131111,-0.255908,-0.116102,-0.259772,-0.110083,-0.236034,-0.111827,-0.200723,-0.124631,-0.165917,-0.152885,-0.135776,-0.188746
1,0.232243,0.174308,0.264987,0.215148,0.277687,0.239898,0.273457,0.230904,0.267061,0.185408,0.278914,0.118461,0.337252,0.050325,0.467185,0.004748,0.671155,-0.032825,0.957399,-0.095465,1.300488,-0.215346,1.633894,-0.403494,1.891273,-0.649038,2.036094,-0.930017,2.060897,-1.22952,1.983091,-1.562422,1.833109,-1.933853,1.633097,-2.350091,1.386327,-2.827702,1.100454,-3.336069,0.778611,-3.83256,0.440046,-4.256838,0.04411,-4.512225,-0.426592,-4.531147,-0.975318,-4.29139,-1.610438,-3.809156,-2.306806,-3.133449,-2.971781,-2.331964,-3.51018,-1.464878,-3.862508,-0.564985,-4.01892,0.323586,-3.990387,1.126626,-3.775407,1.785858,-3.374859,2.331161,-2.831782,2.813782,-2.20402,3.213638,-1.560488,3.499132,-0.918236,3.666492,-0.285588,3.72611,0.354821,3.68696,0.982523,3.549075,1.523136,3.326455,1.939679,3.033806,2.237508,2.678047,2.430123,2.267934,2.50102,1.83763,2.482491,1.409475,2.422751,0.974096,2.380033,0.489432,2.380446,-0.087229,2.393744,-0.723024,2.366025,-1.388187,2.238245,-2.051702,2.016613,-2.7065,1.743737,-3.344381,1.404375,-3.914487,0.977873,-4.321205,0.433402,-4.449947,-0.199731,-4.291707,-0.894623,-3.953106,-1.606193,-3.551463,-2.300417,-3.087916,-2.881136,-2.52251,-3.282222,-1.816297,-3.4576,-1.066146,-3.468004,-0.372545,-3.379666,0.227474,-3.205762,0.737243,-2.945181,1.158946,-2.594313,1.53071,-2.135763,1.911166,-1.574927,2.334828,-0.939611,2.800682,-0.287511,3.27803,0.323858,3.720112,0.85597,4.009433,1.295555,4.015398,1.616093,3.711384,1.79006,3.19359,1.84024,2.594959,1.833489,2.024565,1.820318,1.537806,1.814946,1.145428,1.786207,0.829606,1.702546,0.590797,1.543973,0.403843,1.319254,0.234907,1.060074,0.042546,0.805041,-0.161597,0.588287,-0.329756,0.415326,-0.429928,0.270285,-0.458787,0.158126,-0.435273,0.084485,-0.375071,0.062843,-0.282253,0.089279,-0.15881,0.138252,-0.048404,0.171812,0.025188,0.169601,0.061083,0.133344,0.076615
1,0.020514,0.058807,0.074712,0.088475,0.12588,0.117981,0.18963,0.145682,0.283776,0.169441,0.420226,0.194723,0.598748,0.202893,0.824003,0.187176,1.094348,0.111059,1.369163,-0.054146,1.595425,-0.311897,1.753052,-0.665214,1.806134,-1.124923,1.77724,-1.629855,1.692515,-2.100164,1.57217,-2.507969,1.40754,-2.803551,1.174972,-2.963303,0.854864,-3.017678,0.434007,-2.992584,-0.061029,-2.923455,-0.556367,-2.838379,-1.026031,-2.735044,-1.459863,-2.600279,-1.86095,-2.395566,-2.218853,-2.089982,-2.522629,-1.674784,-2.79325,-1.165734,-3.039244,-0.619868,-3.21882,-0.111348,-3.291969,0.305841,-3.229786,0.634889,-3.024476,0.917739,-2.690526,1.224592,-2.255935,1.581264,-1.759492,1.963107,-1.232247,2.335689,-0.691179,2.696368,-0.140583,3.022424,0.419611,3.309791,0.999187,3.517797,1.562809,3.610288,2.073459,3.547863,2.502745,3.324168,2.845809,2.941488,3.08585,2.412049,3.199899,1.790108,3.193273,1.121723,3.076841,0.441759,2.869074,-0.273713,2.602736,-1.018101,2.313768,-1.752271,1.998472,-2.412517,1.681094,-2.990515,1.363594,-3.492871,1.010891,-3.891167,0.589995,-4.153312,0.095184,-4.243733,-0.438011,-4.183808,-0.962491,-4.002483,-1.445656,-3.69344,-1.947942,-3.172667,-2.434122,-2.49373,-3.247742,-0.846995,-3.499173,0.087068,-3.569414,0.978057,-3.406552,1.753008,-3.029255,2.391154,-2.497321,2.902179,-1.901639,3.27307,-1.346296,3.508087,-0.874254,3.637849,-0.483101,3.681835,-0.134442,3.650869,0.216129,3.528566,0.593238,3.299865,0.994564,2.947673,1.393992,2.458587,1.749407,1.88294,2.054796,1.331173,2.295206,0.8805,2.446801,0.573328,2.5105,0.401219,2.477343,0.321709,2.332897,0.270985,2.078021,0.208,1.734534,0.114632,1.340678,-0.009918,0.925256,-0.148282,0.52915,-0.265539,0.188904,-0.330379,-0.050586,-0.338986,-0.181643,-0.303476,-0.224187,-0.221042,-0.187721,-0.098611,-0.080199,0.040525,0.060129,0.171785,0.174636,0.262433,0.230672,0.287264,0.231309,0.267381
1,-0.026583,0.226348,0.071363,0.315335,0.214963,0.375296,0.426275,0.417713,0.741628,0.481302,1.142864,0.605658,1.519021,0.761255,1.786189,0.819562,1.990265,0.646266,2.265615,0.102356,2.626069,-0.758316,3.103526,-1.812504,3.700715,-2.897865,4.332573,-3.911532,4.824497,-4.74937,5.05379,-5.370714,4.976207,-5.810927,4.630652,-6.180434,4.097826,-6.506649,3.401733,-6.803452,2.524838,-6.915452,1.396916,-6.705778,0.019379,-6.217978,-1.542998,-5.55326,-3.164255,-4.747531,-4.698023,-3.822042,-5.938274,-2.839039,-6.767227,-1.885461,-7.211072,-0.997307,-7.401986,-0.021666,-7.343934,0.998304,-7.059906,1.961004,-6.588819,2.875169,-5.971937,3.791542,-5.198544,4.706311,-4.275086,5.479044,-3.23942,6.04033,-2.187726,6.349414,-1.02192,6.537022,0.227362,6.64088,1.434217,6.558772,2.43623,6.154466,3.230433,5.392526,3.640514,4.679155,3.83349,3.899583,3.85049,3.150069,3.80471,2.410537,3.789092,1.667225,3.910331,0.904065,4.164888,0.144755,4.490263,-0.62421,4.836229,-1.422271,5.142365,-2.243773,5.312596,-3.036572,5.294006,-3.801552,5.12988,-4.54365,4.862851,-5.259738,4.460159,-5.920732,3.900856,-6.477581,3.178492,-6.840384,2.294151,-6.968287,1.244526,-6.798578,-0.033506,-6.312795,-1.479815,-5.616436,-2.933996,-4.689373,-4.230159,-3.55212,-5.209256,-2.368114,-5.846176,-1.263419,-6.203065,-0.208982,-6.298362,0.822611,-6.152511,1.817627,-5.821951,2.74945,-5.344547,3.655653,-4.729535,4.545054,-3.967284,5.365168,-3.00721,5.999387,-1.863316,6.345737,-0.626671,6.39666,0.564085,6.125846,1.548398,5.52333,2.308212,4.563613,2.796945,3.705882,3.023281,3.021456,2.973869,2.520008,2.721989,2.141568,2.338525,1.795517,1.87603,1.461096,1.38829,1.156152,0.939661,0.893935,0.58413,0.66464,0.351818,0.448252,0.251424,0.241889,0.266933,0.066497,0.358495,-0.045063,0.445503,-0.075398,0.459576,-0.022965,0.370493,0.091836,0.203524,0.221358,0.018439,0.3051,-0.121681,0.302427
1,-0.098178,0.252151,-0.097311,0.285151,-0.082079,0.305144,-0.046299,0.312635,0.045118,0.325421,0.200768,0.340212,0.40651,0.358373,0.661851,0.403108,0.990289,0.488731,1.410226,0.601951,1.907536,0.760016,2.411067,0.950008,2.820812,1.135523,3.065088,1.190788,3.19059,0.923515,3.265738,0.317876,3.349293,-0.61352,3.439512,-1.702746,3.534533,-2.820403,3.619111,-3.913277,3.71568,-4.967186,3.820059,-5.944116,3.900947,-6.781545,3.848592,-7.436927,3.523682,-7.805886,2.77889,-7.812445,1.516186,-7.487798,-0.158833,-6.960721,-2.029275,-6.174461,-3.791176,-5.107188,-5.198402,-3.86108,-6.26589,-2.424345,-6.873695,-1.022781,-7.06052,0.258376,-6.878965,1.412489,-6.497389,2.538949,-6.100132,3.725694,-5.744596,4.966494,-5.350947,6.217319,-4.706982,7.287102,-3.671946,7.998435,-2.295637,8.115294,-0.619952,7.637833,1.304239,6.742857,3.192028,5.694551,4.697316,4.769692,5.740142,4.0257,6.331059,3.373094,6.537039,2.63456,6.465262,1.696646,6.258865,0.620575,6.020106,-0.509449,5.843221,-1.780283,5.728561,-3.181707,5.662726,-4.512909,5.635347,-5.664108,5.51793,-6.671058,5.098343,-7.535556,4.210627,-8.066655,2.802448,-8.129249,0.885523,-7.762322,-1.365911,-6.981069,-3.608414,-5.785221,-5.550597,-4.291118,-7.075585,-2.669069,-8.114094,-1.061537,-8.60799,0.482708,-8.538636,1.984813,-8.029162,3.504812,-7.222941,5.193734,-6.144229,7.065785,-4.661671,8.653068,-2.646401,9.76843,-0.163767,9.806912,2.271791,8.540045,4.28335,6.410092,5.600586,4.298968,6.023902,2.789845,5.723613,1.958813,5.140141,1.505002,4.450735,1.172658,3.50865,0.992654,2.372952,0.866515,1.397504,0.618889,0.847428,0.254315,0.723118,-0.102637,0.837378,-0.347115,0.952705,-0.448889,0.900182,-0.41744,0.654675,-0.295792,0.300275,-0.138518,-0.024205,-0.024331,-0.235215,-0.000211,-0.316688,-0.084622,-0.2945,-0.235101,-0.197994,-0.383058,-0.079922,-0.449568,0.002401,-0.427139,0.044963,-0.340386,0.061951,-0.195888
1,-0.212356,0.262464,-0.164888,0.30462,-0.171451,0.331023,-0.193869,0.344214,-0.201129,0.329077,-0.191645,0.264779,-0.177712,0.162165,-0.171553,0.048824,-0.171939,-0.048706,-0.164788,-0.124672,-0.142919,-0.150381,-0.113001,-0.113156,-0.085296,-0.034192,-0.067029,0.059425,-0.053819,0.139424,-0.053669,0.188069,-0.063235,0.191795,-0.082846,0.147571,-0.114915,0.077106,-0.147878,0.004355,-0.171829,-0.037184,-0.173298,-0.042624,-0.159133,-0.015456,-0.133806,0.046591,-0.097994,0.135346,-0.05095,0.235528,1.5e-05,0.340552,0.050701,0.457165,0.11142,0.581113,0.211019,0.720565,0.383847,0.85873,0.657024,0.971004,1.001429,1.007803,1.387994,0.899827,1.805131,0.608411,2.251808,0.126497,2.690247,-0.518852,3.006708,-1.256588,3.125598,-2.076752,3.083455,-3.054661,2.936178,-4.210773,2.601004,-5.363201,1.888559,-6.138888,0.680302,-6.208417,-0.926398,-5.568524,-2.635612,-4.381498,-4.137848,-2.771427,-5.211392,-0.885583,-5.691383,1.016718,-5.440916,2.597455,-4.474718,3.711822,-2.978459,4.346648,-1.170109,4.545786,0.722938,4.432391,2.448108,4.173857,3.779094,3.853352,4.629725,3.386968,4.982737,2.591364,4.881853,1.382568,4.344377,-0.072837,3.566353,-1.529006,2.834823,-2.867065,2.241987,-4.083824,1.731637,-5.140826,1.152723,-5.899575,0.26583,-6.191057,-1.034274,-5.871756,-2.630437,-4.854027,-4.151999,-3.318598,-5.254096,-1.556222,-5.753718,0.206748,-5.60254,1.798285,-4.867238,3.057018,-3.721874,3.935978,-2.329851,4.385937,-0.865639,4.417895,0.531382,4.152596,1.732268,3.673842,2.620041,3.064333,3.097335,2.443426,3.125661,1.935306,2.784662,1.556942,2.239051,1.265422,1.692933,1.02183,1.270762,0.822477,0.994732,0.649774,0.829839,0.487313,0.728455,0.325893,0.646237,0.149873,0.560504,-0.031183,0.461587,-0.178723,0.362519,-0.250244,0.260237,-0.235021,0.165552,-0.157084,0.094913,-0.050984,0.036516,0.029793,-0.013891,0.052479,-0.042464,0.021413,-0.0383,-0.018118,-0.006612,-0.031198
1,-0.009231,0.104996,-0.038736,0.133428,-0.077167,0.158338,-0.111029,0.171283,-0.124739,0.170361,-0.11677,0.155103,-0.09452,0.132959,-0.070388,0.115072,-0.05155,0.107727,-0.050388,0.124265,-0.065801,0.155908,-0.08719,0.206944,-0.10687,0.292078,-0.106226,0.408739,-0.076613,0.516773,-0.01236,0.600063,0.086901,0.655208,0.206157,0.681759,0.312148,0.678841,0.406578,0.65958,0.51528,0.628801,0.643758,0.576624,0.787515,0.486701,0.968463,0.352844,1.23113,0.134697,1.566327,-0.194903,1.977096,-0.61664,2.409831,-1.045859,2.760702,-1.424548,2.930525,-1.817605,2.867329,-2.362603,2.544425,-3.132328,1.968565,-4.044186,1.176548,-4.887282,0.199473,-5.405682,-0.968953,-5.456727,-2.340328,-5.086907,-3.848885,-4.31008,-5.262962,-3.106142,-6.284994,-1.596131,-6.787523,0.028165,-6.769098,1.577879,-6.254849,2.928738,-5.190182,4.060448,-3.545089,4.940758,-1.49235,5.462064,0.633202,5.553962,2.593405,5.24525,4.214664,4.601459,5.343809,3.756587,5.964984,2.814027,6.090632,1.831375,5.69819,0.824025,4.873227,-0.205318,3.861623,-1.239676,2.930585,-2.266409,2.158599,-3.222559,1.53027,-4.112265,0.939658,-4.878346,0.226529,-5.392119,-0.734963,-5.495226,-1.97997,-5.041931,-3.315103,-4.141949,-4.471471,-2.978875,-5.287913,-1.664353,-5.700346,-0.240864,-5.664975,1.240915,-5.190931,2.704389,-4.295549,3.989292,-3.064393,4.948788,-1.630702,5.474817,-0.163295,5.494487,1.153542,4.998091,2.232437,4.040539,3.001099,2.868268,3.438765,1.782549,3.537813,0.967097,3.349571,0.459228,2.955821,0.179839,2.484499,0.035466,2.017275,-0.027946,1.582436,-0.007069,1.189632,0.084058,0.862859,0.143222,0.612961,0.089327,0.422134,-0.074467,0.27567,-0.283235,0.144449,-0.454526,0.040926,-0.55002,-0.026056,-0.550501,-0.061287,-0.471246,-0.081203,-0.349116,-0.097399,-0.197123,-0.099541,-0.048013,-0.086273,0.060467,-0.061601,0.099461,-0.036275,0.090922,-0.009703,0.062044,0.017931,0.033385,0.034342,0.013615
1,-0.058351,0.331381,0.020245,0.378517,0.104391,0.409988,0.198727,0.436333,0.300325,0.4534,0.405646,0.45894,0.51285,0.425809,0.639302,0.320972,0.823301,0.105699,1.096798,-0.178343,1.458237,-0.49216,1.818385,-0.822385,2.04989,-1.136214,2.066198,-1.4766,1.866008,-1.937407,1.501013,-2.595578,1.086461,-3.364105,0.696329,-4.069851,0.299738,-4.5694,-0.172086,-4.857598,-0.821837,-4.956524,-1.693377,-4.821426,-2.716627,-4.372443,-3.748349,-3.47263,-4.622023,-2.113732,-5.187108,-0.500435,-5.372494,1.096387,-5.179348,2.473012,-4.645611,3.585079,-3.821894,4.487957,-2.706111,5.138375,-1.331956,5.400091,0.200505,5.230167,1.728142,4.692875,3.056556,3.894836,4.067338,2.942835,4.634712,1.940325,4.72681,0.987493,4.466478,0.147089,4.091634,-0.561272,3.751953,-1.222044,3.466816,-1.892639,3.180079,-2.603041,2.795948,-3.350685,2.21598,-3.989254,1.358776,-4.321446,0.255852,-4.277964,-0.894775,-4.010912,-1.949579,-3.650597,-2.906438,-3.176767,-3.769563,-2.512767,-4.481216,-1.661842,-5.013947,-0.683162,-5.340465,0.365612,-5.363291,1.381556,-4.968036,2.294261,-4.118383,3.111757,-2.897866,3.807387,-1.534512,4.320722,-0.227188,4.546418,0.939031,4.440022,1.96728,4.017049,2.797798,3.379815,3.346181,2.701851,3.575319,2.114096,3.538043,1.638333,3.30799,1.268628,2.968826,0.986716,2.59294,0.736005,2.209082,0.462776,1.830848,0.168588,1.467384,-0.11637,1.134688,-0.364318,0.842998,-0.565651,0.563671,-0.70368,0.263299,-0.758465,-0.056416,-0.743911,-0.357741,-0.663761,-0.599643,-0.524611,-0.750721,-0.343358,-0.800398,-0.163749,-0.733363,-0.058896,-0.566805,-0.039344,-0.370079,-0.062333,-0.143113,-0.108259,0.095396,-0.16846,0.309631,-0.196465,0.458952,-0.160287,0.524048,-0.049672,0.504431,0.095778,0.424854,0.226067,0.318268,0.31754,0.186537,0.366443,0.047088,0.370918,-0.063073,0.33577,-0.133917,0.291013,-0.166883,0.262316,-0.160337,0.252451,-0.121744,0.251633,-0.069625,0.255014
1,1.153949,-0.023313,1.488237,-0.189337,1.770689,-0.466878,1.962745,-0.887656,2.018074,-1.377682,1.912436,-1.895876,1.702428,-2.416433,1.422958,-2.933957,1.069528,-3.433297,0.65897,-3.872735,0.194867,-4.189251,-0.288531,-4.244389,-0.777975,-3.968368,-1.281058,-3.452028,-1.785964,-2.859597,-2.27306,-2.299617,-2.71281,-1.812758,-3.102921,-1.344401,-3.410859,-0.852761,-3.622469,-0.293746,-3.712073,0.3364,-3.650927,0.990173,-3.463393,1.611272,-3.166815,2.160132,-2.787743,2.619004,-2.341037,2.975961,-1.837949,3.228515,-1.298268,3.367399,-0.739958,3.407771,-0.1924,3.369494,0.323286,3.286759,0.773305,3.175959,1.158859,3.03299,1.481695,2.840084,1.736155,2.603224,1.932553,2.339785,2.092173,2.038877,2.224799,1.689996,2.34145,1.289153,2.433084,0.867016,2.478721,0.426945,2.460095,-0.02388,2.386011,-0.461481,2.290054,-0.868331,2.220905,-1.231038,2.182558,-1.564932,2.158267,-1.89826,2.114987,-2.274811,2.007733,-2.690591,1.797186,-3.079901,1.478256,-3.393776,1.070926,-3.610813,0.612247,-3.729702,0.148201,-3.758477,-0.296339,-3.712075,-0.696796,-3.569941,-1.067289,-3.320973,-1.464977,-3.00167,-1.942962,-2.658513,-2.473527,-2.259832,-2.947524,-1.775073,-3.283249,-1.211148,-3.456255,-0.608849,-3.483831,0.037099,-3.399172,0.708193,-3.231257,1.342087,-3.002879,1.932717,-2.699877,2.480526,-2.286935,2.939144,-1.775588,3.290583,-1.230295,3.501939,-0.711119,3.552305,-0.244014,3.486969,0.172968,3.371775,0.549619,3.240681,0.893351,3.076198,1.176217,2.853292,1.403298,2.556621,1.593442,2.210466,1.755314,1.837701,1.881525,1.461387,1.960593,1.10451,1.969455,0.789518,1.895885,0.521446,1.748573,0.311283,1.545079,0.188148,1.296715,0.163228,1.030289,0.205968,0.778687,0.263928,0.570039,0.292483,0.424335,0.256959,0.349346,0.15596,0.345872,0.012585,0.394206,-0.139561,0.459019,-0.254596,0.492183,-0.296285,0.464341,-0.259242,0.386232,-0.173047,0.267853,-0.070634,0.129102,0.016197
1,0.054841,0.088507,0.050286,0.131669,0.044034,0.166418,0.031894,0.170322,0.007203,0.128093,-0.028358,0.044684,-0.051741,-0.051932,-0.044554,-0.130307,0.007159,-0.167671,0.103762,-0.163124,0.225042,-0.138694,0.383224,-0.122503,0.573713,-0.160122,0.757883,-0.293551,0.899078,-0.528482,0.997511,-0.834293,1.06521,-1.204541,1.134693,-1.634286,1.196395,-2.145057,1.234425,-2.71757,1.229661,-3.325467,1.122135,-3.916063,0.871609,-4.476939,0.431275,-4.898777,-0.229743,-5.042416,-1.069355,-4.825819,-1.938605,-4.267217,-2.688336,-3.438043,-3.230609,-2.405328,-3.533087,-1.287204,-3.637113,-0.184691,-3.609437,0.863163,-3.485337,1.850378,-3.208817,2.748067,-2.761133,3.448432,-2.178851,3.882146,-1.525152,4.04286,-0.871295,3.957927,-0.25856,3.663618,0.315503,3.209175,0.844852,2.692069,1.30355,2.232762,1.675586,1.907958,1.940485,1.704169,2.094535,1.569532,2.159284,1.435707,2.17131,1.250204,2.16677,1.003491,2.166814,0.692187,2.194596,0.319884,2.255254,-0.085555,2.323693,-0.507822,2.376135,-0.947373,2.386608,-1.409358,2.326215,-1.892801,2.180649,-2.420474,1.942738,-2.972904,1.586483,-3.52106,1.125926,-4.113504,0.594222,-4.713719,-0.059119,-5.181903,-0.951797,-5.362585,-2.119543,-5.100779,-3.492542,-4.241801,-4.907816,-2.855529,-6.110496,-1.17432,-6.863069,0.579661,-7.046697,2.243185,-6.611853,3.769376,-5.531928,5.149231,-3.861787,6.255251,-1.822139,6.749654,0.330661,6.405836,2.297739,5.200063,3.81724,3.503829,4.6882,2.021798,4.863682,1.206194,4.4656,1.036269,3.702238,1.193529,2.876871,1.315935,2.21353,1.221632,1.770856,0.924811,1.499783,0.513593,1.34163,0.061837,1.224221,-0.365638,1.072673,-0.672502,0.86724,-0.82943,0.63244,-0.851402,0.392287,-0.763843,0.170396,-0.624852,-0.021264,-0.483858,-0.156535,-0.36272,-0.216075,-0.280916,-0.216972,-0.237107,-0.180147,-0.22836,-0.094886,-0.243032,0.02883,-0.26154,0.130797,-0.261446,0.155344,-0.234511,0.110267,-0.180885
1,0.526105,-0.200634,0.596214,-0.384112,0.649604,-0.574116,0.68382,-0.756085,0.712638,-0.92782,0.782262,-1.120765,0.888961,-1.387775,0.981186,-1.740095,1.007411,-2.149832,0.962161,-2.579948,0.859465,-2.990649,0.670807,-3.32806,0.345425,-3.458768,-0.128179,-3.262933,-0.675919,-2.786921,-1.198546,-2.207116,-1.662221,-1.668463,-2.052096,-1.229156,-2.33657,-0.827176,-2.52972,-0.429265,-2.675351,-0.052759,-2.780978,0.315934,-2.792209,0.713748,-2.648758,1.13082,-2.316293,1.533022,-1.85421,1.866161,-1.329037,2.102426,-0.795195,2.249036,-0.296733,2.318148,0.131904,2.328553,0.466357,2.307871,0.704893,2.275048,0.836262,2.252371,0.903224,2.240021,0.968682,2.215619,1.042032,2.155403,1.108739,2.050403,1.166055,1.895137,1.214472,1.698447,1.259995,1.45542,1.313273,1.170646,1.384699,0.85541,1.461047,0.534649,1.547057,0.214515,1.657726,-0.098869,1.777725,-0.375508,1.84287,-0.627724,1.804237,-0.887035,1.71299,-1.18485,1.627229,-1.515882,1.549145,-1.860771,1.444763,-2.206017,1.305526,-2.568584,1.135513,-2.939487,0.915498,-3.279012,0.577538,-3.556048,0.07073,-3.7726,-0.58707,-3.92758,-1.383086,-3.936792,-2.294844,-3.74503,-3.199846,-3.301655,-4.014823,-2.665882,-4.76888,-1.841583,-5.438909,-0.818645,-5.882166,0.340325,-5.910143,1.526405,-5.380401,2.696941,-4.236668,3.756181,-2.62218,4.558494,-0.873489,4.958609,0.723523,4.976379,2.01248,4.679846,2.903302,4.113957,3.380628,3.308688,3.478006,2.343513,3.250669,1.396158,2.868212,0.643805,2.510557,0.1307,2.264674,-0.217968,2.071396,-0.397961,1.882246,-0.380466,1.696955,-0.249333,1.504261,-0.160486,1.26573,-0.217542,0.987557,-0.391602,0.717675,-0.57618,0.492732,-0.702005,0.323077,-0.736435,0.184609,-0.675267,0.061446,-0.548905,-0.021711,-0.402525,-0.038212,-0.268051,-0.0128,-0.15625,0.013157,-0.085358,0.01524,-0.063826,0.000281,-0.065135,-0.032279,-0.059387,-0.072735,-0.036151,-0.117575,0.013428,-0.141363,0.066975
1,0.540139,-1.137396,0.502218,-1.39779,0.472656,-1.679407,0.43667,-1.972137,0.394112,-2.298779,0.342364,-2.661042,0.261654,-3.005558,0.121077,-3.270487,-0.104887,-3.357974,-0.419881,-3.199053,-0.815908,-2.84665,-1.272692,-2.384239,-1.754274,-1.853306,-2.191306,-1.314472,-2.54312,-0.769106,-2.804556,-0.213373,-2.971474,0.331243,-3.040598,0.845736,-2.990396,1.316669,-2.827324,1.748112,-2.559273,2.150404,-2.19383,2.493626,-1.75854,2.748738,-1.29524,2.894337,-0.855104,2.922603,-0.450126,2.856633,-0.082127,2.728017,0.230323,2.586747,0.469353,2.487523,0.623387,2.437885,0.707241,2.379302,0.788674,2.266395,0.914467,2.10208,1.077585,1.897472,1.254362,1.659501,1.450625,1.403643,1.670585,1.150008,1.900032,0.908363,2.090449,0.663653,2.228539,0.400458,2.310236,0.116472,2.352257,-0.174779,2.360558,-0.448128,2.326341,-0.679672,2.234366,-0.890123,2.098314,-1.118777,1.955577,-1.414753,1.819471,-1.795171,1.661461,-2.219715,1.45883,-2.632073,1.269174,-2.988571,1.107192,-3.264808,0.954214,-3.463037,0.720859,-3.605523,0.362186,-3.715873,-0.097176,-3.748578,-0.628434,-3.632241,-1.217014,-3.347766,-1.884541,-2.970708,-2.586543,-2.591008,-3.268186,-2.228666,-3.902401,-1.742105,-4.453445,-0.985695,-4.850228,0.106449,-5.020592,1.321137,-4.925999,2.450785,-4.510332,3.468716,-3.739883,4.379642,-2.687914,5.096341,-1.503641,5.567601,-0.318875,5.730681,0.774195,5.522462,1.709983,4.883967,2.441976,3.931594,2.933601,2.884816,3.196364,1.950534,3.245018,1.242594,3.113899,0.771544,2.872269,0.427236,2.547029,0.16499,2.183664,-0.023688,1.806208,-0.081129,1.451495,-0.030663,1.158524,0.036518,0.946987,0.035784,0.797909,-0.057231,0.678735,-0.215005,0.577665,-0.38483,0.506931,-0.510525,0.476174,-0.549322,0.44197,-0.462943,0.36242,-0.283531,0.253431,-0.085024,0.154098,0.06283,0.079165,0.157866,0.031913,0.199549,0.025851,0.187723,0.051016,0.149757,0.070795,0.118022,0.052163,0.088954
1,-0.009801,0.20183,0.017506,0.231313,0.067189,0.274947,0.144294,0.325097,0.263587,0.379132,0.440806,0.419352,0.67693,0.413497,0.952514,0.321496,1.259573,0.138371,1.609611,-0.110349,1.996746,-0.396176,2.390362,-0.718394,2.722971,-1.087975,2.925788,-1.527636,2.982121,-2.026381,2.904161,-2.52986,2.657323,-2.915131,2.226832,-3.09187,1.674234,-3.116145,1.091703,-3.156476,0.511123,-3.30167,-0.122778,-3.439551,-0.850668,-3.417936,-1.607521,-3.164197,-2.248285,-2.7091,-2.717583,-2.130255,-3.029288,-1.467233,-3.231621,-0.792943,-3.340454,-0.176045,-3.359252,0.378526,-3.262859,0.941064,-3.056832,1.535585,-2.753752,2.136618,-2.376218,2.687867,-1.959358,3.182433,-1.551928,3.604034,-1.158157,3.937307,-0.773485,4.140794,-0.363963,4.175044,0.09062,4.008793,0.563209,3.669607,1.017141,3.214883,1.440566,2.694052,1.819854,2.13345,2.17708,1.527273,2.507677,0.906209,2.821476,0.300709,3.134591,-0.299626,3.429831,-0.919035,3.62436,-1.544059,3.669288,-2.150102,3.554969,-2.702815,3.298063,-3.200246,2.927571,-3.625463,2.471859,-3.939409,1.963802,-4.156237,1.424616,-4.325819,0.850988,-4.472287,0.242624,-4.553507,-0.431846,-4.464553,-1.155917,-4.072167,-1.869345,-3.325956,-2.497915,-2.3759,-2.975947,-1.405571,-3.279459,-0.515186,-3.414108,0.258549,-3.410756,0.967836,-3.290924,1.656247,-3.062864,2.315788,-2.744604,2.903204,-2.378028,3.401109,-1.992216,3.812494,-1.58951,4.105866,-1.186153,4.213233,-0.76056,4.075555,-0.313036,3.681333,0.1475,3.119122,0.582537,2.482511,0.938874,1.844537,1.175028,1.257089,1.287058,0.772599,1.299685,0.453094,1.254552,0.29288,1.183904,0.251155,1.099118,0.283453,0.995864,0.345356,0.878228,0.39715,0.751996,0.418014,0.63374,0.407786,0.524376,0.381857,0.437698,0.341149,0.387335,0.276466,0.370255,0.201266,0.365065,0.129661,0.348623,0.063736,0.295204,0.008757,0.208114,-0.022988,0.109746,-0.035211,0.029381,-0.045249,-0.016607,-0.065035
1,0.023268,0.109889,0.058706,0.135412,0.134272,0.165563,0.294319,0.193415,0.554955,0.190081,0.869334,0.133516,1.183672,0.015128,1.479606,-0.179522,1.745564,-0.458016,1.931049,-0.79679,2.017621,-1.178904,2.043775,-1.602822,2.039445,-2.092951,2.025006,-2.69805,1.964963,-3.359675,1.771166,-3.911184,1.419181,-4.272253,0.948656,-4.439159,0.384451,-4.467363,-0.244064,-4.424912,-0.919025,-4.331269,-1.629846,-4.083907,-2.389322,-3.554585,-3.18099,-2.693978,-3.934772,-1.522434,-4.579301,-0.064555,-5.001094,1.555966,-5.083455,3.000599,-4.858203,4.140701,-4.35481,4.916374,-3.616657,5.228667,-2.742799,5.071191,-1.878857,4.554273,-1.140861,3.88891,-0.568481,3.24491,-0.144731,2.717878,0.182955,2.317244,0.447017,2.031507,0.667403,1.803269,0.861801,1.578505,1.039117,1.35485,1.210007,1.146477,1.379046,0.995865,1.55829,0.897018,1.73559,0.799046,1.898017,0.66422,2.044227,0.494895,2.185762,0.317695,2.304243,0.166513,2.365177,0.042017,2.377537,-0.072673,2.367749,-0.205022,2.355706,-0.393456,2.347155,-0.667366,2.355899,-1.029023,2.384528,-1.460561,2.408428,-1.928942,2.39121,-2.408564,2.290264,-2.921919,2.077221,-3.468056,1.740441,-4.004735,1.315305,-4.471294,0.826093,-4.822697,0.290709,-4.994923,-0.343777,-4.932453,-1.108023,-4.59271,-1.981501,-3.968267,-2.887675,-3.007116,-3.693269,-1.744913,-4.271628,-0.291258,-4.552831,1.184037,-4.549506,2.587377,-4.336744,3.881511,-3.917708,5.020312,-3.303812,5.907161,-2.489855,6.488616,-1.479107,6.645699,-0.340879,6.249766,0.774445,5.305985,1.73949,4.006921,2.439612,2.599249,2.819659,1.278188,2.864227,0.227542,2.652105,-0.448106,2.305727,-0.730921,1.901686,-0.709641,1.503243,-0.530009,1.16059,-0.296014,0.870278,-0.079826,0.629661,0.049154,0.459495,0.071804,0.366537,0.031674,0.347363,-0.015961,0.367297,-0.038993,0.374525,-0.023563,0.332144,0.028796,0.242689,0.090936,0.142118,0.131666,0.053772,0.152623,-0.010561,0.154186
1,-0.039338,0.034887,-0.030116,0.032563,-0.021465,0.027939,-0.011082,0.020431,-0.001962,0.013736,0.006696,0.009118,0.010621,0.01108,0.01397,0.020545,0.013969,0.04017,0.011076,0.067875,0.004624,0.096962,-0.004055,0.121202,-0.010783,0.136081,-0.002939,0.148784,0.022616,0.150284,0.080516,0.138697,0.190752,0.12346,0.372246,0.108912,0.639226,0.078658,0.978766,0.00728,1.347558,-0.108411,1.699629,-0.275328,1.954927,-0.49421,2.053355,-0.802498,2.04074,-1.329789,1.974892,-2.149312,1.880269,-3.173879,1.784815,-4.191936,1.680802,-5.003756,1.498558,-5.473369,1.153106,-5.519479,0.617399,-5.17033,-0.062563,-4.580127,-0.842402,-3.853773,-1.687946,-3.014482,-2.540471,-2.046236,-3.303738,-0.988727,-3.875727,0.060927,-4.195346,1.056432,-4.269572,1.995138,-4.131327,2.875891,-3.793862,3.656746,-3.293736,4.244336,-2.662509,4.616667,-1.912953,4.731215,-1.047937,4.536609,-0.079414,4.056039,0.930682,3.375372,1.868586,2.65482,2.618625,2.009705,3.143916,1.441187,3.442186,0.912968,3.57216,0.377067,3.598217,-0.198716,3.576892,-0.825491,3.526389,-1.488349,3.431072,-2.156525,3.251653,-2.821094,2.934782,-3.435363,2.456147,-3.967742,1.841922,-4.394449,1.114513,-4.698585,0.281736,-4.81238,-0.649142,-4.677999,-1.657054,-4.247733,-2.657784,-3.503834,-3.5331,-2.456497,-4.183685,-1.174113,-4.53954,0.179331,-4.56752,1.444065,-4.265926,2.54667,-3.666012,3.468507,-2.810766,4.19167,-1.798898,4.624655,-0.770056,4.69171,0.109172,4.38713,0.758988,3.805652,1.191463,3.081826,1.445327,2.348793,1.563617,1.6836,1.578617,1.126806,1.52148,0.693518,1.414213,0.416465,1.287811,0.260186,1.158541,0.188984,1.01119,0.158034,0.860242,0.122427,0.72749,0.074523,0.62259,0.024006,0.542184,-0.015048,0.484508,-0.016619,0.445097,0.027115,0.401593,0.106778,0.337897,0.197185,0.268025,0.279208,0.206872,0.331305,0.169748,0.333954,0.152717,0.28883,0.131948,0.21616,0.093959,0.132474
1,-0.042802,0.023784,-0.011788,0.031106,0.025707,0.04779,0.061397,0.076274,0.095238,0.1077,0.151705,0.140444,0.246754,0.194741,0.398708,0.245987,0.583083,0.254841,0.811977,0.20559,1.127006,0.09281,1.503676,-0.075825,1.86612,-0.287505,2.16013,-0.546715,2.370631,-0.8867,2.53135,-1.409038,2.643105,-2.163508,2.67738,-3.111745,2.578326,-4.097744,2.278535,-4.912094,1.718264,-5.396518,0.919167,-5.499516,-0.057287,-5.235567,-1.213219,-4.56049,-2.465043,-3.407204,-3.604394,-1.843533,-4.436431,-0.142421,-4.87239,1.453236,-4.91455,2.891572,-4.539076,4.123526,-3.715626,5.089405,-2.513418,5.73056,-1.106921,5.914926,0.2654,5.502454,1.42984,4.453691,2.269462,2.998276,2.779746,1.539718,2.993664,0.399562,2.980686,-0.343154,2.859607,-0.748133,2.707724,-0.982779,2.5381,-1.16683,2.330083,-1.314403,2.083931,-1.461106,1.830328,-1.68117,1.619619,-1.997033,1.462238,-2.360155,1.344182,-2.690715,1.22911,-2.93119,1.051291,-3.032978,0.754436,-2.973281,0.348256,-2.776148,-0.108286,-2.507108,-0.544446,-2.272925,-0.915143,-2.123887,-1.226983,-2.025707,-1.500839,-1.949939,-1.736148,-1.849912,-1.917482,-1.666036,-2.050886,-1.396046,-2.150528,-1.063119,-2.207862,-0.686159,-2.204457,-0.246264,-2.126389,0.208966,-1.971096,0.620702,-1.751482,0.952608,-1.49911,1.159057,-1.257148,1.239915,-1.053089,1.234375,-0.874628,1.210877,-0.712546,1.209381,-0.562831,1.245558,-0.434985,1.325774,-0.331364,1.422551,-0.249562,1.506204,-0.17038,1.550606,-0.08069,1.5388,0.028213,1.482895,0.149233,1.395157,0.2651,1.301219,0.35002,1.197801,0.397041,1.101874,0.410498,1.037517,0.399733,1.006258,0.379705,0.987439,0.357092,0.958053,0.329598,0.903631,0.307638,0.81373,0.303279,0.69786,0.323468,0.582116,0.357155,0.491757,0.379389,0.437386,0.369769,0.404582,0.340856,0.369022,0.31523,0.324741,0.301518,0.273025,0.294409,0.204824,0.284166,0.13087,0.278048,0.079275,0.26687,0.064813
1,0.194397,0.312916,0.353952,0.408631,0.563615,0.483274,0.78346,0.504044,0.980307,0.442635,1.151834,0.26129,1.340164,-0.028645,1.591274,-0.351294,1.922173,-0.677507,2.307414,-1.057644,2.657041,-1.544947,2.828818,-2.164127,2.731181,-2.918036,2.372339,-3.768283,1.78637,-4.486809,1.062366,-4.850373,0.25863,-4.783164,-0.657085,-4.374297,-1.706276,-3.696361,-2.795892,-2.742733,-3.70608,-1.631219,-4.300862,-0.525693,-4.585917,0.516074,-4.588536,1.512438,-4.312955,2.449948,-3.764673,3.268945,-2.98538,3.886346,-1.976219,4.340671,-0.805953,4.517735,0.359838,4.299709,1.348789,3.700085,2.059118,2.92342,2.513792,2.141447,2.746167,1.437878,2.798196,0.834935,2.702879,0.30274,2.528276,-0.191857,2.352355,-0.636417,2.2113,-1.007133,2.10195,-1.321084,1.989405,-1.588844,1.85936,-1.840702,1.737314,-2.142286,1.599272,-2.496593,1.402834,-2.826095,1.14574,-3.066081,0.855656,-3.209777,0.521905,-3.247945,0.11721,-3.14232,-0.329199,-2.8923,-0.759932,-2.569107,-1.144602,-2.262191,-1.466086,-2.030927,-1.724336,-1.86207,-1.918571,-1.695177,-2.044847,-1.433761,-2.106897,-1.0322,-2.117455,-0.55338,-2.081658,-0.102162,-2.009177,0.28835,-1.901097,0.643017,-1.758543,0.960014,-1.591721,1.190615,-1.410508,1.317309,-1.232949,1.385208,-1.080815,1.449353,-0.946194,1.520359,-0.823779,1.602731,-0.706671,1.696471,-0.58206,1.78257,-0.436424,1.820201,-0.252465,1.786201,-0.0556,1.682727,0.114547,1.542275,0.259702,1.386157,0.379181,1.254003,0.473971,1.171967,0.540928,1.132412,0.593594,1.111033,0.63217,1.090354,0.661312,1.063007,0.686189,1.037719,0.701523,1.005942,0.708205,0.95851,0.693164,0.904694,0.660764,0.848941,0.624141,0.795979,0.589363,0.727989,0.54883,0.62761,0.500226,0.494784,0.445674,0.3606,0.401363,0.249485,0.373905,0.178159,0.348227,0.14239,0.314209,0.13144,0.28568,0.138848,0.258479,0.151416,0.236376,0.144275,0.21524,0.119667,0.20504,0.104581
1,1.915856,-0.590757,2.089285,-0.922441,2.16362,-1.293042,2.17756,-1.699562,2.13959,-2.172157,2.016596,-2.69649,1.743227,-3.225239,1.29929,-3.655553,0.75379,-3.94651,0.168998,-4.084085,-0.433691,-4.043411,-1.077944,-3.828634,-1.806377,-3.431583,-2.5619,-2.801554,-3.225629,-1.945534,-3.744889,-0.89914,-4.100695,0.234804,-4.260402,1.315076,-4.166241,2.284148,-3.751025,3.146708,-3.017806,3.877979,-2.07878,4.407587,-1.08856,4.665079,-0.187505,4.55031,0.517009,4.062062,1.020891,3.289163,1.355696,2.427897,1.569694,1.649027,1.703527,1.042146,1.777076,0.598918,1.824247,0.264767,1.880542,-0.001371,1.949077,-0.222998,2.009784,-0.437514,2.028325,-0.644378,2.01178,-0.832046,1.98278,-0.985214,1.95611,-1.112796,1.904658,-1.232673,1.800704,-1.338361,1.633872,-1.459303,1.437366,-1.62085,1.248169,-1.831912,1.047738,-2.073351,0.810903,-2.277008,0.518292,-2.439201,0.176462,-2.567602,-0.179845,-2.650502,-0.518019,-2.662446,-0.816728,-2.61443,-1.083356,-2.529917,-1.328254,-2.406841,-1.546456,-2.223511,-1.749839,-1.969228,-1.925743,-1.675443,-2.040634,-1.388337,-2.084741,-1.089805,-2.073721,-0.74183,-2.033055,-0.341213,-1.96877,0.069291,-1.8684,0.459615,-1.730527,0.818523,-1.570978,1.146206,-1.421726,1.414752,-1.28165,1.583593,-1.12573,1.652432,-0.945458,1.659375,-0.763634,1.656982,-0.583226,1.667508,-0.413174,1.680814,-0.261399,1.691349,-0.141829,1.715827,-0.052488,1.759893,0.010568,1.814509,0.073551,1.832276,0.151947,1.771402,0.255148,1.629103,0.362015,1.440293,0.444267,1.265771,0.487573,1.143708,0.502932,1.061292,0.493688,1.005897,0.459893,0.969708,0.418754,0.943555,0.38933,0.913799,0.392694,0.863052,0.425302,0.784235,0.459334,0.671881,0.486862,0.541946,0.501033,0.421245,0.493361,0.319396,0.451124,0.227588,0.385818,0.148004,0.310891,0.080985,0.248017,0.038559,0.197412,0.036794,0.154416,0.079915,0.116772,0.146726,0.091498,0.20874,0.091313,0.240298
1,0.861768,-0.202944,0.9995,-0.316862,1.11108,-0.437363,1.19601,-0.566396,1.274154,-0.708407,1.347091,-0.878747,1.39566,-1.10277,1.402702,-1.403966,1.342478,-1.758552,1.207981,-2.138444,0.992156,-2.497615,0.689087,-2.772025,0.312379,-2.933329,-0.118188,-2.991345,-0.576558,-2.959412,-1.034051,-2.85483,-1.458937,-2.672117,-1.811344,-2.372171,-2.087701,-1.940127,-2.322186,-1.397973,-2.531545,-0.798103,-2.69105,-0.151566,-2.769835,0.528636,-2.764624,1.202415,-2.677187,1.824102,-2.525687,2.354309,-2.30587,2.787702,-2.019588,3.134202,-1.680086,3.377446,-1.295454,3.498199,-0.869434,3.475593,-0.429825,3.336103,0.029162,3.085624,0.507014,2.755947,0.986716,2.374429,1.416579,1.972799,1.77085,1.562513,2.045493,1.14634,2.230067,0.703407,2.317719,0.249747,2.327474,-0.167805,2.278209,-0.54269,2.194824,-0.85472,2.099435,-1.089734,1.991553,-1.250191,1.880145,-1.375053,1.766459,-1.534894,1.658698,-1.773729,1.535787,-2.087802,1.384485,-2.426984,1.191451,-2.760933,0.927268,-3.061442,0.59232,-3.27072,0.204661,-3.336125,-0.20539,-3.254134,-0.604871,-3.007889,-0.985161,-2.640078,-1.357012,-2.220906,-1.709642,-1.825522,-1.995921,-1.463784,-2.185489,-1.112656,-2.289632,-0.747726,-2.322301,-0.342812,-2.297588,0.101722,-2.223293,0.571421,-2.102488,1.03926,-1.942538,1.493129,-1.74519,1.919231,-1.516191,2.295874,-1.256613,2.607442,-0.987523,2.848283,-0.718214,2.991086,-0.439988,3.025471,-0.173768,2.948603,0.066284,2.766824,0.273882,2.515427,0.454999,2.245668,0.618395,2.008725,0.774074,1.801413,0.92276,1.589935,1.063022,1.354228,1.166428,1.098903,1.214514,0.839287,1.200912,0.594672,1.13326,0.373541,1.018613,0.190147,0.88078,0.054222,0.741012,-0.019215,0.618098,-0.030832,0.521211,0.011904,0.456581,0.092089,0.411446,0.189126,0.364895,0.266349,0.297999,0.294813,0.216786,0.271131,0.141196,0.213053,0.077556,0.136633,0.021099,0.060501,-0.03004,-0.007763,-0.070024,-0.042231
1,0.060964,0.275006,0.110237,0.254275,0.180278,0.184416,0.270613,0.05928,0.39348,-0.101531,0.570398,-0.272915,0.788416,-0.417283,1.010862,-0.530146,1.215477,-0.629863,1.417433,-0.741478,1.627,-0.903472,1.823161,-1.118416,1.965044,-1.40644,2.011942,-1.756926,1.949199,-2.134684,1.791703,-2.491614,1.56325,-2.766613,1.253161,-2.931592,0.846128,-3.023302,0.366051,-3.103853,-0.168081,-3.148761,-0.725294,-3.103754,-1.263685,-2.953728,-1.770536,-2.693129,-2.23323,-2.315814,-2.626173,-1.840821,-2.921626,-1.294058,-3.106149,-0.706866,-3.156009,-0.08619,-3.068012,0.548157,-2.874983,1.165951,-2.630392,1.747287,-2.346549,2.278066,-2.015694,2.746332,-1.602554,3.13646,-1.09654,3.356484,-0.521989,3.489524,0.072581,3.495975,0.585599,3.353256,1.031232,3.172087,1.396692,2.899214,1.645709,2.519525,1.790306,2.044829,1.874945,1.501638,1.931136,0.958703,1.972933,0.437191,2.007346,-0.049727,2.060609,-0.525701,2.138433,-1.0279,2.216176,-1.54651,2.259006,-2.034951,2.235594,-2.44256,2.114451,-2.745818,1.861974,-2.961188,1.477347,-3.105381,1.015797,-3.192719,0.550813,-3.206495,0.13065,-3.131351,-0.229417,-3.014707,-0.566173,-2.892285,-0.902424,-2.728042,-1.238699,-2.439919,-1.566398,-2.012487,-1.87905,-1.47127,-2.156737,-0.852905,-2.36552,-0.187913,-2.485898,0.483044,-2.510359,1.111306,-2.440989,1.680821,-2.275995,2.163275,-2.037984,2.54904,-1.757056,2.8361,-1.441003,3.024273,-1.100834,3.117389,-0.750161,3.119341,-0.402925,3.008051,-0.079116,2.773069,0.204386,2.454405,0.435397,2.105199,0.616713,1.768027,0.755602,1.476162,0.837175,1.220954,0.859224,0.97258,0.836967,0.715743,0.78823,0.462975,0.737232,0.243172,0.693207,0.066829,0.652968,-0.072164,0.607286,-0.183956,0.540427,-0.29675,0.444947,-0.374536,0.346869,-0.38952,0.245363,-0.345428,0.143077,-0.258776,0.031838,-0.133487,-0.073381,0.00694,-0.158876,0.136346,-0.205598,0.228485,-0.202961,0.265926,-0.159122,0.245846
1,1.290547,-0.604263,1.465068,-0.916573,1.624101,-1.261381,1.77701,-1.620524,1.872699,-1.96715,1.846446,-2.268142,1.678303,-2.51584,1.3982,-2.752255,1.052924,-3.015832,0.672612,-3.293638,0.268754,-3.478671,-0.136964,-3.484777,-0.54906,-3.343207,-0.939667,-3.116453,-1.285294,-2.813585,-1.596866,-2.443767,-1.893457,-1.996284,-2.169879,-1.464559,-2.41099,-0.863865,-2.596949,-0.215913,-2.700927,0.443685,-2.714775,1.09133,-2.642124,1.715397,-2.494076,2.271043,-2.265818,2.725242,-1.954131,3.068969,-1.575057,3.276872,-1.145881,3.345133,-0.673383,3.305071,-0.194039,3.194841,0.250043,3.035015,0.624165,2.854376,0.937594,2.667235,1.223901,2.444193,1.502284,2.14644,1.773227,1.773368,2.027288,1.352126,2.260051,0.907767,2.463188,0.472741,2.636183,0.069517,2.778717,-0.315382,2.836524,-0.696877,2.771929,-1.068527,2.591994,-1.424226,2.323561,-1.792783,2.005212,-2.209047,1.655872,-2.651021,1.285149,-3.040574,0.904352,-3.313133,0.503562,-3.411817,0.095406,-3.345556,-0.316739,-3.202889,-0.737612,-3.026103,-1.148786,-2.763293,-1.518032,-2.33946,-1.811961,-1.798932,-2.038857,-1.230298,-2.222258,-0.681003,-2.365835,-0.145308,-2.447012,0.382859,-2.442984,0.886407,-2.359208,1.369448,-2.224356,1.8444,-2.035881,2.291273,-1.791118,2.66697,-1.487329,2.932631,-1.138104,3.060325,-0.771204,3.036458,-0.409027,2.890275,-0.062177,2.688465,0.263871,2.482436,0.563356,2.280189,0.818291,2.073726,1.018991,1.860767,1.157408,1.631479,1.24485,1.366361,1.281718,1.05766,1.265075,0.729284,1.187525,0.43158,1.053168,0.206534,0.864516,0.081246,0.644229,0.068282,0.427049,0.154575,0.250446,0.318925,0.135276,0.509821,0.086075,0.673717,0.08586,0.763131,0.108545,0.757237,0.140073,0.670915,0.165384,0.55874,0.157177,0.461463,0.09434,0.382474,-0.020134,0.32654,-0.149223,0.298704,-0.254058,0.276637,-0.316255,0.249989,-0.337101,0.208791,-0.318994,0.152046,-0.271489,0.08974,-0.197816,0.041906
1,-0.102854,0.025661,-0.063929,-0.036564,-0.02498,-0.083656,-0.000134,-0.108373,0.006965,-0.104961,-0.001374,-0.070619,-0.016214,-0.018368,-0.028882,0.035687,-0.027654,0.081598,-0.011796,0.116104,0.022914,0.138743,0.086466,0.161285,0.180413,0.179445,0.297855,0.179187,0.436099,0.154443,0.605754,0.114082,0.791244,0.051681,0.981832,-0.03462,1.181583,-0.130976,1.37647,-0.229798,1.552162,-0.345226,1.693455,-0.51021,1.804392,-0.73458,1.879099,-1.041848,1.920129,-1.412677,1.896529,-1.877729,1.78356,-2.414365,1.565079,-2.984671,1.259618,-3.553208,0.860323,-4.05211,0.346733,-4.38994,-0.293342,-4.427317,-0.997988,-4.188396,-1.696929,-3.778341,-2.3506,-3.229139,-2.903071,-2.554968,-3.30845,-1.810846,-3.539955,-0.994472,-3.602164,-0.100043,-3.510288,0.87668,-3.299335,1.901725,-3.017178,2.758405,-2.626136,3.622322,-2.073148,4.428848,-1.448348,4.944666,-0.722135,5.120185,0.094379,4.925827,0.93349,4.38244,1.734554,3.569366,2.441723,2.579949,2.998594,1.546328,3.352273,0.631867,3.495093,-0.097033,3.446297,-0.690538,3.268967,-1.27756,3.014225,-1.905114,2.694502,-2.540987,2.294824,-3.164362,1.826423,-3.783285,1.297679,-4.29314,0.719133,-4.549164,0.096812,-4.486987,-0.54368,-4.17542,-1.185053,-3.694461,-1.811191,-3.057615,-2.390838,-2.25592,-2.869375,-1.369348,-3.188675,-0.494333,-3.331319,0.266617,-3.298496,1.05329,-3.094352,1.84367,-2.771934,2.571543,-2.358157,3.14501,-1.894569,3.51663,-1.402417,3.674598,-0.901521,3.649589,-0.39699,3.468602,0.122762,3.198469,0.642499,2.842337,1.120678,2.42799,1.508852,2.001684,1.77169,1.594019,1.927889,1.203089,1.990562,0.843756,1.977464,0.542304,1.887634,0.320707,1.710226,0.159253,1.442683,0.042438,1.105706,-0.045477,0.757252,-0.114025,0.454609,-0.137148,0.206875,-0.099135,0.012884,-0.013438,-0.135203,0.094471,-0.22579,0.197345,-0.262134,0.278368,-0.244275,0.330039,-0.173719,0.336442,-0.068012,0.288568,0.040971,0.193232
1,-0.025025,-0.022502,-0.052032,-0.012345,-0.065161,0.004765,-0.069743,0.0348,-0.080148,0.091908,-0.098117,0.190627,-0.112019,0.352634,-0.077733,0.563114,0.059495,0.748558,0.377311,0.838821,0.921412,0.78079,1.663106,0.533195,2.552678,0.117627,3.454545,-0.333211,4.201709,-0.802098,4.673441,-1.349526,4.854865,-2.055633,4.917952,-2.933775,5.003915,-3.880428,5.077033,-4.83453,5.055937,-5.695087,4.910704,-6.405368,4.662049,-6.9842,4.315152,-7.458559,3.832149,-7.802112,3.043757,-7.917336,1.804068,-7.739071,0.135222,-7.278687,-1.799232,-6.520755,-3.721889,-5.474495,-5.45068,-4.11768,-6.810147,-2.576,-7.645624,-1.053777,-8.007427,0.305987,-7.966708,1.523138,-7.581123,2.665436,-6.888503,3.791567,-5.945072,4.905052,-4.824384,5.949923,-3.579843,6.782116,-2.205816,7.293491,-0.71715,7.454738,0.819858,7.177097,2.212278,6.569219,3.350341,5.721035,4.18745,4.753932,4.730253,3.765188,5.006036,2.888056,5.118722,2.109033,5.170378,1.359164,5.259876,0.610783,5.411163,-0.119729,5.551479,-0.875809,5.685832,-1.767099,5.772175,-2.931,5.6676,-4.308852,5.316401,-5.710645,4.767426,-6.982743,4.023575,-7.906566,2.941631,-8.256764,1.464574,-8.023225,-0.380391,-7.372484,-2.384854,-6.376908,-4.243575,-4.996791,-5.642437,-3.306577,-6.490987,-1.516582,-6.864485,0.143169,-6.858841,1.598531,-6.489244,2.898759,-5.788804,4.051775,-4.820233,5.033889,-3.655395,5.737308,-2.391531,6.301692,-1.161204,6.72415,-0.050018,6.964163,0.941128,6.983588,1.676456,6.517834,2.140647,5.534344,2.446328,4.313934,2.655633,3.100287,2.722328,2.111667,2.602993,1.457555,2.329478,1.090189,1.966815,0.925221,1.551435,0.924522,1.118934,1.00582,0.730817,1.060119,0.433646,1.009113,0.222849,0.851523,0.072583,0.617329,-0.036909,0.367007,-0.107106,0.152062,-0.132776,0.002646,-0.110675,-0.067188,-0.043308,-0.070665,0.044078,-0.032534,0.08622,0.052063,0.07303,0.190112,0.034332,0.332507,0.004591,0.41249
1,-0.143052,0.133989,-0.091911,0.22591,-0.027083,0.392053,0.060185,0.621372,0.181227,0.873343,0.357356,1.104599,0.610768,1.277403,0.924207,1.360967,1.254381,1.32915,1.591187,1.184416,1.966231,0.964479,2.377771,0.702617,2.75204,0.446311,2.96298,0.204102,3.02364,-0.109489,3.057992,-0.596766,3.220665,-1.215562,3.543749,-1.920185,3.927261,-2.70781,4.269569,-3.549792,4.483572,-4.363504,4.484289,-5.044818,4.275789,-5.59446,3.919637,-6.020755,3.427368,-6.284748,2.710564,-6.405447,1.680213,-6.402376,0.375943,-6.233061,-1.165797,-5.823234,-2.842832,-5.0504,-4.401322,-3.967282,-5.688059,-2.580039,-6.515829,-1.145195,-6.909303,0.131058,-6.973584,1.224684,-6.790241,2.198195,-6.381615,2.99756,-5.721067,3.800546,-4.799767,4.589104,-3.669638,5.270478,-2.433884,5.752125,-1.176871,5.991305,0.082791,5.983743,1.252535,5.760299,2.21735,5.328335,2.926466,4.739205,3.390168,4.077511,3.691733,3.36524,3.902225,2.570973,4.025239,1.69872,4.059597,0.771498,4.074476,-0.157078,4.072324,-1.042601,3.992382,-1.871627,3.810755,-2.709095,3.536349,-3.589337,3.15645,-4.514373,2.731333,-5.423163,2.297312,-6.203131,1.916061,-6.785204,1.453307,-7.081106,0.727587,-7.013426,-0.353365,-6.559301,-1.67822,-5.694538,-3.015063,-4.504875,-4.059676,-3.16288,-4.720697,-1.74658,-5.0519,-0.360299,-5.157057,0.915861,-5.086689,2.070261,-4.834142,3.101894,-4.412047,4.01699,-0.51831,6.429956,0.519641,5.877255,1.473162,4.930927,2.213884,3.909067,2.653344,2.99199,2.844958,2.300874,2.719271,1.90599,2.531942,1.462917,2.303479,0.998455,2.01589,0.639158,1.682545,0.460735,1.355411,0.400904,1.078836,0.380269,0.889689,0.364268,0.776327,0.339534,0.69843,0.293607,0.624671,0.238539,0.530649,0.185252,0.417453,0.142004,0.307252,0.125667,0.206687,0.113513,0.129496,0.075099,0.077602,-0.003823,0.035328,-0.121508,-0.004291,-0.245819,-0.032626,-0.342993,-0.043202,-0.384331,-0.031522,-0.366551
1,-0.079732,0.091176,0.008435,0.072353,0.124057,0.057324,0.280598,0.062612,0.507898,0.099266,0.846765,0.162629,1.326491,0.223792,1.967097,0.247868,2.71593,0.222501,3.42547,0.118974,3.921882,-0.091399,4.114357,-0.42462,4.034572,-0.916501,3.767269,-1.565788,3.387474,-2.330871,3.020974,-3.150948,2.715504,-3.973792,2.443739,-4.759872,2.162838,-5.486703,1.815974,-6.11645,1.333755,-6.572628,0.692116,-6.755674,-0.126734,-6.650755,-1.039096,-6.307069,-2.119524,-5.741006,-3.214925,-4.929977,-4.222921,-3.830179,-5.05713,-2.438482,-5.648539,-0.869293,-5.934333,0.655295,-5.91378,1.923611,-5.638999,2.928931,-5.163762,3.789546,-4.556064,4.599398,-3.888765,5.415961,-3.176632,6.21699,-2.409562,6.893889,-1.583149,7.333447,-0.69209,7.407495,0.265718,7.05502,1.287833,6.291553,2.268737,5.202753,3.13779,3.939754,3.904755,2.689338,4.560133,1.569993,5.099396,0.650893,5.487099,-0.093754,5.687792,-0.734765,5.656052,-1.284081,5.414234,-1.809379,5.042086,-2.422918,4.623716,-3.211327,4.187734,-4.072444,3.785319,-4.878744,3.41585,-5.54837,3.007292,-6.044125,2.384928,-6.294743,1.44928,-6.230581,0.301007,-5.800122,-1.029081,-5.078941,-2.369214,-4.140459,-3.536147,-3.086281,-4.372289,-2.108904,-4.867599,-1.352425,-5.090731,-0.788294,-5.13583,-0.29887,-5.055135,0.207004,-4.82886,0.670568,-4.473663,1.279536,-3.986614,2.009177,-3.387343,2.822616,-2.689429,3.651318,-1.942431,4.476739,-1.189321,5.227699,-0.444468,5.790459,0.294351,6.11015,0.99885,6.145422,1.59737,5.902412,2.074686,5.404841,2.437945,4.730812,2.739023,4.015075,2.922448,3.266339,2.954304,2.528905,2.854781,1.856447,2.637324,1.27068,2.336927,0.816289,1.987786,0.51764,1.610086,0.345607,1.216241,0.23584,0.826647,0.134271,0.473956,0.022448,0.202988,-0.097422,0.04351,-0.213006,-0.015399,-0.314364,-0.03905,-0.384429,-0.079274,-0.408345,-0.179387,-0.360364,-0.250086,-0.280927,-0.300229,-0.213606,-0.325515,-0.147908
1,-0.094321,0.237639,-0.014469,0.283052,0.050358,0.321576,0.099888,0.373503,0.150894,0.440626,0.21768,0.493625,0.314278,0.526051,0.483076,0.535828,0.784673,0.528711,1.239046,0.501021,1.783306,0.46293,2.289107,0.386136,2.701724,0.221322,3.05933,-0.079605,3.374499,-0.583182,3.651263,-1.316415,3.912765,-2.238235,4.152569,-3.267534,4.326315,-4.285308,4.354266,-5.180811,4.149086,-5.887908,3.768475,-6.406211,3.31083,-6.729289,2.672174,-6.821759,1.767486,-6.663574,0.606873,-6.297747,-0.793189,-5.756311,-2.388541,-4.985282,-4.018828,-3.905989,-5.52578,-2.516561,-6.61742,-0.963196,-7.244489,0.558504,-7.441965,1.978174,-7.195241,3.229876,-6.518806,4.267154,-5.511045,5.025876,-4.343458,5.468384,-3.151311,5.607468,-1.968671,5.518326,-0.773318,5.299862,0.444965,5.005736,1.613499,4.789524,2.70713,4.508644,3.598843,4.095275,4.266371,3.567784,4.702179,2.969006,4.929407,2.325186,4.940961,1.640093,4.791496,0.896337,4.540776,0.049583,4.215699,-0.878432,3.823672,-1.82088,3.411983,-2.751899,3.043291,-3.643177,2.711938,-4.51128,2.400621,-5.315991,2.025148,-5.966713,1.543616,-6.391205,0.905993,-6.54772,0.073287,-6.414242,-0.907361,-6.036342,-1.912818,-5.437023,-2.879257,-4.532491,-3.785943,-3.27951,-4.561075,-1.788461,-5.102893,-0.260797,-5.382307,1.189323,-5.414504,2.552704,-5.187741,3.781507,-4.732935,4.780557,-4.107307,5.52676,-3.35061,6.024927,-2.506134,6.260674,-1.645307,6.246562,-0.829118,6.034781,-0.063832,5.683838,0.678582,5.238176,1.41089,4.728317,2.09381,4.17307,2.674337,3.568045,3.068628,2.911603,3.253594,2.242022,3.248952,1.608357,3.084028,1.063946,2.835291,0.621315,2.531642,0.276742,2.164272,0.048641,1.706776,-0.032339,1.180214,0.011839,0.652424,0.127663,0.19676,0.247641,-0.135695,0.307924,-0.322869,0.278525,-0.37055,0.169243,-0.310457,0.017921,-0.183891,-0.11566,-0.020064,-0.187888,0.13852,-0.191144,0.265763,-0.13784,0.337341,-0.047768
1,-0.233442,0.237353,-0.235658,0.285806,-0.218039,0.341325,-0.166095,0.406983,-0.072122,0.474821,0.098293,0.532549,0.384278,0.56605,0.837958,0.567811,1.451999,0.532175,2.138431,0.427454,2.775119,0.230133,3.329277,-0.055923,3.707565,-0.437111,3.89009,-0.977888,3.950152,-1.656707,3.966429,-2.420109,3.961875,-3.215495,3.885684,-4.006719,3.616574,-4.67693,3.114642,-5.15758,2.505727,-5.490907,1.933924,-5.76463,1.459315,-5.997398,0.984194,-6.129637,0.334507,-6.034422,-0.607592,-5.608127,-1.816593,-4.839886,-3.170863,-3.783298,-4.45695,-2.549729,-5.486088,-1.226699,-6.152413,0.091463,-6.458631,1.313019,-6.422803,2.391735,-6.066278,3.314497,-5.444699,4.054455,-4.642723,4.664822,-3.748839,5.185765,-2.852219,5.615045,-1.994725,5.905099,-1.178404,6.011343,-0.347577,5.94441,0.543705,5.719931,1.49943,5.36146,2.43946,4.827636,3.264328,4.147676,3.941357,3.35753,4.452095,2.494888,4.800099,1.589179,4.994773,0.657195,5.026766,-0.334921,4.902683,-1.392888,4.633297,-2.434523,4.223731,-3.386419,3.729255,-4.177293,3.184926,-4.798337,2.606148,-5.28709,2.016363,-5.690272,1.407251,-5.992554,0.759305,-6.197915,0.069748,-6.265907,-0.693029,-6.11224,-1.587896,-5.631607,-2.574133,-4.821929,-3.566572,-3.761338,-4.413585,-2.554223,-5.036959,-1.252164,-5.402377,0.101129,-5.478467,1.397435,-5.266762,2.574862,-4.762781,3.584402,-4.0415,4.412932,-3.202482,5.135092,-2.31901,5.75529,-1.472435,6.227635,-0.73923,6.508523,-0.135271,6.574515,0.415773,6.385736,0.996139,5.977262,1.591393,5.403946,2.151402,4.711982,2.61185,3.944458,2.958599,3.113353,3.192972,2.280542,3.288492,1.519134,3.233429,0.889075,3.043014,0.417238,2.711515,0.113021,2.223544,-0.025413,1.61137,-0.040822,0.99965,0.004627,0.497153,0.058247,0.140826,0.084266,-0.083982,0.057286,-0.186223,-0.024601,-0.183578,-0.140837,-0.117394,-0.258352,-0.033022,-0.340032,0.033731,-0.391006,0.067787,-0.414729,0.067268,-0.420301
1,1.538877,-0.786579,1.534347,-1.141374,1.567232,-1.546452,1.624698,-1.993376,1.689337,-2.46298,1.747178,-2.945001,1.790471,-3.407722,1.798937,-3.842941,1.731365,-4.260231,1.560563,-4.647426,1.313257,-4.980663,0.993263,-5.217982,0.607077,-5.314299,0.081524,-5.22631,-0.642644,-4.935332,-1.547102,-4.434823,-2.567159,-3.731658,-3.628047,-2.825054,-4.593777,-1.760346,-5.320986,-0.641685,-5.701706,0.441964,-5.734691,1.428855,-5.491725,2.316836,-5.077603,3.129233,-4.523807,3.813763,-3.834797,4.404071,-3.060164,4.90178,-2.227324,5.264686,-1.373162,5.454339,-0.552512,5.46653,0.239469,5.312238,1.028198,5.035309,1.767007,4.666244,2.389111,4.213312,2.851666,3.735001,3.164331,3.213513,3.346311,2.651702,3.407096,2.07763,3.370526,1.502896,3.260666,0.932149,3.080528,0.363947,2.859107,-0.20178,2.637562,-0.748324,2.427665,-1.241788,2.237375,-1.669615,2.062947,-2.051346,1.915347,-2.393286,1.79647,-2.709343,1.672498,-3.002298,1.514107,-3.262417,1.317709,-3.488213,1.100696,-3.704846,0.871276,-3.942441,0.615117,-4.19892,0.323659,-4.396078,-0.034028,-4.41595,-0.477665,-4.194829,-1.015334,-3.741289,-1.633525,-3.128486,-2.268996,-2.464354,-2.871948,-1.788553,-3.396592,-1.053374,-3.804861,-0.228995,-4.053799,0.671731,-4.135154,1.61043,-4.036568,2.543739,-3.724196,3.392623,-3.252046,4.095586,-2.634667,4.619239,-1.858076,4.968656,-1.034004,5.102298,-0.288573,5.003615,0.336596,4.715631,0.844316,4.2989,1.240272,3.811777,1.514039,3.290284,1.687522,2.772205,1.774692,2.275942,1.777009,1.794844,1.697935,1.338846,1.540164,0.915173,1.306058,0.554395,1.011391,0.297398,0.685834,0.167689,0.355906,0.140846,0.051361,0.168157,-0.202596,0.185333,-0.391832,0.159,-0.505327,0.094139,-0.532685,0.024232,-0.475183,-0.008593,-0.355087,0.007474,-0.196644,0.053885,-0.030088,0.09239,0.097803,0.098389,0.162145,0.054551,0.173496,-0.038906,0.152065,-0.166098,0.102464,-0.298521,0.037495,-0.383382
1,2.209294,-1.182356,2.559229,-1.549034,2.769237,-2.041109,2.841047,-2.561966,2.761416,-3.096289,2.550048,-3.593323,2.241661,-4.071107,1.884709,-4.517279,1.492604,-4.880552,1.046983,-5.117454,0.584026,-5.20658,0.101064,-5.125698,-0.425246,-4.845212,-1.075126,-4.328801,-1.835496,-3.613884,-2.62185,-2.740238,-3.34655,-1.727926,-3.934983,-0.630089,-4.333786,0.442363,-4.539966,1.408445,-4.579925,2.244979,-4.433129,2.947255,-4.084651,3.530329,-3.600812,3.956436,-3.045387,4.224007,-2.453675,4.360528,-1.858243,4.379324,-1.251373,4.268081,-0.621582,4.094395,0.00123,3.888069,0.603803,3.663174,1.156009,3.425789,1.644079,3.197255,2.046432,2.964615,2.344349,2.697928,2.535708,2.360005,2.658848,1.997537,2.720446,1.612058,2.722914,1.224608,2.664735,0.84606,2.56483,0.485037,2.427284,0.136618,2.244424,-0.196482,2.037993,-0.512246,1.832854,-0.792848,1.646353,-1.046665,1.484527,-1.285173,1.354725,-1.514443,1.259421,-1.733319,1.209765,-1.945394,1.19455,-2.162744,1.21853,-2.417893,1.253364,-2.72263,1.254805,-3.09372,1.1936,-3.518819,1.007267,-3.908089,0.647759,-4.173329,0.103587,-4.217849,-0.524188,-4.001845,-1.168673,-3.574831,-1.767778,-3.050067,-2.295657,-2.499157,-2.724421,-1.944704,-3.048664,-1.388982,-3.266021,-0.834949,-3.402513,-0.297822,-3.484389,0.236804,-3.499002,0.789588,-3.462786,1.342716,-3.38552,1.865608,-3.211799,2.330716,-2.908369,2.704577,-2.466235,3.003284,-1.88319,3.255057,-1.198864,3.431423,-0.50632,3.53015,0.123831,3.572995,0.670271,3.567418,1.150041,3.519473,1.538131,3.402233,1.796662,3.202159,1.904977,2.930389,1.898007,2.606144,1.77618,2.229111,1.567971,1.832499,1.305104,1.449219,1.012965,1.093333,0.728637,0.795611,0.498984,0.600888,0.363649,0.513035,0.310946,0.489432,0.320748,0.473164,0.365916,0.426678,0.415662,0.338731,0.446057,0.229769,0.434444,0.116317,0.389361,0.010272,0.32509,-0.074355,0.24657,-0.133487,0.164274,-0.170212
1,-0.020222,0.029027,-0.010259,0.024823,-0.000962,0.039235,0.00169,0.075564,0.007423,0.123199,0.019007,0.168625,0.040102,0.207952,0.061636,0.233186,0.08769,0.237128,0.11435,0.21517,0.13739,0.172452,0.158895,0.1194,0.174089,0.071996,0.186453,0.038217,0.202873,0.014763,0.229219,-0.001431,0.271652,-0.01872,0.325505,-0.039494,0.382096,-0.06447,0.432814,-0.101949,0.488304,-0.162713,0.574032,-0.270079,0.724672,-0.42339,0.969671,-0.620649,1.321015,-0.865414,1.767145,-1.152652,2.267195,-1.460604,2.748673,-1.762604,3.151111,-2.054399,3.394153,-2.393539,3.305566,-2.879214,2.778247,-3.629303,1.97766,-4.188378,1.023569,-4.568234,0.086764,-4.703521,-0.812882,-4.534888,-1.68348,-4.084177,-2.507282,-3.424888,-3.264393,-2.611963,-3.926023,-1.693168,-4.436156,-0.691275,-4.726625,0.319907,-4.762558,1.225139,-4.590857,1.975972,-4.231514,2.608318,-3.702157,3.17504,-3.057057,3.602795,-2.238879,3.895375,-1.188809,4.097227,0.040238,4.227334,1.279411,4.219999,2.399415,4.039787,3.351094,3.681567,4.147541,3.155613,4.769826,2.473993,5.096222,1.636093,5.00884,0.625183,4.525655,-0.558603,3.780016,-1.876867,2.945236,-3.239121,2.135496,-4.504087,1.36102,-5.570437,0.595992,-6.361774,-0.204648,-6.720428,-1.068968,-6.478042,-1.977275,-5.613907,-2.885037,-4.234338,-3.654333,-2.553713,-4.198654,-0.750572,-4.433113,0.918868,-4.399139,2.260527,-4.150672,3.21346,-3.70097,3.807317,-3.067149,4.098073,-2.308666,4.169788,-1.475073,4.120827,-0.620939,4.013658,0.197734,3.893837,0.947777,3.762734,1.594482,3.618569,2.094998,3.440347,2.428855,3.198614,2.579896,2.874963,2.53898,2.488635,2.316405,2.070165,1.947571,1.651472,1.504623,1.273458,1.064553,0.958161,0.687052,0.716466,0.410226,0.544748,0.228473,0.407589,0.113339,0.281801,0.041788,0.167277,-0.004959,0.083988,-0.018759,0.0482,0.021056,0.059306,0.121923,0.093548,0.258937,0.121027,0.388851,0.131168,0.466711,0.10455
1,-0.014105,-0.03074,-0.019024,-0.043846,-0.025417,-0.038158,-0.034398,-0.018896,-0.034553,0.011552,-0.028663,0.045096,-0.020928,0.077171,-0.016796,0.102392,-0.009431,0.117154,-0.000703,0.122938,0.009588,0.115368,0.015024,0.10555,0.014617,0.099107,0.015433,0.098931,0.021626,0.098784,0.029864,0.098281,0.039718,0.100782,0.057884,0.101819,0.08238,0.096469,0.119551,0.083788,0.190469,0.054182,0.314922,0.001174,0.528219,-0.079989,0.83833,-0.182375,1.226725,-0.301165,1.655819,-0.426809,2.061516,-0.628484,2.34569,-0.966112,2.496138,-1.481341,2.539193,-2.117297,2.440248,-2.835943,2.172266,-3.520386,1.735983,-4.09336,1.130014,-4.542807,0.419201,-4.854598,-0.326135,-4.984829,-1.042284,-4.906448,-1.732374,-4.56539,-2.450102,-3.922561,-3.189387,-3.024179,-3.826265,-1.984107,-4.293684,-0.870743,-4.53234,0.205749,-4.558288,1.174913,-4.382834,2.079846,-3.998365,2.951253,-3.376392,3.717492,-2.53125,4.385092,-1.534618,4.862221,-0.438523,5.131245,0.714296,5.191975,1.840228,5.007712,2.836993,4.58643,3.646484,3.929889,4.227195,3.006874,4.53452,1.809472,4.573756,0.396418,4.395009,-1.13928,4.073702,-2.679876,3.677768,-4.07666,3.236705,-5.256941,2.762937,-6.177773,2.170951,-6.768901,1.369717,-6.895593,0.298983,-6.512103,-0.924179,-5.727875,-2.126336,-4.622336,-3.225253,-3.208856,-4.175539,-1.588921,-4.866944,0.01676,-5.256925,1.477855,-5.354252,2.736314,-5.123397,3.717781,-4.583197,4.369007,-3.727227,4.694543,-2.58319,4.750067,-1.268209,4.605053,0.013723,4.264654,1.161272,3.911717,2.099687,3.556255,2.82198,3.219658,3.334639,2.896102,3.631425,2.526906,3.705137,2.088938,3.549262,1.590565,3.186511,1.07042,2.672267,0.600564,2.084255,0.212037,1.46751,-0.074186,0.880664,-0.235627,0.372592,-0.279649,-0.031202,-0.271827,-0.304654,-0.272022,-0.434958,-0.302528,-0.450972,-0.348013,-0.381507,-0.389282,-0.251461,-0.390226,-0.097933,-0.319978,0.045023,-0.205324,0.14555,-0.087983
1,-0.071231,-0.110526,-0.087227,-0.100889,-0.100242,-0.089848,-0.104222,-0.074452,-0.100216,-0.054819,-0.087709,-0.035098,-0.073094,-0.023622,-0.054576,-0.025522,-0.041049,-0.030199,-0.035687,-0.022005,-0.038878,0.01724,-0.048115,0.08358,-0.057274,0.162825,-0.070699,0.255458,-0.085921,0.357494,-0.092846,0.472565,-0.080733,0.610967,-0.021588,0.767811,0.135671,0.917256,0.431623,1.010347,0.893931,0.974211,1.47925,0.77063,2.086176,0.434217,2.621107,-0.013492,3.039398,-0.541901,3.245308,-1.147736,3.135319,-1.796656,2.776807,-2.520386,2.29251,-3.362765,1.733318,-4.253151,1.071294,-5.000455,0.273002,-5.395294,-0.659496,-5.327479,-1.70868,-4.835968,-2.825691,-4.037775,-3.877596,-3.011698,-4.685117,-1.847395,-5.169624,-0.607496,-5.348197,0.6028,-5.254086,1.678366,-4.891067,2.520921,-4.157825,3.222636,-3.037913,3.856086,-1.62096,4.35744,-0.056283,4.616488,1.472935,4.565982,2.769262,4.220527,3.709401,3.631862,4.267705,2.877557,4.44799,2.038925,4.290287,1.225564,3.915051,0.462337,3.46742,-0.308015,3.024314,-1.155076,2.587868,-2.022623,2.116775,-2.848824,1.576801,-3.638438,0.953178,-4.353007,0.238631,-4.845947,-0.592126,-4.938824,-1.490171,-4.625048,-2.392453,-4.037729,-3.256792,-3.215699,-3.992278,-2.168401,-4.450353,-1.051766,-4.574113,-0.024109,-4.383778,0.840098,-3.940607,1.584258,-3.265665,2.312622,-2.424629,2.982081,-1.525335,3.5047,-0.633042,3.82825,0.197396,3.924186,0.902643,3.753106,1.430212,3.359966,1.752887,2.830819,1.906044,2.287183,1.938147,1.82826,1.886986,1.505015,1.763382,1.283324,1.575388,1.117928,1.371502,0.97049,1.196129,0.800447,1.073362,0.560899,1.004345,0.291185,0.9493,0.01592,0.881103,-0.23374,0.793525,-0.393608,0.68454,-0.422504,0.550053,-0.348246,0.394471,-0.224207,0.236368,-0.109108,0.098014,-0.029946,0.009694,0.002821,-0.029559,-0.018993,-0.025035,-0.085189,0.016134,-0.165825,0.086089,-0.223214,0.146113,-0.215179,0.169957,-0.135123
1,-0.102908,0.223567,-0.115254,0.211712,-0.107242,0.207143,-0.085089,0.211169,-0.061776,0.226958,-0.041574,0.246006,-0.016782,0.270398,0.018489,0.298961,0.066942,0.312678,0.127747,0.31393,0.197977,0.309289,0.277764,0.301024,0.382905,0.279305,0.551135,0.232076,0.80124,0.135234,1.100226,-0.035672,1.400835,-0.262425,1.657624,-0.508305,1.840562,-0.779871,1.942303,-1.102281,1.944585,-1.502434,1.840149,-1.942831,1.631151,-2.389284,1.354085,-2.835271,1.020673,-3.285129,0.612173,-3.666918,0.114178,-3.938476,-0.497285,-4.055819,-1.213939,-3.989551,-1.958953,-3.723269,-2.634473,-3.227722,-3.16577,-2.479672,-3.565689,-1.468859,-3.851722,-0.252624,-3.987401,1.006019,-3.904598,2.146369,-3.577675,3.054619,-3.012716,3.707353,-2.301341,4.089786,-1.465777,4.243364,-0.527384,4.250911,0.415792,4.156363,1.227064,3.968203,1.885834,3.678938,2.426813,3.296516,2.861999,2.82433,3.175903,2.270432,3.370261,1.647514,3.438432,0.961407,3.39972,0.220305,3.298865,-0.545211,3.122171,-1.268023,2.827836,-1.899581,2.415627,-2.455354,1.944738,-2.979892,1.451836,-3.463488,0.896609,-3.857015,0.254649,-4.105943,-0.432302,-4.206107,-1.111513,-4.163813,-1.763067,-3.935247,-2.38842,-3.462297,-2.978107,-2.750619,-3.447874,-1.896443,-3.709949,-0.985564,-3.740827,-0.060595,-3.571162,0.857021,-3.226875,1.708935,-2.740919,2.427741,-2.16339,2.992654,-1.52764,3.398998,-0.852024,3.672199,-0.176735,3.820182,0.46102,3.831395,1.039478,3.679187,1.546273,3.364585,1.951678,2.917439,2.230759,2.367515,2.357808,1.74492,2.326399,1.121255,2.160558,0.573453,1.905143,0.145559,1.600847,-0.15215,1.271111,-0.350303,0.940546,-0.477815,0.640622,-0.558356,0.38863,-0.601363,0.193797,-0.608383,0.055368,-0.580938,-0.030487,-0.515935,-0.082059,-0.423415,-0.110415,-0.30759,-0.123519,-0.176254,-0.130578,-0.034945,-0.147749,0.10102,-0.17364,0.201348,-0.197758,0.239814,-0.186898,0.24942,-0.168923,0.22717,-0.153967,0.180423
1,-0.123544,0.118046,-0.150618,0.157285,-0.177715,0.21243,-0.209232,0.277694,-0.242689,0.349284,-0.260325,0.425785,-0.24757,0.499034,-0.201672,0.576549,-0.102513,0.643267,0.073804,0.684213,0.318027,0.692553,0.624225,0.670875,0.987961,0.610881,1.382681,0.509561,1.77376,0.394963,2.110858,0.295009,2.310762,0.172327,2.342992,-0.069691,2.242557,-0.489321,2.062078,-0.8279,1.855078,-1.140459,1.602005,-1.457322,1.272999,-1.887092,0.862716,-2.454774,0.431183,-3.102455,0.052086,-3.735097,-0.256887,-4.304828,-0.528047,-4.775448,-0.834317,-5.071589,-1.259928,-5.083183,-1.833734,-4.776623,-2.502434,-4.206815,-3.135753,-3.445668,-3.612669,-2.503513,-3.883778,-1.423509,-3.948527,-0.267044,-3.824584,0.877671,-3.556628,1.967977,-3.195152,2.953592,-2.766485,3.790212,-2.308488,4.432083,-1.828591,4.818141,-1.33618,4.941653,-0.832905,4.802291,-0.251621,4.450321,0.466485,3.92708,1.2284,3.240703,1.948302,2.487758,2.572662,1.778286,3.077842,1.15766,3.464695,0.607845,3.700449,0.111041,3.759993,-0.385338,3.649542,-0.936644,3.387926,-1.528836,3.050677,-2.104181,2.70628,-2.645371,2.360304,-3.187197,1.959909,-3.712137,1.419829,-4.143262,0.696581,-4.361905,-0.16871,-4.299381,-1.083571,-3.969759,-1.973276,-3.447877,-2.835059,-2.761731,-3.612851,-1.963553,-4.197906,-1.111664,-4.557901,-0.249402,-4.722341,0.597691,-4.699902,1.372336,-4.459837,2.028406,-3.976892,2.60907,-3.291413,3.146025,-2.479337,3.60787,-1.623886,3.946927,-0.755712,4.169253,0.098382,4.250292,0.874639,4.161822,1.525907,3.928789,2.033505,3.5772,2.414286,3.137518,2.67616,2.635721,2.799805,2.095711,2.76603,1.554837,2.570373,1.048174,2.235717,0.603758,1.820178,0.247685,1.386721,-0.017029,0.97994,-0.191316,0.619915,-0.279326,0.300241,-0.304994,0.02845,-0.287993,-0.192548,-0.262719,-0.32832,-0.234477,-0.373453,-0.192207,-0.331097,-0.132034,-0.228417,-0.065276,-0.098341,0.011953,0.023249,0.087834,0.102701,0.150113
1,-0.183729,0.160073,-0.166691,0.233071,-0.145498,0.292978,-0.135587,0.327707,-0.138821,0.338935,-0.137488,0.344241,-0.121063,0.360401,-0.073269,0.379517,0.02499,0.38902,0.192622,0.371004,0.4565,0.308726,0.810429,0.183661,1.230681,0.002533,1.685174,-0.182501,2.095434,-0.331149,2.390602,-0.467061,2.553697,-0.655733,2.607487,-1.004681,2.522305,-1.550602,2.29506,-2.248455,2.006726,-2.96987,1.698802,-3.611063,1.381197,-4.129825,1.038449,-4.542188,0.641646,-4.852931,0.162095,-5.0524,-0.405277,-5.094576,-1.054061,-4.90661,-1.782895,-4.448571,-2.562184,-3.745925,-3.344841,-2.842503,-4.051684,-1.786136,-4.593791,-0.66236,-4.895866,0.427146,-4.917548,1.390401,-4.621181,2.206443,-3.980062,2.874202,-2.986914,3.349485,-1.745789,3.593517,-0.452438,3.58115,0.801706,3.467427,1.852653,3.320076,2.593093,3.188744,3.040273,3.018466,3.243226,2.777349,3.302281,2.476115,3.279274,2.142263,3.204485,1.786142,3.104152,1.380893,2.967311,0.866733,2.75403,0.203342,2.452195,-0.580994,2.056326,-1.402175,1.601981,-2.191536,1.149499,-2.939136,0.748059,-3.643325,0.377953,-4.243577,-0.039424,-4.639724,-0.613674,-4.77151,-1.377324,-4.628399,-2.255109,-4.195407,-3.089786,-3.505245,-3.753592,-2.628218,-4.166962,-1.643956,-4.315535,-0.633161,-4.213261,0.357744,-3.909506,1.258034,-3.432004,2.059395,-2.824016,2.755535,-2.137683,3.373947,-1.424301,3.904832,-0.706122,4.312855,0.022411,4.509181,0.786105,4.415247,1.508979,4.022789,2.099748,3.422367,2.546073,2.736945,2.851448,2.059484,2.974013,1.452343,2.894899,0.949076,2.650626,0.546593,2.31447,0.187489,1.94733,-0.171481,1.572811,-0.50586,1.193311,-0.753875,0.803295,-0.894459,0.431772,-0.92978,0.117634,-0.883806,-0.131765,-0.781914,-0.313,-0.641913,-0.425575,-0.481505,-0.461625,-0.313828,-0.435785,-0.153049,-0.364331,-0.004862,-0.261171,0.107687,-0.14134,0.161392,-0.045915,0.161883,0.006125,0.12756,0.011615,0.08467,-0.011147,0.033574
1,-0.139637,0.196628,-0.15331,0.229066,-0.161204,0.277126,-0.134999,0.356821,-0.039317,0.442141,0.109232,0.517639,0.282849,0.564837,0.467739,0.555855,0.66782,0.4674,0.894544,0.320878,1.113952,0.148923,1.272434,-0.034494,1.357924,-0.261318,1.410594,-0.551703,1.494893,-0.921009,1.624243,-1.351643,1.75385,-1.815297,1.853253,-2.290519,1.881819,-2.780314,1.809331,-3.252867,1.595827,-3.635657,1.201288,-3.822569,0.652624,-3.779299,0.004025,-3.588754,-0.706832,-3.34351,-1.4595,-3.068226,-2.223919,-2.701237,-2.93941,-2.215739,-3.569313,-1.629591,-4.086234,-0.981282,-4.483544,-0.279249,-4.7001,0.424247,-4.671968,1.106672,-4.383153,1.764422,-3.876065,2.389334,-3.190606,2.940644,-2.392636,3.363798,-1.571048,3.66185,-0.731966,3.862435,0.14054,4.017157,0.967476,4.056603,1.707067,3.956058,2.339402,3.683326,2.860525,3.286682,3.254958,2.820008,3.485009,2.299119,3.546587,1.699694,3.474618,1.039677,3.313742,0.364089,3.094319,-0.298227,2.835846,-0.946386,2.562063,-1.589669,2.289512,-2.213781,2.038423,-2.802328,1.80689,-3.350621,1.552848,-3.836683,1.212879,-4.228977,0.729212,-4.473441,0.091764,-4.528659,-0.624331,-4.413876,-1.364969,-4.101855,-2.099626,-3.534706,-2.773795,-2.713777,-3.321617,-1.759711,-3.703972,-0.803266,-3.905231,0.073568,-3.923834,0.826427,-3.760789,1.473943,-3.428173,2.069839,-2.958939,2.616039,-2.42095,3.063932,-1.868034,3.382179,-1.332187,3.567902,-0.812184,3.622016,-0.308372,3.531952,0.175212,3.320631,0.633454,3.016887,1.063464,2.674142,1.444528,2.326089,1.769993,1.996361,2.025365,1.677341,2.189617,1.365278,2.249699,1.053185,2.207699,0.75801,2.067184,0.506314,1.853201,0.295012,1.589719,0.108474,1.299108,-0.062783,0.995509,-0.171581,0.697948,-0.193488,0.436976,-0.156354,0.239332,-0.099863,0.111292,-0.041557,0.035766,0.014458,-0.008646,0.066452,-0.029037,0.101607,-0.03242,0.1115,-0.029027,0.090108,-0.018876,0.041619,-0.000459,-0.025559
1,-0.069647,0.151916,-0.03535,0.199807,-0.009593,0.255172,-0.002921,0.313686,-0.016716,0.378084,-0.046943,0.43453,-0.074137,0.498572,-0.071897,0.590173,-0.012069,0.714785,0.113518,0.862967,0.282083,1.013804,0.466999,1.127735,0.65453,1.156318,0.876532,1.088625,1.169378,0.906553,1.542712,0.588044,1.976557,0.120478,2.372164,-0.435394,2.594349,-0.960093,2.564273,-1.428058,2.305617,-1.898205,1.88613,-2.443761,1.375948,-3.060922,0.835036,-3.698979,0.331967,-4.262734,-0.089978,-4.680641,-0.448205,-4.909139,-0.817554,-4.876765,-1.263794,-4.564011,-1.805437,-4.02429,-2.403766,-3.289149,-2.992257,-2.334264,-3.483077,-1.178926,-3.806892,0.080431,-3.916078,1.342629,-3.789744,2.51134,-3.420367,3.546494,-2.86011,4.3686,-2.172257,4.921651,-1.412959,5.188806,-0.626117,5.186676,0.138933,4.968238,0.835084,4.591035,1.442121,4.091137,1.955851,3.462582,2.402299,2.695762,2.787831,1.801722,3.127829,0.854935,3.391947,-0.033904,3.513556,-0.87523,3.40114,-1.701946,3.017596,-2.466033,2.40298,-3.144059,1.655663,-3.726126,0.89075,-4.18052,0.206919,-4.437844,-0.362824,-4.450897,-0.831185,-4.26835,-1.236376,-4.011809,-1.643797,-3.751088,-2.142105,-3.437609,-2.76216,-2.983802,-3.446974,-2.350327,-4.047182,-1.542925,-4.381491,-0.595052,-4.368969,0.392321,-4.080882,1.321842,-3.619024,2.175987,-3.001661,2.934483,-2.17599,3.590257,-1.223473,4.065323,-0.317338,4.307111,0.439306,4.334672,0.993828,4.210898,1.3507,3.996731,1.541446,3.688724,1.633496,3.248152,1.665947,2.714355,1.673352,2.161607,1.672534,1.63915,1.649436,1.150283,1.599412,0.696494,1.514884,0.294938,1.408375,-0.03832,1.306061,-0.29399,1.230469,-0.454667,1.153833,-0.508503,1.026636,-0.471834,0.833514,-0.361604,0.593152,-0.211436,0.34804,-0.066557,0.102957,0.032848,-0.120669,0.057048,-0.29677,0.011992,-0.39965,-0.062277,-0.408278,-0.11712,-0.335481,-0.136901,-0.214655,-0.135324,-0.070765,-0.109731,0.077194,-0.048345
1,0.220447,0.057664,0.275204,0.039152,0.393396,-0.012282,0.585805,-0.0977,0.79119,-0.248295,0.933377,-0.480264,0.982035,-0.762464,0.954515,-1.039054,0.883388,-1.306008,0.801879,-1.589693,0.674065,-1.901801,0.453108,-2.22692,0.100311,-2.560745,-0.395389,-2.899722,-0.962329,-3.151059,-1.490276,-3.210082,-1.900908,-3.042513,-2.210164,-2.67803,-2.512751,-2.159913,-2.856236,-1.530873,-3.253536,-0.793586,-3.66383,0.059315,-3.99642,0.941207,-4.166128,1.733032,-4.10501,2.419138,-3.80843,3.038927,-3.317554,3.581083,-2.707515,3.944533,-2.029921,4.080973,-1.310101,4.024397,-0.558376,3.8622,0.170392,3.686444,0.796915,3.539767,1.293375,3.378948,1.681289,3.135279,1.974261,2.773878,2.221722,2.298636,2.451474,1.758195,2.634029,1.195777,2.749125,0.579231,2.815229,-0.13755,2.825693,-0.93254,2.74487,-1.701365,2.578129,-2.361076,2.382957,-2.89166,2.160155,-3.277289,1.855374,-3.520391,1.422523,-3.654251,0.815678,-3.734501,0.091126,-3.776223,-0.588997,-3.79225,-1.145775,-3.780036,-1.571326,-3.746613,-1.918426,-3.678572,-2.217105,-3.479815,-2.464061,-3.021991,-2.701179,-2.265509,-2.988541,-1.324175,-3.294313,-0.390604,-3.572417,0.426577,-3.791116,1.154093,-3.905399,1.864207,-3.821919,2.506366,-3.478629,3.004575,-2.894122,3.348881,-2.185696,3.58726,-1.480655,3.742003,-0.858167,3.789311,-0.331922,3.744357,0.086983,3.662485,0.412707,3.587953,0.672221,3.498998,0.913731,3.357746,1.198505,3.130346,1.54239,2.820379,1.896572,2.430378,2.189929,1.959677,2.388967,1.432459,2.485394,0.866755,2.521927,0.291644,2.513332,-0.237699,2.425618,-0.637648,2.19907,-0.858014,1.822185,-0.926354,1.354081,-0.921684,0.878435,-0.869497,0.424534,-0.803543,0.073547,-0.714356,-0.106844,-0.621721,-0.12634,-0.515585,-0.063761,-0.374146,0.024668,-0.195981,0.120496,-0.019975,0.179304,0.114894,0.172539,0.18173,0.109004,0.17892,0.009285,0.124003,-0.101597,0.041372,-0.204211,-0.054238,-0.281431,-0.142773
1,0.74398,-0.064187,0.935792,-0.149299,1.104352,-0.271047,1.22059,-0.424931,1.269943,-0.600379,1.264611,-0.809973,1.204871,-1.080115,1.102682,-1.423247,0.964617,-1.810659,0.777844,-2.227403,0.500671,-2.67905,0.092649,-3.135106,-0.437151,-3.528241,-1.031337,-3.811338,-1.625128,-4.013134,-2.16314,-4.164092,-2.584893,-4.254014,-2.846752,-4.195942,-3.03859,-3.887072,-3.2591,-3.321929,-3.501988,-2.537213,-3.750386,-1.560738,-3.977269,-0.4762,-4.154576,0.576126,-4.217894,1.495072,-4.086518,2.244136,-3.733115,2.843069,-3.191538,3.310109,-2.566579,3.62855,-1.950525,3.799195,-1.377071,3.891226,-0.856319,3.94506,-0.383694,3.941973,0.077284,3.86944,0.53743,3.75008,0.965207,3.60939,1.344082,3.430656,1.694335,3.184976,2.059469,2.849508,2.446532,2.427765,2.830953,1.914338,3.169862,1.290276,3.425856,0.530818,3.637487,-0.334231,3.724569,-1.224609,3.594055,-1.980109,3.204689,-2.550317,2.640563,-2.966506,2.020992,-3.278083,1.372831,-3.471667,0.695643,-3.538272,0.037183,-3.551719,-0.566316,-3.589438,-1.124993,-3.682238,-1.631296,-3.819132,-2.037971,-3.922233,-2.330121,-3.907739,-2.578681,-3.67448,-2.904766,-3.160712,-3.333504,-2.375474,-3.794748,-1.40081,-4.204314,-0.305792,-4.512152,0.86137,-4.675954,2.008466,-4.605162,2.938765,-4.226653,3.489374,-3.517342,3.692552,-2.573805,3.681274,-1.55667,3.621332,-0.657557,3.607022,0.00895,3.632843,0.426947,3.672037,0.667641,3.681238,0.81991,3.616062,0.943703,3.44556,1.087821,3.175959,1.282439,2.847862,1.500775,2.47841,1.714665,2.058798,1.882227,1.593626,1.992191,1.115713,2.032951,0.67941,2.008168,0.315309,1.927974,0.017766,1.783035,-0.207695,1.572388,-0.356644,1.293308,-0.440988,1.000397,-0.459782,0.75832,-0.399175,0.580829,-0.24314,0.453926,-0.043837,0.297419,0.155964,0.134597,0.298117,-0.010259,0.311962,-0.111368,0.22411,-0.167502,0.108004,-0.202518,0.012959,-0.220981,-0.035432,-0.216227,-0.030228,-0.188493,0.014689
1,1.226461,-0.736149,1.535388,-0.948725,1.780347,-1.202459,1.91635,-1.531629,1.958205,-1.95292,1.902739,-2.423258,1.687849,-2.816458,1.262965,-3.050769,0.664788,-3.143683,-0.03054,-3.146151,-0.753581,-3.08638,-1.417272,-2.985394,-1.99644,-2.844383,-2.485476,-2.614298,-2.846785,-2.269737,-3.095637,-1.825536,-3.269747,-1.287029,-3.347901,-0.695241,-3.317365,-0.087727,-3.193263,0.506287,-2.997799,1.049564,-2.728511,1.515085,-2.369674,1.920719,-1.973066,2.314765,-1.622096,2.68574,-1.344804,2.976583,-1.10004,3.160627,-0.835462,3.256723,-0.516486,3.286541,-0.101368,3.275433,0.416245,3.217623,0.958924,3.085145,1.457141,2.881807,1.903689,2.615615,2.281572,2.289792,2.573555,1.9032,2.763244,1.462708,2.879591,1.019412,2.944204,0.582678,2.9546,0.128319,2.916334,-0.354137,2.875321,-0.85868,2.812977,-1.377132,2.691897,-1.855386,2.471422,-2.270554,2.121918,-2.643664,1.683237,-3.011196,1.215404,-3.380342,0.750056,-3.702525,0.302668,-3.937094,-0.120624,-4.042131,-0.553858,-3.973679,-1.04709,-3.736958,-1.609248,-3.348896,-2.183512,-2.869972,-2.732622,-2.368911,-3.266156,-1.890356,-3.692966,-1.430803,-3.877434,-0.995447,-3.750175,-0.563532,-3.398583,-0.069405,-2.907717,0.560312,-2.37554,1.332147,-1.903906,2.16164,-1.553797,2.90606,-1.286343,3.468185,-1.045718,3.820808,-0.822777,4.001204,-0.617574,4.029668,-0.418267,3.948208,-0.204639,3.794226,0.042611,3.602584,0.339656,3.376735,0.667686,3.119884,0.97916,2.835883,1.242565,2.536921,1.448229,2.211681,1.591979,1.859062,1.678504,1.496021,1.701871,1.159497,1.667307,0.877479,1.583951,0.631848,1.46724,0.401717,1.331652,0.196498,1.197696,0.024893,1.0934,-0.111647,0.998911,-0.219051,0.877046,-0.3057,0.718624,-0.345768,0.536649,-0.319089,0.367968,-0.24793,0.248905,-0.185614,0.185815,-0.147504,0.146129,-0.128727,0.111374,-0.112107,0.067998,-0.099955,0.016142,-0.096222,-0.042281,-0.108225,-0.090429,-0.117474,-0.108017,-0.101342
1,1.433574,0.96492,2.09869,0.782983,2.771598,0.411532,3.287417,-0.088315,3.558735,-0.625404,3.560915,-1.158418,3.319553,-1.71667,2.895572,-2.355809,2.362145,-3.054244,1.803939,-3.727485,1.306755,-4.320843,0.90311,-4.811029,0.536076,-5.130475,0.095021,-5.150854,-0.490907,-4.86953,-1.207207,-4.437482,-1.972405,-3.981069,-2.680915,-3.496923,-3.292461,-2.935593,-3.822763,-2.274551,-4.26474,-1.490399,-4.568521,-0.623805,-4.657537,0.284543,-4.492393,1.159687,-4.123169,1.936739,-3.626403,2.583171,-3.087465,3.113364,-2.557423,3.582777,-2.051029,4.021677,-1.540043,4.381846,-1.006787,4.586595,-0.424347,4.619602,0.185439,4.517548,0.743204,4.343493,1.208792,4.153635,1.605642,3.939949,1.971036,3.663768,2.311342,3.300121,2.623709,2.857867,2.89253,2.371391,3.11871,1.853747,3.323356,1.280815,3.497287,0.618851,3.620279,-0.0981,3.660392,-0.800077,3.595057,-1.44039,3.416013,-2.040624,3.167407,-2.646996,2.866821,-3.277576,2.504842,-3.873572,2.0689,-4.372615,1.580575,-4.780847,1.07204,-5.097414,0.527536,-5.279236,-0.05766,-5.275012,-0.674232,-5.04547,-1.315825,-4.607292,-1.989781,-4.044318,-2.669402,-3.408393,-3.316062,-2.675148,-3.864552,-1.847852,-4.259898,-0.978874,-4.462531,-0.125279,-4.461999,0.709289,-4.268767,1.525497,-3.920124,2.296842,-3.451861,2.987854,-2.880581,3.530771,-2.242217,3.898506,-1.553669,4.106103,-0.846491,4.187394,-0.149232,4.17699,0.503388,4.088312,1.055694,3.939273,1.466456,3.738581,1.732312,3.508749,1.886985,3.280873,1.982759,3.055961,2.051412,2.802528,2.097077,2.497703,2.106463,2.146316,2.070961,1.768553,1.988218,1.394845,1.859305,1.041408,1.688635,0.722926,1.486667,0.436386,1.270474,0.190515,1.048467,-0.013933,0.822875,-0.168484,0.609256,-0.274923,0.424006,-0.329292,0.282935,-0.338364,0.152782,-0.297557,0.033836,-0.244654,-0.05139,-0.210636,-0.099924,-0.202996,-0.132649,-0.219535,-0.150095,-0.231536,-0.14703,-0.233341,-0.122878,-0.217848
1,-0.090971,-0.046608,-0.092529,-0.009674,-0.087509,0.011831,-0.08292,0.013038,-0.079101,0.000716,-0.08766,-0.004142,-0.110332,0.008294,-0.141944,0.052595,-0.159301,0.154319,-0.12375,0.323363,-0.009939,0.543115,0.168625,0.764999,0.395208,0.941062,0.702349,1.034791,1.158474,1.02494,1.763417,0.844794,2.407849,0.465255,2.948419,-0.088288,3.285794,-0.718221,3.414446,-1.40385,3.372942,-2.162467,3.223251,-3.039552,2.953902,-3.985761,2.540316,-4.917335,1.988783,-5.733027,1.352086,-6.304812,0.629619,-6.480994,-0.156381,-6.206491,-1.037207,-5.594256,-1.957932,-4.794,-2.782636,-3.905551,-3.60159,-2.784949,-4.242517,-1.495258,-4.646571,-0.149048,-4.788486,1.118462,-4.688449,2.192107,-4.33439,3.069962,-3.730404,3.818208,-2.947865,4.474421,-2.087525,4.970901,-1.186168,5.266783,-0.211871,5.335153,0.850534,5.19442,1.903447,4.857878,2.801598,4.365806,3.465454,3.70862,3.908421,2.829527,4.12722,1.754925,4.122261,0.588404,3.95779,-0.547257,3.716403,-1.641731,3.435019,-2.683696,3.119597,-3.685973,2.73144,-4.640601,2.230205,-5.44313,1.563614,-5.868401,0.774271,-5.828693,-0.064931,-5.472246,-0.88603,-5.017775,-1.654187,-4.558053,-2.381501,-4.060374,-3.055013,-3.38279,-3.604237,-2.518572,-3.957943,-1.568077,-4.095331,-0.637075,-4.063785,0.204426,-3.90549,0.977994,-3.638587,1.681844,-3.223477,2.365724,-2.663293,3.036687,-2.037567,3.581625,-1.374317,4.009589,-0.739309,4.324073,-0.121426,4.498126,0.42493,4.481597,0.858161,4.256164,1.165543,3.831662,1.391817,3.33387,1.546192,2.860987,1.622234,2.460388,1.614767,2.128495,1.524198,1.829463,1.362154,1.542437,1.152159,1.279891,0.939246,1.063675,0.762491,0.89485,0.637496,0.770399,0.551579,0.662972,0.4878,0.570419,0.426532,0.500715,0.368781,0.429237,0.320733,0.349223,0.284169,0.259587,0.25771,0.166489,0.239785,0.079629,0.223134,0.006065,0.201183,-0.04301,0.180645,-0.06956,0.164968,-0.073526,0.148127,-0.042515
1,0.00473,0.285161,0.107422,0.317375,0.266528,0.351146,0.515559,0.375926,0.858682,0.382662,1.267653,0.358972,1.742619,0.268717,2.217881,0.050494,2.642736,-0.356421,2.958829,-0.896014,3.128967,-1.530113,3.118835,-2.235264,2.906437,-2.96721,2.542013,-3.700786,2.092615,-4.408392,1.615485,-5.046603,1.145537,-5.576087,0.686312,-5.925201,0.195464,-5.96894,-0.436382,-5.682777,-1.279912,-5.121059,-2.259594,-4.336833,-3.268133,-3.337389,-4.209928,-2.165769,-4.958206,-0.890305,-5.400455,0.369084,-5.482406,1.510046,-5.23147,2.440661,-4.673393,3.232302,-3.855571,3.799351,-2.902612,4.169566,-1.96083,4.444427,-1.128456,4.693293,-0.41911,4.899271,0.190081,5.019657,0.712631,5.032005,1.17093,4.912145,1.58894,4.632896,1.996609,4.178566,2.413573,3.590886,2.788717,2.921801,3.050688,2.219982,3.196994,1.49762,3.290877,0.735806,3.377276,-0.079255,3.439676,-0.950399,3.415385,-1.843567,3.289604,-2.706893,3.04881,-3.48047,2.703808,-4.145512,2.279535,-4.672894,1.791147,-5.077831,1.239011,-5.364649,0.648661,-5.552606,0.021948,-5.63883,-0.633009,-5.543233,-1.355251,-5.160937,-2.164686,-4.457781,-2.966481,-3.563057,-3.65077,-2.629398,-4.169814,-1.70954,-4.486566,-0.807716,-4.589141,0.061894,-4.475321,0.865484,-4.173398,1.619873,-3.726197,2.347929,-3.215378,2.99387,-2.706953,3.521248,-2.184516,3.954417,-1.644953,4.305323,-1.131962,4.566784,-0.657906,4.711857,-0.229031,4.746494,0.150527,4.675949,0.467519,4.512766,0.742424,4.254429,0.998897,3.88509,1.216678,3.420192,1.366559,2.888042,1.439294,2.316422,1.448233,1.75786,1.428029,1.246382,1.411132,0.822073,1.39011,0.49706,1.331075,0.25866,1.227129,0.087548,1.07865,-0.036988,0.896348,-0.120204,0.693847,-0.167554,0.50167,-0.186642,0.347937,-0.185285,0.228837,-0.168985,0.128189,-0.152849,0.039009,-0.147852,-0.042562,-0.156736,-0.100172,-0.186604,-0.12102,-0.23551,-0.119556,-0.287358,-0.111221,-0.338266,-0.096544,-0.383965
1,0.227062,0.374926,0.429685,0.394873,0.751403,0.401717,1.175949,0.361903,1.628551,0.243473,2.040727,0.021795,2.339558,-0.304144,2.502662,-0.739285,2.574665,-1.282002,2.600844,-1.939282,2.57601,-2.700094,2.412869,-3.480554,2.093436,-4.222992,1.664683,-4.89873,1.1895,-5.463398,0.691642,-5.821302,0.20184,-5.946623,-0.280203,-5.734211,-0.886052,-5.127784,-1.62246,-4.154562,-2.444956,-2.984855,-3.233383,-1.78226,-3.857365,-0.678855,-4.259147,0.349078,-4.445129,1.222964,-4.452954,1.932414,-4.271222,2.519618,-3.924633,3.066195,-3.484448,3.606174,-3.042284,4.087233,-2.661255,4.4678,-2.333429,4.675798,-2.01986,4.681982,-1.633281,4.546453,-1.132583,4.306604,-0.514454,3.989493,0.216984,3.63042,1.008041,3.263306,1.761864,2.890794,2.399649,2.545558,2.919443,2.239244,3.356659,1.949202,3.699443,1.607347,3.915624,1.148297,3.977338,0.58469,3.87951,-0.067458,3.667926,-0.774871,3.403392,-1.483205,3.113645,-2.141753,2.769053,-2.719737,2.35401,-3.217155,1.881579,-3.670635,1.344577,-4.088502,0.768476,-4.476019,0.17367,-4.837041,-0.407925,-5.127702,-0.998945,-5.271132,-1.622439,-5.204545,-2.273443,-4.937827,-2.965663,-4.487908,-3.649032,-3.913722,-4.178718,-3.280104,-4.540661,-2.449342,-4.65636,-1.470559,-4.56667,-0.370144,-4.27579,0.752286,-3.723919,1.828279,-2.945958,2.848139,-2.096214,3.728432,-1.289106,4.388686,-0.588256,4.837628,0.016848,5.058546,0.536216,5.021666,0.966185,4.737943,1.270379,4.287893,1.446245,3.750694,1.508228,3.209705,1.46509,2.701663,1.328777,2.228459,1.13649,1.792337,0.94565,1.415297,0.808371,1.104421,0.730961,0.842969,0.69875,0.614166,0.718573,0.410057,0.761467,0.243012,0.778607,0.115607,0.742721,0.030773,0.663677,-0.028436,0.558601,-0.072331,0.450121,-0.108596,0.360208,-0.121617,0.294964,-0.095477,0.245449,-0.044325,0.209769,0.016684,0.181378,0.061952,0.152126,0.077999,0.112551,0.043426,0.058908,-0.03815,-0.010316,-0.131629
1,0.058345,0.236149,0.08926,0.266705,0.128297,0.290494,0.170241,0.300124,0.229967,0.305028,0.326518,0.304247,0.462404,0.270984,0.640621,0.18526,0.836824,0.042508,1.033929,-0.133669,1.229428,-0.329094,1.403092,-0.536381,1.538704,-0.776672,1.635969,-1.050379,1.733196,-1.361065,1.867176,-1.719164,2.032792,-2.145168,2.121375,-2.583734,2.040818,-3.003099,1.780894,-3.415383,1.375674,-3.802651,0.891477,-4.135856,0.384446,-4.401445,-0.100549,-4.589778,-0.636455,-4.664182,-1.281882,-4.541953,-2.001832,-4.167296,-2.807774,-3.481528,-3.520925,-2.565553,-4.047934,-1.545197,-4.366457,-0.496054,-4.472857,0.520238,-4.322298,1.411283,-3.929049,2.203478,-3.356367,2.955802,-2.701933,3.657525,-2.052871,4.263888,-1.428885,4.723546,-0.823756,4.97227,-0.215142,4.993271,0.401314,4.789759,0.993177,4.422452,1.526888,3.934177,1.967824,3.366869,2.2903,2.752488,2.489476,2.165894,2.623022,1.634547,2.758069,1.122707,2.980945,0.544099,3.2556,-0.141018,3.431901,-0.921444,3.422249,-1.739415,3.272231,-2.55302,3.031153,-3.297106,2.716388,-3.918423,2.310666,-4.38074,1.800804,-4.673969,1.17892,-4.798145,0.491782,-4.774916,-0.195224,-4.61827,-0.857699,-4.30764,-1.541767,-3.816506,-2.256925,-3.127193,-2.949294,-2.319785,-3.540387,-1.504065,-3.991493,-0.699041,-4.299269,0.105416,-4.430314,0.91697,-4.344875,1.724813,-4.056175,2.452053,-3.568959,3.017963,-2.892168,3.461437,-2.068099,3.757814,-1.139573,3.929035,-0.205333,4.027012,0.683103,4.047712,1.452606,3.977608,2.03981,3.804377,2.400419,3.506428,2.549272,3.144817,2.519358,2.73334,2.360486,2.265704,2.132133,1.752171,1.884389,1.203827,1.65051,0.665345,1.44265,0.197076,1.247886,-0.148183,1.037378,-0.342461,0.805959,-0.411772,0.561531,-0.396335,0.325039,-0.329904,0.118774,-0.240112,-0.041383,-0.150928,-0.13817,-0.088508,-0.175571,-0.05994,-0.170291,-0.057738,-0.148401,-0.069941,-0.125581,-0.077772,-0.110669,-0.075185,-0.112872,-0.072189
1,1.371265,0.862387,1.883193,0.461932,2.375761,-0.0954,2.826782,-0.710919,3.300336,-1.355975,3.810817,-2.031049,4.274395,-2.818224,4.60785,-3.746599,4.780647,-4.727894,4.800786,-5.622993,4.671197,-6.3629,4.417125,-6.953012,4.037268,-7.353195,3.434104,-7.612778,2.51414,-7.789478,1.266592,-7.877279,-0.322629,-7.727721,-2.050334,-7.193008,-3.749024,-6.289824,-5.245633,-5.132605,-6.428099,-3.835152,-7.219966,-2.52558,-7.602266,-1.367078,-7.689236,-0.141284,-7.509406,1.107376,-7.105004,2.428337,-6.513879,3.875829,-5.748915,5.388289,-4.836619,6.836094,-3.778805,8.067495,-2.593131,9.028308,-1.349786,9.578173,-0.185552,9.461629,0.857112,8.612516,1.886553,7.314374,2.947151,5.92143,3.907034,4.65767,4.645357,3.608564,5.16882,2.73823,5.522234,1.935086,5.720411,1.06885,5.774168,0.083775,5.783711,-0.975879,5.848345,-2.082469,5.918193,-3.215807,5.892814,-4.294401,5.765338,-5.267131,5.56316,-6.113204,5.26376,-6.779406,4.791204,-7.247808,4.062044,-7.553036,3.028343,-7.705972,1.792605,-7.627285,0.369683,-7.237703,-1.233441,-6.51798,-2.876436,-5.556881,-4.353261,-4.468411,-5.493822,-3.345464,-6.261027,-2.263303,-6.672132,-1.369649,-6.947842,-0.330253,-7.061357,0.893065,-7.020744,2.10667,-6.821193,3.22753,-6.524074,4.192663,-6.023001,5.186738,-5.253305,6.20499,-4.124737,7.297007,-2.68595,8.398937,-1.024918,8.94229,0.620576,8.63222,2.039813,7.587387,3.045245,6.297543,3.739076,5.324121,4.099852,4.554585,4.222549,4.091196,4.153373,3.764521,3.932219,3.393544,3.61937,2.914629,3.306252,2.362282,3.002372,1.792851,2.632232,1.242092,2.20898,0.710266,1.803468,0.205607,1.489287,-0.21863,1.273884,-0.521182,1.104586,-0.658075,0.921812,-0.64351,0.728701,-0.546703,0.541381,-0.41216,0.354631,-0.271483,0.185117,-0.161833,0.037021,-0.118172,-0.072102,-0.133783,-0.149038,-0.194147,-0.183817,-0.26303,-0.15731,-0.315769,-0.069254,-0.33693,0.028226,-0.338609,0.092972,-0.326766
1,0.429863,1.782814,0.703166,1.882715,1.000973,1.962167,1.281272,1.958865,1.506502,1.814841,1.654397,1.51392,1.732129,1.089561,1.758636,0.595457,1.786389,0.097533,1.870463,-0.359443,2.068767,-0.763755,2.353397,-1.160522,2.637437,-1.586816,2.817029,-2.01753,2.817131,-2.413137,2.621182,-2.7886,2.252259,-3.168855,1.754368,-3.539484,1.165696,-3.848468,0.551223,-4.013958,-0.042651,-4.00846,-0.617063,-3.833313,-1.145906,-3.511497,-1.633576,-3.084686,-2.100109,-2.578864,-2.502233,-2.000005,-2.768271,-1.372479,-2.851702,-0.722868,-2.797833,-0.063611,-2.666941,0.55959,-2.505596,1.093508,-2.318137,1.539829,-2.108642,1.929497,-1.868897,2.301515,-1.579642,2.647183,-1.251136,2.965589,-0.892467,3.239146,-0.515853,3.449664,-0.107386,3.54951,0.338752,3.507543,0.807769,3.303033,1.29058,2.979958,1.770183,2.60389,2.198656,2.203372,2.514218,1.781552,2.694767,1.320546,2.76174,0.806819,2.721901,0.236065,2.584156,-0.360691,2.365721,-0.927209,2.096851,-1.420476,1.819693,-1.850929,1.559552,-2.225214,1.305215,-2.555478,1.050987,-2.858208,0.805978,-3.126781,0.543508,-3.356692,0.226678,-3.557442,-0.141608,-3.725122,-0.570401,-3.789216,-1.05894,-3.653313,-1.516196,-3.283539,-1.853059,-2.735213,-2.072424,-2.099707,-2.223869,-1.46423,-2.334417,-0.850999,-2.364493,-0.229685,-2.278965,0.389061,-2.069302,0.949233,-1.776377,1.402269,-1.485992,1.748451,-1.237198,1.997645,-1.042204,2.154523,-0.887802,2.237323,-0.748678,2.264305,-0.61158,2.244675,-0.481952,2.17909,-0.350937,2.077738,-0.209551,1.961374,-0.064767,1.842185,0.073174,1.718822,0.196752,1.581797,0.297023,1.439102,0.394686,1.299402,0.504515,1.157642,0.59889,1.003494,0.627717,0.85754,0.598963,0.738766,0.529408,0.639296,0.445349,0.542113,0.372002,0.434442,0.316244,0.322103,0.275294,0.223147,0.251851,0.1645,0.259107,0.15409,0.285141,0.169174,0.310044,0.181354,0.311825,0.164829,0.278508,0.111932,0.218719,0.029625
1,1.980226,-0.890944,2.050797,-1.253226,2.010943,-1.622233,1.90537,-2.024292,1.747564,-2.469702,1.508018,-2.937934,1.136566,-3.342752,0.663102,-3.635919,0.111397,-3.812628,-0.46503,-3.830777,-1.015598,-3.665874,-1.503097,-3.339036,-1.896552,-2.881614,-2.180528,-2.320279,-2.37931,-1.67736,-2.531596,-0.99761,-2.630492,-0.346097,-2.666194,0.240114,-2.624853,0.752186,-2.515291,1.207286,-2.35091,1.615753,-2.034007,1.989372,-1.588011,2.341208,-1.521673,2.663311,-1.331589,2.987269,-1.009273,3.270703,-0.56931,3.468168,-0.060391,3.549222,0.468725,3.50136,0.995334,3.331668,1.478151,3.067841,1.893643,2.762503,2.227126,2.44141,2.471575,2.090758,2.602156,1.705971,2.637706,1.302524,2.600259,0.902174,2.49668,0.479926,2.336515,-0.002814,2.147437,-0.562171,1.94579,-1.145096,1.726073,-1.677498,1.500289,-2.101277,1.298149,-2.419054,1.156141,-2.634414,1.048207,-2.771528,0.914936,-2.885022,0.708273,-3.015007,0.404666,-3.156697,0.017045,-3.264399,-0.430071,-3.313258,-0.882928,-3.254099,-1.309875,-3.071452,-1.690593,-2.801695,-1.988756,-2.459298,-2.181381,-2.06226,-2.286603,-1.581371,-2.353438,-1.022968,-2.385346,-0.437372,-2.381886,0.12275,-2.333807,0.606696,-2.248693,0.981805,-2.131832,1.288101,-1.951084,1.571521,-1.683121,1.816909,-1.335598,2.015525,-0.947005,2.15842,-0.574726,2.281742,-0.27975,2.395382,-0.096143,2.479361,-0.01055,2.522789,0.025128,2.507132,0.048129,2.419636,0.085931,2.261823,0.161711,2.048084,0.27734,1.812452,0.424776,1.584286,0.586278,1.370889,0.749156,1.194716,0.880505,1.06263,0.970193,0.966972,1.020205,0.878176,1.029644,0.762758,0.995025,0.616484,0.932095,0.44562,0.852299,0.275524,0.781533,0.125385,0.708278,0.00339,0.618461,-0.083741,0.521923,-0.119495,0.42965,-0.113125,0.341307,-0.091711,0.239233,-0.06841,0.121116,-0.051316,0.005834,-0.036926,-0.071549,-0.03422,-0.101223,-0.042745,-0.092507,-0.060241,-0.065827,-0.079796,-0.035031,-0.094047
1,0.561471,-0.224996,0.779162,-0.356382,1.019291,-0.512474,1.25308,-0.68069,1.447819,-0.84306,1.581692,-1.02073,1.669842,-1.255456,1.716383,-1.576036,1.698013,-1.957493,1.551181,-2.368333,1.219856,-2.797431,0.703674,-3.230894,0.093663,-3.588039,-0.491228,-3.781173,-0.976291,-3.76032,-1.359157,-3.534559,-1.659006,-3.149308,-1.892577,-2.641793,-2.050284,-2.055361,-2.11926,-1.43752,-2.129732,-0.79393,-2.103693,-0.160996,-2.066176,0.419474,-2.0316,0.919007,-1.992206,1.344224,-1.938348,1.726378,-1.857962,2.099886,-1.750815,2.479177,-1.598834,2.847569,-1.394914,3.16112,-1.137266,3.370163,-0.833938,3.448764,-0.499662,3.415295,-0.151388,3.304906,0.177533,3.116673,0.459793,2.863577,0.696766,2.573685,0.906882,2.289285,1.139776,2.008507,1.386359,1.707264,1.628224,1.375026,1.880825,0.997135,2.153154,0.589741,2.42713,0.152452,2.629155,-0.294353,2.699908,-0.739475,2.59801,-1.150819,2.307151,-1.499528,1.894848,-1.77729,1.473913,-2.014645,1.125864,-2.253324,0.872426,-2.507862,0.69949,-2.771172,0.544946,-3.003891,0.340223,-3.185582,0.049979,-3.292755,-0.349018,-3.287899,-0.8359,-3.148317,-1.342751,-2.898543,-1.772035,-2.605263,-2.078947,-2.310687,-2.283926,-1.990529,-2.436571,-1.563089,-2.53225,-1.015569,-2.534048,-0.397826,-2.408481,0.211441,-2.177762,0.75824,-1.896454,1.204595,-1.605876,1.523242,-1.34462,1.724777,-1.098836,1.846645,-0.828547,1.919093,-0.525776,1.956972,-0.218634,1.957584,0.06331,1.929388,0.301113,1.872778,0.485001,1.776121,0.619571,1.614948,0.704417,1.39622,0.74994,1.168444,0.765929,0.982953,0.751098,0.875651,0.714679,0.85291,0.674988,0.881377,0.634212,0.904017,0.595497,0.880146,0.561828,0.794687,0.544034,0.659357,0.535604,0.504715,0.525038,0.370994,0.497629,0.276396,0.451099,0.226743,0.385641,0.211879,0.318033,0.210748,0.25566,0.215103,0.217689,0.213866,0.206659,0.186956,0.206864,0.135205,0.21062,0.076659,0.200453,0.030439
1,0.970806,-1.009017,1.128893,-1.35321,1.261781,-1.658204,1.368065,-1.892626,1.401576,-2.090486,1.306497,-2.303187,1.03394,-2.534423,0.565547,-2.687642,-0.068658,-2.670565,-0.755772,-2.518354,-1.378337,-2.352268,-1.874229,-2.244303,-2.227697,-2.155686,-2.459509,-1.969867,-2.614945,-1.636472,-2.703812,-1.186542,-2.704203,-0.654001,-2.606421,-0.074288,-2.424711,0.551536,-2.165834,1.198218,-1.833124,1.805308,-1.460986,2.327377,-1.082836,2.745214,-0.714256,3.062377,-0.370334,3.30231,-0.036063,3.488754,0.298905,3.601907,0.626978,3.619571,0.92366,3.511896,1.175453,3.268582,1.375535,2.901235,1.518795,2.434328,1.606693,1.898463,1.661323,1.30916,1.709926,0.703586,1.765419,0.122158,1.823504,-0.412682,1.870778,-0.881425,1.909359,-1.27215,1.911788,-1.557346,1.836302,-1.705113,1.681493,-1.733944,1.466324,-1.714109,1.227133,-1.712809,1.007549,-1.765067,0.832795,-1.855784,0.706722,-1.962356,0.600196,-2.059862,0.485815,-2.128353,0.364594,-2.177161,0.19701,-2.190716,-0.047884,-2.157381,-0.362505,-2.11188,-0.726189,-2.094581,-1.13121,-2.082327,-1.554289,-2.000274,-1.952382,-1.80383,-2.266922,-1.518369,-2.48723,-1.182148,-2.639543,-0.820466,-2.741423,-0.437149,-2.783091,-0.031958,-2.744695,0.388203,-2.587298,0.788948,-2.312586,1.17928,-1.9634,1.56861,-1.587528,1.956268,-1.218002,2.328008,-0.883223,2.64793,-0.575291,2.873609,-0.293361,2.991793,-0.038059,3.011103,0.194068,2.952806,0.414794,2.825586,0.630094,2.639464,0.836234,2.401596,1.016289,2.136085,1.156893,1.861587,1.254633,1.596411,1.319827,1.348597,1.358383,1.121105,1.382227,0.898934,1.395428,0.677295,1.38477,0.471675,1.351058,0.290132,1.290804,0.130683,1.191577,-0.000409,1.051802,-0.099537,0.885014,-0.165681,0.694458,-0.19647,0.497448,-0.202429,0.310776,-0.191161,0.156523,-0.162215,0.067537,-0.127039,0.043512,-0.093339,0.055971,-0.071382,0.082909,-0.06378,0.114177,-0.075121,0.135335,-0.101818,0.128429,-0.127537
1,0.158017,-0.206422,0.200516,-0.233606,0.245407,-0.260757,0.298799,-0.3131,0.358534,-0.390479,0.43896,-0.491945,0.542643,-0.611369,0.659795,-0.73332,0.77442,-0.85258,0.87607,-0.989244,0.938629,-1.156631,0.945171,-1.371909,0.879986,-1.640757,0.708016,-1.912616,0.428821,-2.141909,0.076631,-2.311439,-0.309098,-2.449506,-0.702591,-2.587075,-1.105367,-2.700927,-1.499144,-2.73501,-1.842069,-2.628101,-2.099278,-2.361848,-2.265779,-1.953589,-2.367313,-1.407939,-2.423635,-0.725577,-2.412055,0.061871,-2.309601,0.893865,-2.08413,1.684537,-1.746273,2.377061,-1.343545,2.906693,-0.938439,3.277339,-0.583626,3.483266,-0.294275,3.548076,-0.057409,3.498651,0.144432,3.341397,0.319942,3.075325,0.48094,2.71615,0.637449,2.30438,0.808691,1.897661,1.010315,1.524856,1.22939,1.203334,1.443446,0.926304,1.633158,0.668276,1.784797,0.383506,1.896703,0.051994,1.95888,-0.323882,1.964186,-0.711601,1.911528,-1.078082,1.818855,-1.398044,1.714217,-1.668856,1.604318,-1.907489,1.484841,-2.132737,1.356364,-2.349031,1.220449,-2.534952,1.045109,-2.683028,0.804258,-2.783244,0.483323,-2.832459,0.088659,-2.809143,-0.354073,-2.716526,-0.804854,-2.561491,-1.234874,-2.328847,-1.638515,-2.038664,-1.98238,-1.710866,-2.244927,-1.353103,-2.421811,-0.952126,-2.517857,-0.491159,-2.520189,0.0099,-2.438869,0.537204,-2.278633,1.052511,-2.042737,1.526496,-1.740092,1.953775,-1.382864,2.343401,-0.982968,2.680014,-0.552481,2.925058,-0.130315,3.044931,0.267552,3.029098,0.631211,2.87935,0.959056,2.611051,1.238451,2.253642,1.434672,1.855911,1.53583,1.468617,1.540231,1.131989,1.466432,0.853651,1.346793,0.63708,1.214102,0.488988,1.076622,0.379689,0.943264,0.284805,0.81409,0.192098,0.685818,0.083898,0.577015,-0.040833,0.48316,-0.176335,0.395413,-0.292264,0.303528,-0.373117,0.195322,-0.412751,0.070527,-0.39715,-0.045279,-0.324989,-0.128728,-0.197287,-0.16895,-0.034357,-0.154591,0.1276,-0.090553,0.241281
1,0.21832,0.02538,0.245551,-0.00842,0.264824,-0.055681,0.276801,-0.110434,0.296618,-0.17348,0.334817,-0.231355,0.399514,-0.281088,0.484687,-0.318739,0.581794,-0.34715,0.681257,-0.387591,0.793856,-0.474156,0.924907,-0.612579,1.046097,-0.7862,1.125349,-0.985135,1.160515,-1.222098,1.172189,-1.499014,1.16944,-1.827711,1.134594,-2.186881,1.046904,-2.548649,0.891583,-2.868218,0.648845,-3.092572,0.288876,-3.165967,-0.190921,-3.081504,-0.757207,-2.874353,-1.357372,-2.57136,-1.910607,-2.183377,-2.33539,-1.69827,-2.597322,-1.109644,-2.719345,-0.455738,-2.737612,0.216306,-2.655728,0.904901,-2.461204,1.582846,-2.154251,2.185842,-1.771899,2.660063,-1.368157,3.011359,-0.966972,3.275594,-0.579493,3.459414,-0.208766,3.533966,0.151861,3.473366,0.506824,3.269369,0.86994,2.929492,1.275284,2.478356,1.719759,1.95993,2.164211,1.401076,2.538446,0.823066,2.776597,0.232036,2.855642,-0.372018,2.786879,-0.978241,2.616854,-1.560672,2.3734,-2.064985,2.070232,-2.470937,1.737336,-2.793849,1.366437,-3.049945,0.93581,-3.269946,0.411346,-3.396777,-0.189557,-3.352239,-0.823494,-3.158389,-1.43485,-2.899267,-1.992094,-2.600181,-2.435288,-2.216693,-2.721056,-1.712396,-2.864949,-1.073606,-2.899502,-0.379923,-2.821016,0.289912,-2.630207,0.911415,-2.338566,1.472226,-1.967821,1.960684,-1.542341,2.349864,-1.087999,2.605792,-0.640399,2.735353,-0.224491,2.771389,0.150957,2.72527,0.482333,2.608469,0.766794,2.439544,1.002599,2.234331,1.192457,1.992978,1.337858,1.724998,1.444012,1.425346,1.512785,1.122504,1.550465,0.848587,1.556082,0.61742,1.522683,0.437201,1.46071,0.293602,1.387292,0.184436,1.321794,0.098921,1.243893,0.014443,1.129496,-0.080942,0.974642,-0.178176,0.802678,-0.267134,0.638456,-0.345749,0.498778,-0.395609,0.383761,-0.406015,0.282406,-0.365329,0.19532,-0.274868,0.113703,-0.149882,0.048494,-0.030319,0.006206,0.029836,-0.025693,0.045428,-0.057124,0.040605,-0.099829,0.012845
1,0.86504,-0.738651,0.945137,-0.945261,1.017335,-1.191237,1.0626,-1.453195,1.088602,-1.724297,1.092989,-2.009434,1.051524,-2.305832,0.929771,-2.59254,0.718119,-2.851869,0.449412,-3.06042,0.132822,-3.21988,-0.232847,-3.320743,-0.657552,-3.324191,-1.131046,-3.165466,-1.575405,-2.826823,-1.914436,-2.356723,-2.110124,-1.864599,-2.182069,-1.409365,-2.219941,-0.980929,-2.284387,-0.517612,-2.349976,0.029149,-2.375511,0.652935,-2.33496,1.305763,-2.23072,1.952212,-2.073735,2.563104,-1.869959,3.112359,-1.623132,3.578284,-1.332672,3.938094,-0.994802,4.17341,-0.633298,4.256037,-0.264931,4.180448,0.098454,3.978272,0.462225,3.693121,0.80853,3.359829,1.128068,2.980399,1.399031,2.53833,1.609865,2.026223,1.783035,1.462546,1.94007,0.883793,2.119949,0.326818,2.323705,-0.186205,2.492474,-0.648788,2.573474,-1.068258,2.54203,-1.428847,2.40107,-1.72134,2.187402,-1.982843,1.963704,-2.259077,1.771618,-2.560687,1.597047,-2.862686,1.368304,-3.12551,1.02129,-3.322241,0.558687,-3.444159,0.01045,-3.480172,-0.557407,-3.403633,-1.063876,-3.212219,-1.476946,-2.915538,-1.789343,-2.543735,-1.998129,-2.124208,-2.100096,-1.699706,-2.13861,-1.284237,-2.178687,-0.854605,-2.232788,-0.373893,-2.276443,0.145467,-2.289015,0.653542,-2.266481,1.118575,-2.188248,1.531231,-2.032147,1.903246,-1.782592,2.220612,-1.456663,2.470011,-1.09152,2.641517,-0.729711,2.72808,-0.394049,2.730192,-0.104484,2.649126,0.122169,2.501073,0.294241,2.321963,0.424283,2.132232,0.530896,1.934823,0.630246,1.722104,0.729584,1.496302,0.850085,1.277624,0.982333,1.082772,1.096868,0.918047,1.175089,0.787051,1.20426,0.673785,1.175198,0.564919,1.089338,0.446631,0.967932,0.336371,0.832914,0.252489,0.695406,0.203049,0.565175,0.189282,0.442908,0.19334,0.325703,0.189112,0.22892,0.171772,0.155446,0.156535,0.121479,0.154423,0.124257,0.159947,0.148597,0.164158,0.17056,0.147749,0.178763,0.10454,0.168615,0.050257
1,0.248192,-0.151102,0.337912,-0.348355,0.518673,-0.625928,0.773448,-0.979811,1.068318,-1.372065,1.347799,-1.750612,1.560993,-2.070639,1.698927,-2.3385,1.764791,-2.581665,1.743169,-2.814878,1.613023,-3.045153,1.342334,-3.248461,0.929181,-3.404557,0.38678,-3.440791,-0.232807,-3.300833,-0.856739,-3.021806,-1.421106,-2.715729,-1.912194,-2.443098,-2.338546,-2.206424,-2.687017,-1.956881,-2.948438,-1.631986,-3.116742,-1.197094,-3.202282,-0.657259,-3.201793,-0.019394,-3.100983,0.679788,-2.906941,1.385532,-1.711631,1.917028,-1.642583,2.526911,-1.608517,3.158791,-1.411996,3.722328,-1.016531,4.172976,-0.481846,4.457681,0.087744,4.539608,0.607973,4.423189,1.02693,4.150061,1.352386,3.752147,1.615421,3.26791,1.842542,2.724439,2.051741,2.142727,2.21846,1.542161,2.315896,0.930831,2.328148,0.352398,2.258788,-0.159653,2.133559,-0.561278,1.987777,-0.846167,1.858329,-1.040981,1.749693,-1.162208,1.646255,-1.263071,1.554218,-1.406743,1.505503,-1.619953,1.500435,-1.876023,1.479735,-2.139032,1.394523,-2.388079,1.21936,-2.60121,0.929545,-2.749579,0.531239,-2.784997,0.081474,-2.722522,-0.352904,-2.625641,-0.727874,-2.572336,-1.012171,-2.59159,-1.22656,-2.630472,-1.416528,-2.588845,-1.61091,-2.384214,-1.783225,-2.022841,-1.897323,-1.563731,-1.959942,-1.069993,-1.98714,-0.579488,-1.982201,-0.087046,-1.926201,0.422079,-1.806146,0.943658,-1.627182,1.412044,-1.414715,1.784804,-1.189352,2.060965,-0.952927,2.245145,-0.705932,2.362216,-0.460813,2.411469,-0.247492,2.373614,-0.080229,2.252983,0.031586,2.064527,0.091087,1.827925,0.112802,1.571249,0.116771,1.327953,0.122576,1.125437,0.133478,0.96587,0.153962,0.855833,0.187386,0.79109,0.239034,0.756844,0.288622,0.732043,0.335347,0.680322,0.37969,0.594963,0.409434,0.483772,0.408884,0.37031,0.381234,0.282006,0.339433,0.217594,0.292463,0.171924,0.248186,0.141562,0.213998,0.134889,0.201767,0.146669,0.205715,0.153355,0.217561,0.150383
1,0.812826,-0.572823,0.956259,-0.770917,1.090598,-0.983225,1.201901,-1.195025,1.280579,-1.41732,1.314171,-1.704287,1.270429,-2.114749,1.15907,-2.641076,0.985874,-3.197461,0.748702,-3.642248,0.460653,-3.894419,0.098491,-3.869503,-0.350767,-3.575494,-0.858662,-3.132423,-1.37663,-2.668406,-1.877792,-2.194885,-2.31342,-1.650325,-2.60532,-1.027645,-2.719388,-0.3778,-2.687677,0.268357,-2.577089,0.911408,-2.432425,1.484106,-2.260337,1.96385,-2.061495,2.386438,-1.827085,2.792686,-1.547094,3.206019,-1.225343,3.603365,-0.868476,3.925696,-0.494138,4.116925,-0.128884,4.163612,0.208739,4.05261,0.52618,3.783404,0.806234,3.37388,1.042293,2.866632,1.214426,2.309902,1.341446,1.765838,1.45059,1.274894,1.582457,0.853017,1.737063,0.489417,1.899954,0.150795,2.049102,-0.190836,2.142291,-0.543014,2.136244,-0.893625,2.024234,-1.21512,1.848418,-1.474413,1.658273,-1.688615,1.481159,-1.893425,1.324033,-2.112124,1.215605,-2.361153,1.144121,-2.632472,1.069778,-2.907559,0.921247,-3.176896,0.612417,-3.422337,0.126957,-3.610652,-0.477985,-3.69707,-1.088563,-3.691495,-1.649837,-3.590462,-2.178164,-3.340533,-2.61645,-2.90781,-2.881636,-2.311316,-3.004459,-1.613148,-3.034133,-0.852142,-2.968033,-0.060975,-2.740237,0.720494,-2.335373,1.462735,-1.829382,2.114617,-1.298379,2.643953,-0.808535,3.026851,-0.393647,3.271332,-0.068099,3.36463,0.177319,3.294173,0.337571,3.074179,0.426091,2.750947,0.461961,2.380629,0.482205,2.025564,0.512654,1.716423,0.56272,1.471885,0.637621,1.292976,0.735982,1.178259,0.846483,1.095004,0.951944,1.012111,1.032239,0.910317,1.077813,0.780802,1.083671,0.627612,1.043517,0.468284,0.971372,0.33398,0.87936,0.234354,0.776364,0.171673,0.668019,0.149626,0.553444,0.161954,0.442117,0.209592,0.358144,0.250544,0.316577,0.24999,0.30372,0.21461,0.299266,0.160657,0.285926,0.094837,0.261193,0.017589,0.218695,-0.067172,0.163674,-0.136169,0.112816,-0.177309
1,1.355014,-2.110628,1.433811,-2.393897,1.445855,-2.688327,1.321279,-2.943434,1.014704,-3.097438,0.536613,-3.117016,-0.645613,-2.796648,-1.218979,-2.561282,-1.743937,-2.319219,-2.19455,-2.049731,-2.510879,-1.731597,-2.674085,-1.35774,-2.720865,-0.928115,-2.736519,-0.453181,-2.76506,0.042623,-2.778188,0.537619,-2.726171,1.033235,-2.582909,1.511653,-2.352184,1.954521,-2.056109,2.361483,-1.706213,2.725722,-1.306284,3.055761,-0.895223,3.352781,-0.526416,3.598203,-0.200578,3.760383,0.098882,3.800133,0.37776,3.68266,0.629644,3.416693,0.854895,3.051375,1.06238,2.619231,1.262964,2.122719,1.473447,1.603135,1.702301,1.100753,1.91933,0.651861,2.104627,0.266201,2.248375,-0.071946,2.349167,-0.383738,2.379439,-0.673204,2.29249,-0.930583,2.101367,-1.132526,1.866009,-1.294137,1.667525,-1.455736,1.523764,-1.631126,1.427455,-1.799197,1.341474,-1.93438,1.229541,-2.040091,1.062683,-2.148685,0.824977,-2.283241,0.501854,-2.433395,0.110645,-2.548146,-0.29552,-2.598252,-0.655236,-2.603398,-0.951626,-2.554559,-1.191483,-2.456045,-1.411688,-2.335598,-1.637322,-2.219645,-1.852712,-2.104796,-2.042543,-1.945314,-2.236449,-1.677248,-2.42601,-1.279187,-2.575732,-0.780024,-2.644149,-0.221371,-2.596416,0.35174,-2.432865,0.88166,-2.18559,1.347006,-1.882804,1.759732,-1.567455,2.133598,-1.266521,2.478502,-0.988176,2.786892,-0.716629,3.033755,-0.453307,3.210044,-0.188088,3.334179,0.092981,3.389074,0.375024,3.335724,0.624437,3.136125,0.820153,2.809258,0.961363,2.392112,1.052344,1.940588,1.10212,1.501889,1.122659,1.101094,1.126375,0.782617,1.133753,0.56071,1.163423,0.42988,1.204316,0.373953,1.228205,0.352059,1.213686,0.304558,1.141786,0.209414,1.027981,0.087126,0.874264,-0.02998,0.678719,-0.113169,0.453898,-0.176643,0.227404,-0.227472,0.029152,-0.253607,-0.118213,-0.248242,-0.193325,-0.205628,-0.1978,-0.12973,-0.153463,-0.051546,-0.092895,0.02188,-0.027408,0.073591,0.032281,0.081083
1,1.30295,-1.190301,1.350679,-1.467298,1.40064,-1.76915,1.460741,-2.097125,1.500524,-2.442338,1.462271,-2.796224,1.303901,-3.165655,1.001794,-3.50224,0.582525,-3.731552,0.126536,-3.853875,-0.321792,-3.907092,-0.771536,-3.928126,-1.23455,-3.854402,-1.690507,-3.560207,-2.095439,-3.026375,-2.411847,-2.363936,-2.608804,-1.718209,-2.721476,-1.112382,-2.779909,-0.523242,-2.787951,0.075866,-2.741799,0.674351,-2.648815,1.216821,-2.530872,1.683972,-2.400636,2.070429,-2.237462,2.375881,-2.023886,2.622106,-1.757346,2.838608,-1.455593,3.05426,-1.112925,3.245349,-0.731956,3.377424,-0.315648,3.425652,0.116531,3.376981,0.535034,3.242662,0.918459,3.042419,1.269018,2.776268,1.587448,2.450361,1.861426,2.093829,2.088829,1.72482,2.256947,1.367672,2.356575,1.024788,2.417077,0.678884,2.464305,0.308348,2.466625,-0.089372,2.393857,-0.489576,2.263039,-0.878634,2.099043,-1.260727,1.905166,-1.628294,1.682492,-1.959892,1.429832,-2.245293,1.146739,-2.486371,0.87334,-2.708048,0.655464,-2.919252,0.48124,-3.11693,0.287968,-3.268116,-0.023553,-3.337623,-0.487342,-3.289527,-1.046468,-3.091679,-1.604178,-2.757023,-2.083024,-2.32782,-2.405673,-1.855071,-2.593929,-1.399454,-2.728449,-0.98128,-2.855479,-0.580585,-2.951096,-0.185551,-2.960374,0.227838,-2.852396,0.657873,-2.619191,1.107308,-2.26994,1.554152,-1.843111,1.962096,-1.374004,2.305789,-0.917316,2.59157,-0.488357,2.812621,-0.097294,2.960276,0.260994,3.017772,0.568444,2.95857,0.79306,2.792815,0.94414,2.561444,1.05915,2.323019,1.161711,2.099355,1.250986,1.87243,1.308382,1.632676,1.318263,1.383686,1.293972,1.144444,1.235185,0.942638,1.13786,0.773121,1.008574,0.620205,0.868307,0.467035,0.732619,0.312594,0.61614,0.162703,0.524488,0.039888,0.452807,-0.028066,0.390863,-0.036961,0.337226,-0.00635,0.2912,0.038575,0.253597,0.074052,0.219838,0.087775,0.176542,0.075337,0.118864,0.047655,0.058774,0.010746,0.022774,-0.022121
1,1.675947,-0.68913,1.864086,-0.996949,2.023758,-1.347571,2.102349,-1.715927,2.08167,-2.065947,1.952606,-2.395666,1.71282,-2.690718,1.380093,-2.940988,0.968924,-3.113127,0.514014,-3.162486,0.053479,-3.080378,-0.379613,-2.905719,-0.812079,-2.656002,-1.27124,-2.354335,-1.741968,-1.982614,-2.161218,-1.540265,-2.503039,-1.040295,-2.721437,-0.480728,-2.794348,0.118268,-2.748236,0.710486,-2.64055,1.265756,-2.501377,1.763207,-2.334899,2.182755,-2.133847,2.525877,-1.906733,2.808666,-1.650442,3.050864,-1.356813,3.242086,-1.022943,3.359508,-0.632472,3.387698,-0.203952,3.334002,0.235628,3.216426,0.646432,3.054197,1.011802,2.863562,1.347064,2.637877,1.653434,2.353186,1.923514,1.991148,2.130591,1.561725,2.262171,1.070806,2.347381,0.500518,2.403767,-0.104212,2.447266,-0.659017,2.460979,-1.139022,2.416404,-1.538107,2.330906,-1.879297,2.208366,-2.174812,2.03825,-2.426841,1.829229,-2.665226,1.61285,-2.94806,1.36454,-3.292096,1.002215,-3.666016,0.432898,-3.940404,-0.29988,-4.012696,-1.073554,-3.858182,-1.763687,-3.526697,-2.294903,-3.068211,-2.656522,-2.484662,-2.893755,-1.762839,-3.003356,-0.92055,-2.960223,-0.072424,-2.791657,0.742912,-2.553594,1.498348,-2.294981,2.162776,-2.039602,2.68662,-1.782561,3.06493,-1.52382,3.328079,-1.269596,3.507968,-1.012218,3.630464,-0.726138,3.710951,-0.394233,3.735467,-0.015591,3.666748,0.369686,3.503401,0.741602,3.24171,1.092267,2.871418,1.399181,2.435522,1.624376,1.964121,1.739493,1.51873,1.755589,1.121425,1.709785,0.796455,1.637251,0.545813,1.570492,0.357003,1.509655,0.200785,1.442254,0.066388,1.366533,-0.03051,1.267205,-0.082102,1.148756,-0.093033,1.023992,-0.084778,0.905201,-0.068338,0.785325,-0.048553,0.656597,-0.017373,0.530731,0.005397,0.430061,0.005809,0.35357,-0.011732,0.297558,-0.034067,0.253157,-0.047289,0.210937,-0.039674,0.173157,-0.038932,0.136071,-0.049507,0.095266,-0.060873,0.047745,-0.06532,0.01165,-0.079105
1,0.595826,0.271816,0.873825,0.179619,1.185926,-0.007232,1.530717,-0.345158,1.931976,-0.781737,2.364247,-1.264731,2.773265,-1.714082,3.050716,-2.06677,3.119002,-2.339506,2.955286,-2.558344,2.604704,-2.755282,2.144139,-2.951669,1.649485,-3.159836,1.129687,-3.378764,0.551436,-3.579336,-0.090139,-3.754948,-0.746522,-3.892223,-1.411496,-3.93679,-2.074503,-3.803538,-2.673871,-3.464234,-3.139902,-2.909493,-3.441921,-2.15917,-3.610077,-1.258393,-3.656126,-0.292708,-3.584622,0.676855,-3.386371,1.587512,-3.073816,2.372122,-2.698248,2.988692,-2.306715,3.435757,-1.926006,3.758787,-1.554578,4.021012,-1.177594,4.203961,-0.777228,4.259055,-0.354481,4.179117,0.045945,3.967812,0.410108,3.638629,0.730142,3.21546,1.044419,2.719367,1.388914,2.170617,1.751961,1.602296,2.123598,1.055263,2.498301,0.566934,2.847999,0.160629,3.123841,-0.168602,3.26818,-0.477677,3.252721,-0.813932,3.094886,-1.180951,2.853692,-1.545696,2.580717,-1.861596,2.292697,-2.117762,1.971096,-2.330654,1.60706,-2.552872,1.206969,-2.822402,0.772167,-3.115515,0.312884,-3.370944,-0.174485,-3.512824,-0.676236,-3.529489,-1.161884,-3.460973,-1.618867,-3.320104,-2.027828,-3.084555,-2.365435,-2.731458,-2.631706,-2.23188,-2.838499,-1.59631,-2.983342,-0.862687,-3.05165,-0.105743,-3.026459,0.682001,-2.905985,1.473977,-2.705933,2.188575,-2.434773,2.76519,-2.087554,3.190174,-1.673471,3.494917,-1.209577,3.694749,-0.714403,3.793477,-0.232995,3.774195,0.191314,3.622024,0.566913,3.34739,0.916475,3.001607,1.254653,2.641142,1.570592,2.263839,1.85056,1.864326,2.057402,1.448635,2.180032,0.994119,2.214249,0.505297,2.149171,0.024927,1.988758,-0.359045,1.751405,-0.610621,1.462085,-0.736799,1.143999,-0.755539,0.830777,-0.701586,0.543381,-0.593108,0.305956,-0.450037,0.129533,-0.289288,-0.006651,-0.125804,-0.107195,0.012425,-0.176332,0.109179,-0.19819,0.161428,-0.180356,0.184038,-0.14262,0.180973,-0.103461,0.143658,-0.072375,0.079497
1,0.156058,-0.077365,0.200781,-0.111651,0.2776,-0.16239,0.387939,-0.231338,0.53585,-0.339967,0.736589,-0.514034,1.017939,-0.755175,1.351729,-1.035808,1.695288,-1.350674,2.016045,-1.713212,2.271015,-2.111643,2.423376,-2.540726,2.423682,-2.979564,2.249654,-3.401413,1.90507,-3.762453,1.393757,-3.992642,0.722034,-4.015483,-0.063142,-3.85311,-0.879389,-3.560127,-1.655991,-3.18351,-2.331738,-2.729125,-2.871443,-2.148956,-3.254302,-1.443291,-3.480481,-0.719002,-3.582782,-0.044992,-3.574734,0.570034,-3.46013,1.13219,-3.255035,1.648349,-2.968456,2.11142,-2.604133,2.506113,-2.15413,2.812019,-1.620865,3.035056,-1.034866,3.175766,-0.437435,3.218742,0.124833,3.167176,0.627722,3.033792,1.072873,2.845434,1.466211,2.630388,1.809191,2.407678,2.091551,2.162044,2.287008,1.861808,2.393385,1.496811,2.421675,1.084053,2.380511,0.623365,2.28205,0.129701,2.170682,-0.378096,2.088408,-0.888871,2.040891,-1.357664,2.014372,-1.760724,1.992817,-2.104017,1.950993,-2.403508,1.859998,-2.692856,1.685912,-2.994799,1.377699,-3.280542,0.932644,-3.498316,0.385149,-3.630962,-0.214053,-3.623763,-0.819538,-3.442892,-1.376235,-3.13736,-1.849278,-2.755847,-2.213972,-2.32646,-2.503273,-1.825915,-2.73173,-1.189456,-2.870279,-0.4313,-2.896129,0.383806,-2.807281,1.128521,-2.627896,1.742349,-2.384072,2.193434,-2.117754,2.49669,-1.843651,2.676732,-1.561743,2.75586,-1.263163,2.758331,-0.920278,2.71232,-0.512156,2.641891,-0.070416,2.550288,0.364725,2.420155,0.769758,2.245686,1.135252,2.036168,1.45587,1.797412,1.711711,1.543216,1.866178,1.298046,1.898941,1.069388,1.81958,0.844511,1.663001,0.631496,1.471394,0.455605,1.268309,0.328047,1.069797,0.246602,0.880422,0.192319,0.705884,0.167523,0.554122,0.169199,0.41041,0.173064,0.269801,0.150177,0.142558,0.098198,0.051955,0.0415,0.008083,-0.008196,0.003719,-0.04971,0.015257,-0.07718,0.023785,-0.077903,0.024896,-0.057436,0.032472,-0.037203
1,1.557786,-1.6509,1.715803,-1.915101,1.788145,-2.208647,1.694805,-2.488693,1.403241,-2.692933,0.917707,-2.78733,0.284896,-2.789576,-0.419073,-2.739647,-1.135032,-2.645801,-1.825412,-2.521502,-2.431675,-2.356783,-2.892674,-2.096396,-3.179139,-1.690187,-3.292587,-1.155798,-3.261842,-0.525577,-3.132069,0.147612,-2.936886,0.800443,-2.688878,1.379387,-2.392212,1.833187,-2.066205,2.138835,-1.720612,2.291641,-1.375496,2.350503,-1.07024,2.37101,-0.791899,2.394745,-0.520365,2.438828,-0.247007,2.509529,0.033743,2.608395,0.31858,2.701739,0.594785,2.745713,0.85932,2.701136,1.124655,2.550641,1.3937,2.290455,1.656291,1.938757,1.902645,1.538549,2.139683,1.13048,2.379311,0.733617,2.586666,0.362596,2.713396,0.019296,2.736228,-0.297705,2.651711,-0.593912,2.468594,-0.877859,2.214391,-1.14776,1.936703,-1.394582,1.663946,-1.612426,1.424588,-1.808197,1.205065,-1.988437,0.981923,-2.143312,0.741806,-2.277863,0.47819,-2.372654,0.192341,-2.406029,-0.088132,-2.396365,-0.352725,-2.372783,-0.587883,-2.348239,-0.817748,-2.318992,-1.059621,-2.252302,-1.327569,-2.126665,-1.600785,-1.967173,-1.874817,-1.78568,-2.132152,-1.58515,-2.346782,-1.329927,-2.483113,-0.9787,-2.512599,-0.528113,-2.424843,-0.027063,-2.240331,0.482122,-2.016598,0.949143,-1.79958,1.327665,-1.603964,1.621165,-1.428342,1.844983,-1.252053,2.006506,-1.060895,2.102118,-0.863668,2.160173,-0.657622,2.204214,-0.4397,2.2592,-0.213179,2.333155,0.023045,2.396568,0.266217,2.400517,0.53122,2.32975,0.809672,2.178072,1.083829,1.952672,1.321406,1.677802,1.487533,1.369252,1.570128,1.057332,1.587083,0.765033,1.542066,0.52478,1.446575,0.352701,1.315511,0.22646,1.166284,0.117569,1.003842,0.010452,0.8217,-0.089319,0.61379,-0.174179,0.396587,-0.224293,0.203027,-0.233902,0.067073,-0.181997,0.004141,-0.080733,0.006733,0.028015,0.041793,0.102839,0.081387,0.124771,0.099054,0.098841,0.090235,0.040043,0.061439,-0.031266
1,0.966132,1.212229,1.207161,1.2287,1.538499,1.176092,2.01393,0.973805,2.615291,0.530561,3.216715,-0.025004,3.703519,-0.626499,3.932674,-1.198012,3.857203,-1.730252,3.515569,-2.258592,2.986966,-2.800781,2.360245,-3.340772,1.684296,-3.8571,0.947872,-4.245784,0.152018,-4.44027,-0.628358,-4.46508,-1.347642,-4.326781,-1.999785,-3.999579,-2.591729,-3.523743,-3.074533,-2.971282,-3.40625,-2.345302,-3.581402,-1.621602,-3.61252,-0.80505,-3.518893,0.053332,-3.320196,0.868477,-3.04309,1.568811,-2.696347,2.106768,-2.295028,2.530163,-1.857593,2.880018,-1.391629,3.171832,-0.913238,3.389447,-0.432682,3.537418,0.028522,3.640444,0.451846,3.681456,0.846546,3.617135,1.214434,3.449359,1.5353,3.191611,1.797964,2.850345,2.016383,2.422833,2.214997,1.935326,2.390245,1.390005,2.532832,0.809617,2.636637,0.191043,2.711799,-0.455539,2.772162,-1.09097,2.815096,-1.645031,2.778048,-2.067,2.626957,-2.370198,2.379741,-2.587386,2.083491,-2.765804,1.755176,-2.94574,1.401893,-3.160992,1.048904,-3.424285,0.705061,-3.692279,0.33573,-3.897375,-0.086311,-3.910299,-0.547585,-3.688483,-1.014149,-3.311077,-1.482988,-2.886276,-1.974153,-2.446647,-2.466615,-1.914301,-2.886446,-1.249654,-3.15841,-0.51634,-3.24165,0.185368,-3.151788,0.770344,-2.910577,1.202877,-2.54366,1.514707,-2.082379,1.763756,-1.570794,1.99388,-1.077062,2.197973,-0.658623,2.379712,-0.327859,2.52824,-0.072902,2.62551,0.109878,2.650942,0.243542,2.616914,0.36563,2.540452,0.497272,2.430174,0.636888,2.283085,0.764713,2.079878,0.849799,1.814102,0.875692,1.517925,0.851786,1.235129,0.811685,1.03222,0.784859,0.934834,0.779732,0.9332,0.77651,0.982864,0.75452,1.008861,0.712763,0.954741,0.64314,0.817218,0.553332,0.62877,0.466315,0.411356,0.411752,0.207977,0.402434,0.049787,0.421548,-0.03924,0.434646,-0.052012,0.417888,-0.010637,0.375057,0.054633,0.305077,0.11718,0.222399,0.153269,0.130138,0.158704
1,0.823843,0.060168,1.069538,-0.096612,1.364546,-0.247085,1.64737,-0.400777,1.871355,-0.581914,2.033214,-0.82178,2.148083,-1.145585,2.229172,-1.556018,2.251963,-2.057933,2.18049,-2.620607,1.968595,-3.17794,1.608974,-3.72667,1.162961,-4.241234,0.675658,-4.710662,0.131862,-5.029071,-0.445121,-5.121377,-1.085435,-4.922503,-1.781072,-4.428241,-2.452111,-3.682425,-3.004908,-2.764314,-3.36304,-1.735053,-3.516856,-0.628185,-3.480036,0.507957,-3.309814,1.625273,-3.046979,2.617678,-2.726621,3.415229,-2.340123,4.016809,-1.905889,4.406736,-1.450354,4.604687,-1.005737,4.640256,-0.5711,4.541529,-0.160006,4.323338,0.205096,4.011758,0.527689,3.645288,0.819757,3.26193,1.088537,2.876765,1.332412,2.489964,1.529847,2.097909,1.674447,1.699995,1.767489,1.308533,1.814619,0.962937,1.855479,0.664005,1.947628,0.409046,2.079455,0.175576,2.195571,-0.055912,2.248827,-0.285672,2.251141,-0.530066,2.241923,-0.820981,2.227758,-1.175166,2.19677,-1.589151,2.139676,-2.057563,2.065202,-2.572308,1.976949,-3.142891,1.843479,-3.747945,1.629864,-4.378865,1.244814,-4.977813,0.73497,-5.501038,0.069951,-5.819484,-0.74973,-5.790002,-1.647502,-5.424207,-2.552886,-4.849502,-3.392151,-4.094174,-4.104588,-3.094979,-4.611487,-1.812573,-4.783397,-0.339398,-4.57046,1.11875,-4.051156,2.391193,-3.372191,3.386284,-2.642415,4.096539,-1.930767,4.56624,-1.256747,4.812171,-0.646223,4.798923,-0.150534,4.544041,0.237591,4.136398,0.513611,3.622389,0.699136,3.055994,0.832152,2.48613,0.920529,1.997179,0.960971,1.63642,0.965335,1.392325,0.936172,1.21926,0.872695,1.079019,0.781856,0.949002,0.70194,0.827148,0.674719,0.727398,0.687183,0.668619,0.693259,0.642485,0.67086,0.617923,0.611264,0.562635,0.520003,0.476215,0.408394,0.387605,0.296564,0.318531,0.201438,0.263622,0.142485,0.197535,0.126292,0.118437,0.139594,0.035562,0.157798,-0.035924,0.164626,-0.083205,0.162205,-0.107468,0.151512,-0.108901
1,0.496942,0.168933,0.425564,0.073701,0.372717,-0.038435,0.361927,-0.142603,0.400208,-0.25157,0.489828,-0.37282,0.623195,-0.525709,0.775195,-0.704823,0.914012,-0.929842,1.024403,-1.226107,1.08716,-1.62648,1.117796,-2.201653,1.134118,-2.973571,1.125554,-3.88196,1.09969,-4.741538,1.050517,-5.404874,0.935474,-5.825507,0.652082,-6.041365,0.14823,-6.126448,-0.631074,-5.992949,-1.723693,-5.4659,-2.989828,-4.513554,-4.22443,-3.149862,-5.218955,-1.364025,-5.759669,0.648815,-5.865335,2.555867,-5.558064,4.058339,-4.832763,5.049733,-3.739292,5.559885,-2.477145,5.694067,-1.230736,5.556275,-0.102908,5.222332,0.851517,4.757965,1.5968,4.220103,2.093782,3.646827,2.33158,3.069336,2.335307,2.525253,2.205379,2.013087,2.050105,1.533278,1.933402,1.11223,1.87071,0.761435,1.874332,0.435046,1.947393,0.094441,2.031639,-0.288224,2.07023,-0.664912,2.077359,-0.995506,2.106071,-1.277122,2.155748,-1.539803,2.181376,-1.786839,2.124362,-2.007011,1.965639,-2.19577,1.742978,-2.37768,1.518458,-2.610403,1.315215,-2.935939,1.107301,-3.334832,0.843283,-3.715315,0.479092,-4.009138,-0.007818,-4.162417,-0.598822,-4.155089,-1.267124,-4.047544,-2.015091,-3.858522,-2.87254,-3.551176,-3.756136,-3.017456,-4.511435,-2.132576,-4.989436,-0.93002,-5.084602,0.449101,-4.777462,1.768839,-4.120913,3.03325,-3.200352,4.136262,-2.097967,4.999167,-0.861001,5.600803,0.380372,5.924817,1.468441,5.92559,2.320208,5.480542,2.843301,4.631144,3.055075,3.584026,2.97532,2.530152,2.615122,1.589003,2.073638,0.822774,1.4942,0.274416,1.020939,-0.037743,0.718757,-0.160379,0.57112,-0.154864,0.545909,-0.077957,0.597829,-0.008313,0.670034,-0.010984,0.715975,-0.09524,0.701774,-0.202601,0.642129,-0.25199,0.558457,-0.213361,0.471441,-0.112486,0.386044,-0.003703,0.310311,0.075008,0.217756,0.097897,0.097592,0.069196,-0.014842,-0.003912,-0.1064,-0.109699,-0.166819,-0.213904,-0.178851,-0.263959,-0.153286,-0.236842
1,0.418034,0.348773,0.672534,0.184721,0.97043,-0.077232,1.303785,-0.427666,1.627046,-0.838682,1.905518,-1.304395,2.138107,-1.918308,2.24239,-2.770205,2.090374,-3.7963,1.650993,-4.837052,1.013337,-5.721303,0.261923,-6.334508,-0.602865,-6.646572,-1.601997,-6.564743,-2.728883,-5.908617,-3.845364,-4.72297,-4.806662,-3.143358,-5.476591,-1.271327,-5.715813,0.685708,-5.486908,2.323432,-4.870352,3.397122,-3.93285,4.297236,-2.774463,4.960587,-1.621952,5.275479,-0.548212,5.270823,0.346417,5.008075,0.91654,4.418025,1.165283,3.691399,1.152744,3.004905,0.997117,2.469394,0.820478,2.036835,0.743201,1.71307,0.81471,1.479392,1.005542,1.309085,1.248212,1.174718,1.48167,1.053829,1.666174,0.904993,1.763099,0.70954,1.758378,0.4667,1.683317,0.198908,1.590893,-0.050443,1.50706,-0.236244,1.455304,-0.347325,1.451565,-0.409397,1.50484,-0.47578,1.609413,-0.591838,1.724202,-0.764746,1.800232,-0.976567,1.819771,-1.224288,1.820152,-1.540936,1.823149,-1.946301,1.805643,-2.440279,1.705598,-2.978783,1.45217,-3.535623,1.062963,-4.072181,0.621222,-4.567714,0.140736,-4.943886,-0.394235,-5.010273,-0.997425,-4.719168,-1.664127,-4.206319,-2.379608,-3.616463,-3.150722,-2.953163,-3.889461,-2.081098,-4.449846,-1.028095,-4.782459,0.100889,-4.853161,1.242296,-4.642512,2.380806,-4.126566,3.555108,-3.293377,4.662185,-2.19804,5.595388,-1.033088,6.176987,-0.021235,6.228184,0.684539,5.662452,1.144597,4.69338,1.381871,3.61762,1.40583,2.579509,1.291067,1.753111,1.132003,1.15445,0.987183,0.810498,0.869461,0.647303,0.781366,0.563351,0.741064,0.483743,0.751709,0.368945,0.792743,0.201965,0.851717,0.006708,0.916775,-0.142771,0.946056,-0.204983,0.900827,-0.189737,0.778881,-0.134959,0.612395,-0.059694,0.4219,0.034736,0.245344,0.138421,0.11321,0.213676,0.025391,0.228469,-0.031596,0.182736,-0.054978,0.097115,-0.038013,0.021658,0.006672,-0.023187,0.059031,-0.041983,0.108507,-0.036827
1,-0.089254,0.074162,-0.129338,0.11394,-0.156088,0.133743,-0.173463,0.132519,-0.179996,0.105025,-0.175479,0.051091,-0.16015,-0.013927,-0.140119,-0.061052,-0.117295,-0.084211,-0.09753,-0.092602,-0.07778,-0.083922,-0.067879,-0.055552,-0.069818,-0.008778,-0.077442,0.041773,-0.081283,0.09573,-0.06956,0.152955,-0.053903,0.211603,-0.031176,0.270861,0.02105,0.330439,0.118679,0.378046,0.264059,0.411252,0.470685,0.414658,0.762194,0.34091,1.14515,0.142914,1.562317,-0.156573,1.887131,-0.548374,2.047114,-1.110225,2.068471,-1.948934,1.962361,-3.108214,1.687627,-4.445643,1.204521,-5.675675,0.557065,-6.548064,-0.226634,-6.942496,-1.130994,-6.740801,-2.11895,-5.922444,-3.113328,-4.607299,-3.990481,-2.94493,-4.590693,-1.181276,-4.829236,0.557519,-4.658003,2.066426,-4.096136,3.3343,-3.202449,4.367399,-2.118968,5.150693,-0.961214,5.634445,0.244025,5.727557,1.426407,5.459084,2.441049,4.819947,3.142453,3.925365,3.480846,2.866012,3.517425,1.709102,3.377618,0.529931,3.153798,-0.594096,2.876554,-1.636095,2.559576,-2.583254,2.220493,-3.456106,1.885786,-4.294589,1.543749,-5.128197,1.144354,-5.930434,0.642029,-6.581866,-0.007713,-6.913189,-0.848888,-6.690124,-1.868404,-5.935176,-2.976882,-4.792539,-3.975132,-3.347614,-4.676483,-1.700995,-4.964017,-0.001295,-4.837333,1.594502,-4.324873,3.036078,-3.471481,4.229522,-2.425325,5.051698,-1.354101,5.451607,-0.380721,5.445098,0.42907,5.127791,1.0195,4.613534,1.385022,4.011492,1.520038,3.382157,1.462276,2.780874,1.272754,2.234872,1.035365,1.77283,0.859431,1.391394,0.799925,1.070824,0.83703,0.807254,0.914365,0.590344,0.971655,0.398524,0.983819,0.211438,0.951357,0.040869,0.890326,-0.090436,0.800392,-0.154333,0.700998,-0.153202,0.598701,-0.101658,0.488858,-0.027997,0.380505,0.077977,0.301683,0.191968,0.263438,0.273721,0.252211,0.300367,0.245863,0.288252,0.222016,0.250949,0.183545,0.189037,0.147975,0.107936,0.120972,0.023699
1,0.505089,-0.613583,0.587392,-0.697996,0.703751,-0.733517,0.833097,-0.710872,0.941353,-0.663381,0.994434,-0.612726,0.99716,-0.589579,0.977815,-0.622115,0.969745,-0.726672,0.986323,-0.89013,0.988648,-1.084607,0.93632,-1.314319,0.839812,-1.619096,0.733505,-2.010888,0.608547,-2.452909,0.457442,-2.900895,0.272723,-3.3118,0.068818,-3.666533,-0.173012,-3.919074,-0.496496,-3.976825,-0.909782,-3.774287,-1.443069,-3.334235,-2.124879,-2.723799,-2.862306,-2.010871,-3.552564,-1.14132,-4.196597,0.020985,-4.820491,1.522125,-5.316587,3.229639,-5.531686,4.893403,-5.267622,6.270584,-4.328648,7.196816,-2.755625,7.661469,-0.867229,7.471925,0.969066,6.498656,2.382398,4.927934,3.159381,3.215874,3.301879,1.806708,2.945787,0.874204,2.32876,0.343631,1.68221,-0.000539,1.234908,-0.304296,1.085222,-0.613447,1.187789,-0.814489,1.432526,-0.906296,1.712635,-1.003436,1.918837,-1.19337,2.001317,-1.478269,1.968442,-1.806566,1.883989,-2.148342,1.819754,-2.495925,1.765317,-2.815616,1.670902,-3.058563,1.503001,-3.189655,1.290812,-3.287284,1.082306,-3.449939,0.882048,-3.664213,0.646005,-3.852486,0.359728,-3.977691,-3.1e-05,-4.02904,-0.47,-3.898805,-1.053061,-3.486988,-1.687555,-2.807701,-2.328495,-1.923908,-2.969732,-0.909094,-3.600786,0.177245,-4.161761,1.329033,-4.5384,2.546157,-4.568246,3.762427,-4.114256,4.850786,-3.160289,5.64509,-1.794168,6.091312,-0.205379,6.183561,1.284348,5.862132,2.373039,5.118287,2.906111,4.049553,2.924262,2.877549,2.5899,1.804796,2.091738,0.927329,1.60086,0.269187,1.28185,-0.184957,1.18109,-0.473122,1.208207,-0.626344,1.235378,-0.677203,1.215944,-0.706998,1.125305,-0.770625,0.942201,-0.856758,0.707221,-0.912494,0.495087,-0.881835,0.360154,-0.761674,0.307033,-0.560594,0.290062,-0.295527,0.26065,-0.043087,0.187339,0.113629,0.086292,0.142476,-0.015079,0.067141,-0.09684,-0.065773,-0.152861,-0.198738,-0.172372,-0.285613,-0.155479,-0.296988,-0.108315,-0.239822
1,-0.115748,0.364634,-0.053179,0.435021,0.051541,0.463722,0.202267,0.453042,0.381568,0.410076,0.58395,0.335498,0.798078,0.208691,1.041942,0.002892,1.318294,-0.329746,1.581698,-0.732559,1.78785,-1.144529,1.912005,-1.598115,1.924321,-2.164919,1.782215,-2.853022,1.472568,-3.592038,1.019427,-4.260871,0.468399,-4.782731,-0.152337,-5.06007,-0.853824,-5.02672,-1.658309,-4.684104,-2.498754,-4.077795,-3.279361,-3.237611,-3.944339,-2.183486,-4.461004,-0.934897,-4.777832,0.515084,-4.82044,2.036784,-4.540693,3.462047,-3.929523,4.698508,-3.059915,5.717914,-1.973994,6.549675,-0.619764,7.12019,0.9615,7.270038,2.539438,6.72598,3.736301,5.326123,4.320505,3.371406,4.281533,1.458318,3.798662,-0.015308,3.142504,-1.034396,2.526045,-1.754239,2.033112,-2.241961,1.663505,-2.477183,1.403306,-2.504243,1.251169,-2.444657,1.206802,-2.400086,1.258146,-2.418596,1.318808,-2.433638,1.301893,-2.411483,1.195536,-2.389118,1.006833,-2.367863,0.721562,-2.324562,0.367756,-2.283267,-0.006061,-2.241524,-0.368608,-2.165564,-0.699989,-2.048254,-0.976028,-1.949619,-1.215325,-1.907883,-1.489267,-1.886962,-1.819842,-1.860288,-2.132599,-1.802731,-2.344924,-1.682328,-2.446172,-1.426301,-2.485593,-0.97237,-2.515884,-0.336341,-2.562934,0.461275,-2.591837,1.401033,-2.556145,2.387165,-2.386825,3.323043,-2.039154,4.191488,-1.453011,4.990447,-0.580574,5.581944,0.54232,5.808857,1.719613,5.53445,2.75013,4.840898,3.570287,3.897772,4.090552,2.766142,4.27243,1.431085,4.114961,0.011328,3.573337,-1.224094,2.68122,-2.111703,1.634986,-2.549682,0.766026,-2.514956,0.269199,-2.166715,0.106818,-1.726195,0.166534,-1.372462,0.293958,-1.176517,0.386403,-1.112573,0.397581,-1.088788,0.308839,-1.023814,0.136536,-0.86959,-0.060876,-0.622197,-0.231405,-0.33839,-0.335288,-0.099529,-0.350627,0.02372,-0.302972,0.015265,-0.256678,-0.069807,-0.241192,-0.174744,-0.232633,-0.264914,-0.227512,-0.301862,-0.230202,-0.278386,-0.230734,-0.198133
1,-0.062638,0.133744,-0.024477,0.147429,0.031747,0.137108,0.09181,0.125139,0.128359,0.131554,0.120352,0.172932,0.07377,0.268891,0.016431,0.398824,-0.006303,0.521725,0.052204,0.606795,0.215542,0.62251,0.487101,0.558363,0.856887,0.396553,1.27134,0.128847,1.642122,-0.247262,1.896672,-0.707424,2.000244,-1.176525,1.951696,-1.729326,1.774283,-2.423373,1.470805,-3.182754,1.084951,-3.911162,0.657557,-4.503012,0.178146,-4.835991,-0.396755,-4.789922,-1.121833,-4.327822,-2.020893,-3.552016,-3.034214,-2.610632,-3.939287,-1.604871,-4.542697,-0.630414,-4.843749,0.253121,-4.917338,1.081733,-4.776458,1.89988,-4.417068,2.70279,-3.846813,3.487957,-3.085104,4.180393,-2.17832,4.706269,-1.211511,4.9679,-0.267405,4.911345,0.543743,4.549472,1.170066,3.997847,1.670518,3.384541,2.105306,2.828972,2.486753,2.39469,2.77018,2.046797,2.909482,1.692492,2.906773,1.304166,2.801192,0.900679,2.694175,0.462537,2.626796,-0.020335,2.575362,-0.523851,2.51748,-0.992236,2.428068,-1.400805,2.269158,-1.758214,2.057168,-2.098139,1.831305,-2.449334,1.61609,-2.805887,1.388398,-3.157325,1.10346,-3.461376,0.710423,-3.700663,0.234648,-3.885418,-0.287587,-4.022197,-0.857784,-4.038552,-1.509537,-3.877839,-2.2866,-3.527115,-3.146325,-2.981686,-3.917055,-2.24666,-4.51503,-1.341245,-4.872884,-0.321666,-4.964312,0.76393,-4.766346,1.853911,-4.25712,2.882096,-3.411017,3.757875,-2.256009,4.416659,-0.947212,4.801145,0.319206,4.858126,1.390306,4.538545,2.159008,3.878663,2.598131,3.038069,2.747632,2.167616,2.63326,1.375013,2.299973,0.740869,1.83917,0.286519,1.373399,-0.009458,0.97142,-0.189441,0.666225,-0.32362,0.449886,-0.432825,0.304124,-0.502572,0.210829,-0.533939,0.136885,-0.547195,0.045785,-0.53328,-0.048338,-0.454301,-0.110048,-0.270288,-0.119992,-0.018804,-0.071917,0.213064,0.014471,0.378001,0.07486,0.437804,0.071003,0.394012,0.036848,0.276099,0.024047,0.125079,0.059479,-0.014054
1,0.900753,0.658401,1.075465,0.45853,1.269123,0.168826,1.491125,-0.195033,1.710474,-0.603974,1.907009,-0.992629,2.104625,-1.362004,2.299454,-1.742844,2.429483,-2.18002,2.382112,-2.660793,2.089075,-3.137646,1.555015,-3.585907,0.873749,-3.989677,0.180654,-4.326423,-0.436588,-4.530036,-0.98242,-4.493865,-1.552361,-4.163415,-2.237623,-3.582537,-2.989232,-2.859439,-3.649053,-2.097688,-4.128165,-1.308098,-4.39312,-0.485921,-4.471064,0.386417,-4.343681,1.255205,-3.995557,2.087467,-3.454616,2.724504,-2.706406,3.227976,-1.762115,3.762756,-0.847482,4.114205,-0.062426,4.2994,0.567763,4.317921,1.013802,4.225688,1.291835,4.049477,1.460018,3.779087,1.568842,3.392765,1.663653,2.949533,1.759747,2.501112,1.85088,2.038657,1.921009,1.566065,1.959318,1.084249,1.9496,0.616936,1.923169,0.192169,1.932345,-0.195588,1.974095,-0.536596,1.995807,-0.79901,1.960565,-0.97377,1.84854,-1.100155,1.679274,-1.233979,1.504236,-1.412389,1.382729,-1.653832,1.37267,-1.934484,1.450328,-2.1992,1.517651,-2.425703,1.493953,-2.623471,1.369226,-2.82369,1.136302,-3.047858,0.806615,-3.305971,0.381568,-3.575041,-0.143287,-3.778051,-0.776166,-3.87222,-1.500352,-3.784619,-2.278742,-3.519414,-3.024667,-3.090868,-3.690609,-2.459638,-4.245499,-1.623537,-4.574597,-0.670222,-4.588227,0.287804,-4.289015,1.156173,-3.761078,1.918802,-3.106349,2.607532,-2.417789,3.213042,-1.782128,3.73919,-1.226011,4.169056,-0.758213,4.506346,-0.359283,4.734961,0.026955,4.824047,0.410045,4.747322,0.726502,4.520646,0.948275,4.118768,1.062221,3.471528,1.1323,2.628957,1.186008,1.75762,1.235687,1.005377,1.268218,0.460494,1.26147,0.126786,1.210156,-0.032968,1.100313,-0.077327,0.937312,-0.073818,0.75424,-0.060607,0.591543,-0.01011,0.4646,0.048752,0.38352,0.087468,0.353146,0.069707,0.336206,0.004004,0.30464,-0.081012,0.248858,-0.157624,0.180656,-0.220211,0.119324,-0.257871,0.064288,-0.261799,0.005469,-0.245959
1,0.03289,0.090715,0.076056,0.065643,0.143944,0.038466,0.23086,-0.001588,0.331243,-0.059699,0.420375,-0.124711,0.475172,-0.178238,0.510114,-0.219106,0.54924,-0.251706,0.626283,-0.290897,0.76982,-0.360427,0.964268,-0.46587,1.15437,-0.604509,1.305545,-0.791444,1.418474,-1.054087,1.494637,-1.407057,1.541065,-1.862197,1.589135,-2.401029,1.6234,-2.923176,1.576963,-3.463832,1.404517,-3.980225,1.030745,-4.337817,0.410824,-4.427578,-0.427677,-4.177926,-1.419029,-3.654448,-2.46559,-2.96349,-3.451368,-2.13929,-4.22829,-1.223334,-4.690674,-0.298776,-4.848352,0.63947,-4.721159,1.568882,-4.326229,2.403542,-3.669746,3.075252,-2.784142,3.535719,-1.76603,3.762456,-0.72134,3.736657,0.263117,3.492215,1.098227,3.087612,1.703054,2.607518,2.064942,2.160834,2.242005,1.817797,2.300641,1.619532,2.290545,1.526457,2.242886,1.446137,2.159232,1.309675,2.039302,1.076074,1.894161,0.715758,1.760502,0.225246,1.671329,-0.348516,1.623528,-0.928983,1.564263,-1.409925,1.472621,-1.722213,1.348931,-1.887615,1.188513,-1.98281,0.992267,-2.087295,0.770333,-2.269011,0.53752,-2.564544,0.30842,-2.962629,0.069922,-3.409085,-0.224501,-3.799487,-0.631322,-4.003902,-1.167729,-3.86781,-1.799589,-3.334401,-2.485218,-2.509342,-3.180265,-1.509295,-3.794613,-0.419164,-4.215535,0.682387,-4.351824,1.778862,-4.178049,2.834744,-3.718138,3.728712,-2.996202,4.408298,-2.053082,4.846526,-0.955479,4.999177,0.189917,4.849106,1.227877,4.418964,2.021234,3.81282,2.519141,3.123425,2.748603,2.367195,2.751537,1.586302,2.594724,0.895179,2.364673,0.408828,2.126021,0.130213,1.932377,-0.020781,1.812614,-0.121434,1.731874,-0.182313,1.628601,-0.22751,1.473421,-0.277393,1.263747,-0.331208,0.999416,-0.358212,0.715059,-0.332847,0.453921,-0.254881,0.246804,-0.141598,0.110914,-0.010381,0.049886,0.101228,0.037427,0.169172,0.028933,0.167394,-0.000677,0.083774,-0.03413,-0.045108,-0.071707,-0.167381,-0.100101,-0.255172
1,0.151956,-1.827777,0.085004,-2.073648,0.017352,-2.301854,-0.075946,-2.502382,-0.223847,-2.647995,-0.475439,-2.670918,-0.837738,-2.507488,-1.290264,-2.177925,-1.793017,-1.782415,-2.303902,-1.365663,-2.748274,-0.887613,-3.071308,-0.253878,-3.260961,0.567455,-3.310957,1.555608,-3.172255,2.700437,-2.807261,3.918808,-2.249916,4.986754,-1.542784,5.681226,-0.690668,5.908175,0.267608,5.64959,1.247517,4.999254,2.139017,4.071398,2.745082,2.942789,2.946471,1.807407,2.799558,0.884601,2.482391,0.229409,2.183336,-0.290135,1.973525,-0.792684,1.821668,-1.243638,1.709515,-1.577316,1.630004,-1.821641,1.571934,-2.058256,1.51776,-2.334923,1.463775,-2.634851,1.397582,-2.907413,1.283791,-3.101169,1.085083,-3.195308,0.78382,-3.159633,0.400859,-3.01598,-0.019109,-2.816607,-0.420599,-2.547696,-0.742004,-2.255681,-0.974944,-2.017934,-1.170358,-1.841673,-1.362997,-1.688001,-1.558373,-1.527503,-1.763698,-1.341141,-1.955127,-1.12052,-2.104939,-0.828737,-2.207581,-0.449022,-2.257424,-0.011376,-2.221319,0.413995,-2.070791,0.79777,-1.807183,1.131978,-1.443389,1.456964,-1.019028,1.836959,-0.585535,2.308452,-0.140413,2.868778,0.333017,3.438963,0.814542,3.937498,1.288341,4.230983,1.79496,4.119965,2.331919,3.510669,2.771831,2.429253,3.018208,1.148664,3.075487,-0.009151,3.003762,-0.934631,2.781253,-1.743624,2.366791,-2.538215,1.770861,-3.312456,1.111683,-3.943102,0.561342,-4.266695,0.247074,-4.191807,0.075886,-3.738521,-0.073818,-3.047147,-0.254919,-2.290755,-0.451467,-1.572657,-0.623717,-0.980024,-0.747488,-0.552056,-0.848849,-0.267037,-0.961002,-0.055998,-1.072502,0.117832,-1.151871,0.26046,-1.183024,0.373022,-1.17911,0.462865,-1.143772,0.524457,-1.064779,0.538877,-0.931273,0.503452,-0.742845,0.445179,-0.528102,0.390332,-0.324658,0.367662,-0.176928,0.39812,-0.098494,0.458743,-0.074632,0.477404,-0.070535,0.436114,-0.066658,0.366486,-0.05902,0.30745,-0.050052,0.257826,-0.030746,0.215516,0.001537,0.1827
1,-0.171473,0.434327,-0.175128,0.418403,-0.189574,0.36844,-0.210257,0.308184,-0.232096,0.268527,-0.248031,0.263214,-0.241031,0.297657,-0.205997,0.358451,-0.142885,0.427229,-0.039985,0.481929,0.098518,0.526475,0.276344,0.559622,0.490341,0.569495,0.73023,0.533034,0.987892,0.444791,1.257838,0.316003,1.512347,0.142292,1.726606,-0.08114,1.918807,-0.355615,2.157906,-0.689603,2.473897,-1.10747,2.801206,-1.639072,3.044626,-2.299131,3.077549,-3.047005,2.828898,-3.81396,2.316983,-4.529749,1.638191,-5.15959,0.80742,-5.588517,-0.190439,-5.654398,-1.313861,-5.32644,-2.474008,-4.727346,-3.569265,-3.90471,-4.526777,-2.857204,-5.246964,-1.607637,-5.574066,-0.23272,-5.406665,1.100858,-4.776657,2.318774,-3.845412,3.345697,-2.793309,4.115331,-1.72355,4.600299,-0.72211,4.845631,0.169527,4.887641,0.921775,4.737622,1.518839,4.432366,1.962638,4.009465,2.264783,3.505742,2.462869,2.930544,2.585646,2.280562,2.629203,1.579519,2.614458,0.886406,2.596769,0.212599,2.614986,-0.476319,2.668425,-1.18389,2.695815,-1.859443,2.668278,-2.493469,2.568438,-3.079876,2.382223,-3.605767,2.057296,-4.009833,1.570485,-4.263518,0.932916,-4.369948,0.230171,-4.352973,-0.474492,-4.198633,-1.152348,-3.907666,-1.836259,-3.483228,-2.522552,-2.970663,-3.191724,-2.38517,-3.759565,-1.713964,-4.167837,-0.947845,-4.367927,-0.0953,-4.340197,0.787748,-4.093803,1.659015,-3.640103,2.485856,-2.998038,3.175348,-2.234346,3.671837,-1.45344,3.977027,-0.652202,4.071189,0.095385,3.936219,0.713015,3.58794,1.137076,3.036458,1.345268,2.453537,1.407535,1.908551,1.382612,1.462014,1.300256,1.128592,1.172831,0.901704,1.00756,0.768772,0.838029,0.7054,0.664997,0.689586,0.515158,0.693615,0.404165,0.678396,0.333426,0.602853,0.264118,0.493819,0.192114,0.423396,0.149997,0.404416,0.136596,0.417424,0.132414,0.428823,0.124764,0.407809,0.099254,0.343693,0.067341,0.238548,0.040637,0.110346,0.021188,-0.009848
1,-0.089525,0.223103,-0.074429,0.29924,-0.055858,0.394749,-0.028218,0.486167,0.008932,0.550884,0.060488,0.581168,0.157064,0.575498,0.32407,0.553704,0.56929,0.522372,0.8763,0.484403,1.220018,0.422116,1.570846,0.31435,1.935551,0.119306,2.332128,-0.204831,2.757247,-0.65256,3.135001,-1.162977,3.401307,-1.713174,3.507678,-2.285535,3.430551,-2.870386,3.161563,-3.452553,2.683778,-4.025988,2.011756,-4.603475,1.205057,-5.191212,0.292763,-5.699405,-0.632934,-5.974114,-1.517552,-5.9176,-2.438457,-5.499828,-3.408834,-4.749648,-4.300982,-3.752422,-4.963456,-2.496912,-5.289068,-1.015941,-5.239719,0.565159,-4.868328,2.12657,-4.269799,3.460586,-3.513756,4.453423,-2.673353,5.052621,-1.813562,5.295329,-1.010082,5.254694,-0.289591,5.032306,0.324775,4.737583,0.858618,4.427829,1.381439,4.109804,1.893738,3.78341,2.361315,3.402628,2.766666,2.932874,3.099798,2.341014,3.340125,1.644903,3.474471,0.875898,3.492833,0.086446,3.457709,-0.706742,3.400384,-1.475643,3.288564,-2.188737,3.078793,-2.804902,2.798111,-3.31856,2.457664,-3.690613,2.023053,-3.923825,1.490152,-4.080888,0.883379,-4.222549,0.201823,-4.306393,-0.526637,-4.267457,-1.263505,-4.101779,-2.009692,-3.854991,-2.772107,-3.490881,-3.540091,-2.90814,-4.263302,-2.096725,-4.827024,-1.136761,-5.123705,-0.06914,-5.067722,1.036754,-4.660311,2.088263,-3.990604,2.963986,-3.171455,3.598461,-2.263925,3.989757,-1.33097,4.127672,-0.448458,3.97375,0.325273,3.510534,0.96125,2.827143,1.439068,2.111159,1.765656,1.515172,1.949435,1.09361,2.003136,0.852098,1.939219,0.755044,1.789928,0.766496,1.629843,0.824088,1.499094,0.896051,1.365628,0.943928,1.217205,0.934922,1.043022,0.834134,0.866778,0.635575,0.699901,0.421755,0.541851,0.246765,0.408263,0.143404,0.312468,0.118472,0.256955,0.157376,0.237322,0.219739,0.232084,0.261901,0.21651,0.262289,0.199863,0.20343,0.197099,0.092193,0.204884,-0.04171,0.203907,-0.144433
1,1.26754,-0.034999,1.625324,-0.379032,2.074773,-0.823234,2.588474,-1.400678,3.06116,-2.16063,3.35173,-3.01546,3.379873,-3.806583,3.162366,-4.472113,2.761511,-4.991296,2.222886,-5.356109,1.612009,-5.558913,0.892589,-5.58993,0.00868,-5.470688,-1.068918,-5.187214,-2.291956,-4.658219,-3.521235,-3.811002,-4.624678,-2.633321,-5.479711,-1.249547,-5.990242,0.17688,-6.08848,1.548072,-5.72127,2.825098,-4.895035,3.918113,-3.712005,4.701776,-2.350585,5.089126,-0.901113,5.1098,0.459964,4.774605,1.618071,4.226153,2.534929,3.618374,3.197859,3.042173,3.618634,2.47096,3.81163,1.841281,3.841519,1.157453,3.735201,0.468215,3.533432,-0.211347,3.276069,-0.895179,2.971816,-1.589577,2.60598,-2.305952,2.185121,-3.009819,1.725105,-3.667871,1.22573,-4.212756,0.613235,-4.593174,-0.162923,-4.755737,-1.094576,-4.698321,-2.151943,-4.39271,-3.222957,-3.820385,-4.155313,-3.012061,-4.821484,-2.026127,-5.140799,-0.923774,-5.108013,0.183111,-4.786935,1.225175,-4.220946,2.224863,-3.4122,3.181519,-2.399996,4.017647,-1.281,4.636492,-0.155725,4.962733,0.882858,5.004317,1.77454,4.803269,2.47597,4.364308,2.970071,3.758263,3.228097,3.079306,3.261572,2.380265,3.082174,1.655913,2.728108,0.947238,2.263752,0.312053,1.802217,-0.1896,1.411104,-0.559459,1.096375,-0.791604,0.823865,-0.899387,0.583803,-0.908279,0.395188,-0.857545,0.276803,-0.804046,0.244268,-0.77939,0.26758,-0.761134,0.33108,-0.732127,0.432551,-0.721524,0.589485,-0.77519,0.800986,-0.908778,0.981293,-1.070223,1.041486,-1.176034,0.961374,-1.176765,0.780536,-1.092563,0.541439,-0.956004,0.285719,-0.807428,0.061641,-0.698678,-0.084518,-0.664389,-0.145427,-0.694376,-0.159352,-0.724223,-0.15261,-0.699925,-0.134119,-0.630231,-0.121323,-0.537803,-0.123856,-0.426596,-0.143334,-0.305546,-0.170651,-0.190399,-0.19589,-0.085456,-0.217957,-0.000683,-0.230855,0.050965,-0.210759,0.059581,-0.162381,0.034988,-0.099151,-0.003658,-0.031413,-0.048229
1,0.503171,0.106079,0.814182,0.078413,1.159152,0.004853,1.483063,-0.16519,1.747514,-0.475157,1.920636,-0.822421,1.987609,-1.230565,1.959905,-1.680716,1.861583,-2.200541,1.701797,-2.780809,1.475905,-3.379589,1.163357,-3.934337,0.725773,-4.345467,0.077961,-4.501719,-0.848298,-4.334163,-2.015673,-3.86639,-3.245493,-3.129465,-4.31004,-2.135331,-5.083486,-0.911411,-5.53053,0.44572,-5.674949,1.792644,-5.542516,2.988671,-5.075727,3.932028,-4.261794,4.616159,-3.177523,5.053656,-1.868054,5.258821,-0.43878,5.162468,0.955519,4.729368,2.184766,4.036481,3.168962,3.20567,3.898487,2.332111,4.383113,1.504613,4.632699,0.774234,4.656561,0.160271,4.509954,-0.374026,4.281898,-0.917015,4.029364,-1.50297,3.766362,-2.121543,3.471492,-2.759128,3.100073,-3.423754,2.579691,-4.071816,1.825953,-4.548692,0.820575,-4.706605,-0.367702,-4.523625,-1.64479,-4.084274,-2.890482,-3.462858,-3.982759,-2.706547,-4.822821,-1.851352,-5.325078,-0.948556,-5.446781,-0.113838,-5.215586,0.571276,-4.677074,1.144411,-3.916337,1.669868,-3.016018,2.155349,-2.032514,2.57618,-1.041422,2.933044,-0.095587,3.264165,0.771631,3.56526,1.512625,3.784258,2.111416,3.872063,2.565626,3.810673,2.88852,3.612149,3.105153,3.283552,3.253233,2.837469,3.336587,2.301563,3.361478,1.678627,3.2928,0.991631,3.123913,0.275554,2.882096,-0.444783,2.556566,-1.108196,2.162276,-1.647113,1.731683,-2.053216,1.298469,-2.341779,0.876971,-2.487427,0.478424,-2.488413,0.132999,-2.388723,-0.119376,-2.242053,-0.282683,-2.099698,-0.383105,-1.994607,-0.438917,-1.905523,-0.474868,-1.766582,-0.506167,-1.545226,-0.552693,-1.210026,-0.613428,-0.789723,-0.675113,-0.336892,-0.727953,0.085743,-0.7409,0.414093,-0.676271,0.600929,-0.528959,0.637015,-0.34153,0.556805,-0.14502,0.407691,0.040338,0.241251,0.181299,0.100418,0.247842,0.002704,0.22636,-0.040063,0.143919,-0.023336,0.040545,0.029599,-0.061579,0.080438,-0.139284,0.101693,-0.165265,0.084828
1,1.088828,-1.574339,1.011065,-2.159737,0.817955,-2.666035,0.495435,-3.030331,0.004886,-3.136036,-0.705355,-2.949153,-1.636109,-2.568798,-2.678275,-2.05959,-3.656379,-1.399444,-4.405785,-0.599531,-4.823089,0.326358,-4.915686,1.286526,-4.755372,2.18251,-4.327234,2.961977,-3.659687,3.623127,-2.826431,4.164301,-1.860703,4.557823,-0.789803,4.797052,0.298129,4.869849,1.277091,4.771594,2.070373,4.533735,2.685083,4.179383,3.132217,3.734508,3.424742,3.229641,3.580765,2.683721,3.639167,2.098527,3.626158,1.447301,3.563102,0.73092,3.455932,-0.057933,3.313814,-0.883604,3.133515,-1.678477,2.91086,-2.399608,2.62647,-3.02084,2.254274,-3.537491,1.776602,-3.965543,1.226444,-4.336522,0.667921,-4.629201,0.100936,-4.81483,-0.500069,-4.818716,-1.179037,-4.618855,-2.001107,-4.206384,-2.93108,-3.562128,-3.853323,-2.729066,-4.612515,-1.789507,-5.116922,-0.779908,-5.357927,0.249705,-5.369354,1.216228,-5.161059,2.067021,-4.719549,2.782679,-4.059457,3.353333,-3.214091,3.829174,-2.267922,4.216501,-1.280306,4.485026,-0.26828,4.584143,0.718647,4.480908,1.580198,4.17063,2.279437,3.685489,2.82437,3.053682,3.213047,2.357157,3.433753,1.703722,3.489118,1.180483,3.405329,0.819775,3.224388,0.605126,2.992445,0.457457,2.746177,0.255224,2.518898,-0.083027,2.356273,-0.563574,2.289762,-1.149333,2.290214,-1.817629,2.302391,-2.54403,2.28373,-3.28761,2.171039,-3.968115,1.90817,-4.468637,1.46944,-4.711503,0.859399,-4.635906,0.128296,-4.250616,-0.604752,-3.693713,-1.229037,-3.126865,-1.695131,-2.645965,-2.037155,-2.238942,-2.260855,-1.843708,-2.35683,-1.378339,-2.309885,-0.856453,-2.117009,-0.353014,-1.820919,0.13895,-1.472861,0.560149,-1.100725,0.8379,-0.728186,0.92297,-0.401496,0.82711,-0.135023,0.632927,0.065786,0.413255,0.188773,0.248478,0.229791,0.176633,0.221957,0.184598,0.180323,0.237193,0.132418,0.300336,0.09652,0.340385,0.090859,0.346218,0.097468,0.324133,0.115509,0.275148
1,0.441622,0.455977,0.83186,0.369983,1.335527,0.139583,1.8955,-0.217769,2.421029,-0.680264,2.869261,-1.240303,3.204407,-1.923353,3.376174,-2.700806,3.317775,-3.49437,3.006613,-4.21196,2.445738,-4.785687,1.62363,-5.103684,0.595849,-5.102967,-0.479539,-4.808082,-1.529926,-4.262221,-2.571527,-3.516659,-3.542622,-2.67981,-4.35573,-1.833362,-4.946416,-0.968968,-5.286018,-0.080374,-5.385358,0.790702,-5.277065,1.591999,-4.995558,2.287927,-4.548008,2.614451,-3.850749,3.045859,-2.94642,3.450994,-1.984144,3.602464,-0.995889,3.590927,-0.056338,3.513961,0.786599,3.407542,1.495455,3.291998,2.046609,3.172165,2.427328,3.031467,2.644746,2.85382,2.726222,2.636937,2.699283,2.403842,2.609133,2.147492,2.528815,1.836663,2.508135,1.432298,2.586061,0.907681,2.755177,0.26139,2.95385,-0.470905,3.109852,-1.20971,3.166272,-1.876886,3.094695,-2.451165,2.891218,-2.949244,2.56006,-3.424285,2.121071,-3.891582,1.605071,-4.353969,1.052286,-4.771034,0.517353,-5.101799,0.030576,-5.308732,-0.42664,-5.324034,-0.92513,-5.0753,-1.517673,-4.565676,-2.176547,-3.859775,-2.806367,-3.042575,-3.295816,-2.192995,-3.605428,-1.320723,-3.763368,-0.405013,-3.815861,0.521336,-3.795969,1.41566,-3.685713,2.212475,-3.480792,2.884568,-3.17982,3.400703,-2.803777,3.740359,-2.381402,3.92745,-1.944886,3.995058,-1.522608,3.943426,-1.137107,3.776819,-0.816324,3.510436,-0.559163,3.183106,-0.349797,2.84025,-0.167529,2.530869,0.002855,2.272898,0.185412,2.058096,0.403734,1.876924,0.662859,1.716304,0.935291,1.541529,1.187798,1.331127,1.383495,1.096681,1.494468,0.880586,1.52188,0.713991,1.472162,0.597101,1.367013,0.522559,1.21895,0.470561,1.042749,0.435985,0.860866,0.389606,0.68626,0.32818,0.525229,0.26043,0.379938,0.199089,0.249875,0.15052,0.139457,0.096095,0.053463,0.039596,-0.01066,-0.005797,-0.048405,-0.043311,-0.051796,-0.089098,-0.024679,-0.151465,0.027334,-0.218167,0.087349,-0.275877
1,-0.080579,0.630321,0.056865,0.70467,0.236923,0.738502,0.499031,0.733683,0.886395,0.687631,1.423662,0.580494,2.064665,0.35687,2.741682,0.006645,3.342645,-0.378971,3.827518,-0.81068,4.171704,-1.339048,4.321814,-1.996717,4.22263,-2.814477,3.81197,-3.714411,3.142952,-4.548469,2.391862,-5.202376,1.645962,-5.567817,0.877143,-5.597831,0.030413,-5.333602,-0.856079,-4.862319,-1.799607,-4.215161,-2.71671,-3.448916,-3.480515,-2.656353,-4.028267,-1.890867,-4.344809,-1.151667,-4.464239,-0.388061,-4.412124,0.390538,-4.225882,1.142806,-3.936452,1.843294,-3.5435,2.513968,-3.026128,3.131438,-2.406981,3.628443,-1.722788,3.972398,-0.990607,4.152457,-0.254804,4.197903,0.431568,4.13238,1.020754,3.978038,1.516998,3.734654,1.917199,3.413552,2.237059,3.043418,2.506066,2.630725,2.726282,2.173496,2.875075,1.661427,2.928771,1.09601,2.892337,0.477751,2.812879,-0.18144,2.740044,-0.861627,2.681042,-1.52308,2.637145,-2.157914,2.592981,-2.764765,2.549301,-3.363438,2.491332,-3.973264,2.343406,-4.523894,2.018512,-4.905352,1.49638,-5.031831,0.809388,-4.901159,0.014916,-4.556901,-0.780213,-4.057357,-1.508911,-3.479172,-2.185836,-2.875359,-2.813808,-2.242937,-3.382826,-1.539751,-3.855499,-0.724018,-4.188383,0.180178,-4.338329,1.095894,-4.278231,1.961049,-4.002011,2.732257,-3.516707,3.389337,-2.884757,3.907221,-2.166227,4.24682,-1.42289,4.39191,-0.711383,4.361464,-0.068577,4.162061,0.463269,3.800499,0.878734,3.331856,1.184371,2.803106,1.387753,2.244176,1.514974,1.681482,1.591557,1.159868,1.619366,0.714102,1.583028,0.371647,1.495121,0.130047,1.376998,-0.027569,1.247535,-0.111888,1.12604,-0.141836,1.013783,-0.132008,0.914281,-0.08026,0.807338,0.016058,0.673388,0.129295,0.506019,0.220092,0.316,0.265696,0.134345,0.270828,-0.004963,0.24707,-0.086894,0.198589,-0.102868,0.135428,-0.06864,0.056814,-0.014424,-0.022025,0.041632,-0.087549,0.087979,-0.130192,0.124017,-0.149087
1,0.000686,0.2958,-0.005998,0.262215,-0.009944,0.235583,-0.013075,0.21642,-0.012308,0.204007,0.003068,0.202448,0.03685,0.195711,0.092753,0.215946,0.161072,0.2754,0.228323,0.365096,0.297754,0.466492,0.377619,0.545884,0.481548,0.586427,0.636814,0.572482,0.842715,0.513792,1.087211,0.407959,1.375483,0.237635,1.695995,0.001008,1.996786,-0.325486,2.228122,-0.741127,2.389419,-1.264572,2.467892,-1.915132,2.4224,-2.657083,2.20593,-3.42647,1.803188,-4.158539,1.266997,-4.83965,0.671888,-5.452372,0.077235,-5.910395,-0.512358,-6.136107,-1.166855,-6.057449,-1.973941,-5.569264,-2.920864,-4.621852,-3.857823,-3.296863,-4.625518,-1.752214,-5.148138,-0.143212,-5.356994,1.42171,-5.163451,2.800748,-4.52187,3.893403,-3.468148,4.641913,-2.190619,5.139884,-0.98425,5.451638,-0.108836,5.630553,0.358341,5.721097,0.560637,5.697841,0.757639,5.493487,1.186842,5.106817,1.971901,4.512072,2.971604,3.621769,3.853477,2.379244,4.25198,0.884582,4.031885,-0.682225,3.283804,-2.146803,2.220289,-3.365278,1.141473,-4.26122,0.264048,-4.866141,-0.379698,-5.297702,-0.844243,-5.682005,-1.20823,-6.06529,-1.540996,-6.352823,-1.88535,-6.395529,-2.269969,-6.054763,-2.739695,-5.28052,-3.313118,-4.10174,-3.93436,-2.639732,-4.502917,-1.002519,-4.87771,0.666918,-4.921733,2.220411,-4.582643,3.514206,-3.938527,4.505321,-3.145543,5.232546,-2.379796,5.69575,-1.702246,5.822678,-1.078399,5.600966,-0.463091,5.117528,0.106474,4.535295,0.562784,3.972297,0.860115,3.44449,1.02665,2.942376,1.105995,2.477078,1.139111,2.067,1.169103,1.714821,1.202431,1.406933,1.235529,1.138893,1.259306,0.910663,1.266859,0.724395,1.239112,0.58067,1.153598,0.480227,1.009851,0.396057,0.812458,0.292796,0.573222,0.15673,0.306748,0.006207,0.0474,-0.13677,-0.158606,-0.23324,-0.271373,-0.255419,-0.288428,-0.218493,-0.225902,-0.130976,-0.125923,-0.034852,-0.04008,0.034708,0.014952,0.061205,0.049832,0.04162
1,-0.104959,-0.003217,-0.116238,0.007402,-0.118313,0.007565,-0.103408,0.005271,-0.076912,0.001092,-0.055339,-0.004882,-0.044579,-0.010058,-0.043193,-0.004962,-0.056567,0.015039,-0.085332,0.060762,-0.110813,0.134577,-0.125634,0.248593,-0.112911,0.396248,-0.047259,0.558855,0.084859,0.70034,0.289302,0.80626,0.546808,0.839785,0.893636,0.780365,1.388647,0.633974,1.935134,0.372126,2.343168,-0.014429,2.508987,-0.521895,2.426565,-1.205341,2.149067,-2.031653,1.768515,-2.909891,1.342546,-3.730643,0.905306,-4.414251,0.472323,-4.933322,0.033114,-5.316529,-0.443934,-5.575368,-0.987051,-5.653404,-1.602492,-5.435733,-2.263297,-4.825184,-2.953341,-3.87502,-3.650025,-2.749951,-4.273174,-1.492105,-4.740507,-0.194833,-4.953827,1.051692,-4.851605,2.249487,-4.40963,3.302611,-3.675783,4.069868,-2.79442,4.535095,-1.9344,4.755551,-1.196822,4.841193,-0.548954,4.814405,0.04954,4.663178,0.602211,4.410472,1.150317,4.075865,1.7433,3.649151,2.38536,3.124002,2.999353,2.467741,3.452497,1.670979,3.705034,0.726566,3.682058,-0.357176,3.344153,-1.45635,2.783273,-2.418009,2.108098,-3.173326,1.404526,-3.719839,0.74212,-4.124526,0.13502,-4.403431,-0.395564,-4.597337,-0.840116,-4.777143,-1.181349,-4.95857,-1.500977,-5.094322,-1.882481,-4.990205,-2.413563,-4.589368,-3.11777,-3.908961,-3.962508,-3.072142,-4.764582,-2.072192,-5.30821,-0.959759,-5.49639,0.200168,-5.286394,1.336177,-4.666078,2.422884,-3.70726,3.437723,-2.57908,4.302162,-1.480654,4.976638,-0.506766,5.40071,0.334491,5.527259,1.030633,5.37436,1.548915,5.019946,1.883579,4.538584,2.072386,3.961121,2.177234,3.276422,2.207244,2.511498,2.121076,1.719734,1.920178,1.003886,1.636235,0.486219,1.300976,0.180714,0.951291,0.014664,0.633545,-0.066301,0.373092,-0.102108,0.161944,-0.128066,-0.013226,-0.164795,-0.139889,-0.206196,-0.207622,-0.221819,-0.232163,-0.208098,-0.22907,-0.180332,-0.214589,-0.15727,-0.203557,-0.141714,-0.213777,-0.14631
1,0.07563,0.371161,0.192079,0.485195,0.302342,0.620799,0.399008,0.770189,0.480146,0.921075,0.5349,1.062923,0.590138,1.18537,0.697555,1.278304,0.884758,1.31226,1.134159,1.252148,1.405517,1.101198,1.67591,0.834297,1.964459,0.442679,2.255129,-0.123183,2.406524,-0.875443,2.301794,-1.753813,1.962252,-2.719704,1.434393,-3.689441,0.786998,-4.531329,0.132594,-5.155973,-0.425631,-5.563697,-0.861361,-5.850327,-1.249469,-6.045938,-1.663292,-6.026647,-2.184149,-5.595184,-2.880164,-4.721135,-3.674087,-3.455722,-4.349192,-1.949775,-4.730773,-0.403602,-4.773627,0.97879,-4.502113,2.110175,-3.978961,3.015225,-3.273678,3.742567,-2.48463,4.295504,-1.716759,4.626131,-1.0223,4.74408,-0.386779,4.703414,0.219475,4.546336,0.793309,4.290907,1.317985,3.950886,1.786209,3.592302,2.243543,3.230533,2.692439,2.836419,3.068438,2.37232,3.301091,1.827592,3.371604,1.206773,3.297557,0.52346,3.108711,-0.220676,2.808445,-0.981131,2.395025,-1.71216,1.859575,-2.349053,1.229628,-2.876757,0.588004,-3.314621,0.003181,-3.674728,-0.496609,-3.96764,-0.942656,-4.198617,-1.39293,-4.384121,-1.859303,-4.525183,-2.385032,-4.471252,-2.945652,-4.192408,-3.521954,-3.726681,-4.074287,-3.102933,-4.523573,-2.351893,-4.744355,-1.546291,-4.624411,-0.699944,-4.160783,0.171648,-3.451399,1.026374,-2.59754,1.862608,-1.694311,2.616402,-0.875234,3.160439,-0.24343,3.42882,0.172885,3.492482,0.410653,3.424572,0.52998,3.246955,0.580723,2.986991,0.595305,2.698557,0.58736,2.426669,0.556711,2.206522,0.52203,2.03002,0.491146,1.868914,0.458216,1.694405,0.428238,1.490072,0.411178,1.274349,0.420532,1.05126,0.457144,0.851133,0.516996,0.686499,0.579479,0.555679,0.613774,0.450111,0.600838,0.364289,0.546832,0.303493,0.471108,0.253567,0.396568,0.2073,0.326839,0.158095,0.257806,0.103406,0.187355,0.042048,0.13007,-0.008723,0.101615,-0.022249,0.123422,0.002628,0.187529,0.045145,0.25192,0.08808
1,1.153771,-0.095454,1.314152,-0.322898,1.460513,-0.607243,1.571271,-0.921153,1.643601,-1.277392,1.659998,-1.704311,1.574782,-2.230577,1.344402,-2.85734,0.990094,-3.540007,0.535807,-4.243876,0.007672,-4.96806,-0.588082,-5.648771,-1.21062,-6.187204,-1.809589,-6.464133,-2.374966,-6.399263,-2.944437,-5.93083,-3.548346,-5.039659,-4.193223,-3.873855,-4.810587,-2.495622,-5.307498,-1.010281,-5.540485,0.382673,-5.378684,1.597156,-4.764488,2.569197,-3.834786,3.289826,-2.770542,3.821893,-1.696678,4.201605,-0.731626,4.438324,0.03504,4.541747,0.598946,4.551479,0.987617,4.476632,1.235121,4.320077,1.383815,4.101353,1.484506,3.835389,1.624412,3.506785,1.865117,3.109535,2.226206,2.646796,2.635774,2.12665,2.99981,1.554817,3.240721,0.949242,3.312291,0.322353,3.193371,-0.292575,2.868801,-0.861298,2.392802,-1.365849,1.880111,-1.809439,1.424181,-2.19787,1.061945,-2.559576,0.803173,-2.906287,0.616474,-3.217048,0.443565,-3.468384,0.237302,-3.667608,-0.058757,-3.843438,-0.480653,-4.024355,-1.014551,-4.172925,-1.615508,-4.197882,-2.24098,-3.995459,-2.880546,-3.571413,-3.468357,-2.95717,-4.009862,-2.147354,-4.437559,-1.274344,-4.759856,-0.287693,-4.883553,0.753735,-4.719517,1.756308,-4.209011,2.643188,-3.383383,3.303828,-2.380784,3.669179,-1.363275,3.833416,-0.455866,3.846802,0.23087,3.733459,0.681535,3.550004,0.922584,3.330059,1.014002,3.093171,1.021172,2.861167,0.988466,2.631266,0.939269,2.387361,0.886288,2.138415,0.849107,1.902672,0.826137,1.691621,0.808994,1.507356,0.79444,1.339539,0.797381,1.166699,0.826595,0.979133,0.87442,0.773161,0.909779,0.566063,0.927541,0.386173,0.935136,0.256487,0.92597,0.205035,0.895073,0.22604,0.828914,0.277629,0.726977,0.309309,0.585408,0.290434,0.40413,0.221872,0.230282,0.121888,0.11727,0.015291,0.084927,-0.074622,0.11593,-0.128478,0.202492,-0.139793,0.301729,-0.106451,0.36202,-0.061539,0.35255,-0.026127,0.290953,-0.002296
1,1.320948,-0.891057,1.188969,-1.25581,0.937283,-1.704685,0.624636,-2.223354,0.332787,-2.810617,0.087663,-3.393697,-0.181592,-3.915859,-0.493921,-4.419789,-0.830579,-4.923351,-1.189728,-5.278837,-1.558723,-5.351976,-1.913387,-5.08371,-2.251044,-4.496539,-2.638402,-3.609533,-3.136845,-2.483719,-3.668742,-1.23377,-4.080145,0.029842,-4.273476,1.22014,-4.180665,2.286248,-3.800858,3.189197,-3.166856,3.900481,-2.365121,4.456795,-1.510884,4.892324,-0.723627,5.196439,-0.096691,5.322911,0.31042,5.225023,0.545346,4.935865,0.724183,4.529605,0.938206,4.031106,1.209016,3.467643,1.54225,2.908528,1.904258,2.377414,2.244163,1.921078,2.520151,1.507366,2.671973,1.096761,2.68246,0.663016,2.593951,0.204902,2.467113,-0.258495,2.282048,-0.695637,1.988428,-1.10073,1.634655,-1.486575,1.328905,-1.880632,1.09437,-2.264278,0.875251,-2.606729,0.678059,-2.946239,0.565659,-3.297924,0.476475,-3.599997,0.302317,-3.808264,-0.002043,-3.939506,-0.390714,-4.014976,-0.81511,-4.026349,-1.232344,-3.958376,-1.589062,-3.815768,-1.85813,-3.58534,-2.140634,-3.25871,-2.526583,-2.824092,-2.986695,-2.291136,-3.407651,-1.681388,-3.751404,-0.9893,-4.031688,-0.277866,-4.153756,0.523144,-4.073522,1.303338,-3.818897,2.003251,-3.362147,2.669152,-2.727001,3.297957,-1.969837,3.831307,-1.164027,4.225124,-0.447751,4.471322,0.173011,4.615158,0.646712,4.632776,0.986703,4.53073,1.226028,4.313126,1.384833,3.973751,1.496466,3.52359,1.601769,3.005785,1.702893,2.475627,1.787419,1.96881,1.855559,1.497245,1.889398,1.032149,1.890071,0.574002,1.858837,0.157825,1.79376,-0.181305,1.695102,-0.429846,1.567831,-0.593731,1.419808,-0.686256,1.255724,-0.730039,1.047994,-0.726347,0.801363,-0.679184,0.556886,-0.615597,0.345913,-0.535889,0.185818,-0.434656,0.097335,-0.313766,0.072753,-0.183922,0.096349,-0.07475,0.126599,-0.000936,0.133853,0.036567,0.097089,0.043335,0.018633,0.027638,-0.060722,-0.009122,-0.089763,-0.042778
1,-0.376162,0.115752,-0.38662,0.140704,-0.359302,0.164435,-0.292825,0.183107,-0.210406,0.20026,-0.127249,0.226078,-0.041646,0.25936,0.05071,0.300499,0.141396,0.348033,0.231147,0.399954,0.32414,0.442413,0.426012,0.482298,0.660485,0.50006,1.10369,0.449156,1.642861,0.279939,2.128387,-0.06649,2.461854,-0.576284,2.596909,-1.202179,2.511766,-1.847945,2.172245,-2.375615,1.57348,-2.765542,0.776947,-3.113111,-0.138321,-3.470273,-1.064059,-3.802503,-1.926282,-4.059168,-2.601075,-4.248419,-3.030274,-4.327291,-3.298784,-4.20042,-3.557013,-3.810008,-3.815213,-3.149253,-3.983028,-2.269728,-4.029513,-1.192196,-3.963271,-0.004098,-3.783502,1.118545,-3.490346,2.062559,-3.071822,2.798506,-2.536344,3.408666,-1.915715,3.928144,-1.269451,4.312599,-0.688082,4.50695,-0.225237,4.502343,0.111287,4.326699,0.373884,4.04644,0.641108,3.709309,0.962544,3.299119,1.37218,2.756879,1.911238,2.104767,2.542708,1.368999,3.175528,0.590811,3.690001,-0.180435,3.9468,-0.946429,3.838727,-1.67134,3.321926,-2.308209,2.477513,-2.803107,1.51377,-3.176708,0.597689,-3.480443,-0.186191,-3.764624,-0.791408,-4.04827,-1.178308,-4.264402,-1.435023,-4.315973,-1.72272,-4.174189,-2.127095,-3.902266,-2.670142,-3.507141,-3.293872,-2.941231,-3.827404,-2.185717,-4.114201,-1.252384,-4.119446,-0.231571,-3.886996,0.776838,-3.487043,1.745375,-2.959836,2.715287,-2.331784,3.65441,-1.605588,4.496439,-0.817565,5.126685,-0.031744,5.407849,0.655083,5.281345,1.215522,4.860694,1.675039,4.275819,1.971511,3.581929,2.070389,2.890072,2.031921,2.290982,1.929807,1.768842,1.79403,1.315716,1.63067,0.943131,1.452608,0.64784,1.284384,0.418106,1.134874,0.270797,1.014669,0.205311,0.901267,0.188329,0.753884,0.196692,0.55843,0.204829,0.337235,0.161148,0.122957,0.066258,-0.026608,-0.047604,-0.070386,-0.129625,-0.033536,-0.165869,0.031277,-0.141831,0.084281,-0.072126,0.107972,0.009315,0.109173,0.070957,0.107778,0.115901
