2,-0.036587,-0.051294,-0.0182,-0.027268,0.002956,0.006498,0.026489,0.031882,0.049523,0.042336,0.064628,0.037554,0.065302,0.019473,0.047033,-0.004617,0.024107,-0.044861,0.003796,-0.09677,-0.00926,-0.138841,-0.023801,-0.138451,-0.030267,-0.106853,-0.028169,-0.080174,-0.016234,-0.080722,0.001556,-0.091566,0.019766,-0.109775,0.037335,-0.132192,0.041057,-0.149979,0.013116,-0.153787,-0.048059,-0.137745,-0.132491,-0.096505,-0.22086,-0.015198,-0.291074,0.144332,-0.338517,0.435119,-0.363052,0.881576,-0.392678,1.48794,-0.470453,2.269576,-0.60294,3.159216,-0.692489,3.951925,-0.636759,4.442766,-0.418093,4.545507,-0.116791,4.27725,0.141682,3.707691,0.29886,2.884892,0.345819,1.879204,0.29782,0.804824,0.19766,-0.196801,0.110263,-1.016779,0.100535,-1.6473,0.186609,-2.14981,0.318585,-2.573014,0.4568,-2.940479,0.584762,-3.265021,0.701577,-3.5531,0.825324,-3.8175,0.923472,-4.048556,0.928343,-4.167126,0.802072,-4.074267,0.557182,-3.661623,0.257018,-2.871732,-0.027977,-1.712349,-0.259548,-0.279073,-0.4267,1.2326,-0.553325,2.617847,-0.650596,3.767542,-0.698027,4.643204,-0.673143,5.228313,-0.590977,5.543125,-0.47301,5.605738,-0.313301,5.416302,-0.102225,4.95279,0.112605,4.240639,0.279053,3.299074,0.355412,2.231369,0.331184,1.196532,0.226517,0.3468,0.102382,-0.266043,0.021087,-0.687496,0.015408,-1.017501,0.080368,-1.302278,0.170973,-1.530811,0.243483,-1.691086,0.27965,-1.804638,0.276273,-1.912419,0.249752,-2.027297,0.2125,-2.131315,0.176622,-2.198002,0.148981,-2.20553,0.139224,-2.156208,0.161993,-2.058254,0.202363,-1.934203,0.241413,-1.806062,0.271503,-1.693753,0.288943,-1.586784,0.301422,-1.470676,0.301627,-1.335506,0.269927,-1.170825,0.190317,-0.959166,0.078414,-0.705956,-0.031579,-0.452824,-0.105436,-0.236623,-0.126092,-0.080304,-0.092723,0.012083,-0.021692,0.062423,0.055651,0.088212,0.10825,0.103277,0.121915,0.111243,0.1017,0.114994,0.06313,0.121046
2,-0.00718,-0.085791,0.021214,-0.112731,0.044611,-0.145347,0.054503,-0.167114,0.050721,-0.156671,0.027632,-0.111225,-0.01242,-0.053103,-0.061146,-0.010579,-0.114115,-0.0004,-0.151229,-0.019032,-0.168238,-0.050213,-0.153714,-0.073884,-0.112693,-0.079617,-0.04428,-0.080077,0.034182,-0.073257,0.095255,-0.062406,0.114585,-0.049222,0.087057,-0.037328,0.027848,-0.029936,-0.038373,-0.014664,-0.087593,0.014535,-0.113685,0.073103,-0.125289,0.182818,-0.151616,0.390251,-0.222982,0.770132,-0.352925,1.393537,-0.543104,2.276049,-0.759088,3.317887,-0.929265,4.331197,-0.999085,5.139893,-0.98904,5.611439,-0.903056,5.67655,-0.749822,5.329802,-0.567207,4.629194,-0.377073,3.677824,-0.176883,2.562645,0.019678,1.422307,0.192345,0.421661,0.330291,-0.342829,0.430918,-0.880656,0.506464,-1.292671,0.587195,-1.704361,0.672923,-2.143918,0.724017,-2.584418,0.735259,-3.012401,0.724214,-3.393313,0.697847,-3.716377,0.646402,-3.988034,0.56987,-4.177022,0.480607,-4.240701,0.383976,-4.17132,0.289491,-3.960567,0.206513,-3.57354,0.117265,-3.004357,0.016624,-2.281116,-0.092282,-1.395087,-0.205411,-0.341678,-0.30702,0.833971,-0.378852,2.020808,-0.398348,3.106856,-0.366633,4.005958,-0.317592,4.694915,-0.270627,5.189333,-0.226404,5.479213,-0.179675,5.532524,-0.136353,5.323481,-0.108537,4.855973,-0.109264,4.161324,-0.124406,3.264328,-0.141354,2.223557,-0.144253,1.152216,-0.126325,0.140631,-0.092083,-0.783589,-0.038669,-1.635191,0.06297,-2.405747,0.217265,-3.029292,0.37445,-3.456601,0.505216,-3.682991,0.592612,-3.77255,0.633138,-3.80339,0.631716,-3.818153,0.595721,-3.821894,0.535695,-3.795769,0.468174,-3.694891,0.391345,-3.472512,0.298792,-3.111333,0.203747,-2.641369,0.119581,-2.100943,0.047557,-1.525108,0.004724,-0.968895,-0.012292,-0.497917,-0.00892,-0.144964,0.012089,0.098191,0.034882,0.252707,0.049091,0.323099,0.050231,0.321875,0.046324,0.259432,0.038038,0.175437,0.022534,0.110288,-0.003566,0.08722
2,-0.073398,-0.103637,-0.069134,-0.074533,-0.055208,-0.060706,-0.036742,-0.064673,-0.020871,-0.076301,-0.000967,-0.084398,0.013547,-0.091814,0.019249,-0.109511,0.02033,-0.136109,0.010876,-0.16461,-0.008158,-0.178939,-0.029127,-0.168897,-0.034992,-0.135219,-0.025824,-0.089649,-0.007945,-0.046562,0.004917,-0.020953,0.006143,-0.02299,-0.003267,-0.05152,-0.022853,-0.072366,-0.054144,-0.029137,-0.110635,0.11635,-0.211334,0.379139,-0.369284,0.795582,-0.57842,1.401097,-0.797741,2.182707,-0.966624,3.108615,-1.007962,4.050579,-0.914254,4.883516,-0.729907,5.479184,-0.50362,5.68978,-0.268223,5.502535,-0.047477,4.953839,0.128495,4.12881,0.22616,3.068306,0.235447,1.827579,0.147152,0.535979,-0.004372,-0.606992,-0.152973,-1.460717,-0.214519,-2.047924,-0.127919,-2.466574,0.072559,-2.799793,0.310997,-3.076429,0.538815,-3.30346,0.715818,-3.497979,0.823586,-3.697301,0.847603,-3.908858,0.77628,-4.098531,0.63007,-4.215804,0.484204,-4.234949,0.365911,-4.108687,0.253856,-3.768043,0.133582,-3.187227,0.015726,-2.393107,-0.087452,-1.443421,-0.177611,-0.363592,-0.280005,0.841152,-0.413545,2.174091,-0.55124,3.569371,-0.628264,4.86626,-0.603236,5.930138,-0.503659,6.721029,-0.3916,7.174652,-0.30777,7.191442,-0.234455,6.7314,-0.162168,5.888047,-0.102312,4.781496,-0.066638,3.521057,-0.064596,2.195771,-0.099683,0.900682,-0.149955,-0.287196,-0.174318,-1.292179,-0.143686,-2.089347,-0.041936,-2.697968,0.109397,-3.140223,0.272571,-3.420683,0.43246,-3.559977,0.556971,-3.60086,0.617889,-3.602822,0.608854,-3.615593,0.52032,-3.645103,0.385048,-3.628467,0.273731,-3.515281,0.231076,-3.316068,0.265177,-3.064159,0.327022,-2.767221,0.364587,-2.435267,0.350684,-2.062967,0.291507,-1.637769,0.192427,-1.178215,0.091458,-0.725107,0.01667,-0.325337,-0.022708,-0.010247,-0.030575,0.199441,-0.015136,0.305124,0.0125,0.320835,0.044877,0.280162,0.06893,0.228223,0.074298,0.196484,0.064838,0.194823,0.048358,0.221513
2,-0.061353,-0.38285,-0.067039,-0.378125,-0.073197,-0.368127,-0.078757,-0.351723,-0.077161,-0.321756,-0.06449,-0.276649,-0.039056,-0.222599,-0.010432,-0.170266,0.016082,-0.128853,0.032421,-0.102481,0.036178,-0.078561,0.026354,-0.05715,0.006242,-0.038937,-0.015533,-0.025183,-0.033915,-0.013225,-0.042485,-0.01309,-0.047916,-0.022267,-0.047708,-0.034045,-0.047265,-0.047932,-0.042934,-0.058177,-0.036822,-0.065021,-0.025598,-0.069187,-0.009167,-0.07169,0.009595,-0.076028,0.035627,-0.088089,0.058214,-0.108038,0.074784,-0.131891,0.082539,-0.133104,0.067802,-0.039219,0.014984,0.281832,-0.092696,0.991985,-0.272547,2.135117,-0.476915,3.470613,-0.587084,4.669853,-0.569284,5.475347,-0.422098,5.746658,-0.216656,5.480822,-0.005873,4.753069,0.165695,3.72716,0.251549,2.541978,0.264935,1.318579,0.236198,0.167192,0.192826,-0.82646,0.139499,-1.645279,0.111196,-2.324811,0.11965,-2.860346,0.152622,-3.23757,0.194412,-3.476315,0.263953,-3.624008,0.359183,-3.735246,0.445819,-3.844436,0.492477,-3.948073,0.487996,-3.96557,0.443351,-3.783565,0.357231,-3.31717,0.200657,-2.537109,-0.011583,-1.436014,-0.267031,-0.001836,-0.517348,1.637615,-0.692869,3.245795,-0.735573,4.604932,-0.633273,5.550759,-0.42352,6.074516,-0.194359,6.257218,-0.007047,6.132215,0.130151,5.703018,0.232996,4.978214,0.296815,4.010705,0.279864,2.873516,0.163027,1.676342,-0.013054,0.580516,-0.193586,-0.292291,-0.331115,-0.911811,-0.383474,-1.31083,-0.323254,-1.514657,-0.177664,-1.536726,-0.005027,-1.422475,0.150828,-1.230717,0.26217,-1.028472,0.311729,-0.877154,0.305891,-0.797462,0.244063,-0.768716,0.155352,-0.760619,0.067565,-0.750708,-0.00783,-0.732563,-0.066086,-0.706987,-0.107729,-0.679615,-0.137485,-0.645818,-0.145881,-0.599059,-0.124748,-0.523054,-0.085349,-0.424289,-0.042171,-0.317287,-0.012471,-0.210662,-0.006762,-0.118792,-0.017129,-0.061088,-0.035069,-0.037538,-0.046997,-0.045399,-0.05115,-0.064127,-0.04932,-0.078934,-0.0505,-0.086604
2,-0.064978,-0.063042,-0.034083,-0.06625,0.004309,-0.075804,0.041764,-0.087143,0.073545,-0.095438,0.090073,-0.10292,0.09406,-0.115871,0.084134,-0.129993,0.064555,-0.148636,0.045157,-0.178205,0.03986,-0.210497,0.039774,-0.24433,0.040972,-0.271498,0.04307,-0.288189,0.044453,-0.297238,0.042037,-0.306666,0.037369,-0.311284,0.031938,-0.305898,0.022831,-0.27805,0.014658,-0.227862,0.023989,-0.171406,0.037664,-0.129348,0.051937,-0.102112,0.056436,-0.086601,0.054961,-0.084724,0.053414,-0.08757,0.051176,-0.08274,0.047795,-0.032542,0.039554,0.110211,0.016582,0.40014,-0.051649,0.88356,-0.17786,1.579492,-0.354432,2.444432,-0.527281,3.362343,-0.616693,4.169374,-0.596747,4.76768,-0.446156,5.069946,-0.204265,4.885657,0.077716,4.149589,0.290905,3.172751,0.394621,2.124964,0.399402,1.153139,0.357044,0.244309,0.287919,-0.572891,0.236675,-1.28595,0.237952,-1.909224,0.299977,-2.439077,0.412474,-2.873806,0.543306,-3.230636,0.645643,-3.545161,0.687128,-3.799798,0.651123,-3.946019,0.538295,-3.925045,0.368611,-3.710545,0.186646,-3.30654,0.016759,-2.64762,-0.114593,-1.640034,-0.236869,-0.317562,-0.370844,1.174037,-0.487449,2.686702,-0.52039,4.055052,-0.465756,5.121489,-0.353947,5.748131,-0.226322,5.927814,-0.069139,5.80553,0.064556,5.412932,0.159072,4.829192,0.200313,4.073997,0.190312,3.171628,0.149379,2.160875,0.092028,1.152645,0.02182,0.25851,-0.059454,-0.46448,-0.10553,-1.008814,-0.087101,-1.411408,-0.010041,-1.679296,0.102822,-1.78798,0.211122,-1.732046,0.285705,-1.547974,0.293558,-1.324052,0.249045,-1.133866,0.186199,-1.00894,0.135668,-0.948385,0.109372,-0.942595,0.118036,-0.97231,0.136643,-0.993653,0.151373,-0.96517,0.149798,-0.86848,0.131141,-0.704405,0.098056,-0.508357,0.057577,-0.311342,0.013369,-0.13986,-0.032733,-0.02709,-0.076277,0.011255,-0.117681,-0.013004,-0.152615,-0.084638,-0.174596,-0.168596,-0.170989,-0.222996,-0.147504,-0.231117,-0.118941,-0.195815
2,-0.043791,-0.103157,-0.037214,-0.081392,-0.032025,-0.050542,-0.032593,-0.019127,-0.040022,-0.003325,-0.042919,-0.006613,-0.039405,-0.029969,-0.0274,-0.060109,-0.015672,-0.07692,-0.006972,-0.069412,-0.008141,-0.04846,-0.020774,-0.028812,-0.036893,-0.02293,-0.049352,-0.030889,-0.051391,-0.044202,-0.045799,-0.056644,-0.034467,-0.064849,-0.025014,-0.069701,-0.017852,-0.067397,-0.017736,-0.057883,-0.019986,-0.048353,-0.025542,-0.035948,-0.028779,-0.028331,-0.023486,-0.022675,-0.013052,-0.027987,-0.001285,-0.04473,0.001953,-0.057128,-0.006372,-0.028992,-0.023994,0.110954,-0.077236,0.505741,-0.245603,1.363332,-0.549285,2.678912,-0.876868,4.160134,-1.014105,5.429696,-0.958977,6.290577,-0.687095,6.578676,-0.293047,6.283855,0.013221,5.211627,0.240711,3.428835,0.236413,1.924476,0.09999,0.502358,-0.051143,-0.668218,-0.14507,-1.607572,-0.130538,-2.343616,0.016215,-2.887942,0.232319,-3.251502,0.454465,-3.483556,0.636526,-3.654818,0.775975,-3.841328,0.88028,-4.067332,0.952035,-4.325111,0.987829,-4.588434,0.961137,-4.756027,0.856647,-4.663336,0.698441,-4.209848,0.518513,-3.390989,0.30606,-2.253521,0.057254,-0.855285,-0.242724,0.773868,-0.554523,2.451089,-0.74714,3.927322,-0.738734,4.984931,-0.559656,5.630577,-0.369519,6.031649,-0.214359,6.224052,-0.082843,6.091733,0.03517,5.615119,0.117148,4.88748,0.124818,4.013214,0.084632,3.058286,0.057319,2.00602,0.083233,0.889954,0.130435,-0.143399,0.156373,-0.977315,0.190226,-1.644983,0.2482,-2.217952,0.308898,-2.682091,0.347361,-3.018739,0.366894,-3.223111,0.388567,-3.295354,0.42652,-3.246813,0.477774,-3.074899,0.53106,-2.770544,0.551085,-2.368215,0.497456,-1.934059,0.383238,-1.532754,0.256506,-1.205958,0.164176,-0.956,0.120795,-0.772436,0.110349,-0.610721,0.113134,-0.439724,0.121371,-0.26467,0.123542,-0.100184,0.110624,0.040001,0.082657,0.129401,0.05416,0.162357,0.027122,0.154487,-0.003317,0.110737,-0.041003,0.044144,-0.083635,-0.03077
2,-0.039619,-0.048292,-0.048839,-0.009517,-0.059727,0.005555,-0.067883,-0.001938,-0.074885,-0.020012,-0.071101,-0.040795,-0.053845,-0.053478,-0.027316,-0.056786,0.001171,-0.052556,0.021225,-0.045802,0.030146,-0.041143,0.022427,-0.035375,-0.004562,-0.039285,-0.043701,-0.053316,-0.082241,-0.072618,-0.106725,-0.089091,-0.111757,-0.093563,-0.094302,-0.082854,-0.069896,-0.06015,-0.053189,-0.031697,-0.047876,0.040388,-0.04138,0.231938,-0.030648,0.635509,-0.04847,1.321606,-0.162858,2.279388,-0.327747,3.364056,-0.440626,4.334651,-0.445032,5.043816,-0.358394,5.403778,-0.256062,5.240586,-0.163667,4.503597,-0.121625,3.303503,-0.083765,1.960558,-0.047484,0.695448,-0.019684,-0.356391,-0.028602,-1.185084,-0.049392,-1.880923,-0.011338,-2.492744,0.098926,-2.974974,0.240567,-3.317295,0.360483,-3.552788,0.43113,-3.72418,0.442553,-3.897905,0.398999,-4.100953,0.322591,-4.259093,0.265029,-4.290886,0.266397,-4.115947,0.288081,-3.721272,0.242482,-3.100694,0.08043,-2.207118,-0.155232,-1.074514,-0.383524,0.177209,-0.535788,1.49516,-0.614027,2.877689,-0.608973,4.226267,-0.536672,5.318099,-0.401434,5.914985,-0.242935,6.046462,-0.133578,5.894223,-0.143831,5.659915,-0.220052,5.368936,-0.317888,4.984662,-0.413393,4.471438,-0.489511,3.771321,-0.536285,2.842109,-0.522789,1.733453,-0.424524,0.587527,-0.27462,-0.421294,-0.132098,-1.222147,-0.007002,-1.859025,0.135091,-2.351828,0.299611,-2.658937,0.464152,-2.78167,0.585918,-2.764912,0.635805,-2.670443,0.60798,-2.591673,0.506687,-2.603316,0.355811,-2.722335,0.191158,-2.884795,0.057991,-3.016945,-0.00377,-3.065997,0.060024,-3.020543,0.228837,-2.945265,0.434398,-2.800622,0.607238,-2.525886,0.690277,-2.162034,0.656638,-1.761585,0.540853,-1.358455,0.383806,-0.993538,0.224811,-0.690768,0.096906,-0.44969,0.014517,-0.26615,-0.028331,-0.130918,-0.040359,-0.031495,-0.027576,0.040575,0.00313,0.090499,0.039209,0.118352,0.061124,0.13113,0.061652,0.129578,0.03621,0.116601
2,0.005941,-0.086575,-0.006687,-0.117367,-0.009361,-0.141532,-0.004348,-0.14799,0.000234,-0.127249,0.005809,-0.085106,0.012067,-0.045854,0.017575,-0.020862,0.025277,-0.009329,0.031592,-0.006795,0.038761,-0.015765,0.038121,-0.027709,0.025426,-0.041398,0.001884,-0.052535,-0.024279,-0.059668,-0.045383,-0.062323,-0.053143,-0.065252,-0.041675,-0.064441,-0.018085,-0.059532,0.01622,-0.050958,0.052241,-0.04584,0.076756,-0.050134,0.080069,-0.074255,0.066772,-0.120748,0.04672,-0.168224,0.030298,-0.196794,0.020627,-0.200971,0.014403,-0.171502,0.006125,-0.102833,-0.006356,0.014643,-0.024726,0.243829,-0.064465,0.706093,-0.140818,1.491938,-0.282509,2.550514,-0.456217,3.671994,-0.563198,4.558834,-0.549012,4.996934,-0.450509,4.916594,-0.335161,4.382388,-0.223048,3.539931,-0.092589,2.509115,0.044812,1.400215,0.143896,0.371108,0.175074,-0.460476,0.16381,-1.10804,0.167166,-1.666121,0.219334,-2.187226,0.31788,-2.647057,0.434421,-3.053482,0.546167,-3.416888,0.637087,-3.770593,0.698099,-4.100619,0.71736,-4.310724,0.673132,-4.278193,0.540765,-3.944927,0.32046,-3.261489,0.031934,-2.158657,-0.317937,-0.607214,-0.678568,1.225282,-0.956306,3.054603,-1.05451,4.577363,-0.912988,5.629422,-0.626877,6.274032,-0.346085,6.579081,-0.138175,6.461334,-0.001538,5.931057,0.046859,5.04675,0.003877,3.929743,-0.1048,2.692481,-0.225409,1.472126,-0.300659,0.411703,-0.315774,-0.43584,-0.269338,-1.080702,-0.15465,-1.564472,-0.002658,-1.903541,0.13208,-2.109755,0.215268,-2.18313,0.268859,-2.104904,0.32155,-1.882385,0.381176,-1.574381,0.414347,-1.252507,0.39452,-0.959113,0.337534,-0.723532,0.268872,-0.578229,0.199228,-0.528015,0.13047,-0.542779,0.07431,-0.574383,0.025423,-0.586281,-0.020818,-0.567461,-0.070593,-0.510541,-0.113233,-0.419132,-0.132064,-0.325205,-0.126512,-0.265938,-0.100458,-0.261138,-0.050772,-0.296642,0.013585,-0.349103,0.072523,-0.382775,0.098972,-0.376273,0.07933,-0.332474,0.017292,-0.268929
2,-0.031636,0.013306,-0.029817,0.003692,-0.02601,-0.027989,-0.016203,-0.070538,-0.007543,-0.108732,0.005434,-0.130973,0.010153,-0.131263,0.001321,-0.11881,-0.024099,-0.105333,-0.048765,-0.103347,-0.056827,-0.110974,-0.047511,-0.122511,-0.027003,-0.129474,-0.016491,-0.128207,-0.018389,-0.112352,-0.027499,-0.089852,-0.034918,-0.056026,-0.038047,-0.006287,-0.031388,0.049997,-0.01669,0.099168,-0.01046,0.125024,-0.019163,0.114089,-0.032453,0.065284,-0.0408,-0.004784,-0.03621,-0.073704,-0.019245,-0.127609,0.007205,-0.167253,0.043481,-0.187825,0.078914,-0.147642,0.087662,0.019034,0.024739,0.411003,-0.14435,1.121376,-0.399705,2.168916,-0.69778,3.454082,-0.941793,4.652297,-1.00733,5.439923,-0.94166,5.681674,-0.827851,5.42308,-0.679658,4.707114,-0.453826,3.674724,-0.165141,2.494926,0.104188,1.315675,0.264482,0.228108,0.300545,-0.70229,0.283084,-1.483307,0.321151,-2.144553,0.425673,-2.656143,0.573579,-2.982418,0.737183,-3.156568,0.857438,-3.250867,0.900225,-3.321532,0.899997,-3.365924,0.893289,-3.311825,0.854985,-3.054676,0.726688,-2.457161,0.443053,-1.313023,-0.021129,0.453966,-0.623514,2.625472,-1.142278,4.688824,-1.329685,6.123493,-1.231173,6.810253,-1.086077,6.888967,-0.9313,6.403126,-0.7562,5.522606,-0.613236,4.424956,-0.485243,3.190325,-0.328674,1.903859,-0.158425,0.719447,0.014135,-0.25458,0.162333,-1.006953,0.286759,-1.591562,0.391236,-2.017051,0.462617,-2.245988,0.509112,-2.302368,0.545909,-2.269553,0.582879,-2.203504,0.626033,-2.131509,0.665582,-2.074225,0.686556,-2.060927,0.671985,-2.09315,0.619372,-2.150913,0.55402,-2.197973,0.485337,-2.182155,0.408925,-2.071527,0.313186,-1.898713,0.203235,-1.696722,0.100161,-1.444863,0.000451,-1.112808,-0.074688,-0.778936,-0.110863,-0.522859,-0.106524,-0.376111,-0.074429,-0.31474,-0.033183,-0.312442,0.008042,-0.332599,0.026808,-0.346603,0.015881,-0.337596,-0.023349,-0.291294,-0.078939,-0.221141,-0.131381,-0.131811,-0.16867,-0.042057
2,-0.027048,-0.012549,-0.032962,-0.022643,-0.041792,-0.0335,-0.050916,-0.034321,-0.058643,-0.028567,-0.056938,-0.017243,-0.04581,-0.000334,-0.027868,0.011376,-0.008767,0.018711,0.004258,0.013545,0.008841,-0.010151,0.00435,-0.047059,-0.004544,-0.085083,-0.013686,-0.106866,-0.021638,-0.105844,-0.023043,-0.079048,-0.013289,-0.04156,0.001456,0.00038,0.008056,0.034758,0.006062,0.054448,-0.000724,0.059678,0.003155,0.05369,0.013081,0.045388,0.020979,0.041985,0.022529,0.036134,0.013362,0.020536,0.00587,-0.004708,-0.001641,-0.029943,-0.005704,-0.04731,-0.004152,-0.053145,0.008318,-0.05304,0.030692,-0.04022,0.049037,0.005815,0.057224,0.14034,0.001699,0.495794,-0.21357,1.247753,-0.615277,2.457716,-1.069147,3.868662,-1.38965,5.048361,-1.488486,5.574691,-1.346921,5.365288,-1.148716,4.601185,-0.850666,3.559987,-0.512678,2.411885,-0.169043,1.341301,0.165,0.391082,0.434854,-0.4913,0.610234,-1.355158,0.727616,-2.180077,0.82018,-2.924892,1.088542,-5.287047,0.972039,-5.358899,0.823029,-5.290882,0.697924,-4.982043,0.594209,-4.377427,0.439719,-3.39593,0.185494,-1.946949,-0.132348,-0.071259,-0.469678,2.005209,-0.749496,3.895777,-0.869123,5.274638,-0.828538,6.087646,-0.69407,6.47487,-0.54188,6.488228,-0.436965,6.191354,-0.434633,5.701829,-0.520787,5.082517,-0.627002,4.328722,-0.671555,3.433689,-0.631067,2.351921,-0.489877,1.169163,-0.247513,0.052195,0.053748,-0.922778,0.344172,-1.735693,0.620361,-2.448052,0.890396,-3.105555,1.104417,-3.722309,1.205375,-4.32739,1.159357,-4.887378,1.004149,-5.340302,0.843308,-5.612977,0.762052,-5.684441,0.732496,-5.545451,0.692476,-5.157707,0.588359,-4.488413,0.418787,-3.587157,0.199834,-2.620396,-0.003104,-1.755284,-0.111973,-1.076203,-0.086041,-0.593434,0.002899,-0.258713,0.058855,-0.016712,0.03896,0.165937,-0.036437,0.289103,-0.124467,0.363743,-0.188505,0.401463,-0.209066,0.410589,-0.189889,0.375303,-0.147912,0.300278,-0.090258,0.218623
2,-0.056479,0.044564,-0.047032,0.022921,-0.024916,-0.014931,0.007624,-0.047768,0.033438,-0.054325,0.048669,-0.041074,0.049089,-0.0278,0.044127,-0.029907,0.046347,-0.051132,0.062087,-0.0891,0.079665,-0.128138,0.085769,-0.155307,0.073401,-0.173951,0.04049,-0.18536,-0.000816,-0.181785,-0.036656,-0.156646,-0.054998,-0.120879,-0.048119,-0.086547,-0.022415,-0.056045,0.010789,-0.027552,0.035412,-0.005078,0.033219,-0.002529,0.004576,-0.021351,-0.026071,-0.047652,-0.037726,-0.038199,-0.029423,0.067068,-0.023328,0.330398,-0.069467,0.811696,-0.211313,1.56849,-0.451399,2.591398,-0.674053,3.761745,-0.799269,5.014056,-0.832315,6.192994,-0.740305,6.963311,-0.512216,7.049184,-0.281102,6.517774,-0.103806,5.484663,-0.028399,4.152053,-0.059189,2.719422,-0.173988,1.349839,-0.298542,0.168247,-0.31621,-0.807345,-0.184355,-1.620608,0.082495,-2.304983,0.403254,-2.863994,0.68029,-3.33121,0.860502,-3.733604,0.959355,-4.070951,0.991918,-4.359353,0.992909,-4.615968,0.96673,-4.826289,0.909098,-4.904419,0.804397,-4.731034,0.65819,-4.253746,0.490129,-3.522785,0.3187,-2.660168,0.137468,-1.661579,-0.073269,-0.440877,-0.283553,0.967011,-0.461412,2.396865,-0.602927,3.694308,-0.698374,4.805853,-0.730289,5.7105,-0.705867,6.379107,-0.675804,6.72231,-0.641106,6.617861,-0.546593,6.008371,-0.397092,4.999981,-0.222622,3.699546,-0.083481,2.232048,-0.021772,0.769903,0.015369,-0.538935,0.082157,-1.629935,0.203018,-2.518743,0.387603,-3.210351,0.55586,-3.711341,0.67562,-4.083824,0.744288,-4.353229,0.744355,-4.501002,0.680307,-4.52102,0.580549,-4.409133,0.502364,-4.108721,0.472225,-3.646734,0.471532,-3.136026,0.445636,-2.649125,0.381769,-2.170979,0.293509,-1.713588,0.223545,-1.309317,0.170205,-0.959037,0.0886,-0.637931,-0.029602,-0.340963,-0.166503,-0.078059,-0.289127,0.121973,-0.364244,0.253403,-0.363704,0.297492,-0.278066,0.245518,-0.143574,0.12847,-0.015999,0.008514,0.062643,-0.066913,0.080144,-0.075032
2,-0.024077,-0.073871,-0.014578,-0.08472,-0.006178,-0.0974,0.015931,-0.112244,0.031716,-0.129367,0.031029,-0.138819,0.007856,-0.132026,-0.025462,-0.109137,-0.054832,-0.083732,-0.071699,-0.062191,-0.081501,-0.047393,-0.088956,-0.038988,-0.085849,-0.035848,-0.066261,-0.030408,-0.035347,-0.010739,-0.003859,0.016099,0.017457,0.036726,0.021525,0.051688,0.012187,0.054866,-0.008663,0.051334,-0.024352,0.052151,-0.029183,0.068789,-0.014391,0.103384,0.018538,0.149377,0.059419,0.204253,0.09531,0.292025,0.104778,0.466601,0.068504,0.783293,-0.007879,1.25421,-0.114818,1.860741,-0.257918,2.581622,-0.432119,3.390981,-0.623495,4.213671,-0.782844,4.908031,-0.897606,5.320197,-0.918362,5.333509,-0.770096,4.933243,-0.467098,4.199511,-0.09787,3.230613,0.201036,2.095061,0.371912,0.895871,0.408846,-0.208032,0.339774,-1.12357,0.272468,-1.899578,0.294234,-2.59866,0.411412,-3.168868,0.556613,-3.636813,0.698002,-4.062679,0.827431,-4.428183,0.901303,-4.702907,0.859572,-4.905316,0.715436,-5.036621,0.533598,-5.019568,0.371167,-4.712474,0.199664,-4.030998,-0.015515,-2.992567,-0.249838,-1.627549,-0.431425,-0.005635,-0.507237,1.709781,-0.494413,3.367779,-0.418279,4.844999,-0.30729,6.046122,-0.241706,6.964321,-0.246138,7.53329,-0.307638,7.664378,-0.386952,7.307748,-0.477519,6.446643,-0.533749,5.152442,-0.505676,3.631642,-0.394003,2.118539,-0.220477,0.784092,-0.015438,-0.310447,0.171936,-1.194337,0.336546,-1.943055,0.490472,-2.594759,0.596538,-3.103298,0.612544,-3.453247,0.549622,-3.62637,0.45997,-3.604922,0.393768,-3.438181,0.360304,-3.210413,0.352037,-3.002908,0.453791,-2.826261,0.474548,-2.72467,0.437178,-2.536945,0.317802,-2.226069,0.14715,-1.831383,-0.000954,-1.399378,-0.083942,-0.973049,-0.098275,-0.607808,-0.05065,-0.354169,0.033203,-0.198482,0.106592,-0.124118,0.140117,-0.108933,0.12873,-0.130832,0.083207,-0.144895,0.021342,-0.099326,-0.044891,0.014695,-0.094318,0.141014,-0.1044,0.227529
2,0.025894,0.004875,0.034766,0.020686,0.035667,0.020101,0.02027,0.005945,-0.015163,-0.011754,-0.05388,-0.028571,-0.083986,-0.049655,-0.0989,-0.059031,-0.089219,-0.053896,-0.065784,-0.041163,-0.035255,-0.029195,-0.004476,-0.014835,0.026856,0.000474,0.046796,0.007928,0.037722,0.003627,0.003583,-0.002298,-0.03708,-0.00656,-0.065154,-0.004977,-0.071679,-0.00328,-0.063751,-0.000768,-0.043418,0.001331,-0.017137,0.000882,0.011646,-0.007468,0.036723,-0.023564,0.045292,-0.041733,0.045094,-0.047944,0.038185,-0.023258,0.036599,0.065025,0.042412,0.282206,0.02317,0.716193,-0.067326,1.456191,-0.248843,2.507851,-0.481249,3.728444,-0.717107,4.897439,-0.901825,5.7686,-1.005036,6.123839,-1.020326,5.929574,-0.935584,5.25138,-0.696583,4.150849,-0.327142,2.803185,0.054572,1.493941,0.331696,0.364401,0.419995,-0.598845,0.377963,-1.423885,0.335993,-2.129663,0.363215,-2.743189,0.442591,-3.263161,0.54502,-3.727551,0.643121,-4.16017,0.713771,-4.549339,0.746411,-4.885158,0.729378,-5.135509,0.65572,-5.264615,0.522432,-5.196403,0.329089,-4.842978,0.107947,-4.171112,-0.136916,-3.125095,-0.410112,-1.654621,-0.662586,0.122116,-0.796617,1.993934,-0.76677,3.749035,-0.578637,5.172617,-0.314434,6.175701,-0.117581,6.830208,-0.051847,7.174839,-0.106871,7.182301,-0.272488,6.821545,-0.50196,6.118752,-0.667911,5.104258,-0.664546,3.820764,-0.488553,2.364688,-0.223731,0.872813,0.027568,-0.512079,0.217485,-1.669094,0.374366,-2.608407,0.535316,-3.427049,0.663882,-4.157166,0.742142,-4.800861,0.765682,-5.298911,0.770353,-5.551285,0.744328,-5.513758,0.676199,-5.19808,0.550741,-4.653872,0.400294,-3.978063,0.288002,-3.306257,0.222173,-2.712487,0.198952,-2.183264,0.200187,-1.673047,0.185654,-1.165651,0.120563,-0.688724,0.02032,-0.303924,-0.078645,-0.038194,-0.154,0.098946,-0.193564,0.123998,-0.205814,0.064287,-0.198848,-0.012227,-0.175939,-0.037323,-0.138376,-0.007336,-0.085471,0.048184,-0.029258,0.087656
2,-0.042266,0.019059,-0.054683,0.027294,-0.065262,0.015216,-0.069652,-0.004817,-0.059008,-0.019554,-0.04336,-0.024843,-0.034222,-0.020689,-0.043087,-0.01861,-0.053119,-0.029829,-0.043665,-0.046358,-0.015047,-0.070545,0.020604,-0.087972,0.053605,-0.092157,0.074256,-0.084232,0.073081,-0.070667,0.051538,-0.06267,0.011984,-0.064368,-0.020193,-0.072281,-0.033196,-0.076388,-0.0244,-0.078453,-0.004155,-0.084402,0.026078,-0.098419,0.051579,-0.115708,0.069416,-0.100728,0.074698,0.006233,0.069161,0.241712,0.042388,0.660758,-0.035029,1.343879,-0.167201,2.309072,-0.326432,3.494394,-0.44746,4.767424,-0.483643,5.968426,-0.417587,6.871579,-0.297261,7.196723,-0.130547,6.837153,0.04277,5.855959,0.185378,4.440636,0.254245,2.767473,0.221809,1.052075,0.091931,-0.502084,-0.051288,-1.7828,-0.08931,-2.797976,0.004123,-3.542083,0.173931,-4.011882,0.377584,-4.299044,0.550659,-4.493716,0.65159,-4.648109,0.652,-4.780196,0.584346,-4.86303,0.488205,-4.826045,0.365142,-4.597966,0.216028,-4.071132,0.054652,-3.225162,-0.101474,-2.205514,-0.222277,-1.091301,-0.28754,0.109407,-0.300169,1.362501,-0.307273,2.620696,-0.345801,3.878357,-0.416793,5.069757,-0.496277,6.129262,-0.539392,6.98591,-0.578326,7.501554,-0.577478,7.487291,-0.481441,6.914741,-0.316866,5.917429,-0.162298,4.66102,-0.076363,3.261838,-0.057275,1.82382,-0.046141,0.462816,-0.000922,-0.742514,0.10093,-1.792926,0.264286,-2.723763,0.436604,-3.491012,0.527803,-4.073135,0.521865,-4.517514,0.481062,-4.852011,0.468823,-5.063783,0.503227,-5.086788,0.511441,-4.861699,0.421104,-4.353252,0.239916,-3.643278,0.056229,-2.961722,-0.028944,-2.466827,0.012292,-2.145248,0.103983,-1.904765,0.170016,-1.657732,0.18811,-1.362643,0.151907,-1.01658,0.076603,-0.629421,-0.003771,-0.283948,-0.048275,-0.066293,-0.049266,0.004987,-0.027601,-0.019863,-0.010218,-0.086986,-0.003916,-0.140173,0.009861,-0.131431,0.033573,-0.051014,0.061667,0.081629,0.100527,0.226256
2,-0.054804,-0.086282,-0.019304,-0.094901,0.008553,-0.111029,0.02291,-0.120505,0.02547,-0.109259,0.009947,-0.080886,-0.027793,-0.045426,-0.078232,-0.011716,-0.118634,0.017856,-0.129529,0.037942,-0.112399,0.048246,-0.079038,0.05411,-0.039497,0.048156,-0.004981,0.025096,0.014449,-0.007113,0.010873,-0.02393,-0.006215,-0.015047,-0.02096,0.008847,-0.023664,0.029771,-0.014548,0.030065,0.000872,0.00325,0.012016,-0.035941,0.016303,-0.078083,0.020108,-0.101894,0.033471,-0.079752,0.058365,0.018348,0.091305,0.216693,0.107488,0.547707,0.082732,1.077297,0.008992,1.828945,-0.137381,2.774677,-0.332818,3.809977,-0.512328,4.779989,-0.627507,5.529209,-0.679215,5.90368,-0.686434,5.852603,-0.665292,5.403829,-0.64154,4.62643,-0.575059,3.602694,-0.378432,2.431527,-0.073342,1.232363,0.206365,0.114044,0.381903,-0.904371,0.454803,-1.798693,0.506304,-2.615603,0.603977,-3.357735,0.728586,-4.003413,0.845004,-4.543437,0.947161,-4.953797,1.022775,-5.204889,1.016902,-5.243919,0.873418,-5.021999,0.634092,-4.573747,0.400495,-3.978044,0.189668,-3.242193,-0.046668,-2.331111,-0.300306,-1.231681,-0.521116,0.015452,-0.660435,1.335016,-0.727157,2.634666,-0.74817,3.844608,-0.715651,4.888223,-0.661202,5.701257,-0.587674,6.23575,-0.48442,6.488814,-0.366928,6.472386,-0.283686,6.206854,-0.234548,5.67936,-0.154347,4.820687,-0.01397,3.562545,0.135687,2.062147,0.25508,0.59984,0.325598,-0.656267,0.336097,-1.708244,0.345318,-2.569859,0.402157,-3.24895,0.482292,-3.72138,0.537747,-4.054129,0.567604,-4.318422,0.582988,-4.521005,0.578592,-4.635728,0.545175,-4.605317,0.485021,-4.370246,0.395459,-3.957597,0.28818,-3.456392,0.186054,-2.925381,0.113891,-2.400611,0.066696,-1.87638,0.026628,-1.345542,-0.002414,-0.830633,-0.023934,-0.349001,-0.046228,0.067619,-0.064362,0.354527,-0.062198,0.488693,-0.054181,0.497177,-0.048936,0.420155,-0.05368,0.297956,-0.07188,0.172175,-0.087648,0.072353,-0.086425,0.024776
2,-0.003507,0.019249,-0.000219,0.051962,-0.003068,0.068257,-0.044745,0.019573,-0.081025,0.051352,-0.089954,0.084506,-0.110227,0.072752,-0.111998,0.046654,-0.097246,0.021686,-0.086227,0.000551,-0.071551,-0.010081,-0.064217,-0.027151,-0.052457,-0.038303,-0.026057,-0.027143,-0.01202,-0.005774,0.000758,0.004699,0.023912,0.007685,0.052259,0.00679,0.063151,0.005295,0.056412,-0.000451,0.038831,-0.010078,0.017845,-0.02242,0.005393,-0.035716,0.001479,-0.050008,0.006728,-0.064436,0.017475,-0.080315,0.02065,-0.09202,0.006675,-0.080415,-0.010538,-0.016032,-0.014696,0.127162,-0.002406,0.374397,-0.018804,0.820728,-0.071245,1.522204,-0.156531,2.453291,-0.232392,3.477125,-0.330221,4.448686,-0.391536,5.219082,-0.378332,5.649614,-0.292097,5.681571,-0.167955,5.310891,-0.064893,4.550606,0.070361,3.483153,0.227932,2.2609,0.342608,1.069589,0.359613,0.018453,0.270249,-0.870213,0.150742,-1.607862,0.090514,-2.255741,0.099081,-2.831202,0.141332,-3.309344,0.200541,-3.676553,0.284324,-3.941865,0.378754,-4.104263,0.432494,-4.144983,0.425609,-4.081448,0.362682,-3.954847,0.270799,-3.727045,0.169833,-3.280484,0.067069,-2.536618,-0.037951,-1.53359,-0.143029,-0.362091,-0.235421,0.89223,-0.304769,2.165693,-0.3712,3.424177,-0.402687,4.562601,-0.391794,5.452425,-0.351516,6.024076,-0.310028,6.225033,-0.255761,6.025697,-0.162255,5.386197,-0.002476,4.362391,0.173863,3.133213,0.28818,1.881681,0.291878,0.758938,0.215838,-0.186468,0.136902,-1.008733,0.102445,-1.780993,0.130227,-2.538692,0.182605,-3.216831,0.22499,-3.763892,0.261428,-4.183263,0.283958,-4.44752,0.322712,-4.533798,0.378792,-4.42613,0.398719,-4.118103,0.368752,-3.590963,0.285797,-2.86423,0.171701,-2.038077,0.084033,-1.284686,0.040972,-0.694269,0.028885,-0.276175,0.01079,-0.001906,-0.033512,0.130503,-0.10503,0.162147,-0.181412,0.141322,-0.247307,0.103228,-0.279593,0.075448,-0.252581,0.074273,-0.175623,0.096063,-0.074306,0.111077
2,-0.019347,-0.040265,-0.028136,-0.073932,-0.022489,-0.101305,-0.008353,-0.123098,0.007802,-0.142349,0.021807,-0.162601,0.021524,-0.178561,0.009525,-0.180055,-0.016887,-0.163604,-0.047209,-0.140014,-0.054178,-0.133251,-0.032379,-0.144947,-0.00202,-0.164736,0.023157,-0.172298,0.043064,-0.153944,0.066243,-0.100232,0.08831,-0.014676,0.08895,0.116866,0.065005,0.34566,0.024284,0.767892,-0.075617,1.489514,-0.229116,2.475761,-0.363345,3.524153,-0.43301,4.490018,-0.41517,5.3262,-0.321401,5.934278,-0.177501,6.232785,-0.044735,6.052957,0.059122,5.299303,0.08426,3.970044,0.044787,2.592237,-0.060031,1.237603,-0.112536,0.06807,-0.122057,-0.88482,-0.081537,-1.627388,0.026327,-2.232516,0.171922,-2.716147,0.297087,-3.080311,0.383201,-3.341774,0.410261,-3.55815,0.428828,-3.767831,0.455903,-3.973283,0.467597,-4.156905,0.458216,-4.286759,0.44657,-4.336112,0.436811,-4.279698,0.396394,-4.031435,0.275708,-3.504785,0.06774,-2.647958,-0.185229,-1.426888,-0.43547,0.148548,-0.640558,1.869494,-0.72444,3.469718,-0.64041,4.774284,-0.471148,5.783901,-0.332384,6.463338,-0.250847,6.673349,-0.211308,6.416471,-0.179333,5.856307,-0.136725,5.048055,-0.091541,4.056219,-0.060159,2.93104,-0.029323,1.757062,-0.032876,0.534333,-0.074123,-0.593255,-0.131408,-1.469293,-0.165879,-2.11098,-0.139041,-2.55057,-0.05216,-2.749986,0.053302,-2.704853,0.129924,-2.477166,0.160953,-2.160649,0.169199,-1.820028,0.184624,-1.524569,0.199007,-1.304273,0.223023,-1.158593,0.248372,-1.052581,0.231499,-0.918721,0.163226,-0.717714,0.058072,-0.475973,-0.046701,-0.251045,-0.12371,-0.101254,-0.162418,-0.065658,-0.176593,-0.136529,-0.184805,-0.275957,-0.194942,-0.447714,-0.186067,-0.597243,-0.146627,-0.676488,-0.079584,-0.663692,-0.004818,-0.582929,0.051404,-0.479166,0.071006,-0.387725,0.064761,-0.335788,0.046401,-0.3339,0.01896,-0.364988,-0.017424,-0.388892,-0.043556,-0.377399,-0.055131,-0.320981,-0.053358,-0.221855,-0.033619,-0.11659
2,-0.032005,-0.089202,-0.005145,-0.088437,0.011506,-0.083832,0.005156,-0.069839,-0.012432,-0.053778,-0.028425,-0.041211,-0.03237,-0.037472,-0.023947,-0.04403,-0.008161,-0.0628,0.006969,-0.092539,0.030168,-0.141307,0.05385,-0.203099,0.070721,-0.251772,0.067446,-0.268694,0.042722,-0.254153,0.021506,-0.220353,0.016357,-0.182966,0.030979,-0.16195,0.05932,-0.16098,0.081132,-0.158384,0.083353,-0.123127,0.062541,-0.020512,0.008183,0.203381,-0.130898,0.630897,-0.392678,1.365457,-0.788416,2.441382,-1.237451,3.775394,-1.667491,5.186411,-2.035907,6.363456,-2.278838,6.958443,-2.329166,6.862202,-2.259763,6.220644,-2.126571,5.257277,-1.969043,4.09701,-1.759565,2.788491,-1.370848,1.461889,-0.751555,0.358071,-0.025344,-0.476427,0.60122,-1.097434,1.060787,-1.627472,1.40819,-2.141942,1.651364,-2.641696,1.773438,-3.097304,1.794753,-3.491286,1.759986,-3.833279,1.704915,-4.081106,1.639655,-4.198164,1.5883,-4.21887,1.583461,-4.22821,1.586953,-4.273294,1.520148,-4.309684,1.371276,-4.203022,1.183902,-3.854046,0.918551,-3.220208,0.523224,-2.263278,0.052731,-1.011073,-0.400544,0.442751,-0.796135,1.961497,-1.167277,3.483456,-1.489074,4.8862,-1.716661,5.995893,-1.88674,6.737015,-2.017,7.042471,-2.100447,6.839795,-2.119366,6.150403,-2.041188,5.10343,-1.825106,3.842231,-1.427912,2.493217,-0.889561,1.210143,-0.305104,0.10204,0.225155,-0.826176,0.644563,-1.610482,0.967496,-2.278951,1.253998,-2.823656,1.484368,-3.218951,1.602456,-3.446486,1.622679,-3.486059,1.579766,-3.354862,1.512624,-3.070413,1.458115,-2.686397,1.405687,-2.259485,1.309434,-1.852514,1.13178,-1.50725,0.883455,-1.231865,0.602187,-1.033005,0.3357,-0.886853,0.138176,-0.782876,0.020128,-0.707475,-0.049121,-0.621042,-0.09955,-0.505289,-0.128321,-0.359963,-0.143878,-0.18823,-0.152433,-0.017933,-0.146793,0.103396,-0.095508,0.157261,0.009241,0.151758,0.136746,0.124925,0.249487,0.091913,0.307382,0.056315,0.296381,0.015223
2,0.031787,-0.109919,0.01411,-0.074869,-0.000144,-0.038149,-0.011872,0.000792,-0.021065,0.027179,-0.022388,0.0354,-0.010931,0.021271,0.009915,-0.008326,0.022695,-0.0369,0.023353,-0.054603,0.01407,-0.057765,-0.003665,-0.052224,-0.01757,-0.046479,-0.018874,-0.044475,-0.008698,-0.041847,0.003667,-0.041778,0.014413,-0.050689,0.024656,-0.079149,0.032526,-0.101224,0.031623,-0.07583,0.000937,0.060053,-0.078521,0.369152,-0.222811,0.935196,-0.42749,1.829258,-0.659913,3.044765,-0.822974,4.39815,-0.896406,5.726824,-0.912658,6.892941,-0.863647,7.699337,-0.762715,7.761374,-0.613169,6.995823,-0.484223,5.651069,-0.379469,4.108916,-0.274217,2.614155,-0.103022,1.240993,0.065418,0.040851,0.157171,-0.984781,0.237607,-1.838378,0.404652,-2.526436,0.660509,-3.041888,0.893647,-3.415373,1.038995,-3.730997,1.096036,-4.044991,1.097588,-4.374518,1.032151,-4.687068,0.902121,-4.90013,0.793367,-4.918989,0.759967,-4.696883,0.734025,-4.2216,0.65866,-3.515947,0.492423,-2.659563,0.239564,-1.652544,-0.066631,-0.445204,-0.374783,0.962982,-0.65652,2.494076,-0.886342,4.021411,-1.002105,5.373222,-0.986688,6.389541,-0.897705,6.982236,-0.810471,7.114702,-0.758932,6.838188,-0.750131,6.243501,-0.740649,5.390691,-0.676723,4.25892,-0.554747,2.878254,-0.418785,1.418172,-0.291776,0.086432,-0.154607,-1.041306,-0.000608,-1.974661,0.198583,-2.747043,0.447349,-3.336241,0.702134,-3.690117,0.917176,-3.761738,1.060369,-3.571244,1.115675,-3.215125,1.058354,-2.801207,0.882859,-2.432691,0.645899,-2.212924,0.442163,-2.1723,0.324093,-2.251908,0.279353,-2.30065,0.284087,-2.22971,0.29825,-2.067755,0.283771,-1.852241,0.252527,-1.600014,0.220668,-1.358893,0.158101,-1.160853,0.115219,-0.980114,0.099111,-0.771965,0.090641,-0.589471,0.053942,-0.454095,-0.021809,-0.340773,-0.11101,-0.215802,-0.177042,-0.080143,-0.199319,0.040336,-0.177859,0.13235,-0.125947,0.196015,-0.053785,0.22986,0.018444,0.233761,0.063221,0.217245
2,-0.067915,-0.191171,-0.055117,-0.212397,-0.038565,-0.222084,-0.031209,-0.216747,-0.052303,-0.20653,-0.076412,-0.184101,-0.085485,-0.156429,-0.081647,-0.118292,-0.067419,-0.079388,-0.032855,-0.039633,0.006855,-0.003104,0.036254,0.017275,0.037002,0.010435,0.008004,-0.019051,-0.035668,-0.055511,-0.072994,-0.078353,-0.090001,-0.07763,-0.082116,-0.053702,-0.058334,-0.018448,-0.035217,0.015997,-0.017739,0.037659,-0.007714,0.037603,-0.008059,0.01515,-0.008399,-0.017348,-0.002535,-0.036095,0.031363,-0.001995,0.092537,0.171763,0.15244,0.574709,0.163146,1.320259,0.105178,2.444189,-0.029684,3.834181,-0.139917,5.067487,-0.192172,5.748538,-0.308551,5.838892,-0.557715,5.498054,-0.854437,4.786983,-1.072373,3.854575,-1.137907,2.821314,-1.030206,1.740738,-0.780757,0.623929,-0.408367,-0.437201,0.043195,-1.346282,0.501453,-2.11465,0.900333,-2.80538,1.177713,-3.4299,1.277061,-3.930283,1.239317,-4.235095,1.126313,-4.349133,1.033954,-4.334924,0.96996,-4.257125,0.883426,-4.156741,0.762508,-3.958989,0.655514,-3.459658,0.551058,-2.473673,0.384486,-1.004392,0.190304,0.736347,0.020972,2.478834,-0.102807,3.976618,-0.135157,5.110975,-0.155059,5.944413,-0.175094,6.481833,-0.134358,6.637589,0.01738,6.443604,0.248517,5.974936,0.467619,5.211141,0.556944,4.081332,0.430139,2.62161,0.048098,1.119791,-0.365852,-0.225639,-0.592784,-1.349289,-0.488045,-2.319112,-0.124839,-3.076612,0.287291,-3.520374,0.631129,-3.600601,0.889042,-3.369934,1.063564,-2.958124,1.148494,-2.545823,1.086972,-2.284298,0.840277,-2.250547,0.452329,-2.379412,0.056097,-2.524755,-0.192079,-2.580382,-0.23907,-2.489794,-0.135093,-2.227903,0.049102,-1.838757,0.230401,-1.411424,0.354904,-1.04119,0.41501,-0.781725,0.431084,-0.63144,0.395001,-0.526177,0.314683,-0.445542,0.21955,-0.371855,0.113548,-0.317489,0.002471,-0.269851,-0.089362,-0.234862,-0.135561,-0.214352,-0.137452,-0.198101,-0.108468,-0.179194,-0.059612,-0.148467,0.0042,-0.099887
2,-0.03531,-0.06009,-0.026196,-0.052441,-0.022612,-0.057474,-0.026509,-0.074348,-0.035323,-0.089086,-0.045384,-0.106759,-0.048471,-0.119343,-0.044023,-0.128228,-0.027443,-0.122617,-0.007985,-0.101998,0.008969,-0.073377,0.011344,-0.048936,-0.002936,-0.041633,-0.038487,-0.054079,-0.067663,-0.076288,-0.072143,-0.095274,-0.049371,-0.099263,-0.016065,-0.08918,0.013689,-0.076414,0.033778,-0.06185,0.042977,-0.040303,0.042921,-0.007852,0.033402,0.03785,0.010542,0.104158,-0.023179,0.208343,-0.044326,0.399126,-0.055217,0.750906,-0.093921,1.321213,-0.229523,2.124932,-0.388421,3.118389,-0.471739,4.041996,-0.444632,4.678406,-0.30482,4.943891,-0.190074,4.867824,-0.148843,4.548759,-0.182441,4.003818,-0.260693,3.289171,-0.322284,2.452967,-0.3045,1.55059,-0.229273,0.623712,-0.15803,-0.297258,-0.108756,-1.190421,-0.03748,-2.02172,0.08349,-2.739949,0.225653,-3.333287,0.349746,-3.815223,0.422637,-4.183126,0.469865,-4.442446,0.477349,-4.610925,0.440953,-4.698112,0.392892,-4.695382,0.411789,-4.567494,0.509618,-4.249574,0.631498,-3.682091,0.701772,-2.809519,0.646632,-1.614842,0.4352,-0.155508,0.123489,1.375737,-0.165277,2.784932,-0.346879,3.973937,-0.379503,4.986614,-0.283249,5.805799,-0.143332,6.381281,-0.00788,6.678177,0.145883,6.690283,0.30466,6.401363,0.43109,5.795567,0.508656,4.854656,0.500476,3.590138,0.325046,2.135844,-0.019541,0.688461,-0.409523,-0.669927,-0.641364,-1.900884,-0.564726,-2.946202,-0.2431,-3.767311,0.137795,-4.345214,0.456534,-4.695826,0.680417,-4.810436,0.816075,-4.679059,0.871461,-4.362318,0.840721,-4.00015,0.699967,-3.746567,0.479005,-3.67842,0.273791,-3.707865,0.166431,-3.652603,0.173901,-3.372208,0.255045,-2.874061,0.33136,-2.231042,0.350309,-1.548537,0.273303,-0.948536,0.107677,-0.46225,-0.083406,-0.115231,-0.226039,0.082244,-0.276411,0.166133,-0.252398,0.191992,-0.198087,0.195885,-0.129727,0.191858,-0.063675,0.190413,-0.015529,0.188902,0.011986,0.171053
2,-0.007706,0.000799,-0.032419,-0.01223,-0.04051,-0.023917,-0.030385,-0.036009,-0.011368,-0.040144,0.005637,-0.03773,0.010585,-0.033956,0.005074,-0.036344,-0.016156,-0.055407,-0.032144,-0.078844,-0.026866,-0.077482,7.4e-05,-0.026284,0.037019,0.087241,0.062206,0.311219,0.05102,0.713962,-0.008515,1.340151,-0.094494,2.131451,-0.198681,2.995579,-0.310105,3.850094,-0.432792,4.599925,-0.482489,5.110677,-0.475078,5.229952,-0.413597,4.973306,-0.30041,4.452954,-0.171598,3.730377,-0.040235,2.84988,0.056262,1.861675,0.107944,0.832511,0.106027,-0.169142,0.011307,-1.14105,-0.121449,-2.072771,-0.187265,-2.917121,-0.130303,-3.581887,0.030813,-4.01654,0.22043,-4.26791,0.37931,-4.396901,0.500701,-4.438376,0.590174,-4.41583,0.62122,-4.357324,0.579683,-4.25508,0.522076,-4.056168,0.494009,-3.701582,0.481958,-3.183046,0.443119,-2.471413,0.371465,-1.517619,0.267307,-0.332425,0.1429,0.987909,0.012742,2.291209,-0.087908,3.467633,-0.13922,4.436661,-0.07436,5.162177,0.093166,5.695622,0.243349,6.077917,0.323722,6.250364,0.376922,6.163535,0.409237,5.872082,0.397734,5.385576,0.352324,4.675292,0.26802,3.730213,0.150979,2.580241,0.018716,1.337632,-0.128207,0.165421,-0.314031,-0.860934,-0.450931,-1.716971,-0.418906,-2.369805,-0.237673,-2.774836,0.001861,-2.935081,0.243173,-2.862345,0.442086,-2.612745,0.539355,-2.291768,0.483123,-2.021561,0.276945,-1.887865,-0.004918,-1.899755,-0.254429,-1.991435,-0.403181,-2.092602,-0.432638,-2.16622,-0.351284,-2.162849,-0.198533,-2.033239,-0.027085,-1.769278,0.110079,-1.462649,0.160185,-1.204021,0.118368,-1.045816,0.013784,-0.996784,-0.100517,-1.027828,-0.172771,-1.08972,-0.16854,-1.110403,-0.108942,-1.03095,-0.038553,-0.873614,0.015776,-0.686561,0.044558,-0.536293,0.04353,-0.454683,0.023097,-0.428028,-0.003781,-0.422341,-0.013184,-0.401017,-0.002354,-0.341582,0.029959,-0.238957,0.06775,-0.106806,0.08999,0.009201,0.080028,0.076766,0.053571,0.090528
2,-0.018727,-0.144124,-0.001054,-0.142745,0.032059,-0.115259,0.06727,-0.081748,0.08587,-0.059162,0.079225,-0.064736,0.054517,-0.094241,0.020345,-0.139517,-0.010283,-0.187194,-0.028119,-0.224879,-0.034783,-0.230335,-0.026306,-0.193651,-0.00633,-0.126054,0.013545,-0.055032,0.025885,0.008539,0.029077,0.062992,0.026699,0.124034,0.031827,0.20944,0.046012,0.389914,0.037794,0.779406,-0.017124,1.427225,-0.169353,2.237816,-0.381064,3.098831,-0.550752,3.957035,-0.587352,4.635687,-0.55908,4.981834,-0.476801,4.976521,-0.360553,4.613533,-0.215767,3.91203,-0.04626,2.938338,0.114381,1.833944,0.215151,0.716832,0.190193,-0.335131,0.048798,-1.290931,-0.099115,-2.127203,-0.157823,-2.820624,-0.122696,-3.369177,-0.020742,-3.769789,0.092539,-4.029985,0.201484,-4.155669,0.308979,-4.143319,0.408375,-4.0099,0.461912,-3.761324,0.44787,-3.399271,0.398683,-2.888566,0.328457,-2.132184,0.208666,-1.099371,0.06116,0.109125,-0.043922,1.294467,-0.035387,2.309909,0.068502,3.167117,0.172121,3.921307,0.21449,4.564895,0.20231,5.024867,0.155269,5.246987,0.120375,5.243904,0.132283,5.049701,0.156926,4.695154,0.181688,4.197952,0.191866,3.562446,0.155874,2.785589,0.051197,1.877054,-0.111222,0.881554,-0.314012,-0.12887,-0.500543,-1.08283,-0.548709,-1.899225,-0.410824,-2.48164,-0.165899,-2.790678,0.103242,-2.839298,0.336876,-2.703925,0.493849,-2.504087,0.536196,-2.347709,0.447689,-2.273504,0.27092,-2.268851,0.088233,-2.254276,-0.037059,-2.172733,-0.074999,-2.004025,-0.056154,-1.7636,-0.005665,-1.506898,0.02616,-1.288033,0.031392,-1.137726,0.03125,-1.069747,0.023421,-1.084132,-0.002934,-1.176129,-0.053664,-1.329352,-0.101891,-1.466364,-0.111213,-1.494812,-0.077784,-1.335077,-0.049064,-1.054013,-0.042138,-0.726692,-0.041532,-0.437878,-0.027559,-0.233537,0.000723,-0.118203,0.043653,-0.080989,0.100439,-0.083451,0.153199,-0.079085,0.18226,-0.036148,0.176193,0.03297,0.136016,0.104263,0.066118,0.154662
2,-0.206051,-0.317198,-0.183366,-0.333593,-0.196435,-0.34087,-0.238823,-0.345246,-0.250897,-0.328196,-0.235455,-0.295698,-0.213254,-0.26776,-0.191046,-0.24399,-0.17315,-0.224704,-0.162896,-0.205028,-0.152142,-0.182161,-0.136286,-0.154794,-0.117114,-0.120379,-0.10455,-0.09228,-0.102147,-0.078554,-0.106412,-0.077674,-0.117444,-0.084212,-0.130296,-0.089421,-0.132173,-0.08271,-0.120212,-0.065618,-0.097651,-0.049328,-0.068211,-0.036337,-0.037179,-0.032219,-0.006739,-0.031226,0.013686,-0.031706,0.020391,-0.036213,0.018472,-0.052133,0.018431,-0.069477,0.021514,-0.087405,0.032926,-0.101469,0.062356,-0.09502,0.128661,-0.018221,0.217825,0.222968,0.256119,0.73616,0.141343,1.612884,-0.143703,2.789723,-0.464637,3.96852,-0.659211,4.780765,-0.632864,5.038537,-0.471751,4.767621,-0.268673,4.104867,-0.079827,3.171273,0.078072,2.103331,0.187166,1.032385,0.222567,0.071608,0.198509,-0.75352,0.147305,-1.479174,0.114796,-2.158997,0.128152,-2.763541,0.177106,-3.260236,0.25865,-3.66159,0.391883,-3.989987,0.534164,-4.247262,0.629355,-4.437726,0.631373,-4.502823,0.529557,-4.323496,0.346021,-3.714946,0.122224,-2.55914,-0.10844,-0.939031,-0.284633,0.922027,-0.357632,2.790917,-0.324379,4.431061,-0.203649,5.718766,0.000825,6.577243,0.255298,6.998616,0.468288,6.964818,0.59607,6.498019,0.619486,5.631535,0.248279,1.45396,-0.007972,0.055757,-0.258786,-1.092628,-0.439014,-1.970896,-0.483766,-2.635094,-0.373649,-3.145433,-0.159879,-3.498737,0.072378,-3.706623,0.27713,-3.797122,0.4187,-3.771973,0.503453,-3.611158,0.53539,-3.282206,0.508322,-2.830254,0.436987,-2.369222,0.353208,-1.983851,0.276837,-1.693989,0.20981,-1.46755,0.139738,-1.273086,0.067526,-1.084319,0.00017,-0.901617,-0.04292,-0.723164,-0.069515,-0.564932,-0.0898,-0.437966,-0.12138,-0.345506,-0.16603,-0.27966,-0.211698,-0.227692,-0.237814,-0.188157,-0.226558,-0.151292,-0.173211,-0.091986,-0.105127,-0.006209,-0.033644,0.079991,0.024281,0.13946
2,-0.036227,0.018744,-0.036177,0.008932,-0.032416,-0.003863,-0.018755,-0.011183,0.004527,-0.004245,0.028189,0.014607,0.043066,0.033186,0.050212,0.035994,0.041673,0.021461,0.011696,-0.011274,-0.034444,-0.052336,-0.075462,-0.084638,-0.090085,-0.096678,-0.061854,-0.077906,-0.003723,-0.031869,0.046657,0.029008,0.077798,0.076654,0.08878,0.091633,0.079664,0.079401,0.055182,0.052053,0.021026,0.016022,-0.012371,-0.011407,-0.034679,-0.02822,-0.046672,-0.033191,-0.039708,-0.021702,-0.021014,0.003547,0.013029,0.039636,0.050794,0.093519,0.090409,0.166659,0.128628,0.274998,0.15531,0.488208,0.14781,0.923511,0.056759,1.658547,-0.122838,2.634326,-0.270502,3.623593,-0.297687,4.436682,-0.210553,4.951784,-0.078399,5.113039,0.017964,4.914156,0.033337,4.400638,-0.00347,3.617736,-0.055822,2.65152,-0.063854,1.612488,-0.011675,0.612958,0.062224,-0.283574,0.101589,-1.08442,0.093406,-1.837525,0.079196,-2.579267,0.100254,-3.271167,0.167518,-3.850016,0.266029,-4.28667,0.385553,-4.599902,0.51571,-4.806048,0.628631,-4.90518,0.680044,-4.821002,0.615175,-4.429263,0.433074,-3.637531,0.1652,-2.422018,-0.108,-0.895115,-0.305898,0.744611,-0.402337,2.357628,-0.430543,3.86722,-0.378934,5.178378,-0.22832,6.179378,-0.054237,6.874739,0.065715,7.233051,0.083709,7.25052,0.005426,6.873905,-0.156052,6.067039,-0.321601,4.866427,-0.398957,3.397905,-0.378359,1.820964,-0.311572,0.307727,-0.247661,-1.012195,-0.191672,-2.068437,-0.101251,-2.896477,0.074324,-3.555204,0.295086,-4.056731,0.511032,-4.434752,0.695778,-4.71261,0.817917,-4.895069,0.823548,-4.946211,0.690789,-4.839695,0.4968,-4.551116,0.374934,-4.068056,0.37119,-3.371289,0.413773,-2.574985,0.438795,-1.848598,0.411282,-1.245657,0.31553,-0.754295,0.177564,-0.378761,0.040222,-0.147435,-0.076312,-0.045801,-0.155848,-0.017952,-0.200685,-0.025298,-0.223516,-0.042219,-0.231899,-0.040535,-0.227391,-0.011156,-0.196697,0.025099,-0.143039,0.057139
2,-0.008455,-0.009085,-0.017047,-0.029017,-0.03061,-0.04681,-0.038146,-0.051757,-0.02763,-0.048559,-0.009749,-0.036012,0.007353,-0.016769,0.017426,0.010475,0.018532,0.036336,0.015179,0.051178,0.006013,0.04877,-0.001301,0.029656,-0.001041,0.000221,0.008087,-0.023467,0.025314,-0.034701,0.042434,-0.036108,0.049718,-0.037648,0.047132,-0.044731,0.034057,-0.055051,0.018906,-0.064913,0.013987,-0.062756,0.01854,-0.004935,0.026986,0.172595,0.018924,0.557322,-0.060282,1.240812,-0.245307,2.191381,-0.415838,3.272468,-0.526059,4.263708,-0.5203,4.917223,-0.453364,5.186475,-0.375232,5.110413,-0.28568,4.708696,-0.157791,4.023286,0.00393,3.111903,0.175781,2.04031,0.302476,0.899892,0.350278,-0.216142,0.324038,-1.233939,0.255379,-2.153241,0.195905,-2.968922,0.165933,-3.650993,0.134305,-4.170589,0.109643,-4.538876,0.11976,-4.740917,0.172521,-4.766891,0.258537,-4.619204,0.344248,-4.24188,0.390772,-3.496867,0.363934,-2.332392,0.231979,-0.909812,-0.002368,0.673954,-0.234304,2.334919,-0.371848,3.933805,-0.365709,5.325982,-0.255218,6.425024,-0.131029,7.064449,-0.064783,7.205178,-0.043262,6.855344,-0.125348,6.259546,-0.179288,5.342847,-0.170935,4.158139,-0.12757,2.758178,-0.104148,1.285737,-0.105296,-0.114098,-0.128523,-1.321972,-0.151741,-2.268153,-0.117539,-2.986758,-0.051323,-3.534878,0.026362,-3.925989,0.133392,-4.137144,0.317359,-4.10569,0.554142,-3.840514,0.738789,-3.430584,0.797011,-3.005464,0.763955,-2.651258,0.660091,-2.434506,0.508261,-2.367937,0.312597,-2.462563,0.128977,-2.599649,0.053005,-2.659311,0.126729,-2.50466,0.264043,-2.235091,0.35286,-1.924403,0.353273,-1.535162,0.284967,-1.001153,0.195207,-0.414587,0.098191,0.053922,0.020007,0.340372,-0.0484,0.487916,-0.107715,0.520846,-0.149625,0.471222,-0.164708,0.366922,-0.15907,0.243974,-0.134313,0.134513,-0.093746,0.053692,-0.046547,0.000139,0.005287,-0.023733,0.045638,-0.028035,0.059698,-0.016568,0.050146,-0.003938
2,-0.027351,-0.031847,-0.007943,-0.0202,0.0226,-0.012682,0.04445,0.000711,0.059234,0.022925,0.070576,0.050088,0.075846,0.079395,0.079084,0.109044,0.076803,0.137511,0.066563,0.151199,0.04858,0.145784,0.020024,0.118598,-0.015776,0.071218,-0.052919,0.012247,-0.083151,-0.038301,-0.109687,-0.075568,-0.12339,-0.091531,-0.12082,-0.084613,-0.100125,-0.061582,-0.058859,-0.026006,-0.011989,0.005437,0.017343,0.011967,0.022138,-0.01491,0.007153,-0.048952,-0.020177,-0.079601,-0.049939,-0.094674,-0.066192,-0.101479,-0.065818,-0.100551,-0.040535,-0.081392,0.013502,0.003015,0.05756,0.234146,0.033573,0.762244,-0.113829,1.696722,-0.353412,2.9562,-0.585236,4.303343,-0.713205,5.399643,-0.708979,6.058265,-0.616888,6.164946,-0.525741,5.6722,-0.335085,4.563255,-0.123745,3.352669,0.0799,2.022488,0.244603,0.773019,0.296978,-0.351529,0.222249,-1.356593,0.096501,-2.252806,0.048705,-3.03914,0.113217,-3.687001,0.255158,-4.157936,0.440896,-4.461454,0.644024,-4.604513,0.852668,-4.578066,1.013285,-4.387177,1.053378,-4.006492,0.944035,-3.342177,0.702616,-2.33119,0.379454,-0.966413,0.040891,0.616895,-0.255713,2.197477,-0.463235,3.561208,-0.537114,4.593735,-0.48335,5.321943,-0.425146,5.880205,-0.415951,6.271603,-0.429073,6.34318,-0.437435,6.006389,-0.400175,5.260024,-0.305514,4.182285,-0.188625,2.888749,-0.122793,1.523288,-0.102866,0.25673,-0.094502,-0.79701,-0.084199,-1.627278,-0.049167,-2.319713,0.026439,-2.921703,0.118199,-3.448141,0.22766,-3.870272,0.364471,-4.125608,0.522772,-4.136131,0.636003,-3.90526,0.641796,-3.493704,0.557857,-2.99758,0.440305,-2.528779,0.333621,-2.163604,0.255695,-1.906694,0.206354,-1.707247,0.159476,-1.501819,0.074149,-1.236768,-0.052329,-0.912289,-0.18234,-0.574135,-0.264746,-0.292652,-0.290782,-0.10774,-0.275538,-0.028054,-0.22386,-0.034611,-0.154444,-0.093507,-0.081401,-0.162873,-0.027891,-0.218615,-0.007292,-0.243433,-0.02107,-0.227256,-0.05652,-0.173143
2,-0.026399,-0.022592,-0.01068,0.020116,-0.002409,0.062986,0.002428,0.091324,0.012397,0.098286,0.017382,0.082319,0.017467,0.050979,0.012174,0.014084,4e-05,-0.018371,-0.017357,-0.031552,-0.033885,-0.021157,-0.049151,0.003008,-0.054693,0.021174,-0.046134,0.020768,-0.02239,0.001632,-0.00126,-0.013818,0.009926,-0.017872,0.012575,-0.008605,0.000889,0.005246,-0.022884,0.011443,-0.052857,-0.00613,-0.07745,-0.043001,-0.090629,-0.0894,-0.101452,-0.135128,-0.11479,-0.170747,-0.139871,-0.193698,-0.181542,-0.201193,-0.240878,-0.174165,-0.298376,-0.065827,-0.344979,0.214822,-0.397364,0.817722,-0.508802,1.818232,-0.654312,3.08358,-0.727858,4.294122,-0.672655,5.167401,-0.53549,5.64823,-0.375056,5.787982,-0.208817,5.631887,-0.110117,5.068566,-0.079093,4.219017,-0.100565,3.037597,-0.120463,1.817981,-0.07494,0.706814,0.002122,-0.307747,0.079264,-1.248474,0.154728,-2.144291,0.246898,-2.96976,0.320356,-3.683765,0.352165,-4.25364,0.356983,-4.680198,0.363253,-4.939398,0.405137,-4.994939,0.485066,-4.805692,0.589672,-4.272357,0.650268,-3.361318,0.618445,-2.118653,0.519762,-0.650039,0.334145,0.9468,0.073235,2.546549,-0.185153,4.022056,-0.323673,5.259665,-0.339002,6.218249,-0.333833,6.827112,-0.343622,6.948307,-0.371601,6.560589,-0.397739,5.786553,-0.371046,4.766858,-0.307915,3.587279,-0.278003,2.282082,-0.284588,0.929284,-0.274628,-0.355746,-0.246544,-1.463993,-0.174544,-2.396535,-0.026307,-3.2081,0.159259,-3.901363,0.342585,-4.438457,0.519743,-4.770878,0.682664,-4.857345,0.82013,-4.716243,0.933856,-4.387152,0.976216,-3.967446,0.929386,-3.541023,0.803632,-3.129801,0.636326,-2.760253,0.469536,-2.414434,0.343334,-2.058692,0.274261,-1.672497,0.221918,-1.264621,0.148188,-0.865134,0.047684,-0.524404,-0.046094,-0.27826,-0.118883,-0.122876,-0.162564,-0.041702,-0.180193,-0.002172,-0.184763,0.017017,-0.176467,0.028746,-0.163471,0.042904,-0.148225,0.057715,-0.119445,0.062816,-0.08319,0.053831
2,-0.639749,0.239698,-0.63666,0.246034,-0.685577,0.214139,-0.757691,0.164307,-0.824683,0.113392,-0.844249,0.082087,-0.800177,0.079956,-0.722936,0.111322,-0.604727,0.175812,-0.449963,0.263867,-0.290705,0.339832,-0.171509,0.395515,-0.11987,0.413483,-0.135776,0.383279,-0.202136,0.323841,-0.290903,0.257574,-0.376207,0.200876,-0.4598,0.140029,-0.528099,0.056224,-0.556394,-0.060608,-0.527245,-0.194952,-0.446708,-0.321766,-0.352119,-0.419839,-0.292079,-0.491469,-0.258361,-0.541758,-0.209279,-0.560731,-0.135537,-0.565215,-0.065332,-0.571719,-0.017058,-0.587301,0.003896,-0.603184,0.005648,-0.605241,-0.01204,-0.54782,-0.046189,-0.352216,-0.084498,0.038677,-0.122023,0.65619,-0.179486,1.528411,-0.28531,2.670939,-0.454987,3.903842,-0.596891,4.877757,-0.64825,5.378658,-0.542558,5.372306,-0.336895,4.936661,-0.065042,4.154567,0.172514,3.099277,0.250255,1.823625,0.166295,0.365968,-0.015414,-1.107813,-0.194885,-2.292603,-0.258498,-3.11689,-0.156556,-3.63309,0.059316,-3.923477,0.311035,-4.093045,0.525316,-4.160643,0.652339,-4.092728,0.644826,-3.821935,0.520232,-3.336268,0.346345,-2.661305,0.160136,-1.803844,-0.039322,-0.667855,-0.263635,0.808607,-0.479309,2.520551,-0.625833,4.209921,-0.668069,5.573939,-0.562047,6.401585,-0.362481,6.73008,-0.136847,6.598678,0.094904,6.075961,0.316845,5.222249,0.439389,4.126194,0.427294,2.808024,0.255054,1.378715,0.014728,-0.038378,-0.216764,-1.330039,-0.331221,-2.36818,-0.237783,-3.198297,0.041773,-3.833147,0.38255,-4.27681,0.680023,-4.528395,0.875739,-4.555645,0.913555,-4.328035,0.790644,-3.814881,0.575656,-3.072904,0.387586,-2.298506,0.30645,-1.724826,0.3302,-1.447517,0.413616,-1.367752,0.497464,-1.30865,0.519675,-1.160675,0.461866,-0.906977,0.347178,-0.58613,0.203901,-0.253715,0.069413,0.017512,-0.021608,0.176869,-0.057541,0.220124,-0.04985,0.168561,-0.025767,0.075865,-0.007566,-0.035336,-0.001985,-0.13312,-0.010236,-0.183367,-0.036991,-0.162854
2,-0.009584,-0.152834,-0.014302,-0.120047,-0.023247,-0.067239,-0.025755,-0.017303,-0.018669,0.010762,-0.009429,0.017632,0.000469,0.011745,-0.000849,-0.004305,-0.018321,-0.039256,-0.035612,-0.057114,-0.050583,-0.079111,-0.05402,-0.096325,-0.047055,-0.106688,-0.03248,-0.0975,-0.01246,-0.069891,0.006042,-0.034857,0.01643,-0.008753,0.013184,-0.007859,-0.005794,-0.033322,-0.037752,-0.076466,-0.063502,-0.115062,-0.08063,-0.131997,-0.086263,-0.121801,-0.08481,-0.084672,-0.089938,0.006302,-0.10545,0.200806,-0.153453,0.587596,-0.256555,1.317464,-0.38491,2.371414,-0.49862,3.613735,-0.516041,4.776542,-0.424262,5.664375,-0.292697,6.200289,-0.187491,6.32893,-0.115499,6.0085,-0.056378,5.34469,-0.083317,4.342608,-0.17761,3.038558,-0.290399,1.522903,-0.34022,0.010062,-0.311302,-1.276485,-0.214839,-2.255669,-0.006328,-3.020942,0.313491,-3.646656,0.686029,-4.143611,1.034543,-4.500335,1.286461,-4.710595,1.418569,-4.824956,1.40957,-4.870823,1.215576,-4.810416,0.814987,-4.539059,0.320785,-4.010962,-0.12482,-3.228413,-0.4525,-2.120894,-0.617421,-0.623407,-0.601873,1.186906,-0.466169,3.175936,-0.283165,5.044416,-0.113203,6.442969,0.080876,7.220388,0.211735,7.495931,0.266971,7.305143,0.288831,6.690483,0.251661,5.731682,0.166695,4.404122,0.00616,2.732208,-0.173035,0.889344,-0.321136,-0.777863,-0.408642,-2.083647,-0.362556,-2.982306,-0.168253,-3.596593,0.079256,-3.9861,0.31396,-4.185433,0.486998,-4.178038,0.602303,-3.939344,0.666444,-3.527296,0.679216,-2.99576,0.64191,-2.429578,0.573801,-1.88461,0.511085,-1.40278,0.472222,-1.050071,0.435508,-0.846564,0.374173,-0.761504,0.291886,-0.752118,0.192876,-0.762759,0.096084,-0.751209,0.008841,-0.711915,-0.058557,-0.656709,-0.106561,-0.591781,-0.12427,-0.514644,-0.101065,-0.432308,-0.056346,-0.348236,-0.017811,-0.267552,-0.005043,-0.217255,-0.010629,-0.201409,-0.02316,-0.209137,-0.035297,-0.229658,-0.045046,-0.250191,-0.054868,-0.256974,-0.05666,-0.246536
2,-0.080333,-0.12696,-0.080393,-0.11754,-0.067019,-0.097021,-0.04459,-0.064397,-0.02552,-0.030733,-0.010292,-0.009953,0.001101,-0.001026,0.008725,-0.006094,0.011253,-0.018804,0.007527,-0.037034,-0.006907,-0.054503,-0.026713,-0.071032,-0.054033,-0.085617,-0.081291,-0.101271,-0.105248,-0.119005,-0.119829,-0.128003,-0.124084,-0.12296,-0.119139,-0.104908,-0.103778,-0.082207,-0.079882,-0.062335,-0.053708,-0.048689,-0.02615,-0.045603,-0.004774,-0.049138,0.005026,-0.057337,0.002302,-0.07446,-0.010002,-0.091867,-0.032852,-0.111713,-0.049111,-0.1367,-0.053429,-0.165625,-0.041921,-0.186617,-0.022516,-0.186034,-0.004187,-0.121548,-0.0027,0.041431,-0.046545,0.373966,-0.181162,0.987138,-0.410882,1.942957,-0.703855,3.179338,-0.934358,4.459846,-1.043915,5.454108,-0.986418,5.965362,-0.834254,5.989549,-0.63485,5.538534,-0.382871,4.697722,-0.09998,3.572854,0.151745,2.239014,0.366121,0.750683,0.489796,-0.735582,0.521683,-1.995225,0.535389,-2.956034,0.606947,-3.639522,0.736002,-4.105408,0.871917,-4.431585,0.955252,-4.672091,0.948992,-4.857362,0.833451,-4.973621,0.618777,-4.96363,0.378428,-4.743575,0.155744,-4.232008,-0.003118,-3.412643,-0.08015,-2.261341,-0.094886,-0.795822,-0.074013,0.93573,-0.056184,2.798237,-0.044912,4.520598,0.009822,5.823685,0.123546,6.613626,0.260147,6.960504,0.389508,6.911325,0.429141,6.527642,0.386825,5.791049,0.288004,4.746823,0.164489,3.42739,0.044669,1.883168,-0.058163,0.292687,-0.129639,-1.131725,-0.160561,-2.222096,-0.099889,-3.048331,0.046903,-3.706495,0.223568,-4.21623,0.384576,-4.541387,0.52313,-4.627033,0.605817,-4.442575,0.581386,-3.967096,0.478039,-3.220116,0.367997,-2.359274,0.324838,-1.56112,0.364961,-0.950481,0.446643,-0.56772,0.509653,-0.380815,0.503416,-0.3009,0.420805,-0.247936,0.301446,-0.179284,0.17506,-0.113824,0.066629,-0.060213,-0.015408,-0.018749,-0.070209,0.002042,-0.10444,-0.003219,-0.118,-0.028276,-0.111419,-0.055021,-0.088582,-0.07386
2,-0.10734,-0.249249,-0.10231,-0.290808,-0.097128,-0.329208,-0.081735,-0.330505,-0.046993,-0.303116,-0.002946,-0.26392,0.034471,-0.225716,0.049388,-0.184281,0.040889,-0.142784,0.007962,-0.105401,-0.03555,-0.072157,-0.076924,-0.047407,-0.099204,-0.035546,-0.103467,-0.037666,-0.089663,-0.044158,-0.065225,-0.052835,-0.035434,-0.058343,-0.006707,-0.061691,0.008186,-0.060706,0.008163,-0.064963,-0.001422,-0.071297,-0.013095,-0.078699,-0.021499,-0.077629,-0.024558,-0.071275,-0.021243,-0.063867,-0.015786,-0.063898,-0.001689,-0.077699,0.016884,-0.103083,0.030131,-0.111375,0.042494,-0.054584,0.03223,0.156245,-0.05256,0.640368,-0.195063,1.45266,-0.34781,2.537275,-0.468514,3.744539,-0.483408,4.820755,-0.369542,5.542339,-0.186025,5.80358,-0.023992,5.589725,0.074336,4.986457,0.094117,3.905426,0.033653,2.552078,-0.083062,1.058267,-0.206057,-0.355372,-0.3057,-1.506032,-0.299393,-2.356166,-0.122189,-3.022033,0.191039,-3.59891,0.552627,-4.099685,0.859847,-4.516795,1.023064,-4.804111,1.017628,-4.859247,0.862167,-4.654894,0.613241,-4.248351,0.333695,-3.674368,0.086928,-2.838482,-0.109922,-1.636898,-0.236619,-0.082916,-0.282232,1.594253,-0.245843,3.147301,-0.171689,4.447385,-0.093202,5.485781,-0.114758,6.312737,-0.189784,6.830822,-0.249859,6.886939,-0.279608,6.511593,-0.321401,5.830964,-0.368796,4.899827,-0.404441,3.751737,-0.41895,2.437361,-0.351622,1.048219,-0.207116,-0.243681,-0.019572,-1.321657,0.184535,-2.149161,0.396639,-2.809392,0.576548,-3.378916,0.678724,-3.846327,0.714191,-4.183598,0.710658,-4.367274,0.701982,-4.408011,0.668994,-4.304951,0.551202,-4.048194,0.35109,-3.634047,0.125402,-3.126471,-0.053737,-2.603641,-0.149847,-2.114099,-0.168024,-1.657696,-0.120562,-1.248485,-0.035345,-0.876646,0.048217,-0.543327,0.095104,-0.264288,0.091655,-0.051707,0.054892,0.077591,0.00417,0.129773,-0.051249,0.121578,-0.092967,0.069452,-0.120073,0.008526,-0.138439,-0.039821,-0.151902,-0.065021,-0.155543,-0.084224
2,0.009551,-0.053216,0.008537,-0.074493,0.018184,-0.087247,0.036314,-0.090407,0.063978,-0.092501,0.088418,-0.107415,0.108572,-0.146847,0.123356,-0.189493,0.134934,-0.215113,0.134877,-0.206643,0.122114,-0.168345,0.097721,-0.117221,0.066946,-0.068209,0.036135,-0.034106,0.005285,-0.025549,-0.017109,-0.047861,-0.031049,-0.086135,-0.035423,-0.125493,-0.031187,-0.154247,-0.016175,-0.164934,0.002044,-0.161763,0.010632,-0.1458,0.007506,-0.125575,-0.005228,-0.105363,-0.017995,-0.087287,-0.026516,-0.069209,-0.027605,-0.050055,-0.023369,-0.036212,-0.019113,-0.036206,-0.008458,-0.044708,0.004329,-0.042562,0.029692,0.025665,0.086736,0.249967,0.181056,0.730683,0.251912,1.513435,0.217886,2.598166,0.079939,3.896637,-0.069619,5.187863,-0.126752,6.177967,-0.059096,6.547386,0.040991,6.305892,0.088741,5.431208,0.071079,4.223314,0.008965,2.780451,-0.052042,1.214733,-0.145238,-0.310834,-0.262133,-1.592575,-0.361549,-2.593627,-0.359005,-3.386743,-0.257379,-4.015362,-0.083752,-4.511071,0.133666,-4.848366,0.354356,-5.038154,0.522554,-5.095727,0.565027,-4.980664,0.467341,-4.578828,0.325305,-3.866675,0.185152,-2.802391,0.051167,-1.295314,-0.052579,0.55188,-0.099932,2.435028,-0.087119,4.037323,-0.000799,5.164136,0.096772,5.849972,0.143269,6.2303,0.126819,6.3639,0.062135,6.207989,-0.034993,5.717922,-0.164792,4.840616,-0.293592,3.580409,-0.3702,2.050503,-0.398846,0.488087,-0.363162,-0.887011,-0.266244,-1.917798,-0.088398,-2.666336,0.17024,-3.267915,0.435385,-3.759059,0.635344,-4.153457,0.729542,-4.438411,0.706798,-4.596139,0.573744,-4.580956,0.389427,-4.390228,0.207421,-4.042735,0.072224,-3.559319,0.036124,-2.982805,0.077023,-2.420449,0.136018,-1.938245,0.157782,-1.518511,0.128103,-1.108185,0.075278,-0.683624,0.02682,-0.276891,0.002539,0.041482,-0.001297,0.215012,0.004588,0.255373,-0.003089,0.199126,-0.035875,0.098828,-0.087348,-0.00196,-0.135947,-0.067701,-0.169324,-0.082835,-0.168972,-0.071237
2,0.011601,0.031591,0.009839,0.008211,0.003769,-0.01503,-0.011899,-0.036866,-0.031705,-0.05427,-0.044576,-0.057018,-0.049276,-0.039849,-0.047333,-0.014389,-0.045772,0.000452,-0.046731,0.003662,-0.043713,-0.001788,-0.028159,-0.015085,-0.00841,-0.030615,0.006008,-0.045973,0.008951,-0.053522,0.000345,-0.05538,-0.022337,-0.06422,-0.045361,-0.083684,-0.062973,-0.101206,-0.070647,-0.110589,-0.064048,-0.107671,-0.040198,-0.096735,-0.015184,-0.080463,0.002604,-0.055442,0.013032,-0.027008,0.022529,0.005716,0.036707,0.054299,0.069829,0.138605,0.12118,0.285411,0.185244,0.524912,0.245901,0.884327,0.268746,1.39386,0.223256,2.086929,0.075215,2.984799,-0.122243,3.966405,-0.271351,4.753895,-0.311589,5.147161,-0.26185,5.134279,-0.183885,4.783732,-0.111208,4.144958,-0.052133,3.227187,-0.01369,2.124961,0.029019,0.943738,0.064312,-0.167679,0.078762,-1.144778,0.069639,-2.046387,0.084103,-2.949778,0.135565,-3.786925,0.228394,-4.453751,0.333711,-4.909423,0.400681,-5.159723,0.391886,-5.222335,0.31596,-5.075646,0.207325,-4.728165,0.086237,-4.160731,-0.023319,-3.303483,-0.098642,-2.074555,-0.13583,-0.526892,-0.146632,1.166022,-0.135353,2.803973,-0.116827,4.230422,-0.077218,5.333827,-0.024194,6.112181,0.035924,6.56854,0.099467,6.643546,0.114371,6.312145,0.070654,5.625067,-0.031419,4.6188,-0.118291,3.309097,-0.177244,1.879629,-0.213511,0.545206,-0.194106,-0.608084,-0.139348,-1.577149,-0.046186,-2.420507,0.08899,-3.149661,0.246227,-3.714248,0.387479,-4.093134,0.473525,-4.285127,0.490783,-4.278318,0.445211,-4.026243,0.351501,-3.478258,0.235542,-2.708839,0.115961,-1.904026,0.034444,-1.218992,0.014622,-0.77933,0.028695,-0.590419,0.04299,-0.541139,0.037269,-0.535916,0.013435,-0.535157,-0.02297,-0.52523,-0.059454,-0.479051,-0.083059,-0.381233,-0.100735,-0.238966,-0.113974,-0.086271,-0.103402,0.026166,-0.071052,0.093189,-0.024988,0.099984,0.019487,0.065298,0.063509,-0.00997,0.088806,-0.092132
2,0.029359,-0.092825,0.021933,-0.091969,0.027069,-0.085424,0.039517,-0.075479,0.061462,-0.063154,0.080547,-0.063779,0.089217,-0.07544,0.085454,-0.103386,0.070143,-0.140033,0.050445,-0.164956,0.036696,-0.167378,0.023454,-0.146381,0.012112,-0.115763,0.003913,-0.08401,-0.004069,-0.060758,-0.004338,-0.049051,0.007427,-0.05521,0.024546,-0.06664,0.034161,-0.078252,0.034056,-0.082578,0.02108,-0.076392,-0.000423,-0.062797,-0.023964,-0.053444,-0.041018,-0.052531,-0.050518,-0.062188,-0.051533,-0.072806,-0.048321,-0.088678,-0.043048,-0.108784,-0.044202,-0.130005,-0.048385,-0.161934,-0.04388,-0.194939,-0.023107,-0.215125,0.01692,-0.181806,0.0676,-0.026288,0.097337,0.371656,0.040008,1.165388,-0.15298,2.416275,-0.435987,3.973159,-0.646001,5.439386,-0.701418,6.410908,-0.581738,6.637929,-0.365188,6.079621,-0.092439,4.878341,0.180192,3.2753,0.373219,1.650799,0.425964,0.271281,0.350789,-0.776211,0.21335,-1.546144,0.085467,-2.171605,0.027146,-2.749404,0.046862,-3.280308,0.108016,-3.719077,0.192578,-4.028869,0.297824,-4.173639,0.38006,-4.148469,0.407902,-3.918965,0.392988,-3.381385,0.363409,-2.383794,0.313777,-0.898227,0.201946,0.960328,0.023495,2.940598,-0.13195,4.578036,-0.190488,5.574036,-0.15699,5.925349,-0.091383,5.803365,-0.018264,5.317204,0.040881,4.524578,0.075895,3.469619,0.084179,2.264787,0.058217,1.078829,-0.014485,0.050366,-0.102187,-0.768402,-0.175647,-1.402878,-0.192727,-1.886023,-0.136638,-2.160475,-0.018918,-2.186586,0.125335,-1.978386,0.260914,-1.596389,0.363025,-1.143652,0.398982,-0.726336,0.349832,-0.427321,0.237141,-0.262499,0.09391,-0.221193,-0.046828,-0.275336,-0.163691,-0.389185,-0.246539,-0.533767,-0.291209,-0.67022,-0.295116,-0.741094,-0.266514,-0.689501,-0.223787,-0.505612,-0.17168,-0.263681,-0.114684,-0.056985,-0.065168,0.049954,-0.037905,0.044904,-0.028394,-0.045003,-0.029029,-0.173099,-0.036865,-0.295334,-0.047758,-0.379369,-0.060016,-0.403734,-0.07551,-0.36862
2,-0.027105,-0.126501,-0.038307,-0.083535,-0.051316,-0.047078,-0.065382,-0.027723,-0.071831,-0.027054,-0.064025,-0.048927,-0.042674,-0.082723,-0.015519,-0.124689,0.007228,-0.164827,0.018759,-0.195021,0.022839,-0.207555,0.0261,-0.206272,0.031664,-0.192041,0.030398,-0.17293,0.020639,-0.155438,0.002603,-0.141662,-0.022716,-0.130455,-0.04918,-0.117173,-0.06813,-0.103458,-0.081476,-0.093698,-0.079688,-0.087255,-0.066872,-0.086488,-0.040362,-0.083707,-0.016158,-0.078914,-0.004638,-0.076023,0.000452,-0.072491,0.001291,-0.069236,-0.002326,-0.06307,-0.01302,-0.062693,-0.028529,-0.070096,-0.044307,-0.089273,-0.050416,-0.123879,-0.039089,-0.160567,-0.011689,-0.163029,0.045694,-0.051934,0.125694,0.329531,0.178978,1.174568,0.12626,2.512044,-0.020017,4.108407,-0.168197,5.59252,-0.244159,6.65204,-0.210392,7.035561,-0.135626,6.694651,-0.012695,5.351517,0.037929,3.732147,0.014295,1.936142,-0.030916,0.21653,-0.097722,-1.183047,-0.157647,-2.162824,-0.157152,-2.831109,-0.021435,-3.341271,0.218212,-3.738649,0.491757,-4.008477,0.725959,-4.116069,0.882707,-4.013216,0.956915,-3.643287,0.915197,-2.888108,0.72472,-1.654929,0.427293,0.074686,0.058826,2.16402,-0.312996,4.232431,-0.512099,5.72642,-0.42303,6.387402,-0.27121,6.522359,-0.169739,6.292315,-0.128673,5.661293,-0.121172,4.655694,-0.106154,3.316451,-0.083246,1.790252,-0.069957,0.333215,-0.06959,-0.843584,-0.041777,-1.743846,0.033202,-2.454648,0.161882,-3.012215,0.275822,-3.368989,0.347905,-3.487267,0.394454,-3.414583,0.429705,-3.25354,0.462708,-3.108177,0.509346,-3.052326,0.564879,-3.089811,0.624749,-3.129132,0.657195,-3.092303,0.608045,-2.92592,0.470479,-2.655927,0.29366,-2.281538,0.130396,-1.808469,0.013524,-1.316567,-0.053176,-0.90521,-0.09226,-0.609983,-0.11052,-0.428024,-0.117136,-0.337489,-0.122932,-0.30255,-0.120283,-0.300606,-0.104302,-0.318608,-0.075793,-0.324506,-0.053976,-0.295248,-0.046229,-0.227961,-0.06268,-0.130411,-0.097585,-0.014156
2,-0.025107,-0.097848,-0.016583,-0.069836,-0.022199,-0.03382,-0.039352,-0.001397,-0.058978,0.011793,-0.071408,0.001794,-0.073783,-0.021741,-0.070503,-0.053627,-0.053251,-0.085066,-0.020027,-0.113682,0.023599,-0.135376,0.051728,-0.145948,0.048388,-0.14505,0.024238,-0.128983,-0.009241,-0.091947,-0.042282,-0.036735,-0.064561,0.017834,-0.073377,0.054796,-0.067137,0.058195,-0.047393,0.041856,-0.023001,0.016135,-0.002971,-0.005448,0.007945,-0.011376,0.0132,0.014442,0.018164,0.109552,0.026956,0.316874,0.033906,0.700331,0.026479,1.323403,-0.015919,2.192912,-0.075662,3.240719,-0.111956,4.304658,-0.102514,5.143448,-0.085161,5.608516,-0.084786,5.694043,-0.133837,5.227798,-0.226497,4.397119,-0.339454,3.07425,-0.429739,1.599858,-0.409225,0.173709,-0.322234,-1.022969,-0.238215,-1.97195,-0.132329,-2.711843,0.047734,-3.342367,0.256596,-3.872614,0.434596,-4.232527,0.554534,-4.372006,0.639076,-4.286864,0.667061,-3.915999,0.599387,-3.097893,0.433959,-1.712196,0.233311,0.204564,0.090837,2.436661,0.028706,4.537736,0.004434,6.055173,-0.041396,6.788712,-0.163826,6.850255,-0.338162,6.38699,-0.52027,5.592437,-0.656705,4.567515,-0.680296,3.413607,-0.546063,2.213085,-0.315046,1.087612,-0.099124,0.086199,0.015871,-0.763083,0.073356,-1.483456,0.148818,-2.107669,0.253119,-2.603163,0.351452,-2.936984,0.425996,-3.124689,0.498856,-3.180421,0.56809,-3.138615,0.593046,-3.021029,0.543099,-2.872584,0.438126,-2.730452,0.299147,-2.615886,0.15977,-2.549468,0.053919,-2.523516,-0.012511,-2.501615,-0.018475,-2.431945,0.039583,-2.271735,0.128951,-2.022735,0.198266,-1.717963,0.226125,-1.402078,0.21196,-1.128697,0.170273,-0.910798,0.10863,-0.759088,0.044428,-0.681123,0.002926,-0.655178,-0.001583,-0.629964,0.022033,-0.547499,0.049084,-0.381185,0.069305,-0.164043,0.099582,0.040347,0.128892,0.182289,0.146669,0.236898,0.152219,0.211024,0.14728,0.131937,0.135219,0.041765,0.115667,-0.028542,0.083841,-0.057008
2,0.01337,-0.02646,0.012851,-0.042558,0.008086,-0.059084,0.002557,-0.078891,-0.004725,-0.103138,-0.014221,-0.126528,-0.024062,-0.134992,-0.024844,-0.126531,-0.012483,-0.110343,0.006836,-0.089159,0.019741,-0.068607,0.017168,-0.053896,0.00064,-0.049135,-0.020095,-0.055498,-0.025134,-0.068856,-0.015459,-0.079653,0.000358,-0.08768,0.02115,-0.10268,0.044274,-0.130281,0.059758,-0.156524,0.062993,-0.156178,0.052138,-0.089805,0.059258,0.096255,0.111701,0.471013,0.168118,1.088603,0.159237,1.891178,0.040608,2.797977,-0.148611,3.643699,-0.316807,4.263147,-0.413548,4.506601,-0.47589,4.306561,-0.516037,3.556095,-0.566978,2.515946,-0.567365,1.320131,-0.470443,0.182336,-0.30113,-0.776677,-0.142813,-1.544358,-0.029974,-2.18274,0.083484,-2.747413,0.191182,-3.285235,0.267471,-3.782404,0.323182,-4.183034,0.40652,-4.410676,0.506781,-4.407259,0.598588,-4.11047,0.644631,-3.404943,0.575496,-2.23363,0.399126,-0.706854,0.137037,1.060037,-0.168265,2.873295,-0.38048,4.371432,-0.352262,5.313955,-0.16787,5.795388,0.009214,6.006502,0.097243,5.963412,0.095775,5.716596,0.052792,5.260087,0.005965,4.580866,-0.04989,3.539443,-0.128445,2.261018,-0.20966,0.964595,-0.24982,-0.187072,-0.218382,-1.102664,-0.11225,-1.826404,0.066273,-2.424116,0.277201,-2.867448,0.456816,-3.12027,0.576999,-3.167984,0.629693,-2.994557,0.618201,-2.621873,0.532922,-2.13211,0.401715,-1.622446,0.252468,-1.209183,0.110121,-0.972922,-0.002755,-0.902961,-0.063224,-0.945986,-0.077085,-1.021655,-0.074116,-1.078708,-0.061954,-1.066073,-0.033911,-0.977157,-0.002162,-0.827774,0.006072,-0.670958,0.008089,-0.554255,0.011612,-0.494006,0.016785,-0.476345,0.0125,-0.484196,0.001238,-0.496975,-0.014345,-0.508003,-0.036542,-0.514304,-0.059901,-0.502622,-0.072095,-0.468641,-0.076525,-0.402994,-0.075339,-0.31005,-0.077133,-0.22374,-0.080893,-0.164247,-0.088861,-0.14998,-0.103994,-0.171671,-0.120473,-0.223432,-0.133297,-0.290892,-0.144155,-0.363717
2,-0.071812,-0.156215,-0.089645,-0.178595,-0.092463,-0.181132,-0.077538,-0.169852,-0.053025,-0.148849,-0.021163,-0.126891,0.010563,-0.104849,0.030158,-0.081042,0.034699,-0.056933,0.028036,-0.037384,0.019908,-0.023366,0.012303,-0.01356,0.006884,-0.013127,0.00078,-0.01598,-0.002017,-0.019519,0.00303,-0.01679,0.009814,-0.01064,0.010745,-0.009462,-0.00438,-0.01765,-0.024145,-0.041358,-0.038018,-0.069736,-0.039578,-0.083857,-0.024849,-0.081103,-0.002099,-0.064534,0.02692,-0.037553,0.055204,0.004417,0.085812,0.088576,0.110619,0.276383,0.113892,0.662867,0.063923,1.325182,-0.082575,2.265167,-0.322664,3.312601,-0.538674,4.184121,-0.631165,4.697903,-0.577535,4.720829,-0.43579,4.314268,-0.221725,3.471844,-0.01171,2.468212,0.190015,1.380305,0.325562,0.379486,0.354268,-0.462951,0.289527,-1.128971,0.204693,-1.722686,0.176143,-2.323797,0.216534,-2.921453,0.302704,-3.504217,0.372285,-4.042301,0.375751,-4.472719,0.31287,-4.721265,0.25162,-4.731313,0.237446,-4.474171,0.243623,-3.899172,0.216136,-2.930468,0.135811,-1.511712,-0.008623,0.327047,-0.169255,2.381186,-0.275249,4.301941,-0.291043,5.839627,-0.213996,6.89925,-0.152075,7.5155,-0.144796,7.59954,-0.162856,7.139861,-0.224971,6.216558,-0.354283,4.902999,-0.484294,3.257201,-0.55022,1.529793,-0.522787,0.033083,-0.378303,-1.129291,-0.157687,-1.967897,0.114014,-2.603097,0.374203,-3.103263,0.559869,-3.470155,0.659853,-3.677202,0.679185,-3.708661,0.623132,-3.581178,0.518358,-3.313348,0.395913,-2.933597,0.295386,-2.508107,0.253598,-2.103852,0.265802,-1.767893,0.295112,-1.514392,0.311747,-1.34121,0.298411,-1.231246,0.251018,-1.163771,0.175617,-1.112303,0.080026,-1.036882,-0.014216,-0.931376,-0.085024,-0.815083,-0.140289,-0.70454,-0.177437,-0.594264,-0.190067,-0.488018,-0.169667,-0.373227,-0.123495,-0.257428,-0.064183,-0.157321,-0.001172,-0.085455,0.052575,-0.048495,0.074919,-0.049165,0.060837,-0.079069,0.027564,-0.12616,-0.015324,-0.171659
2,-0.029615,-0.171692,-0.019202,-0.137888,-0.005934,-0.084677,0.002249,-0.032914,0.000698,0.005381,-0.00416,0.029583,-0.010187,0.039839,-0.018581,0.038211,-0.035168,0.031802,-0.055536,0.017739,-0.071159,-0.004525,-0.075912,-0.030419,-0.061839,-0.049843,-0.036885,-0.055735,-0.007402,-0.049548,0.023269,-0.045388,0.045285,-0.039668,0.05758,-0.032501,0.047706,-0.028941,0.02038,-0.036047,-0.009445,-0.054952,-0.031424,-0.08077,-0.045409,-0.098597,-0.055659,-0.106623,-0.05297,-0.096906,-0.03398,-0.0745,0.002346,-0.039306,0.041942,-0.005997,0.082205,0.032808,0.124688,0.117825,0.151855,0.344034,0.104515,0.864665,-0.119588,1.823655,-0.48176,3.074968,-0.804137,4.255671,-0.940847,5.067607,-0.906928,5.442923,-0.761022,5.39482,-0.515668,4.951647,-0.223678,4.06039,0.095136,2.776942,0.37837,1.39224,0.544743,-0.003737,0.610809,-1.183475,0.539695,-2.134966,0.481375,-2.82761,0.390861,-3.274792,0.281636,-3.501898,0.21432,-3.573216,0.193525,-3.55062,0.231526,-3.457834,0.303607,-3.284195,0.354081,-2.966347,0.342229,-2.427376,0.256246,-1.524468,0.081307,-0.143844,-0.17702,1.625514,-0.460835,3.528321,-0.691046,5.213864,-0.76957,6.445283,-0.774295,7.28874,-0.751206,7.749196,-0.715904,7.736349,-0.660126,7.226214,-0.625619,6.123583,-0.497111,4.49788,-0.295881,3.006003,-0.085742,1.537364,0.09875,0.18351,0.212544,-1.081766,0.283957,-2.130064,0.343121,-2.951938,0.439085,-3.561848,0.561955,-3.996033,0.702202,-4.29892,0.847633,-4.456061,0.932562,-4.447812,0.91734,-4.311832,0.812188,-4.125179,0.661825,-3.973869,0.52291,-3.851497,0.399466,-3.719508,0.286261,-3.549837,0.188908,-3.328741,0.126697,-3.05379,0.108782,-2.705932,0.11417,-2.263206,0.108282,-1.737077,0.093392,-1.195018,0.069069,-0.742837,0.031392,-0.422505,-0.021048,-0.23073,-0.063417,-0.135165,-0.084261,-0.107081,-0.083468,-0.103824,-0.065308,-0.091518,-0.04086,-0.055082,-0.012148,0.004217,0.015679,0.07306,0.04343,0.120482
2,-0.021469,-0.030064,-0.015311,-0.027299,-0.007264,-0.022181,0.003484,-0.012469,0.014697,0.00267,0.029883,0.020402,0.048245,0.038472,0.059816,0.0504,0.053209,0.052797,0.033336,0.038852,0.012135,0.006644,-0.002924,-0.032427,-0.00956,-0.069553,-0.022144,-0.091276,-0.042249,-0.092465,-0.056047,-0.053492,-0.08281,0.074854,-0.175875,0.381085,-0.390682,0.966826,-0.745774,1.826646,-1.133098,2.794637,-1.415251,3.641054,-1.544743,4.228469,-1.547037,4.548661,-1.449084,4.617571,-1.272905,4.46514,-1.059893,4.122805,-0.842808,3.610175,-0.648637,2.959183,-0.455507,2.227243,-0.193147,1.472075,0.064212,0.699111,0.256217,-0.133735,0.372629,-0.972,0.446089,-1.729503,0.520179,-2.359226,0.60815,-2.82457,0.700321,-3.148623,0.793145,-3.339544,0.880296,-3.396481,0.932334,-3.310397,0.92822,-3.061079,0.868732,-2.68163,0.754619,-2.209713,0.557524,-1.629483,0.276425,-0.891279,-0.07235,0.046974,-0.497374,1.216428,-0.982575,2.55019,-1.415095,3.857646,-1.736918,4.962858,-1.938596,5.731456,-2.0359,6.075384,-2.037386,6.009898,-1.923546,5.61017,-1.709449,4.982269,-1.436081,4.195971,-1.115087,3.349887,-0.758435,2.566104,-0.402623,1.74863,-0.023056,0.957478,0.260061,0.269117,0.468827,-0.371039,0.694481,-1.042147,0.854638,-1.718148,1.001155,-2.330075,1.192243,-2.851313,1.357827,-3.421019,1.475853,-3.998781,1.595144,-4.483179,1.678613,-4.900288,1.72576,-5.267205,1.714786,-5.542911,1.57235,-5.686052,1.307999,-5.719763,1.116186,-5.643503,0.970222,-5.262787,0.729313,-4.463811,0.413301,-3.428887,0.147723,-2.37605,-0.057243,-1.458537,-0.190742,-0.729162,-0.273389,-0.197824,-0.320557,0.162292,-0.324663,0.394943,-0.283587,0.542518,-0.234552,0.61982,-0.197594,0.632268,-0.175429,0.602434,-0.172459,0.553581,-0.179709,0.485904,-0.174609,0.395117,-0.151554,0.305761,-0.117429,0.230999,-0.069818,0.161608,-0.006528,0.098061,0.058596,0.045717,0.115534,0.005026,0.158056,-0.026081,0.189059,-0.052575
2,0.020153,-0.147626,0.003084,-0.162992,0.003734,-0.158622,0.020704,-0.14002,0.033808,-0.111164,0.046931,-0.075802,0.054758,-0.034788,0.047097,0.001692,0.024355,0.031593,-0.010997,0.045715,-0.041309,0.040262,-0.063381,0.022069,-0.074047,-0.000959,-0.074164,-0.022539,-0.068791,-0.044465,-0.053429,-0.060619,-0.038134,-0.061652,-0.031848,-0.045705,-0.035681,0.001013,-0.053548,0.102642,-0.093825,0.321338,-0.180592,0.757705,-0.332524,1.487328,-0.55497,2.468585,-0.823627,3.570122,-1.023266,4.550618,-1.095066,5.189565,-1.024587,5.429945,-0.849335,5.347386,-0.625565,4.966362,-0.401626,4.33674,-0.252392,3.437704,-0.166749,2.376539,-0.11141,1.191336,-0.050161,0.040919,0.071069,-0.893588,0.250266,-1.633712,0.477483,-2.297303,0.744265,-2.940383,0.987816,-3.547621,1.14596,-4.043134,1.209476,-4.348385,1.187706,-4.423545,1.074138,-4.270304,0.860052,-3.888597,0.561088,-3.253419,0.195323,-2.321581,-0.204666,-0.977686,-0.616394,0.837415,-0.962073,2.944309,-1.170897,4.922897,-1.230518,6.416867,-1.241365,7.377388,-1.300032,7.924404,-1.433299,8.084583,-1.645478,7.822944,-1.905459,7.102641,-2.087899,6.008597,-2.030796,4.654494,-1.616181,3.098463,-0.894986,1.497166,-0.106867,0.021662,0.520441,-1.255321,0.914948,-2.2472,1.163532,-2.959687,1.331687,-3.416674,1.437623,-3.62334,1.511977,-3.603227,1.557081,-3.382549,1.550267,-3.033669,1.488123,-2.639638,1.384697,-2.338435,1.262672,-2.231242,1.121086,-2.304365,0.913676,-2.512602,0.615485,-2.72684,0.320301,-2.828507,0.088974,-2.68634,-0.105362,-2.304178,-0.228768,-1.778214,-0.268349,-1.24212,-0.217256,-0.811145,-0.119472,-0.552667,-0.022856,-0.479421,0.051296,-0.531018,0.102617,-0.639946,0.132129,-0.731095,0.141591,-0.750042,0.127808,-0.677859,0.101044,-0.557128,0.08496,-0.441098,0.087832,-0.368263,0.092236,-0.347051,0.088537,-0.355293,0.080499,-0.362061,0.06817,-0.354403,0.048006,-0.325366,0.015231,-0.285413,-0.025868,-0.239233,-0.060622,-0.203943
2,0.23003,-0.160868,0.241902,-0.128583,0.237989,-0.105525,0.213223,-0.093668,0.169488,-0.091587,0.10984,-0.097336,0.050944,-0.100588,0.008386,-0.097833,-0.016084,-0.086717,-0.027588,-0.069166,-0.028933,-0.054285,-0.027299,-0.044328,-0.021641,-0.039124,-0.007785,-0.037948,0.009383,-0.037282,0.028283,-0.040632,0.042796,-0.043632,0.052051,-0.041049,0.052771,-0.025855,0.045982,-0.010809,0.038306,-0.003431,0.032711,-0.002186,0.029713,-0.010234,0.028793,-0.024408,0.038395,-0.036841,0.057697,-0.022843,0.093904,0.06428,0.152549,0.297555,0.222183,0.781468,0.272507,1.609303,0.28295,2.725829,0.282278,3.929244,0.341366,4.976355,0.474119,5.712373,0.636024,5.93756,0.792943,5.732027,0.900466,5.000175,0.910486,3.954343,0.847758,2.670011,0.718337,1.333291,0.576591,0.14711,0.445309,-0.839477,0.321282,-1.643293,0.219558,-2.325125,0.155468,-2.849905,0.110729,-3.208223,0.057643,-3.436262,0.001158,-3.593807,-0.056818,-3.700087,-0.092244,-3.758029,-0.108915,-3.778432,-0.09553,-3.719064,-0.02432,-3.468698,0.102377,-2.94337,0.247698,-2.167759,0.365808,-1.133868,0.450419,0.154837,0.515175,1.612292,0.577093,3.048643,0.695712,4.222189,0.918312,5.030124,1.152767,5.531132,1.287171,5.724262,1.274845,5.601802,1.128266,5.21424,0.951076,4.602858,0.817141,3.701142,0.711342,2.499851,0.523729,1.217739,0.226685,0.034482,-0.120717,-0.968134,-0.452349,-1.823082,-0.718531,-2.55711,-0.938028,-3.151683,-1.117858,-3.586794,-1.242486,-3.82644,-1.282622,-3.855122,-1.210953,-3.676591,-1.052301,-3.354696,-0.846964,-2.962061,-0.648561,-2.53949,-0.49098,-2.111414,-0.387616,-1.807232,-0.342198,-1.708055,-0.340017,-1.738569,-0.344881,-1.74318,-0.337873,-1.620901,-0.321286,-1.382913,-0.293372,-1.074337,-0.257085,-0.74785,-0.217517,-0.431174,-0.16069,-0.182384,-0.092417,-0.03458,-0.033684,0.00819,0.00373,-0.022138,0.013387,-0.084408,0.004838,-0.149008,-0.021565,-0.189149,-0.060458,-0.18316,-0.09282,-0.141738
2,-0.092826,-0.012817,-0.102627,-0.021406,-0.086897,-0.028414,-0.0515,-0.029012,-0.006931,-0.025354,0.035282,-0.019792,0.060334,-0.013952,0.067622,-0.012156,0.059597,-0.017291,0.039541,-0.030092,0.017989,-0.038772,0.002787,-0.046791,-0.006908,-0.056372,-0.008786,-0.069402,-0.008086,-0.087495,-0.01352,-0.109406,-0.028952,-0.128017,-0.045442,-0.134975,-0.047264,-0.126637,-0.035258,-0.095558,-0.015453,-0.047584,-0.002117,-0.000217,-0.004283,0.020957,-0.023508,-0.000251,-0.052373,-0.053415,-0.080434,-0.115034,-0.102157,-0.175018,-0.109877,-0.223031,-0.100586,-0.245905,-0.055042,-0.223259,0.043918,-0.112818,0.209234,0.147793,0.418689,0.686705,0.62675,1.611498,0.823267,2.832378,0.988062,4.122488,1.106916,5.213822,1.16016,5.906756,1.153812,6.095505,1.050163,5.760988,0.826044,4.943032,0.465847,3.731179,0.043164,2.240052,-0.298026,0.702849,-0.485786,-0.690649,-0.563861,-1.841015,-0.564224,-2.742829,-0.509992,-3.414125,-0.455985,-3.847764,-0.451065,-4.097599,-0.51314,-4.219797,-0.615189,-4.252295,-0.721996,-4.206036,-0.786145,-4.073873,-0.764647,-3.797724,-0.637963,-3.303352,-0.442265,-2.552321,-0.187809,-1.522313,0.116392,-0.193936,0.424639,1.354215,0.71369,2.97069,0.96472,4.45343,1.228038,5.554831,1.481501,6.140683,1.628932,6.202217,1.63246,5.828123,1.5042,5.090284,1.26628,3.95052,0.955785,2.464535,0.553395,0.957955,0.128899,-0.302172,-0.242201,-1.314397,-0.475483,-2.168652,-0.601104,-2.836105,-0.723023,-3.28393,-0.896392,-3.564863,-1.101772,-3.705477,-1.287215,-3.654609,-1.39144,-3.28948,-1.365547,-2.64647,-1.178311,-1.951496,-0.900253,-1.40804,-0.61178,-1.099144,-0.383258,-0.975339,-0.259478,-0.981378,-0.227117,-1.048409,-0.244134,-1.09779,-0.277653,-1.048969,-0.31558,-0.881129,-0.355435,-0.628158,-0.369014,-0.371263,-0.330886,-0.159315,-0.232511,-0.016382,-0.0854,0.052197,0.071821,0.05816,0.187961,0.027879,0.253193,0.010131,0.266952,0.027059,0.223412,0.071665,0.127163,0.109689
2,-0.029855,-0.099162,-0.0017,-0.080372,0.020193,-0.052536,0.029862,-0.020544,0.025095,0.005727,0.002637,0.016309,-0.024473,0.009289,-0.045205,-0.007801,-0.059678,-0.023204,-0.065807,-0.025989,-0.059775,-0.022176,-0.048028,-0.022024,-0.035217,-0.032454,-0.019252,-0.053272,-0.003067,-0.087995,0.002377,-0.134493,-0.004001,-0.182122,-0.021545,-0.214731,-0.037687,-0.225844,-0.038847,-0.212092,-0.02296,-0.186049,0.003062,-0.154726,0.021936,-0.128327,0.035283,-0.112092,0.032948,-0.099501,0.021711,-0.082392,0.011277,-0.061997,0.000876,-0.030923,0.010648,0.042793,0.056207,0.226436,0.131529,0.61474,0.197565,1.312425,0.244652,2.329364,0.330725,3.508333,0.510248,4.596629,0.755731,5.421628,0.985262,5.859398,1.114599,5.823825,1.103258,5.296186,0.93477,4.342957,0.603067,3.160093,0.203887,1.913254,-0.148689,0.701747,-0.371701,-0.396322,-0.465399,-1.357617,-0.442974,-2.255973,-0.347955,-3.110693,-0.290046,-3.877074,-0.295536,-4.502308,-0.329516,-4.956454,-0.345232,-5.246699,-0.333584,-5.406052,-0.309521,-5.39429,-0.277002,-5.063519,-0.262402,-4.24738,-0.289753,-2.937187,-0.315613,-1.365081,-0.249455,0.209794,-0.037411,1.668363,0.294683,3.011889,0.665566,4.234375,0.989102,5.281888,1.200701,6.096457,1.264969,6.592032,1.2121,6.658689,1.07551,6.277979,0.868748,5.500335,0.621527,4.342615,0.370239,2.908777,0.108721,1.381925,-0.144374,-0.054939,-0.356976,-1.195926,-0.514183,-2.062755,-0.590362,-2.729331,-0.609922,-3.202734,-0.584346,-3.460912,-0.512471,-3.491831,-0.395209,-3.315338,-0.254791,-2.961029,-0.143485,-2.534672,-0.073438,-2.149834,-0.059876,-1.86702,-0.115526,-1.721411,-0.212385,-1.70856,-0.306903,-1.752855,-0.364186,-1.759822,-0.378989,-1.664412,-0.364673,-1.445402,-0.341115,-1.139526,-0.323069,-0.798131,-0.298698,-0.485717,-0.265256,-0.272748,-0.222051,-0.208862,-0.175714,-0.261004,-0.135022,-0.353466,-0.100603,-0.410229,-0.069981,-0.403168,-0.053782,-0.345064,-0.050817,-0.248683,-0.059609,-0.122422
2,0.187765,0.032997,0.202918,0.04841,0.178983,0.051261,0.127355,0.044282,0.068447,0.026952,0.019137,0.001362,-0.011163,-0.021809,-0.027111,-0.031355,-0.031465,-0.030842,-0.025427,-0.019338,-0.013325,-0.004904,-0.002905,0.006071,0.0004,0.005412,-0.005021,-0.002764,-0.005299,-0.009229,-0.005968,-0.012527,-0.012301,-0.013309,-0.026693,-0.018307,-0.038042,-0.03046,-0.037615,-0.042245,-0.022671,-0.050044,-0.006556,-0.058745,-0.009595,-0.068778,-0.025676,-0.077242,-0.045238,-0.091561,-0.053123,-0.11302,-0.050609,-0.131049,-0.040979,-0.128847,-0.027608,-0.098203,-0.002364,-0.04544,0.019476,0.02207,0.032618,0.124066,0.048537,0.332454,0.075751,0.787538,0.058506,1.654735,-0.051728,2.943853,-0.196752,4.369703,-0.28581,5.537229,-0.266103,6.145789,-0.229047,6.179443,-0.247137,5.731884,-0.374172,4.895208,-0.529717,3.694905,-0.555281,2.305634,-0.460488,0.944217,-0.319201,-0.282079,-0.188779,-1.347525,-0.061365,-2.25068,0.08685,-2.986328,0.209571,-3.546602,0.272932,-3.933348,0.292342,-4.161151,0.285452,-4.257921,0.272756,-4.260863,0.24913,-4.185874,0.215709,-3.995919,0.202009,-3.598354,0.219895,-2.894764,0.227257,-1.897731,0.17517,-0.653043,0.049728,0.728874,-0.11594,2.104497,-0.244509,3.361138,-0.314738,4.468382,-0.320415,5.392113,-0.311392,6.070609,-0.317478,6.432177,-0.35357,6.441551,-0.44808,6.11017,-0.538783,5.464879,-0.499027,4.532754,-0.343111,3.35506,-0.203176,1.973556,-0.16084,0.482534,-0.169804,-0.967591,-0.201513,-2.219186,-0.169141,-3.217172,-0.051446,-3.948553,0.117643,-4.42761,0.319562,-4.646663,0.535206,-4.602504,0.706778,-4.313604,0.764752,-3.843514,0.689655,-3.305615,0.528409,-2.76609,0.355263,-2.312279,0.195814,-1.959676,0.063886,-1.648154,-0.038744,-1.286146,-0.108327,-0.849275,-0.156426,-0.406491,-0.188104,-0.047387,-0.192238,0.173933,-0.18232,0.249466,-0.170026,0.222286,-0.156491,0.145279,-0.139191,0.058123,-0.129833,-0.018725,-0.132149,-0.083971,-0.128438,-0.134883
2,0.394212,-0.547629,0.426183,-0.479882,0.416958,-0.430455,0.379983,-0.41422,0.334294,-0.420921,0.28406,-0.436648,0.239539,-0.454809,0.207661,-0.468676,0.190332,-0.479326,0.175658,-0.475871,0.153012,-0.455957,0.120503,-0.41424,0.076565,-0.349186,0.038956,-0.266983,0.010181,-0.174771,0.007864,-0.104784,0.026704,-0.079085,0.055036,-0.087982,0.077627,-0.112186,0.088839,-0.130412,0.078772,-0.138211,0.056233,-0.143611,0.030543,-0.150178,0.009569,-0.161188,-0.002561,-0.180147,-0.003878,-0.209552,-0.003133,-0.246793,-0.005087,-0.276856,-0.001993,-0.280214,0.004286,-0.227069,0.01523,-0.078991,0.028596,0.189931,0.032377,0.625061,-0.015006,1.312104,-0.164175,2.284034,-0.450669,3.443382,-0.805998,4.556273,-1.035423,5.393336,-1.0028,5.646856,-0.798639,5.272966,-0.359425,4.32545,0.14295,3.013563,0.584738,1.589621,0.871738,0.239184,0.982133,-0.92131,0.97524,-1.861346,0.941355,-2.623195,0.967505,-3.243456,1.073212,-3.73106,1.213259,-4.120117,1.286251,-4.397262,1.20476,-4.468882,0.936183,-4.244018,0.511817,-3.684221,0.010446,-2.735665,-0.439815,-1.418677,-0.749158,0.152669,-0.889099,1.825662,-0.913284,3.388687,-0.86127,4.64828,-0.780367,5.507133,-0.696515,5.981647,-0.623087,6.087943,-0.546202,5.857235,-0.465177,5.347704,-0.367464,4.610597,-0.261823,3.683162,-0.176447,2.633829,-0.128727,1.562266,-0.123663,0.541576,-0.138297,-0.393854,-0.135832,-1.240206,-0.089969,-1.972534,-0.00462,-2.568789,0.083438,-2.970116,0.153356,-3.161318,0.205451,-3.171216,0.247446,-3.06557,0.306424,-2.926953,0.41242,-2.8217,0.552636,-2.786272,0.681111,-2.814596,0.75247,-2.845845,0.747725,-2.814092,0.666919,-2.676507,0.510136,-2.394967,0.290562,-1.996289,0.048693,-1.54913,-0.147257,-1.128299,-0.265947,-0.748841,-0.274701,-0.456643,-0.200255,-0.266359,-0.079159,-0.174235,0.047875,-0.153268,0.144226,-0.173892,0.178708,-0.189455,0.153576,-0.18554,0.096331,-0.159177,0.027446,-0.101899,-0.040555,-0.018733
2,0.016689,-0.084027,0.002316,-0.060204,-0.021731,-0.034453,-0.043766,-0.016546,-0.060014,-0.012988,-0.055642,-0.020315,-0.042154,-0.039421,-0.027189,-0.058748,-0.016819,-0.072197,-0.022958,-0.078231,-0.032709,-0.077749,-0.040557,-0.062352,-0.049087,-0.046113,-0.054742,-0.037081,-0.058265,-0.041226,-0.055343,-0.048451,-0.041587,-0.053982,-0.021556,-0.064064,-0.002778,-0.072439,0.013542,-0.070585,0.021042,-0.04714,0.022265,-0.004026,0.013938,0.043885,-0.001254,0.084929,-0.021183,0.103031,-0.040715,0.096899,-0.061275,0.068193,-0.0706,0.025366,-0.064355,-0.026845,-0.050892,-0.069282,-0.031486,-0.086626,-0.008447,-0.050559,-0.006947,0.079393,-0.049533,0.366112,-0.151489,0.874209,-0.319788,1.616573,-0.546887,2.530818,-0.817398,3.495908,-0.992493,4.240769,-1.008035,4.583201,-0.866899,4.505187,-0.616628,4.093372,-0.316322,3.473357,-0.034598,2.735239,0.181091,1.935417,0.307223,1.070709,0.370838,0.121406,0.421652,-0.936352,0.495545,-2.087779,0.630587,-3.244717,0.836951,-4.257492,1.113121,-4.997105,1.368335,-5.412184,1.467876,-5.455769,1.38828,-5.075242,1.157457,-4.31219,0.80181,-3.168259,0.288116,-1.585644,-0.36425,0.32853,-1.035667,2.386469,-1.552998,4.376265,-1.794551,6.029575,-1.751018,7.070612,-1.481224,7.448996,-1.137362,7.35483,-0.808084,6.901121,-0.538045,6.155346,-0.337054,5.198869,-0.187084,4.11187,-0.078238,2.902203,-0.026108,1.589727,-0.039372,0.289094,-0.064038,-0.8754,-0.020215,-1.804894,0.105092,-2.442644,0.254295,-2.758675,0.36566,-2.771686,0.406878,-2.540829,0.399698,-2.179921,0.381963,-1.812068,0.378009,-1.536286,0.410457,-1.405487,0.458903,-1.413084,0.506375,-1.486164,0.517008,-1.529413,0.458486,-1.465061,0.327398,-1.286832,0.161287,-1.044191,0.005689,-0.785831,-0.106518,-0.556054,-0.149613,-0.396575,-0.123432,-0.334399,-0.03896,-0.359103,0.081271,-0.417741,0.197267,-0.45702,0.266844,-0.43809,0.265794,-0.346166,0.194222,-0.211185,0.091974,-0.07904,0.006016,0.012949
2,0.102378,-0.160708,0.125342,-0.183558,0.140906,-0.209773,0.153182,-0.236124,0.155704,-0.256324,0.154023,-0.276583,0.146862,-0.290586,0.132158,-0.295124,0.10898,-0.293413,0.090229,-0.293733,0.08323,-0.297004,0.085893,-0.301083,0.090582,-0.299765,0.098966,-0.283448,0.105852,-0.252226,0.112243,-0.210378,0.128183,-0.173591,0.154399,-0.159905,0.185677,-0.172735,0.212532,-0.210121,0.232464,-0.260442,0.238694,-0.311166,0.228855,-0.352781,0.216064,-0.356999,0.209345,-0.262684,0.186662,0.017672,0.078746,0.538602,-0.168609,1.371405,-0.628892,2.598256,-1.162965,4.078286,-1.573148,5.436812,-1.744594,6.352681,-1.623252,6.69059,-1.352041,6.489601,-0.998995,5.78973,-0.572507,4.692657,-0.145295,3.349918,0.199662,1.917988,0.429183,0.504938,0.550092,-0.805026,0.588818,-1.957471,0.669913,-2.970136,0.864831,-3.809026,1.149036,-4.431938,1.449365,-4.812669,1.717766,-5.010108,1.880192,-5.090119,1.867127,-4.992325,1.609152,-4.551416,1.087336,-3.660195,0.345117,-2.249636,-0.465422,-0.367914,-1.088402,1.71232,-1.388107,3.612531,-1.346647,5.072143,-1.173314,6.028551,-1.054851,6.584039,-1.0068,6.7807,-1.001341,6.632247,-0.994265,6.174269,-0.919987,5.407837,-0.718919,4.335522,-0.389206,2.976368,-0.017449,1.443337,0.257516,-0.054403,0.377271,-1.360891,0.400362,-2.443093,0.448228,-3.29504,0.555318,-3.830849,0.667496,-4.008759,0.724123,-3.843991,0.701802,-3.450833,0.610133,-2.995881,0.470357,-2.630295,0.322226,-2.429303,0.220806,-2.351914,0.193805,-2.269601,0.246857,-2.080887,0.354374,-1.782706,0.449689,-1.41757,0.499405,-1.055792,0.492502,-0.775023,0.429373,-0.619423,0.338774,-0.593769,0.246349,-0.659357,0.173721,-0.748298,0.11608,-0.812864,0.073561,-0.818322,0.03341,-0.748283,-0.021162,-0.593484,-0.077505,-0.399214,-0.111566,-0.227154,-0.107628,-0.113174,-0.070238,-0.063695,-0.015296,-0.071695,0.038776,-0.119157,0.082446,-0.183153,0.098761,-0.23836,0.080061,-0.26627,0.018866,-0.269547
2,-0.53863,0.198995,-0.526335,0.352504,-0.51507,0.497031,-0.503971,0.607639,-0.503152,0.677871,-0.508399,0.708203,-0.521672,0.693094,-0.542727,0.63835,-0.558295,0.551842,-0.553019,0.453128,-0.525211,0.35962,-0.475105,0.273235,-0.42019,0.189802,-0.368072,0.109065,-0.319088,0.03858,-0.278543,-0.010526,-0.245379,-0.038464,-0.226966,-0.054028,-0.231446,-0.072306,-0.248393,-0.10535,-0.259401,-0.150927,-0.258617,-0.195804,-0.254337,-0.240322,-0.246151,-0.281178,-0.218404,-0.329732,-0.174417,-0.385451,-0.12372,-0.443034,-0.067659,-0.486061,-0.012996,-0.487946,0.033172,-0.414657,0.057917,-0.195355,0.0416,0.252578,-0.036666,0.957499,-0.195168,1.931143,-0.397794,3.103409,-0.55892,4.252895,-0.604759,5.109059,-0.51341,5.54899,-0.3371,5.589394,-0.14801,5.260282,0.027313,4.607375,0.149635,3.6943,0.184658,2.552629,0.127937,1.21633,0.001761,-0.197609,-0.130661,-1.519446,-0.196717,-2.651504,-0.146995,-3.568108,0.036486,-4.260568,0.317729,-4.7351,0.635082,-5.029934,0.91301,-5.165487,1.07196,-5.141852,1.027537,-4.867809,0.79101,-4.25453,0.461249,-3.289745,0.077141,-1.918137,-0.337318,-0.161484,-0.709845,1.836574,-0.980557,3.840976,-1.144306,5.656141,-1.176879,7.149731,-1.116023,8.206264,-0.936634,8.696119,-0.616414,8.585816,-0.218258,7.947164,0.156438,6.772152,0.419835,5.060111,0.498067,3.028651,0.376417,1.038781,0.139618,-0.650496,-0.116973,-1.907,-0.265457,-2.808373,-0.264685,-3.398878,-0.149263,-3.71064,0.027821,-3.783287,0.213046,-3.673061,0.368623,-3.43493,0.461607,-3.119585,0.467193,-2.741286,0.404236,-2.343399,0.315181,-2.011889,0.238447,-1.804665,0.201453,-1.719485,0.191571,-1.686922,0.187354,-1.628697,0.187351,-1.48977,0.188035,-1.247673,0.185967,-0.929212,0.184668,-0.60497,0.183276,-0.330539,0.179655,-0.123625,0.162749,0.003897,0.14155,0.048326,0.126527,0.030287,0.120184,-0.029175,0.118181,-0.094693,0.114862,-0.138239,0.101035,-0.132272,0.086112,-0.082919
2,0.029627,-0.100455,0.023306,-0.110051,0.019352,-0.119009,0.016935,-0.10981,0.017257,-0.08162,0.02379,-0.043831,0.036107,-0.003963,0.046761,0.022102,0.049493,0.019339,0.046527,-0.006169,0.043262,-0.043562,0.037029,-0.079257,0.028964,-0.10261,0.021385,-0.113015,0.013223,-0.110267,0.011952,-0.100251,0.012787,-0.085242,0.011147,-0.071883,0.009661,-0.068331,0.008093,-0.075629,0.015605,-0.091362,0.031,-0.110943,0.046416,-0.130526,0.063765,-0.146163,0.072404,-0.141439,0.056098,-0.095486,0.014225,0.037268,-0.061739,0.345709,-0.188447,0.966352,-0.407153,1.99881,-0.66863,3.311531,-0.82873,4.561779,-0.809956,5.428375,-0.614489,5.792505,-0.318746,5.658373,-0.019908,5.090815,0.226895,4.18678,0.370153,3.08081,0.40006,1.892949,0.37988,0.692892,0.348724,-0.471898,0.308328,-1.537408,0.272765,-2.442286,0.283531,-3.202556,0.33389,-3.825829,0.393514,-4.342231,0.429457,-4.728132,0.436416,-4.927716,0.39862,-4.845918,0.289549,-4.418478,0.094279,-3.584989,-0.153836,-2.319307,-0.392727,-0.675142,-0.566156,1.174552,-0.633051,2.992929,-0.571108,4.524141,-0.388281,5.632865,-0.165013,6.342866,0.056545,6.751727,0.245927,6.872133,0.385853,6.649974,0.477601,6.016487,0.483146,4.955311,0.372766,3.504643,0.185822,1.811408,-0.015369,0.133302,-0.207788,-1.251424,-0.344426,-2.271523,-0.386165,-3.009809,-0.336574,-3.4817,-0.220607,-3.697655,-0.071548,-3.70028,0.095665,-3.570881,0.252239,-3.365697,0.368468,-3.111015,0.418619,-2.791954,0.391214,-2.404613,0.292233,-1.977521,0.146678,-1.569569,-0.002502,-1.237111,-0.10289,-1.023241,-0.13219,-0.909173,-0.1018,-0.856515,-0.044652,-0.85168,0.014949,-0.884864,0.075775,-0.925251,0.115648,-0.928573,0.121515,-0.866998,0.087402,-0.741682,0.025867,-0.566498,-0.051242,-0.371106,-0.118911,-0.191337,-0.159448,-0.049931,-0.177172,0.054112,-0.175429,0.121513,-0.144943,0.141408,-0.094132,0.126354,-0.03846,0.075131,0.007842,-0.011979,0.032357,-0.094372
2,0.022659,-0.205389,0.017238,-0.184644,0.011736,-0.17913,0.007231,-0.179257,0.005217,-0.183186,0.006323,-0.183414,0.011286,-0.171395,0.02503,-0.153702,0.041356,-0.138786,0.058164,-0.14143,0.070435,-0.159466,0.072914,-0.177502,0.0631,-0.177507,0.04285,-0.16099,0.020308,-0.125438,0.008894,-0.083663,0.00976,-0.050063,0.022848,-0.030046,0.044894,-0.033796,0.069513,-0.05558,0.093662,-0.089289,0.101883,-0.116191,0.095266,-0.136486,0.071993,-0.148701,0.030571,-0.154777,-0.035355,-0.149149,-0.1595,-0.080515,-0.392071,0.122506,-0.752192,0.577874,-1.223375,1.379119,-1.758037,2.496949,-2.265932,3.672202,-2.713892,4.68361,-3.08101,5.383961,-3.236992,5.642159,-3.112648,5.375721,-2.648643,4.585667,-1.780486,3.364881,-0.637695,1.954351,0.457636,0.602083,1.246223,-0.540264,1.578525,-1.383846,1.529456,-1.944169,1.321193,-2.353025,1.131395,-2.691576,1.072748,-2.986741,1.153877,-3.248487,1.306934,-3.453647,1.468742,-3.587786,1.624594,-3.637991,1.740594,-3.619432,1.761844,-3.523698,1.609244,-3.306042,1.233586,-2.835776,0.646558,-1.993778,-0.077916,-0.727859,-0.825491,0.858905,-1.455264,2.499942,-1.865871,3.946311,-2.102512,5.134531,-2.267121,5.973919,-2.399829,6.329973,-2.445081,6.156293,-2.366727,5.46437,-2.11628,4.327271,-1.616655,2.929343,-0.932614,1.548763,-0.265206,0.42271,0.227938,-0.366246,0.533086,-0.89674,0.749057,-1.328551,0.953123,-1.7618,1.147184,-2.172707,1.317648,-2.503833,1.44089,-2.724808,1.500397,-2.823626,1.501288,-2.798819,1.489296,-2.689082,1.505001,-2.564149,1.562467,-2.485977,1.652538,-2.48046,1.730673,-2.530836,1.759424,-2.575702,1.726534,-2.557991,1.614889,-2.444433,1.42042,-2.197816,1.174668,-1.818029,0.917664,-1.357145,0.689864,-0.887922,0.503243,-0.46496,0.35028,-0.113859,0.232502,0.160071,0.154778,0.344655,0.111238,0.449588,0.081356,0.487722,0.047994,0.484448,-0.000155,0.451003,-0.068792,0.407316,-0.14033,0.364442,-0.179717,0.321501
2,-0.023717,-0.0557,-0.006072,-0.07395,0.013224,-0.084942,0.033209,-0.092839,0.042464,-0.095026,0.040081,-0.095612,0.030414,-0.090103,0.018969,-0.083059,0.013527,-0.078497,0.014776,-0.073302,0.026035,-0.067152,0.042132,-0.058857,0.058134,-0.046205,0.0712,-0.027444,0.078076,-0.007268,0.076767,0.010462,0.064516,0.018765,0.045381,0.02106,0.032879,0.028368,0.023332,0.043728,0.025993,0.069342,0.040782,0.095404,0.059325,0.114034,0.075528,0.11791,0.094614,0.101465,0.110107,0.093612,0.133955,0.151728,0.167773,0.339752,0.198059,0.735583,0.198912,1.411223,0.161652,2.389424,0.095849,3.5721,0.023015,4.731608,-0.019028,5.560895,0.053281,5.857542,0.20187,5.629747,0.341708,5.000996,0.446636,4.073855,0.463603,2.969801,0.383568,1.810506,0.250555,0.695218,0.089778,-0.304704,-0.060435,-1.144905,-0.128604,-1.869419,-0.082132,-2.535632,0.030527,-3.108138,0.150577,-3.555079,0.251154,-3.890302,0.313976,-4.120848,0.353806,-4.254981,0.388569,-4.304632,0.400079,-4.233734,0.331633,-3.944666,0.173588,-3.356067,0.012101,-2.454631,-0.097911,-1.311506,-0.137502,-0.043391,-0.122576,1.220327,-0.062233,2.425699,0.025108,3.626092,0.139528,4.826986,0.244067,5.921615,0.338557,6.808551,0.444333,7.318469,0.551783,7.262853,0.663447,6.577712,0.722146,5.40523,0.667636,3.98022,0.496627,2.481524,0.23221,1.006025,-0.046874,-0.291537,-0.27462,-1.310556,-0.396917,-2.095422,-0.393867,-2.712824,-0.30057,-3.170625,-0.179953,-3.485887,-0.079292,-3.666194,-0.022436,-3.722708,-0.003816,-3.688219,-0.008466,-3.632398,-0.023698,-3.589962,-0.035267,-3.547774,-0.037919,-3.46754,-0.042786,-3.326053,-0.0545,-3.118196,-0.081412,-2.799126,-0.114147,-2.347032,-0.134026,-1.840044,-0.133497,-1.324391,-0.117591,-0.829414,-0.090486,-0.393822,-0.056,-0.054505,-0.019194,0.176439,0.018611,0.302785,0.042527,0.329001,0.05101,0.289945,0.035242,0.22028,-0.003678,0.147371,-0.05196,0.088223,-0.088904,0.041194
2,0.049066,-0.048247,0.063561,-0.05159,0.06519,-0.044364,0.051752,-0.031484,0.033851,-0.014288,0.017458,0.004746,0.011202,0.020366,0.015036,0.02276,0.021851,0.004811,0.03114,-0.035549,0.036051,-0.090186,0.036114,-0.146977,0.038372,-0.198828,0.033558,-0.229379,0.022176,-0.226754,0.00625,-0.201244,-0.00874,-0.167211,-0.019848,-0.145005,-0.019198,-0.138581,-0.004733,-0.12432,0.019295,-0.056477,0.048305,0.136656,0.088091,0.540212,0.164016,1.213262,0.29224,2.144,0.517474,3.192532,0.839294,4.192558,1.219823,4.971077,1.572795,5.414743,1.813153,5.401911,1.885341,4.83448,1.692526,3.643861,1.25297,2.398574,0.61195,1.075351,-0.062723,-0.118733,-0.618168,-1.171572,-0.986533,-2.065109,-1.165755,-2.767236,-1.221738,-3.261934,-1.201826,-3.626409,-1.109888,-3.947669,-0.958325,-4.250237,-0.785907,-4.483921,-0.630383,-4.554747,-0.519886,-4.383257,-0.490712,-3.89818,-0.528698,-3.041458,-0.54662,-1.838801,-0.443485,-0.384422,-0.157995,1.178992,0.323418,2.662205,0.946682,3.904106,1.563986,4.851977,2.033684,5.518022,2.330858,5.880282,2.468226,5.882409,2.43669,5.525453,2.237013,4.790123,1.845017,3.658152,1.249432,2.273736,0.540091,0.881923,-0.143325,-0.313212,-0.676618,-1.225598,-0.980453,-1.863468,-1.055587,-2.244263,-0.969261,-2.366259,-0.804738,-2.251717,-0.620519,-1.98655,-0.434262,-1.672124,-0.273023,-1.369431,-0.148055,-1.10971,-0.079671,-0.908467,-0.081183,-0.77554,-0.152787,-0.727359,-0.261835,-0.759809,-0.369537,-0.835232,-0.459159,-0.893275,-0.512223,-0.897144,-0.52233,-0.840711,-0.493329,-0.743439,-0.432584,-0.635096,-0.346484,-0.546683,-0.247378,-0.483746,-0.155053,-0.447149,-0.077766,-0.44612,-0.030418,-0.469844,-0.012003,-0.514334,-0.016406,-0.562455,-0.031444,-0.590698,-0.048842,-0.568179,-0.062583,-0.471258,-0.07059,-0.31791,-0.066084,-0.151061,-0.049845,-0.008667,-0.029649,0.083803,-0.011103,0.124383,0.005668,0.106575,0.016464,0.050879,0.019952,-0.018479,0.005773,-0.084004
2,-0.081123,-0.117713,-0.076648,-0.12293,-0.054689,-0.121733,-0.029869,-0.111314,-0.005769,-0.093146,0.009873,-0.067943,0.013981,-0.040558,0.008929,-0.015771,0.000453,-0.003335,-0.005167,-0.004442,-0.010717,-0.010987,-0.014555,-0.020022,-0.012952,-0.028987,0.000637,-0.043407,0.023459,-0.060596,0.050441,-0.078562,0.084415,-0.093556,0.104695,-0.100641,0.106224,-0.092301,0.090863,-0.070008,0.056898,-0.043119,0.016175,-0.023582,-0.017478,-0.01841,-0.030506,-0.024692,-0.026189,-0.030925,-0.002847,-0.039503,0.029223,-0.047498,0.063425,-0.061368,0.089483,-0.09004,0.096335,-0.117311,0.084506,-0.105351,0.057122,0.016625,-0.002059,0.438142,-0.099982,1.390741,-0.160473,2.822634,-0.122819,4.35749,-0.00943,5.650316,0.21011,6.511555,0.466889,6.58981,0.775622,5.884305,0.984072,4.673254,1.067169,3.142907,0.974638,1.675213,0.708971,0.317747,0.345657,-0.881157,-0.005255,-1.927118,-0.248307,-2.822937,-0.372873,-3.523612,-0.425393,-4.06368,-0.41461,-4.510904,-0.36836,-4.874245,-0.311189,-5.090439,-0.278451,-5.068659,-0.306119,-4.748495,-0.382042,-4.100136,-0.468529,-3.039128,-0.497935,-1.574042,-0.388246,0.146625,-0.083532,1.933951,0.383289,3.567964,0.943231,4.850932,1.422194,5.733574,1.692848,6.328009,1.728893,6.609494,1.577881,6.432496,1.333361,5.682875,1.043378,4.404178,0.669401,2.85189,0.242933,1.308827,-0.142823,-0.033068,-0.395786,-1.104035,-0.489619,-1.938205,-0.466398,-2.576417,-0.419003,-3.001807,-0.397977,-3.172372,-0.392148,-3.095111,-0.362766,-2.838439,-0.294912,-2.511031,-0.192777,-2.201469,-0.085095,-1.944514,-0.021203,-1.751424,-0.015167,-1.641033,-0.044888,-1.594348,-0.085299,-1.548677,-0.114385,-1.435265,-0.127933,-1.252128,-0.139425,-1.037618,-0.166911,-0.840463,-0.214829,-0.664924,-0.25753,-0.512939,-0.276368,-0.399791,-0.265401,-0.334737,-0.220644,-0.310795,-0.16399,-0.310762,-0.110241,-0.324111,-0.064958,-0.339597,-0.041899,-0.351347,-0.048896,-0.340637,-0.062782,-0.302713,-0.065032,-0.242592
2,-0.043645,-0.066453,-0.056717,-0.093074,-0.069926,-0.133601,-0.080779,-0.185061,-0.083267,-0.228747,-0.070433,-0.25774,-0.052349,-0.250811,-0.041889,-0.181246,-0.05805,-0.030432,-0.103553,0.236902,-0.205879,0.728027,-0.325996,1.483423,-0.399791,2.420106,-0.377638,3.374574,-0.261572,4.201367,-0.100139,4.841253,0.053127,5.252752,0.14976,5.4103,0.175451,5.283813,0.158863,4.889509,0.102625,4.2301,0.041351,3.343832,0.012154,2.289002,0.010283,1.173108,0.020668,0.093463,0.030123,-0.853524,0.038903,-1.624003,0.083674,-2.243937,0.166511,-2.739772,0.269183,-3.123178,0.358843,-3.425338,0.417249,-3.675446,0.432091,-3.900757,0.391785,-4.097185,0.308512,-4.206783,0.211556,-4.179654,0.123027,-3.991326,0.038376,-3.634912,-0.037816,-3.158504,-0.084533,-2.631214,-0.08618,-2.09587,-0.052032,-1.577329,5.3e-05,-1.069371,0.037312,-0.544538,0.033749,0.031342,-0.011149,0.666953,-0.090506,1.335685,-0.201315,2.033775,-0.298478,2.740623,-0.364569,3.463217,-0.387159,4.11877,-0.381691,4.602184,-0.361076,4.818478,-0.334973,4.760748,-0.30502,4.470683,-0.281427,3.995181,-0.256755,3.374482,-0.226903,2.643881,-0.188047,1.864783,-0.141097,1.093004,-0.101445,0.386074,-0.079482,-0.223262,-0.062176,-0.711422,-0.048667,-1.078499,-0.019927,-1.309962,0.023187,-1.405853,0.065632,-1.390814,0.09406,-1.301181,0.108049,-1.176362,0.119557,-1.052501,0.123167,-0.947322,0.11992,-0.87897,0.108824,-0.839965,0.094246,-0.817751,0.078508,-0.795422,0.057903,-0.757646,0.038193,-0.699559,0.020916,-0.625607,-0.002118,-0.543616,-0.035437,-0.474445,-0.068571,-0.443624,-0.093161,-0.460537,-0.106772,-0.507285,-0.113252,-0.569683,-0.115369,-0.636835,-0.1046,-0.687075,-0.070922,-0.699889,-0.021986,-0.670258,0.016715,-0.606581,0.032574,-0.513005,0.020704,-0.398605,0.00947,-0.276782,0.003111,-0.164977,0.003741,-0.093389,0.013773,-0.067622,0.028076,-0.074359,0.039588,-0.09798,0.044967,-0.128532,0.047456,-0.16628,0.050453,-0.209418
2,-0.025319,-0.018977,-0.024768,-0.001951,-0.01607,0.01111,0.004641,0.015604,0.038546,0.012507,0.078332,0.003581,0.118806,-0.009658,0.150122,-0.017855,0.167642,-0.024907,0.162997,-0.028871,0.145927,-0.028457,0.121247,-0.029435,0.095799,-0.038808,0.078166,-0.056367,0.069325,-0.071538,0.067696,-0.089539,0.070677,-0.103703,0.077926,-0.11724,0.088638,-0.127897,0.110489,-0.133225,0.134253,-0.129188,0.151073,-0.119253,0.151097,-0.106631,0.134445,-0.100902,0.107752,-0.111137,0.077495,-0.136965,0.052741,-0.172975,0.033224,-0.211645,0.013045,-0.247088,-0.00874,-0.254636,-0.035903,-0.204026,-0.073559,-0.044539,-0.110552,0.261353,-0.177137,0.777004,-0.268247,1.531814,-0.354739,2.474228,-0.40009,3.472136,-0.397311,4.367012,-0.362373,5.03406,-0.311107,5.39503,-0.313185,5.45134,-0.361577,5.196261,-0.432024,4.674155,-0.481696,3.912201,-0.458816,2.971296,-0.378737,1.926668,-0.269852,0.867894,-0.170479,-0.062101,-0.101311,-0.800356,-0.046766,-1.38981,0.038585,-1.881108,0.160907,-2.311724,0.289708,-2.729231,0.410054,-3.136984,0.510968,-3.515985,0.589435,-3.822409,0.641625,-4.022733,0.647867,-4.092783,0.597548,-4.037816,0.499608,-3.892389,0.397567,-3.656334,0.324148,-3.303157,0.267697,-2.808664,0.20745,-2.202154,0.140695,-1.540152,0.073113,-0.831503,0.004515,-0.059521,-0.081097,0.824357,-0.181387,1.82905,-0.282598,2.958675,-0.394757,4.126891,-0.519458,5.134965,-0.614351,5.871195,-0.694039,6.289741,-0.744438,6.363171,-0.761753,6.10808,-0.731126,5.551035,-0.616007,4.735931,-0.428858,3.732921,-0.225328,2.641372,-0.055538,1.568692,0.059267,0.620872,0.106659,-0.116762,0.103012,-0.608762,0.08669,-0.894472,0.073758,-1.012676,0.074068,-1.011277,0.089142,-0.925635,0.11606,-0.771766,0.14045,-0.576464,0.142586,-0.381792,0.131932,-0.225539,0.109576,-0.130065,0.080521,-0.092559,0.045538,-0.099213,0.008333,-0.118329,-0.024817,-0.13984,-0.050122,-0.170614,-0.06679,-0.202234,-0.072547,-0.230574
2,-0.057112,-0.32288,-0.061688,-0.284554,-0.043805,-0.231277,-0.015765,-0.174083,0.017811,-0.114422,0.048174,-0.060762,0.065264,-0.017069,0.06086,0.011445,0.047091,0.019853,0.027896,0.006551,0.005968,-0.024582,-0.018451,-0.051032,-0.036688,-0.065539,-0.041106,-0.067081,-0.040798,-0.058584,-0.041142,-0.046759,-0.030884,-0.042871,-0.023197,-0.056883,-0.016371,-0.08474,-0.010561,-0.119963,-3.1e-05,-0.152612,0.013198,-0.159791,0.02652,-0.104592,0.017414,0.066395,-0.087127,0.51758,-0.276278,1.389294,-0.469766,2.638795,-0.620152,4.004682,-0.710463,5.172525,-0.68,5.978125,-0.574557,6.409648,-0.450772,6.505812,-0.339752,6.297411,-0.256393,5.647237,-0.182961,4.619114,-0.176295,3.520878,-0.233793,2.304303,-0.263759,1.181814,-0.276014,0.164539,-0.263592,-0.771597,-0.219509,-1.61905,-0.117025,-2.36402,0.050595,-2.988235,0.253014,-3.46863,0.419282,-3.791862,0.517483,-3.988099,0.558183,-4.087882,0.563232,-4.125463,0.540928,-4.097498,0.488422,-3.95524,0.404621,-3.654902,0.305128,-3.196291,0.203938,-2.644864,0.110742,-2.099547,0.030483,-1.622699,-0.028172,-1.159728,-0.080974,-0.640978,-0.12999,-0.062867,-0.163465,0.520061,-0.182569,1.078097,-0.240396,1.703469,-0.324673,2.460691,-0.410635,3.328349,-0.512619,4.26036,-0.594761,5.155279,-0.608726,5.851611,-0.546403,6.228922,-0.447127,6.285743,-0.349044,6.102208,-0.282716,5.743729,-0.244377,5.22473,-0.223583,4.540071,-0.190198,3.698747,-0.131388,2.741114,-0.077149,1.722477,-0.036146,0.71402,0.01363,-0.212528,0.058192,-0.963132,0.11559,-1.510008,0.197686,-1.86455,0.280859,-2.011896,0.352487,-1.937737,0.401271,-1.678131,0.417572,-1.333905,0.389282,-1.004261,0.333887,-0.76754,0.259666,-0.655593,0.176967,-0.636753,0.080536,-0.624643,-0.025516,-0.535327,-0.144949,-0.357925,-0.241224,-0.167838,-0.289066,-0.041053,-0.272471,-0.01258,-0.205534,-0.058991,-0.103584,-0.142242,0.017552,-0.226438,0.118593,-0.292511,0.172144,-0.330998,0.17266,-0.34833
2,0.162924,-0.853946,0.150911,-0.901477,0.153012,-0.935134,0.142235,-0.931135,0.129046,-0.889928,0.132585,-0.829325,0.132119,-0.745272,0.124798,-0.637617,0.107306,-0.527622,0.076766,-0.437145,0.038322,-0.375829,0.005935,-0.333799,-0.014884,-0.301873,-0.02188,-0.272762,-0.022613,-0.248228,-0.007695,-0.231895,0.025543,-0.233412,0.070505,-0.257756,0.117506,-0.304559,0.159352,-0.363025,0.19226,-0.418201,0.214395,-0.451632,0.221069,-0.440392,0.20951,-0.370625,0.179861,-0.200574,0.116766,0.158875,-0.00522,0.834104,-0.217162,1.971419,-0.486911,3.487371,-0.693422,5.029537,-0.762319,6.241997,-0.697631,6.941634,-0.612698,7.119365,-0.445745,6.698156,-0.360791,5.998333,-0.29229,4.978482,-0.190313,3.792894,-0.093228,2.585474,-0.036058,1.379265,-0.024405,0.222314,-0.034656,-0.801734,-0.030613,-1.641856,0.026193,-2.30916,0.127856,-2.819871,0.251851,-3.171897,0.380915,-3.362606,0.489766,-3.409412,0.564757,-3.368309,0.594683,-3.310006,0.573942,-3.266983,0.509986,-3.220798,0.408222,-3.087278,0.292185,-2.81839,0.187593,-2.457571,0.119277,-2.06467,0.105962,-1.7015,0.143273,-1.406559,0.214023,-1.19621,0.288802,-1.053973,0.325227,-0.943546,0.299086,-0.811079,0.2102,-0.580548,0.072488,-0.185314,-0.082606,0.410774,-0.220002,1.224761,-0.335786,2.286074,-0.498213,3.579506,-0.648634,4.946887,-0.710387,6.131973,-0.638378,6.953718,-0.490742,7.372861,-0.367522,7.399563,-0.319491,6.987564,-0.197719,6.104877,-0.153757,5.14748,-0.045561,3.926723,0.081994,2.63404,0.130974,1.38403,0.090354,0.252167,0.003939,-0.698101,-0.069592,-1.39857,-0.098501,-1.819226,-0.068599,-1.988278,0.007551,-1.956901,0.09788,-1.777512,0.17685,-1.526266,0.245063,-1.261039,0.298648,-1.028809,0.279618,-0.806277,0.200266,-0.611008,0.087598,-0.468456,-0.040227,-0.383571,-0.155691,-0.352038,-0.23028,-0.363981,-0.255268,-0.390545,-0.234794,-0.403247,-0.174455,-0.410952,-0.093304,-0.4248,-0.016004,-0.447359,0.037404,-0.465817
2,0.010796,-0.23951,-0.045679,-0.25004,-0.069114,-0.244671,-0.060845,-0.209231,-0.033759,-0.151926,0.005477,-0.084862,0.04783,-0.02761,0.088269,0.020125,0.121515,0.069391,0.131536,0.168825,0.119331,0.383694,0.058866,0.838742,-0.074873,1.600477,-0.274513,2.65444,-0.478529,3.784942,-0.578244,4.701635,-0.52783,5.246476,-0.386396,5.465321,-0.229004,5.442481,-0.121766,5.076598,-0.093765,4.500551,-0.114137,3.442629,-0.182695,2.333819,-0.2852,1.174461,-0.35341,0.003657,-0.33615,-1.082789,-0.229758,-1.99147,-0.075066,-2.671755,0.087935,-3.118189,0.248382,-3.349437,0.38785,-3.36649,0.492626,-3.199845,0.533428,-2.909998,0.500003,-2.535723,0.402772,-2.130617,0.281538,-1.763814,0.174989,-1.47281,0.11787,-1.257728,0.11557,-1.096551,0.152966,-0.970149,0.190811,-0.873973,0.199295,-0.798549,0.177458,-0.732783,0.147534,-0.656366,0.105612,-0.554962,0.054274,-0.420089,-0.00278,-0.221303,-0.061097,0.077368,-0.147882,0.563608,-0.243683,1.302148,-0.317612,2.280677,-0.352013,3.419832,-0.34461,4.60847,-0.295702,5.727333,-0.217557,6.655363,-0.120214,7.280232,-0.070106,7.560353,-0.102355,7.254582,-0.185157,6.448079,-0.302663,5.383568,-0.360064,3.992395,-0.295716,2.574402,-0.220518,1.217993,-0.189373,-0.015487,-0.17305,-1.04075,-0.143039,-1.828073,-0.048528,-2.382541,0.113618,-2.715278,0.280119,-2.803031,0.404294,-2.671764,0.466161,-2.385301,0.460615,-2.058593,0.387131,-1.792963,0.263768,-1.602152,0.132733,-1.507509,0.018444,-1.509373,-0.073163,-1.575753,-0.138742,-1.655398,-0.184587,-1.717663,-0.20021,-1.764888,-0.171392,-1.808725,-0.103492,-1.849752,0.002722,-1.872425,0.113491,-1.847132,0.195708,-1.751311,0.215053,-1.557227,0.182968,-1.292929,0.121746,-1.006036,0.047563,-0.741872,-0.019455,-0.526402,-0.048705,-0.370574,-0.028877,-0.271996,0.011666,-0.206319,0.041832,-0.156817,0.058256,-0.106079,0.061981,-0.055228,0.053479,-0.010685,0.033699,0.015832,0.022414,0.03087,0.028368,0.036672
2,0.024395,-0.071711,0.010616,-0.047979,0.008912,-0.031782,0.026959,-0.033371,0.065526,-0.044264,0.108115,-0.045904,0.136439,-0.003591,0.139077,0.135147,0.087781,0.458246,-0.015331,1.03152,-0.169958,1.87435,-0.383608,2.936178,-0.600113,4.048387,-0.720094,5.005874,-0.750379,5.657679,-0.741245,5.984857,-0.725765,6.030996,-0.694178,5.835811,-0.638306,5.263845,-0.41039,4.402137,-0.135081,3.228174,0.079903,1.971838,0.190632,0.807885,0.210875,-0.242462,0.187405,-1.160509,0.167445,-1.959418,0.202211,-2.671712,0.275522,-3.299173,0.368205,-3.808482,0.472905,-4.15237,0.573559,-4.282724,0.653992,-4.216579,0.687288,-4.014806,0.659682,-3.755356,0.588384,-3.530562,0.501609,-3.378222,0.41405,-3.298309,0.339887,-3.212325,0.312792,-3.031732,0.354796,-2.732616,0.434342,-2.313177,0.492186,-1.746331,0.435274,-0.955935,0.251632,0.075485,-0.020879,1.310224,-0.351337,2.675338,-0.654137,4.001405,-0.849897,5.137661,-0.894027,6.019845,-0.789984,6.642394,-0.638075,6.997068,-0.518739,6.946495,-0.4059,6.513838,-0.259465,5.567067,-0.180271,4.532969,-0.063794,3.337432,0.087803,2.054595,0.188428,0.74087,0.222494,-0.531411,0.207529,-1.665571,0.192855,-2.567781,0.232296,-3.165259,0.308763,-3.418106,0.388105,-3.391304,0.42829,-3.184768,0.443353,-2.867607,0.430207,-2.485391,0.354496,-2.049088,0.233071,-1.652069,0.112943,-1.370627,0.040144,-1.234947,0.026155,-1.197331,0.035269,-1.176607,0.033098,-1.123857,0.006259,-1.026283,-0.040139,-0.891343,-0.101714,-0.739206,-0.156488,-0.584185,-0.180804,-0.4526,-0.161426,-0.363386,-0.104474,-0.32478,-0.031772,-0.33294,0.041071,-0.369407,0.100292,-0.41761,0.141464,-0.470862,0.159982,-0.521374,0.149602,-0.558778,0.108205,-0.570711,0.053877,-0.564668,0.016392,-0.532875,-0.005112,-0.476415,-0.015069,-0.411838,-0.012607,-0.347728,0.008344,-0.29427,0.038412,-0.249263,0.066402,-0.220076,0.093263,-0.210041,0.114129,-0.214447,0.119161,-0.236461,0.101602,-0.26993
2,0.055962,-0.036244,0.04449,-0.032232,0.026672,-0.027687,0.009034,-0.020988,0.004779,-0.020659,0.007287,-0.029399,0.018588,-0.048442,0.033857,-0.071016,0.04748,-0.087075,0.066375,-0.090747,0.088831,-0.063727,0.100792,0.059245,0.053197,0.400442,-0.086165,1.105621,-0.352851,2.303045,-0.663597,3.790033,-0.872004,5.255186,-0.959034,6.405111,-0.968098,7.143614,-0.937487,7.480895,-0.911969,7.196479,-0.741732,6.365612,-0.602201,5.298214,-0.356304,3.86457,-0.042587,2.37288,0.171172,1.009634,0.299966,-0.23219,0.396304,-1.31592,0.492859,-2.217536,0.601198,-2.945969,0.679615,-3.489401,0.707472,-3.830884,0.705051,-3.966194,0.711244,-3.928135,0.726544,-3.754585,0.71235,-3.49353,0.659116,-3.17469,0.56992,-2.871279,0.467297,-2.633356,0.383324,-2.502346,0.328647,-2.492043,0.321172,-2.538056,0.355213,-2.518626,0.40943,-2.370728,0.441339,-2.099884,0.433332,-1.736461,0.392742,-1.326278,0.29839,-0.884011,0.188943,-0.446733,0.098161,-0.041942,0.029541,0.325673,-0.021892,0.688304,-0.099607,1.137394,-0.257855,1.784345,-0.474723,2.648739,-0.684152,3.633924,-0.846762,4.584336,-0.967371,5.390093,-1.025188,6.003469,-1.058966,6.370334,-1.089559,6.330159,-1.025958,5.832116,-0.796114,5.026996,-0.476569,3.957537,-0.094774,2.734579,0.272173,1.421463,0.564043,0.120007,0.712518,-1.118753,0.738497,-2.224873,0.709028,-3.124159,0.672605,-3.750732,0.654879,-4.082218,0.651562,-4.143283,0.65387,-3.988738,0.649315,-3.684599,0.625514,-3.288194,0.563213,-2.880657,0.476038,-2.527879,0.400044,-2.314842,0.347383,-2.215585,0.29915,-2.15289,0.23233,-2.049186,0.152945,-1.917453,0.070154,-1.765725,0.000787,-1.587405,-0.040531,-1.371724,-0.058142,-1.138581,-0.052477,-0.914444,-0.038394,-0.727572,-0.030471,-0.574351,-0.031382,-0.441708,-0.042268,-0.321006,-0.054636,-0.213029,-0.064276,-0.121402,-0.065646,-0.055227,-0.058934,-0.015434,-0.048406,-0.004774,-0.043693,-0.01389,-0.041394,-0.028099,-0.037852,-0.041285
2,0.050413,0.026945,0.02288,0.036924,0.001552,0.035101,0.006645,0.020136,0.029712,-0.007785,0.064493,-0.041114,0.100479,-0.062734,0.127095,-0.067153,0.140063,-0.055338,0.150023,-0.008075,0.168088,0.093758,0.162878,0.335184,0.041174,0.928382,-0.229616,2.009868,-0.580991,3.474689,-0.893282,5.063273,-1.098468,6.420794,-1.151087,7.323557,-1.076277,7.701297,-0.930873,7.407697,-0.619552,6.380981,-0.233401,5.100039,0.233715,3.413678,0.589725,1.65711,0.691387,0.180368,0.652521,-0.996677,0.533328,-1.880971,0.343514,-2.506552,0.183989,-2.870595,0.107617,-3.021684,0.125722,-3.012427,0.219137,-2.894825,0.351686,-2.732118,0.477823,-2.593532,0.551711,-2.521157,0.549349,-2.538446,0.472804,-2.654382,0.356411,-2.79739,0.227814,-2.832908,0.120905,-2.665118,0.024598,-2.302264,-0.048534,-1.857796,-0.085806,-1.422232,-0.096439,-1.009396,-0.077011,-0.64569,-0.040148,-0.305332,0.003295,0.073427,0.058182,0.532035,0.104012,1.061816,0.107726,1.616064,0.069434,2.173729,-0.029894,2.774937,-0.167276,3.431861,-0.284772,4.02858,-0.365697,4.50996,-0.407098,4.845495,-0.410986,4.985129,-0.406462,4.885665,-0.376041,4.548124,-0.335881,4.040597,-0.289753,3.406381,-0.215167,2.681245,-0.129743,1.907738,-0.042372,1.125879,0.029059,0.375567,0.062965,-0.344516,0.075887,-1.030665,0.09626,-1.647598,0.159415,-2.11392,0.242181,-2.371341,0.310692,-2.426633,0.338742,-2.330153,0.324231,-2.153004,0.255614,-1.917839,0.151851,-1.68162,0.048621,-1.484378,-0.035599,-1.334923,-0.095221,-1.212903,-0.142125,-1.075081,-0.169609,-0.904595,-0.161373,-0.708515,-0.118153,-0.517059,-0.048164,-0.366643,0.021392,-0.279832,0.07912,-0.266137,0.116924,-0.316886,0.137663,-0.410773,0.131055,-0.51308,0.110109,-0.574181,0.069705,-0.561692,0.005009,-0.450925,-0.06689,-0.288767,-0.13736,-0.138618,-0.182295,-0.054091,-0.183949,-0.048402,-0.145874,-0.09409,-0.089065,-0.163396,-0.01052,-0.229671,0.075124,-0.26595,0.140779,-0.267809
2,-0.021614,-0.117203,-0.043843,-0.096175,-0.049127,-0.076143,-0.039629,-0.056977,-0.015297,-0.043871,0.017637,-0.04125,0.044366,-0.053678,0.061711,-0.083306,0.070678,-0.122595,0.074349,-0.153368,0.075684,-0.162863,0.072382,-0.145819,0.058083,-0.11088,0.038395,-0.0782,0.014738,-0.062584,-0.006514,-0.065018,-0.021236,-0.078,-0.029497,-0.094091,-0.03026,-0.109027,-0.021436,-0.119565,-0.007489,-0.117217,0.002058,-0.111725,0.004041,-0.104238,-0.005596,-0.102284,-0.025605,-0.113294,-0.052751,-0.1383,-0.07215,-0.172804,-0.073061,-0.212365,-0.049934,-0.24829,-0.001732,-0.272644,0.070242,-0.263446,0.137989,-0.167056,0.153493,0.151471,0.056903,0.892495,-0.146976,2.096023,-0.404586,3.576746,-0.670033,5.118577,-0.852038,6.442003,-0.913323,7.335176,-0.90776,7.752714,-0.920122,7.541154,-0.884091,6.902762,-0.793534,5.677416,-0.598031,4.091626,-0.360415,2.46938,-0.124874,0.841006,0.108229,-0.729287,0.263721,-2.010253,0.372173,-2.941798,0.457733,-3.558345,0.534315,-3.926994,0.625413,-4.097755,0.763779,-4.11891,0.954927,-4.044096,1.130817,-3.945632,1.202472,-3.886002,1.146107,-3.849518,1.010465,-3.793171,0.856789,-3.652278,0.708603,-3.427366,0.557791,-3.181748,0.445571,-2.955514,0.400156,-2.717253,0.386945,-2.427413,0.354573,-2.028382,0.281238,-1.461923,0.156819,-0.698047,-0.001489,0.257558,-0.215451,1.460189,-0.490985,2.87578,-0.702986,4.225287,-0.794363,5.224349,-0.756482,5.787559,-0.643783,6.002615,-0.505612,5.841548,-0.377842,5.405012,-0.256203,4.468041,-0.138091,3.475481,-0.029724,2.404317,0.076022,1.32083,0.116512,0.38429,0.074801,-0.364203,-0.025547,-0.91821,-0.129894,-1.320593,-0.18457,-1.559938,-0.164992,-1.617871,-0.097078,-1.504563,-0.001738,-1.277612,0.102256,-1.005626,0.178776,-0.710761,0.214357,-0.454456,0.214521,-0.276724,0.185946,-0.19188,0.120065,-0.199126,0.037872,-0.253515,-0.056102,-0.296386,-0.143518,-0.300808,-0.202065,-0.253842,-0.221319,-0.181807,-0.218506,-0.119639
2,-0.023949,-0.046554,-0.026067,-0.047606,-0.012222,-0.048828,0.015527,-0.04167,0.044429,-0.026005,0.067042,-0.000719,0.079003,0.022555,0.07391,0.043902,0.053809,0.054759,0.023918,0.04764,-0.006162,0.022411,-0.015952,0.001221,-0.002235,-0.01062,0.014765,-0.012926,0.028686,-0.004572,0.041868,0.034685,0.051366,0.14533,0.056791,0.384887,0.026301,0.808787,-0.039319,1.456926,-0.148529,2.300172,-0.305351,3.241079,-0.488301,4.115443,-0.644322,4.778372,-0.694129,5.089301,-0.675638,5.058402,-0.637646,4.760845,-0.570908,4.217776,-0.467567,3.465934,-0.330846,2.560192,-0.151217,1.590255,0.050545,0.603034,0.226782,-0.34685,0.344657,-1.219822,0.408629,-2.000884,0.440967,-2.694726,0.46188,-3.283278,0.472881,-3.707883,0.483827,-3.91214,0.510227,-3.890666,0.542431,-3.697255,0.535181,-3.406103,0.452232,-3.081765,0.312568,-2.800974,0.154035,-2.596318,0.039409,-2.432024,0.010797,-2.252078,0.05474,-2.003775,0.123727,-1.663253,0.155696,-1.240964,0.121936,-0.705865,0.014353,-0.029011,-0.14961,0.774459,-0.35928,1.731179,-0.583772,2.895566,-0.761065,4.191356,-0.822088,5.378977,-0.748345,6.257141,-0.60863,6.792847,-0.454304,7.033699,-0.336288,6.841674,-0.209722,6.334493,-0.155773,5.487301,-0.072482,4.354375,0.046152,3.117952,0.155706,1.811102,0.198067,0.542114,0.175758,-0.70329,0.080553,-1.765777,0.000359,-2.602511,-0.003414,-3.208655,0.072439,-3.557235,0.19664,-3.648682,0.334937,-3.484402,0.45532,-3.147093,0.518862,-2.707685,0.49623,-2.230136,0.394204,-1.789963,0.262084,-1.432039,0.128444,-1.17252,0.008617,-1.036822,-0.08529,-1.014667,-0.155435,-1.082258,-0.202121,-1.199519,-0.215281,-1.315393,-0.193712,-1.353474,-0.135999,-1.268996,-0.064089,-1.089181,0.0063,-0.869559,0.060534,-0.653961,0.096307,-0.463728,0.112429,-0.309547,0.114241,-0.197908,0.112633,-0.126691,0.118184,-0.097023,0.123468,-0.093978,0.117736,-0.115378,0.092492,-0.152492,0.055283,-0.203115,0.017263,-0.259969
2,0.016258,-0.211584,0.04439,-0.212933,0.066439,-0.204067,0.076533,-0.190176,0.076931,-0.181588,0.060624,-0.181456,0.031679,-0.17338,-0.003379,-0.155099,-0.036698,-0.120252,-0.057039,-0.074765,-0.064948,-0.043418,-0.058938,-0.0359,-0.036346,-0.040027,0.00767,0.000248,0.103546,0.16122,0.252952,0.521973,0.387276,1.144485,0.44933,2.021293,0.405246,3.026058,0.262805,3.976692,0.086504,4.657842,-0.051407,4.985552,-0.110421,4.913652,-0.171144,4.403325,-0.177291,3.612033,-0.178475,2.609482,-0.177442,1.506261,-0.123366,0.468016,-0.064329,-0.399009,-0.013072,-1.064336,0.014919,-1.549231,0.044184,-1.898789,0.095249,-2.157037,0.153051,-2.322807,0.199238,-2.373319,0.230606,-2.324382,0.249178,-2.229047,0.259678,-2.129421,0.259561,-2.041708,0.256905,-1.942585,0.256148,-1.800672,0.262351,-1.579897,0.28312,-1.267847,0.322069,-0.856769,0.35891,-0.31228,0.377355,0.418523,0.338859,1.387105,0.224485,2.59939,0.076883,3.874269,-0.058063,5.020422,-0.144411,5.930696,-0.15846,6.443789,-0.137671,6.50005,-0.076375,6.110262,-0.019555,5.347472,-0.008886,4.306376,-0.048772,3.121671,-0.088535,1.880459,-0.1435,0.68115,-0.233577,-0.367363,-0.330904,-1.222072,-0.409685,-1.908113,-0.446338,-2.469531,-0.418153,-2.909673,-0.331486,-3.173525,-0.211838,-3.236771,-0.103127,-3.117211,-0.005215,-2.834033,0.096331,-2.481702,0.187904,-2.144321,0.252142,-1.871015,0.273126,-1.690906,0.254487,-1.612175,0.222444,-1.577714,0.178027,-1.536435,0.134999,-1.449022,0.101223,-1.31171,0.082559,-1.148391,0.082911,-0.98714,0.090686,-0.863245,0.082398,-0.801627,0.049664,-0.783885,0.001573,-0.789603,-0.048722,-0.797378,-0.085068,-0.785249,-0.100379,-0.74333,-0.101982,-0.68504,-0.094222,-0.621754,-0.084327,-0.564017,-0.067526,-0.508599,-0.043825,-0.450237,-0.024965,-0.395105,-0.013803,-0.343791,-0.019467,-0.308027,-0.027341,-0.291149,-0.031734,-0.280489,-0.031698,-0.261292,-0.028603,-0.237698,-0.023133,-0.218258,-0.017741,-0.202651
2,-0.004698,-0.018601,-0.022691,-0.024532,-0.025912,-0.035171,-0.011123,-0.047543,0.014262,-0.051628,0.042272,-0.049829,0.067912,-0.040101,0.088842,-0.022144,0.102714,-0.00332,0.1042,0.004552,0.08912,-0.008469,0.063374,-0.033516,0.0388,-0.064443,0.020742,-0.093319,0.009529,-0.106278,0.006059,-0.092395,0.013236,-0.051075,0.027158,0.006187,0.044276,0.070248,0.067172,0.135542,0.098558,0.214278,0.140675,0.34182,0.201334,0.574919,0.27788,0.962712,0.349462,1.511208,0.371971,2.207238,0.30567,2.921062,0.197945,3.48806,0.078342,3.791108,-0.029952,3.788931,-0.106248,3.501236,-0.135472,2.991048,-0.112413,2.297398,-0.066244,1.466826,-0.031153,0.593529,-0.015584,-0.240453,0.000915,-0.960144,0.025463,-1.513818,0.070431,-1.899654,0.127193,-2.144955,0.186443,-2.271611,0.228244,-2.275744,0.254922,-2.171788,0.276247,-1.985332,0.301639,-1.742697,0.319768,-1.425203,0.313273,-0.98989,0.274188,-0.425953,0.200224,0.260672,0.108095,0.986906,0.00808,1.678231,-0.107985,2.267746,-0.225097,2.715674,-0.308937,3.021348,-0.350086,3.20006,-0.367392,3.238234,-0.372863,3.119325,-0.351793,2.841457,-0.291411,2.439365,-0.194,1.956903,-0.064893,1.426622,0.072586,0.885029,0.182385,0.376102,0.246495,-0.081534,0.253944,-0.495283,0.214521,-0.857278,0.167711,-1.161369,0.138537,-1.398273,0.138914,-1.547885,0.155037,-1.615445,0.166442,-1.622523,0.16092,-1.585553,0.146086,-1.519018,0.120867,-1.439917,0.079022,-1.357789,0.012999,-1.290176,-0.068916,-1.266054,-0.140044,-1.294892,-0.172203,-1.360802,-0.148419,-1.416181,-0.082048,-1.407923,0.004709,-1.32973,0.091279,-1.206234,0.159554,-1.06848,0.19332,-0.93675,0.190721,-0.829924,0.166992,-0.756396,0.133043,-0.700108,0.100145,-0.634366,0.072748,-0.542301,0.04931,-0.429586,0.021165,-0.3086,-0.017385,-0.195003,-0.056623,-0.106859,-0.089416,-0.056532,-0.100301,-0.05178,-0.083877,-0.069242,-0.055418,-0.089707,-0.030436,-0.104012,-0.008004,-0.108871
2,-0.095888,0.20347,-0.090512,0.253928,-0.100779,0.261986,-0.123622,0.228031,-0.155661,0.173162,-0.185569,0.107756,-0.204356,0.033519,-0.205787,-0.045885,-0.187173,-0.112934,-0.151465,-0.145113,-0.102337,-0.138848,-0.041251,-0.109958,0.018552,-0.08153,0.06268,-0.059015,0.074717,-0.049126,0.052772,-0.058427,0.001946,-0.085342,-0.057516,-0.123175,-0.116306,-0.152512,-0.167103,-0.151188,-0.206545,-0.108389,-0.221965,-0.032813,-0.202877,0.030339,-0.15849,0.058854,-0.102,0.054493,-0.051061,0.027132,-0.007392,-0.001409,0.035763,0.00529,-0.092705,0.278942,-0.412626,0.996517,-0.676734,1.935275,-0.93944,2.891642,-1.010821,3.555015,-1.002867,3.782987,-0.926088,3.591714,-0.738296,3.061703,-0.447975,2.345309,-0.100777,1.55888,0.228794,0.720183,0.524036,-0.107016,0.801399,-0.815058,0.974703,-1.371706,0.943965,-1.80572,0.737881,-2.136665,0.426262,-2.354409,0.074624,-2.441068,-0.22117,-2.366441,-0.381924,-2.135094,-0.393337,-1.760693,-0.323069,-1.317185,-0.352297,-0.739611,-0.51267,0.111188,-0.67433,1.119792,-0.826371,2.188258,-0.816263,3.098991,-0.713546,3.706999,-0.540064,3.868522,-0.327406,3.633361,-0.123646,3.150517,0.062287,2.516711,0.239401,1.819392,0.38254,1.079363,0.457047,0.398005,0.477584,-0.161149,0.410638,-0.575913,0.219394,-0.922669,-0.072652,-1.292853,-0.345634,-1.727618,-0.473225,-2.16455,-0.413289,-2.523733,-0.196641,-2.772119,0.114521,-2.870109,0.424216,-2.790301,0.679372,-2.551182,0.861067,-2.227713,0.940193,-1.886592,0.891492,-1.542898,0.727447,-1.195925,0.510494,-0.889686,0.276079,-0.61171,0.047253,-0.335009,-0.129503,-0.085119,-0.253514,0.106309,-0.338297,0.237302,-0.406472,0.294932,-0.465396,0.291482,-0.513489,0.26226,-0.544236,0.248061,-0.53814,0.255123,-0.502232,0.254441,-0.437989,0.239634,-0.354309,0.210108,-0.267023,0.167884,-0.191462,0.104593,-0.134167,0.029688,-0.094117,-0.037307,-0.07739,-0.082777,-0.069741,-0.084514,-0.06528,-0.049477,-0.063994,-0.006745
2,-0.036883,0.019033,0.016575,0.034558,0.048872,0.032352,0.05433,0.008091,0.034955,-0.032177,0.007448,-0.076691,-0.021496,-0.109744,-0.044734,-0.12897,-0.049683,-0.128844,-0.037674,-0.112304,-0.01107,-0.079339,0.017051,-0.041166,0.027512,-0.007036,0.015862,0.012173,-0.011271,0.012983,-0.045211,0.00048,-0.071668,-0.027852,-0.085767,-0.057696,-0.084623,-0.083378,-0.055738,-0.094602,-0.00331,-0.085638,0.054475,-0.066289,0.089477,-0.044749,0.089132,-0.033763,0.052083,-0.02671,-0.010178,-0.017504,-0.08382,-0.004826,-0.14213,0.016785,-0.147879,0.066116,-0.065232,0.158394,0.078946,0.342578,0.234031,0.620787,0.203508,1.032961,-0.023951,1.793786,-0.278927,2.554879,-0.566016,3.298197,-0.613051,3.759776,-0.536269,3.816576,-0.376103,3.487873,-0.164803,2.860439,0.045802,1.991562,0.246868,0.959114,0.448589,-0.081579,0.609034,-1.017099,0.629704,-1.817053,0.493943,-2.435157,0.241916,-2.879679,-0.061148,-3.200333,-0.348497,-3.356223,-0.516182,-3.254266,-0.491503,-2.840913,-0.272004,-2.155695,0.010445,-1.255584,0.118373,-0.179097,-0.114778,1.185994,-0.408,2.448503,-0.648831,3.49014,-0.723505,4.082565,-0.596836,4.194431,-0.311669,3.93828,0.008749,3.4413,0.288334,2.812355,0.49706,2.143853,0.628256,1.509219,0.651825,0.952105,0.533894,0.427612,0.306514,-0.113286,0.033478,-0.675603,-0.198733,-1.236497,-0.323498,-1.798499,-0.30683,-2.309957,-0.131215,-2.72391,0.161535,-3.002202,0.492281,-3.126354,0.775203,-3.125549,0.945427,-3.031442,0.975416,-2.834757,0.884839,-2.549384,0.713295,-2.193431,0.510812,-1.776454,0.318461,-1.307483,0.163076,-0.833788,0.054896,-0.412303,-0.025475,-0.072093,-0.102287,0.201704,-0.172591,0.416104,-0.241126,0.546507,-0.314503,0.59655,-0.381063,0.585197,-0.430109,0.521268,-0.447723,0.420987,-0.42901,0.291032,-0.388052,0.14705,-0.325607,0.009231,-0.250462,-0.077943,-0.171685,-0.09728,-0.110101,-0.064398,-0.070932,-0.014379,-0.049281,0.020183,-0.032023,0.029809
2,-0.177719,0.190011,-0.163795,0.175831,-0.171719,0.139917,-0.198839,0.08711,-0.244654,0.088482,-0.284941,0.129865,-0.313455,0.161514,-0.32237,0.193034,-0.296662,0.18883,-0.254661,0.174664,-0.20245,0.150495,-0.163373,0.111351,-0.139274,0.051681,-0.121046,-0.011848,-0.091694,-0.057295,-0.04157,-0.109627,0.00839,-0.196573,0.021866,-0.283711,0.008012,-0.337043,0.000887,-0.351549,0.014265,-0.339728,0.03003,-0.296657,0.036868,-0.22655,0.021305,-0.153482,-0.018079,-0.105848,-0.067227,-0.092793,-0.105594,-0.101521,-0.115081,-0.130321,-0.093511,-0.164746,-0.040903,-0.19018,0.028003,-0.191932,0.093239,-0.159709,0.138945,-0.097718,0.176973,-0.006708,0.222042,0.13442,0.337869,0.391046,0.575522,0.811922,0.874949,1.384818,1.063536,2.100693,1.008931,2.851421,0.594198,3.551023,0.13224,3.905358,-0.17848,3.838428,-0.374302,3.425235,-0.470259,2.715886,-0.420344,1.772436,-0.202055,0.677441,0.13921,-0.380673,0.444758,-1.214936,0.614604,-1.806955,0.605794,-2.179245,0.418105,-2.392437,0.100475,-2.52741,-0.252176,-2.593649,-0.496945,-2.540657,-0.566547,-2.304661,-0.472757,-1.898895,-0.259891,-1.306065,-0.060032,-0.385517,-0.101434,1.11454,-0.155883,2.649361,-0.199993,3.918835,-0.172625,4.678359,-0.137002,4.884764,-0.156796,4.632629,-0.231778,4.097977,-0.268914,3.397053,-0.189961,2.525651,0.012084,1.429976,0.273518,0.241909,0.484295,-0.830993,0.608493,-1.601085,0.596778,-2.154075,0.410294,-2.598307,0.138113,-2.974958,-0.09177,-3.261452,-0.16328,-3.41263,-0.083222,-3.319224,0.094232,-2.987734,0.27182,-2.516664,0.38495,-2.009763,0.409153,-1.614047,0.347642,-1.381827,0.218169,-1.269782,0.059459,-1.228682,-0.08095,-1.195951,-0.14509,-1.121379,-0.137673,-0.987749,-0.068727,-0.791919,0.018003,-0.591099,0.075578,-0.403509,0.070861,-0.23408,0.003994,-0.085323,-0.104436,0.032487,-0.221934,0.117585,-0.297161,0.173732,-0.307656,0.190937,-0.261123,0.170163,-0.187425,0.132246,-0.10753,0.080317
2,0.004136,-0.100905,0.016014,-0.074758,0.017013,-0.046686,0.004714,-0.019049,-0.012859,-0.006647,-0.019986,-0.011429,-0.015189,-0.028103,-0.002765,-0.05093,0.012979,-0.078984,0.030989,-0.09755,0.04368,-0.102847,0.048798,-0.09245,0.043535,-0.074394,0.026002,-0.045315,0.000403,-0.022846,-0.025733,-0.015652,-0.04048,-0.021368,-0.041898,-0.029009,-0.029521,-0.042349,-0.01383,-0.051394,0.003251,-0.052834,0.007008,-0.049992,-0.000147,-0.045214,-0.012985,-0.039935,-0.025331,-0.033711,-0.037179,-0.019406,-0.045195,0.007261,-0.056074,0.037728,-0.065081,0.067225,-0.06547,0.101985,-0.047563,0.146753,0.010677,0.218877,0.134008,0.352147,0.327606,0.603443,0.574959,1.051925,0.848172,1.600693,1.00274,2.193627,0.938481,2.784699,0.52043,3.291605,-0.044709,3.617604,-0.566267,3.677677,-0.934216,3.517234,-1.119329,3.180111,-1.105017,2.621621,-0.887674,1.79589,-0.517688,0.80179,-0.076181,-0.197951,0.285596,-1.104856,0.489227,-1.881245,0.545501,-2.487196,0.47379,-2.931058,0.317404,-3.232907,0.152111,-3.353896,0.04713,-3.28013,0.035725,-3.017765,0.095341,-2.535001,0.165943,-1.815077,0.150502,-0.966298,-0.053081,0.025234,-0.323729,1.013923,-0.562936,1.958951,-0.659344,2.755896,-0.590703,3.362602,-0.397445,3.78237,-0.188727,3.968266,-0.068502,3.910406,-0.014949,3.656824,0.012158,3.213037,0.030938,2.620881,0.037835,1.961494,0.015673,1.296736,0.003852,0.651531,0.021937,-0.008249,0.044552,-0.706969,0.052467,-1.409527,0.062958,-2.06944,0.105966,-2.62448,0.186508,-3.038249,0.299716,-3.293578,0.456974,-3.390158,0.638487,-3.344368,0.808875,-3.193689,0.933852,-2.976799,0.993093,-2.701727,0.957614,-2.362031,0.872058,-1.996291,0.706463,-1.643102,0.491037,-1.297527,0.27854,-0.941405,0.101454,-0.578463,-0.032743,-0.245821,-0.146556,0.017014,-0.249195,0.186876,-0.343641,0.288273,-0.422174,0.328073,-0.476721,0.313598,-0.487201,0.268134,-0.460229,0.215772,-0.40556,0.173962,-0.328109,0.145501
2,0.013777,-0.06493,-0.010677,-0.078127,-0.034141,-0.08088,-0.039809,-0.069189,-0.026746,-0.043574,-0.003027,-0.014155,0.023196,0.017517,0.040943,0.040509,0.04503,0.056511,0.034085,0.056536,0.00374,0.039371,-0.040379,0.012833,-0.077764,-0.012618,-0.095899,-0.034202,-0.094361,-0.042386,-0.073133,-0.026211,-0.048662,0.008919,-0.040303,0.054326,-0.046435,0.093277,-0.060566,0.115894,-0.050196,0.125814,0.026757,0.152154,0.19218,0.231393,0.435695,0.423844,0.709916,0.763205,0.951136,1.195075,1.06913,1.693638,0.978593,2.203038,0.569692,2.744296,0.085744,3.016161,-0.362796,3.052964,-0.685567,2.895488,-0.871775,2.638276,-0.902607,2.316442,-0.826425,1.949645,-0.637315,1.456912,-0.35313,0.778089,-0.030795,-0.018176,0.247074,-0.835306,0.416357,-1.612532,0.461129,-2.317392,0.436851,-2.883119,0.41342,-3.234984,0.418732,-3.289019,0.423397,-2.962734,0.352424,-2.15871,0.173031,-1.067204,-0.080214,0.141789,-0.332051,1.305569,-0.509877,2.316081,-0.532112,3.154329,-0.383062,3.808783,-0.161969,4.234015,0.025495,4.420017,0.129817,4.391132,0.132407,4.139462,0.056788,3.686962,-0.017404,3.072583,-0.046346,2.338586,-0.047013,1.546151,-0.060399,0.767635,-0.071285,0.093375,-0.061552,-0.517997,-0.072493,-1.121557,-0.107606,-1.714868,-0.112329,-2.258317,-0.047947,-2.716958,0.079187,-3.071881,0.244279,-3.334821,0.414533,-3.523823,0.570845,-3.645753,0.706995,-3.692907,0.816397,-3.62687,0.913821,-3.429293,0.971863,-3.101205,0.972649,-2.647183,0.897367,-2.122408,0.769521,-1.613327,0.592373,-1.187143,0.364995,-0.855887,0.112273,-0.582091,-0.127429,-0.351295,-0.336954,-0.173206,-0.506785,-0.045219,-0.645418,0.043126,-0.745689,0.099394,-0.787423,0.133978,-0.772716,0.150889,-0.700689,0.143557,-0.5787,0.10974,-0.434327,0.059773,-0.275596,0.019694,-0.119524,-0.002205,0.003035,-0.007049,0.082464,-0.007723,0.132224,-0.016772,0.165506,-0.027819,0.172313,-0.044758,0.14269,-0.071231,0.090459,-0.103438
2,-0.145508,-0.046032,-0.116833,-0.009082,-0.075774,0.017914,-0.037595,0.022376,-0.009942,0.004352,0.012834,-0.033646,0.033854,-0.083425,0.052522,-0.132855,0.060859,-0.167306,0.054044,-0.180737,0.036606,-0.168531,0.008127,-0.136879,-0.020284,-0.105255,-0.035929,-0.081329,-0.037266,-0.060938,-0.026416,-0.049045,-0.009374,-0.050575,0.006877,-0.047692,0.022875,-0.04336,0.060827,-0.02448,0.109154,-0.003701,0.118492,0.003867,0.105595,0.007737,0.06743,0.016328,0.009462,0.024568,-0.059296,0.037785,-0.12096,0.062956,-0.154716,0.107455,-0.135609,0.18099,-0.060049,0.35008,0.053694,0.700269,0.16581,1.235991,0.248999,1.886653,0.282578,2.553942,0.246388,3.108501,0.154612,3.435956,0.028838,3.512239,-0.11077,3.355021,-0.251043,2.988594,-0.361969,2.505599,-0.416184,1.974891,-0.379655,1.368156,-0.211341,0.659934,0.042974,-0.129518,0.253964,-0.908137,0.343352,-1.605009,0.3132,-2.195207,0.219075,-2.645892,0.133266,-2.925752,0.095896,-3.016744,0.099128,-2.912188,0.136343,-2.643217,0.195967,-2.259706,0.240413,-1.820386,0.234593,-1.33665,0.186638,-0.780135,0.124679,-0.093019,0.054225,0.743037,-0.023714,1.751472,-0.111212,2.886455,-0.142028,3.974463,-0.101224,4.799629,-0.034848,5.22739,0.006619,5.228995,0.030649,4.877971,0.067808,4.292758,0.075757,3.601614,0.030988,2.848075,0.005259,2.075519,-0.022672,1.320289,-0.047202,0.576927,-0.04137,-0.158605,-0.000121,-0.867454,0.06461,-1.533758,0.088307,-2.166109,0.100821,-2.743063,0.145604,-3.200378,0.218382,-3.467631,0.300777,-3.515594,0.337502,-3.427745,0.29667,-3.281945,0.203568,-3.147835,0.111131,-3.0299,0.075629,-2.836159,0.102694,-2.50623,0.15524,-2.064832,0.177752,-1.577264,0.136478,-1.133155,0.033722,-0.770762,-0.099401,-0.501798,-0.222824,-0.311275,-0.306464,-0.177783,-0.339233,-0.086227,-0.31454,-0.003477,-0.251239,0.08399,-0.194642,0.143316,-0.179965,0.145918,-0.203239,0.107424,-0.247873,0.05372,-0.282835,-0.000735
2,0.046471,-0.047798,0.046631,-0.054036,0.030367,-0.054751,0.006271,-0.04984,-0.017186,-0.041603,-0.033835,-0.04082,-0.030981,-0.050955,-0.009985,-0.070045,0.019673,-0.086708,0.047524,-0.091398,0.067958,-0.072394,0.070195,-0.035845,0.04858,-0.000508,0.009892,0.026189,-0.036752,0.036641,-0.075014,0.033814,-0.088909,0.013526,-0.069472,-0.017012,-0.024163,-0.045019,0.027991,-0.069536,0.06965,-0.084482,0.091642,-0.082289,0.090597,-0.064646,0.061934,-0.037492,0.014291,-0.009319,-0.034908,0.016107,-0.066322,0.044865,-0.067732,0.083488,-0.039014,0.125836,0.013831,0.204697,0.07447,0.412349,0.134701,0.814425,0.211998,1.328801,0.304202,1.859985,0.363744,2.344709,0.3367,2.731816,0.232732,2.97695,0.096087,3.066143,-0.025038,2.982444,-0.120138,2.711684,-0.197805,2.296232,-0.239832,1.791139,-0.219946,1.201468,-0.118208,0.52654,0.04569,-0.198785,0.183578,-0.930028,0.231775,-1.635562,0.195608,-2.320226,0.132438,-2.935199,0.090212,-3.387876,0.081865,-3.571515,0.08283,-3.430755,0.041683,-2.93191,-0.105401,-2.101269,-0.326004,-1.036914,-0.483294,0.11825,-0.458497,1.252457,-0.239974,2.303303,0.118247,3.255424,0.503293,4.045616,0.762564,4.65346,0.822206,5.04772,0.708298,5.196909,0.484699,5.059359,0.221612,4.649135,-0.015312,4.001801,-0.191891,3.191836,-0.293816,2.300054,-0.31957,1.420001,-0.272438,0.585043,-0.160249,-0.21712,-0.032467,-0.981342,0.074843,-1.693233,0.165527,-2.315789,0.24269,-2.798325,0.297212,-3.120864,0.302416,-3.300078,0.260027,-3.368327,0.188592,-3.368308,0.142267,-3.304814,0.148168,-3.178784,0.176037,-2.99096,0.184633,-2.763247,0.165309,-2.50977,0.120935,-2.244586,0.077708,-1.960387,0.081331,-1.610274,0.107013,-1.21936,0.096734,-0.841653,0.027013,-0.540012,-0.085267,-0.315717,-0.208244,-0.145732,-0.309878,-0.016816,-0.370279,0.072459,-0.358963,0.130156,-0.284576,0.153913,-0.188325,0.151491,-0.107885,0.135242,-0.056046,0.114998,-0.039838,0.095589
2,0.010565,-0.02586,-0.023425,-0.038201,-0.051221,-0.052564,-0.068449,-0.062845,-0.073225,-0.067591,-0.068495,-0.072443,-0.052261,-0.073643,-0.027354,-0.064912,-0.001416,-0.044726,0.007426,-0.018164,-0.000486,-0.000947,-0.012798,0.005361,-0.01571,-0.000332,-0.007704,-0.010406,0.005054,-0.022886,0.01979,-0.026801,0.034117,-0.022127,0.05372,-0.009399,0.065249,0.006204,0.061496,0.012854,0.045274,0.00675,0.019895,-0.01018,-0.010769,-0.030356,-0.038097,-0.048635,-0.062944,-0.057417,-0.076221,-0.055416,-0.080839,-0.043517,-0.077303,-0.022645,-0.066995,0.013877,-0.050351,0.074637,-0.034474,0.173963,-0.037477,0.372442,-0.083814,0.746811,-0.161607,1.285372,-0.235032,1.971608,-0.285756,2.695064,-0.351578,3.311964,-0.433435,3.720762,-0.487649,3.863183,-0.468423,3.72663,-0.403469,3.350416,-0.353874,2.833394,-0.298506,2.214656,-0.191669,1.476657,0.00934,0.672806,0.245849,-0.122817,0.41099,-0.867497,0.446082,-1.524081,0.388553,-2.095485,0.302185,-2.563456,0.251586,-2.89657,0.255795,-3.08258,0.299424,-3.092333,0.323846,-2.885505,0.265849,-2.419175,0.124072,-1.642113,-0.044871,-0.612452,-0.162485,0.562114,-0.236821,1.795068,-0.216095,3.042591,-0.098693,4.155747,0.059695,5.014858,0.187686,5.537754,0.247649,5.677427,0.254942,5.458509,0.237015,4.965136,0.18777,4.231967,0.142256,3.354505,0.042892,2.428202,-0.029942,1.453597,0.011985,0.414892,0.112442,-0.597114,0.201247,-1.537464,0.25573,-2.397499,0.299063,-3.103235,0.32142,-3.612312,0.331011,-3.889495,0.319791,-3.940503,0.262032,-3.835959,0.168972,-3.641896,0.057752,-3.425854,-0.043066,-3.198715,-0.086578,-2.976215,-0.082651,-2.729723,-0.026004,-2.423328,0.052346,-2.070644,0.102878,-1.674338,0.09171,-1.276843,0.012246,-0.911571,-0.090333,-0.599624,-0.16552,-0.327014,-0.190209,-0.092902,-0.180009,0.094775,-0.148634,0.237167,-0.121423,0.312483,-0.117825,0.320732,-0.142916,0.276524,-0.187604,0.210258,-0.232294,0.143812,-0.25525,0.089204
2,-0.300188,-0.506282,-0.222614,-0.388652,-0.115501,-0.311844,-0.006777,-0.278966,0.07408,-0.260447,0.097414,-0.23939,0.048621,-0.212039,-0.083351,-0.180313,-0.265715,-0.145531,-0.432758,-0.097093,0.272156,0.00191,0.291861,-0.036504,0.28447,-0.063796,0.276133,-0.074626,0.280982,-0.074918,0.297136,-0.077112,0.31733,-0.082675,0.330305,-0.095436,0.328663,-0.111753,0.311463,-0.133144,0.275237,-0.159116,0.221214,-0.189995,0.151506,-0.223674,0.083969,-0.255324,0.029066,-0.277728,0.003204,-0.28216,0.009152,-0.258085,0.032958,-0.174695,0.075654,0.007632,0.153033,0.330938,0.231819,0.872184,0.257413,1.666404,0.237045,2.611255,0.176097,3.487937,0.034145,4.100854,-0.22753,4.392334,-0.585088,4.368971,-0.990732,4.065551,-1.380422,3.512901,-1.62971,2.748488,-1.573256,1.811267,-1.167588,0.794009,-0.533639,-0.179564,0.159741,-1.024071,0.76914,-1.735986,1.193342,-2.355307,1.42127,-2.878731,1.423813,-3.318002,1.240441,-3.629052,0.9659,-3.705232,0.667431,-3.426294,0.354196,-2.792045,0.032706,-1.882783,-0.269741,-0.759555,-0.50607,0.48595,-0.653257,1.747546,-0.723796,2.992196,-0.682055,4.139443,-0.550922,5.050647,-0.421971,5.646518,-0.347478,5.832779,-0.332396,5.55452,-0.339903,4.831502,-0.332977,3.74384,-0.241166,2.417485,-0.030006,1.07825,0.228149,-0.03541,0.449329,-0.849836,0.582684,-1.430146,0.61937,-1.887849,0.58903,-2.284047,0.508209,-2.635484,0.421263,-2.905545,0.361093,-3.013982,0.334113,-2.899947,0.334273,-2.58326,0.331615,-2.18501,0.297,-1.876637,0.234277,-1.768036,0.162469,-1.839532,0.1045,-2.013553,0.087881,-2.187523,0.125982,-2.234533,0.221405,-2.090867,0.352858,-1.778729,0.485006,-1.388842,0.571544,-1.07842,0.606484,-0.812358,0.575896,-0.543601,0.51895,-0.321276,0.441757,-0.202424,0.340966,-0.174308,0.235136,-0.180692,0.14921,-0.182375,0.082838,-0.172106,0.028047,-0.158289,-0.010318,-0.1445,-0.037651,-0.131828,-0.057236,-0.136056,-0.073036,-0.158048
2,-0.009221,-0.00729,-0.014185,-0.001629,-0.01404,0.01371,0.001218,0.04279,0.026482,0.079822,0.046942,0.116348,0.063734,0.142901,0.070683,0.14767,0.067863,0.134458,0.063908,0.103803,0.058555,0.069563,0.052904,0.037683,0.051085,0.017351,0.050191,0.012937,0.045469,0.016195,0.041614,0.023915,0.037147,0.028687,0.037403,0.034035,0.033294,0.024873,0.026256,0.008602,0.020076,-0.010912,0.013551,-0.024218,0.009073,-0.031015,0.001675,-0.029522,-0.002127,-0.017998,-0.003837,1.2e-05,-0.003793,0.019194,0.003868,0.042205,0.026477,0.067627,0.052476,0.099365,0.065947,0.162771,0.051669,0.328745,-0.019723,0.67751,-0.193081,1.268719,-0.433557,2.060745,-0.661492,2.884628,-0.807227,3.592475,-0.868478,4.05197,-0.837052,4.214013,-0.733099,4.065769,-0.590119,3.702451,-0.406887,3.231294,-0.19335,2.706385,0.016859,2.147504,0.204018,1.53945,0.372596,0.890919,0.54396,0.23178,0.706789,-0.428821,0.837677,-1.055846,0.924525,-1.63281,0.946708,-2.161944,0.922067,-2.632886,0.868732,-3.0245,0.794752,-3.265353,0.694784,-3.128385,0.549778,-2.595375,0.363835,-1.807438,0.147826,-0.795747,-0.099541,0.436172,-0.329857,1.815138,-0.502369,3.261322,-0.524865,4.598457,-0.386566,5.574069,-0.173332,6.029974,-0.036306,5.995761,0.001342,5.450978,-0.097592,4.593633,-0.271498,3.506941,-0.391454,2.234577,-0.361925,1.008091,-0.273487,-0.061661,-0.277298,-0.871877,-0.308869,-1.45385,-0.289526,-2.014478,-0.268761,-2.570299,-0.247396,-3.090735,-0.239103,-3.575014,-0.201989,-3.951281,-0.150621,-4.154615,-0.107247,-4.222755,-0.075421,-4.225335,-0.064849,-4.177272,-0.08717,-4.086882,-0.117649,-3.879336,-0.120739,-3.43543,-0.08982,-2.80523,-0.049458,-2.145823,-0.013177,-1.570845,0.023319,-1.104602,0.057991,-0.727302,0.083536,-0.384484,0.115461,-0.068453,0.169554,0.179633,0.232279,0.324426,0.299002,0.364259,0.367045,0.343678,0.431839,0.284651,0.476163,0.185889,0.481805,0.046798,0.44857,-0.114973
2,0.049226,-0.031308,0.010433,-0.041078,-0.022491,-0.057136,-0.039386,-0.07167,-0.035952,-0.067406,-0.014799,-0.046274,0.014685,-0.015408,0.049186,0.011704,0.078126,0.027665,0.096164,0.025718,0.101828,0.008895,0.091264,-0.023311,0.071445,-0.064226,0.048921,-0.095998,0.026931,-0.112731,0.013765,-0.110893,0.011455,-0.088229,0.016612,-0.056648,0.023874,-0.021305,0.030206,0.01331,0.028896,0.043448,0.017801,0.075891,-0.005992,0.12872,-0.049304,0.265849,-0.121225,0.56094,-0.230907,1.020147,-0.351524,1.65129,-0.455494,2.374202,-0.508349,3.101954,-0.49664,3.715255,-0.414889,4.083023,-0.310779,4.155478,-0.193003,4.01771,-0.080253,3.743102,0.026305,3.362226,0.116475,2.851213,0.180745,2.204319,0.190644,1.412884,0.190744,0.597689,0.222286,-0.12821,0.259495,-0.783204,0.275046,-1.397582,0.271407,-1.97498,0.23844,-2.503949,0.213263,-3.025182,0.207953,-3.575949,0.21439,-4.103339,0.215032,-4.452326,0.192999,-4.181828,0.094272,-3.434034,-0.053776,-2.480026,-0.263274,-1.388807,-0.505484,-0.129122,-0.713331,1.297162,-0.846846,2.787878,-0.846693,4.176456,-0.685062,5.255477,-0.394208,5.880417,-0.084578,6.086387,0.206867,5.89175,0.43557,5.33446,0.482748,4.453065,0.356841,3.289417,0.067058,2.056686,-0.207529,0.872079,-0.257024,-0.236228,-0.237161,-1.125147,-0.241302,-1.808083,-0.245146,-2.393415,-0.282036,-2.921258,-0.356906,-3.432294,-0.401569,-3.888695,-0.372744,-4.349712,-0.325505,-4.515336,-0.292066,-4.104564,-0.294371,-3.450344,-0.288769,-2.892896,-0.271499,-2.47758,-0.24694,-2.12274,-0.201609,-1.778129,-0.147369,-1.473977,-0.078735,-1.209728,0.009589,-0.963955,0.118461,-0.716097,0.233961,-0.464431,0.343638,-0.218,0.431976,0.025028,0.494607,0.214289,0.522101,0.327206,0.509732,0.360176,0.469167,0.319639,0.406042,0.23187,0.322287,0.109465,0.228619,-0.022336,0.125894,-0.127062,0.035156,-0.173637,-0.032044,-0.166725,-0.078314,-0.121884,-0.103014,-0.061305,-0.111942,-0.006796
2,0.015553,0.047108,-0.005261,0.063752,-0.02434,0.087285,-0.037762,0.115732,-0.046652,0.144509,-0.060523,0.159359,-0.075395,0.156792,-0.090144,0.131613,-0.105564,0.094313,-0.121079,0.047138,-0.127332,-0.002502,-0.117379,-0.044988,-0.092696,-0.070523,-0.05489,-0.079074,-0.009761,-0.075529,0.03088,-0.063925,0.063039,-0.050718,0.087246,-0.041927,0.10002,-0.031784,0.108174,-0.020446,0.107846,0.010681,0.102621,0.079202,0.074836,0.23023,-0.003129,0.509625,-0.145777,1.013977,-0.353585,1.790714,-0.569029,2.782275,-0.703622,3.836452,-0.711102,4.715239,-0.577666,5.291131,-0.373156,5.52829,-0.163072,5.467403,0.029245,5.205997,0.165442,4.703586,0.282696,3.992429,0.348858,3.122,0.330875,2.179428,0.255059,1.208844,0.158659,0.162321,0.079968,-0.81533,0.037032,-1.620892,0.028868,-2.2643,0.036692,-2.810868,0.022497,-3.332846,-0.012766,-3.852268,-0.01234,-4.339468,-0.001467,-4.891652,0.024674,-5.386949,0.022494,-5.319276,-0.033718,-4.57542,-0.125329,-3.50861,-0.276986,-2.248688,-0.496938,-0.655605,-0.729844,1.224198,-0.868457,3.106312,-0.864141,4.703251,-0.700616,5.802141,-0.426673,6.405818,-0.080705,6.595318,0.560482,5.706333,0.699172,4.707833,0.630441,3.343211,0.355363,1.705592,0.03265,0.245014,-0.124814,-0.957895,-0.144901,-1.912398,-0.125459,-2.559712,-0.124196,-3.027717,-0.1573,-3.504304,-0.207111,-3.99996,-0.234064,-4.474503,-0.183101,-4.840943,-0.121458,-4.885017,-0.051348,-4.691741,0.019494,-4.385391,0.06924,-3.937271,0.08172,-3.253355,0.051893,-2.428451,0.000724,-1.618843,-0.040058,-0.921169,-0.058047,-0.371756,-0.037649,0.024303,0.034045,0.289198,0.14406,0.434142,0.272446,0.484145,0.386836,0.469292,0.472728,0.406707,0.531907,0.31589,0.555364,0.210474,0.532593,0.102776,0.465264,-0.003726,0.361198,-0.09968,0.238473,-0.157891,0.116172,-0.168056,0.009568,-0.139134,-0.07392,-0.096201,-0.129835,-0.045414,-0.158221,0.018841,-0.156659,0.068232,-0.13856,0.084988
2,-0.015805,-0.090506,-0.017127,-0.086935,-0.018109,-0.08101,-0.019255,-0.069767,-0.0131,-0.061075,-0.006434,-0.055344,0.00583,-0.050927,0.021056,-0.045966,0.036967,-0.036268,0.054418,-0.022459,0.068357,-0.006231,0.075503,-0.003466,0.075061,-0.009714,0.064656,-0.024591,0.047239,-0.04753,0.027645,-0.075389,0.009971,-0.100625,-0.000348,-0.119269,-0.003774,-0.124507,-0.005264,-0.106473,-0.012122,-0.051152,-0.047494,0.051042,-0.134697,0.236635,-0.297814,0.601269,-0.520948,1.247616,-0.744543,2.187422,-0.877437,3.265092,-0.890809,4.315604,-0.749447,5.074134,-0.507177,5.47175,-0.237056,5.517799,0.040523,5.27338,0.281839,4.782019,0.439589,4.066855,0.488232,3.132638,0.388419,2.105164,0.113674,1.254098,-0.050656,0.364573,-0.029558,-0.547423,-0.040222,-1.314132,-0.123053,-1.930126,-0.211183,-2.471339,-0.271658,-2.997551,-0.317248,-3.430455,-0.295453,-3.918774,-0.259982,-4.514252,-0.223813,-4.843194,-0.193747,-4.841532,-0.165727,-4.595704,-0.168822,-4.072703,-0.207065,-3.275578,-0.288374,-2.180649,-0.417866,-0.808036,-0.589644,0.775865,-0.742039,2.55991,-0.78093,4.486147,-0.620102,6.14552,-0.267222,7.260672,0.167138,7.743811,0.594246,7.575183,0.910631,6.821236,0.949183,5.447045,0.345184,3.735185,-0.309902,1.871311,-0.664286,0.228556,-0.76298,-1.071358,-0.739027,-1.985694,-0.709438,-2.568924,-0.723748,-3.001612,-0.772314,-3.475866,-0.800563,-3.951328,-0.7899,-4.450071,-0.684579,-4.722329,-0.574007,-4.633402,-0.437125,-4.304113,-0.270382,-3.918635,-0.100347,-3.418004,0.042564,-2.75301,0.150507,-2.05712,0.218102,-1.419063,0.257349,-0.893942,0.295367,-0.504024,0.342619,-0.250349,0.397375,-0.10696,0.455886,-0.066603,0.519951,-0.094243,0.571807,-0.163654,0.591315,-0.238514,0.56764,-0.290223,0.502015,-0.32561,0.394999,-0.345086,0.267979,-0.337618,0.134279,-0.287768,0.017004,-0.202957,-0.073749,-0.100555,-0.124656,0.002314,-0.145614,0.105264,-0.150135,0.19615,-0.139749,0.245779,-0.119799,0.248291
2,0.16404,-0.327551,0.213092,-0.296406,0.239554,-0.254462,0.240718,-0.196794,0.206871,-0.137445,0.14312,-0.093097,0.064709,-0.06322,-0.017378,-0.045877,-0.09493,-0.029746,-0.167177,-0.018538,-0.226687,-0.021524,-0.261029,-0.057286,-0.274329,-0.096848,-0.266088,-0.146253,-0.24062,-0.198299,-0.201526,-0.250738,-0.152742,-0.29951,-0.098013,-0.334829,-0.040772,-0.353028,0.020457,-0.360143,0.086828,-0.368817,0.158541,-0.372632,0.231128,-0.379733,0.294265,-0.382336,0.347013,-0.384306,0.384856,-0.391751,0.409973,-0.405749,0.416965,-0.428976,0.405529,-0.426974,0.382334,-0.415604,0.347265,-0.392024,0.297603,-0.369813,0.243444,-0.354132,0.193081,-0.348682,0.147917,-0.335239,0.099663,-0.286873,0.02014,-0.170232,-0.114273,0.064833,-0.290749,0.439195,-0.484044,0.941065,-0.634022,1.519261,-0.624979,2.075999,-0.561051,2.517201,-0.547028,2.881568,-0.478196,3.079751,-0.301062,3.081032,-0.099197,2.893631,0.092614,2.590593,0.257221,2.203188,0.39381,1.739187,0.484567,1.218975,0.514856,0.671731,0.489209,0.113124,0.437427,-0.422056,0.377347,-0.906704,0.324318,-1.371098,0.28676,-1.825982,0.250343,-2.223199,0.215801,-2.499614,0.173919,-2.591956,0.109679,-2.350067,0.007135,-1.753448,-0.124519,-0.929688,-0.313624,0.031188,-0.487259,1.121192,-0.602747,2.317538,-0.670871,3.452584,-0.664291,4.296364,-0.606441,4.69278,-0.521468,4.601325,-0.458598,4.223464,-0.325057,3.550433,-0.176677,2.66544,-0.048621,1.672024,0.053057,0.667192,0.138754,-0.278353,0.227831,-1.093441,0.30366,-1.794816,0.354344,-2.426019,0.379439,-2.990633,0.385556,-3.467049,0.394824,-3.85585,0.405959,-4.102695,0.429482,-4.056376,0.435023,-3.730729,0.420495,-3.167279,0.386675,-2.445224,0.338046,-1.698047,0.266402,-1.059975,0.183279,-0.589041,0.098274,-0.274299,0.026374,-0.10407,-0.016097,-0.045789,-0.023046,-0.044406,-0.001765,-0.062575,0.030896,-0.08956,0.06104,-0.114226,0.087042,-0.136451,0.098121,-0.144344,0.097112,-0.138575
2,0.017363,-0.046727,-0.003602,-0.070219,-0.014668,-0.083791,-0.019905,-0.083785,-0.016179,-0.074449,-0.008647,-0.059577,0.000554,-0.043422,0.008655,-0.034712,0.013131,-0.03004,0.01569,-0.028129,0.014418,-0.026423,0.009309,-0.030241,0.000387,-0.034269,-0.007874,-0.033843,-0.008051,-0.030021,-0.005051,-0.025127,-0.001638,-0.022566,0.001786,-0.025323,0.000126,-0.031927,-0.002369,-0.039175,-0.006314,-0.051544,-0.004281,-0.064733,0.005762,-0.069139,0.019805,-0.066492,0.034463,-0.059362,0.043347,-0.049927,0.046912,-0.040523,0.044958,-0.032636,0.043391,-0.021774,0.041013,-0.016889,0.037588,-0.014141,0.027599,-0.015068,0.019555,-0.018537,0.005801,-0.025055,-0.006245,-0.030299,-0.01257,-0.032515,-0.017739,-0.025788,-0.025631,-0.022524,-0.040523,-0.008519,-0.061266,0.037337,-0.099293,0.14923,-0.162778,0.378145,-0.265795,0.793643,-0.405367,1.417494,-0.577801,2.228105,-0.710679,3.10399,-0.771203,3.858421,-0.799407,4.33583,-0.792986,4.561118,-0.746443,4.506081,-0.703466,4.109966,-0.720681,3.511771,-0.620846,2.787178,-0.476087,1.955281,-0.340685,1.099633,-0.237656,0.271431,-0.179434,-0.463668,-0.140817,-1.108606,-0.100043,-1.706967,-0.087712,-2.286929,-0.105021,-2.861141,-0.112943,-3.434867,-0.097571,-3.939275,-0.060509,-4.212548,-0.042125,-4.173854,-0.066164,-3.815438,-0.091745,-3.094579,-0.131238,-1.967306,-0.193516,-0.428251,-0.262711,1.313062,-0.303013,3.063408,-0.2882,4.609529,-0.184207,5.667834,0.019609,6.137032,0.273061,6.094455,0.596602,5.67254,0.918106,4.876101,1.039566,3.675146,0.945469,2.173379,0.768741,0.583454,0.575681,-0.825935,0.420807,-1.948892,0.324893,-2.786714,0.291395,-3.412838,0.259804,-3.916315,0.19792,-4.299155,0.142915,-4.425562,0.086936,-4.373993,0.049586,-4.080061,0.035924,-3.653563,0.069168,-3.128991,0.111036,-2.554124,0.148493,-1.970844,0.176684,-1.406813,0.197891,-0.918579,0.211176,-0.546347,0.236759,-0.075662,0.244853,-0.100343,0.224324,-0.112357,0.175871,-0.112037
2,0.016802,-0.000907,0.026703,-0.004807,0.03514,-0.008361,0.039322,-0.007041,0.036392,-0.006355,0.029628,-0.005524,0.015962,-0.007676,-0.001117,-0.014432,-0.016373,-0.020089,-0.027855,-0.019708,-0.031626,-0.009571,-0.025816,0.005271,-0.012358,0.019886,0.001757,0.027408,0.016757,0.025454,0.029021,0.011773,0.038668,-0.009802,0.042228,-0.02764,0.042541,-0.036216,0.038707,-0.036091,0.035337,-0.030669,0.03028,-0.022537,0.024101,-0.012598,0.015088,-0.008175,0.003457,-0.011631,-0.00265,-0.017928,-0.006161,-0.026381,-0.001865,-0.031244,0.004807,-0.035879,0.012839,-0.03464,0.020187,-0.036327,0.018734,-0.035982,0.014006,-0.03643,0.006457,-0.03237,-0.003366,-0.014669,-0.017748,0.030324,-0.058367,0.168033,-0.139044,0.503919,-0.261697,1.106991,-0.361999,1.928341,-0.28314,2.767526,-0.113682,3.536314,0.079395,4.004713,0.315514,4.138771,0.608678,4.090596,0.873375,3.779872,1.041314,3.154098,1.13475,2.319756,1.121383,1.385276,1.011608,0.402118,0.869161,-0.515627,0.714964,-1.293902,0.563526,-1.948438,0.412842,-2.517471,0.232865,-3.007039,0.064446,-3.340588,-0.024084,-3.498247,-0.127587,-3.628127,-0.259794,-3.532521,-0.411429,-3.037241,-0.545516,-2.28269,-0.660117,-1.393794,-0.743494,-0.397669,-0.78914,0.612272,-0.829907,1.581545,-0.811112,2.521312,-0.697815,3.304589,-0.510651,3.83148,-0.273236,4.091186,-0.010094,4.089777,0.246853,3.790934,0.443074,3.215624,0.523646,2.4079,0.498144,1.457257,0.405379,0.449604,0.30746,-0.512305,0.22977,-1.319719,0.18303,-1.975184,0.16223,-2.497632,0.14182,-2.899744,0.13557,-3.122818,0.188784,-3.22715,0.253672,-3.333401,0.281784,-3.181905,0.259222,-2.786181,0.20589,-2.249489,0.135756,-1.713158,0.046659,-1.244905,-0.046819,-0.874683,-0.130308,-0.570871,-0.19137,-0.30915,-0.21414,-0.062679,-0.199536,0.154481,-0.163513,0.295207,-0.123245,0.344014,-0.08425,0.308328,-0.054611,0.212226,-0.029843,0.08428,-0.006488,-0.045945,0.009271,-0.163493
2,0.023752,-0.259356,0.010415,-0.194687,-0.01532,-0.148446,-0.045732,-0.125282,-0.072271,-0.119123,-0.083841,-0.128391,-0.081483,-0.153775,-0.070432,-0.195369,-0.050252,-0.258445,-0.031457,-0.333996,-0.006717,-0.407989,0.023285,-0.472891,0.04927,-0.522318,0.071753,-0.54357,0.089866,-0.527983,0.097622,-0.467188,0.096615,-0.368794,0.086232,-0.250687,0.065343,-0.130701,0.046719,-0.019416,0.039113,0.074147,0.03758,0.145305,0.03986,0.182623,0.038372,0.182852,0.034999,0.15005,0.024337,0.091332,0.003316,0.017817,-0.022469,-0.050808,-0.044599,-0.099536,-0.063108,-0.136941,-0.074362,-0.168852,-0.073644,-0.191529,-0.062536,-0.19936,-0.037386,-0.187385,-0.007877,-0.155542,0.020149,-0.108549,0.038197,-0.05611,0.039472,-0.001622,0.026178,0.047175,-0.000829,0.089099,-0.042506,0.142482,-0.111863,0.237108,-0.238171,0.431856,-0.440493,0.834493,-0.685466,1.534842,-0.896836,2.525957,-1.083477,3.6131,-1.257471,4.591025,-1.400945,5.312543,0.05447,-1.636073,0.202997,-2.209333,0.335749,-2.825074,0.484105,-3.470219,0.651822,-4.088386,0.846634,-4.615185,1.089015,-4.998128,1.243541,-5.008045,1.424414,-4.527676,1.445988,-3.522563,1.372937,-1.951362,1.213605,-0.060325,0.951249,1.796208,0.605751,3.317823,0.24627,4.378685,-0.051058,5.000018,-0.272769,5.139881,-0.456519,4.790862,-0.620737,3.804794,-0.866345,2.634976,-1.042573,1.409634,-1.081033,0.286427,-1.04086,-0.608319,-0.943085,-1.26068,-0.764837,-1.735771,-0.526395,-2.221195,-0.306502,-2.708379,-0.102191,-3.151262,0.117434,-3.49299,0.360628,-3.712011,0.608145,-3.808209,0.857153,-3.778867,1.064731,-3.645672,1.220148,-3.405509,1.312801,-3.052437,1.328743,-2.607378,1.276642,-2.110736,1.155887,-1.603455,0.982241,-1.078546,0.787579,-0.582942,0.585943,-0.140015,0.402498,0.190802,0.246566,0.385453,0.095355,0.439181,-0.056958,0.408432,-0.189737,0.31238,-0.299292,0.188686,-0.387703,0.064193,-0.449561,-0.039048,-0.482665,-0.110298,-0.479684,-0.145462
2,0.011287,0.009956,0.021978,0.010346,0.020314,0.000849,0.014266,-0.010498,0.006097,-0.021711,-0.000601,-0.02662,-0.000851,-0.030869,0.00348,-0.030069,0.012247,-0.02634,0.017757,-0.023476,0.018886,-0.022477,0.015767,-0.021218,0.012712,-0.018898,0.011041,-0.011331,0.009561,-0.000578,0.008755,0.003737,0.009008,0.007989,0.011067,0.006802,0.005947,0.010306,-0.003972,0.022628,-0.025312,0.056986,-0.062176,0.144749,-0.143039,0.362643,-0.263023,0.85001,-0.383246,1.652209,-0.493211,2.586965,-0.584988,3.403662,-0.61793,3.939183,-0.589347,4.170697,-0.514228,4.141149,-0.404851,3.92722,-0.235582,3.57384,-0.062079,3.118034,0.084809,2.574918,0.147784,1.942222,0.149539,1.029445,0.115357,0.048681,0.017285,-0.7787,-0.063275,-1.36258,-0.080195,-1.833044,-0.041763,-2.299341,0.003977,-2.751393,0.059205,-3.194254,0.160263,-3.572318,0.284634,-3.752919,0.421647,-3.704353,0.566252,-3.411892,0.690442,-2.821551,0.767199,-1.893293,0.75585,-0.683679,0.610094,0.672843,0.36851,2.04838,0.1028,3.30251,-0.145718,4.275266,-0.329634,4.915688,-0.3958,5.169059,-0.494062,4.935759,-0.552438,4.041308,-0.675063,2.930224,-0.866382,1.792851,-0.907905,0.71517,-0.836745,-0.199917,-0.724844,-0.860863,-0.575116,-1.317328,-0.422418,-1.746441,-0.278813,-2.220839,-0.151315,-2.704323,-0.015172,-3.130835,0.143901,-3.473648,0.332542,-3.709216,0.537724,-3.803009,0.732437,-3.740771,0.892005,-3.502349,1.022014,-3.083868,1.082694,-2.544695,1.068296,-1.940761,0.979282,-1.322708,0.837294,-0.753866,0.67835,-0.279244,0.508164,0.063204,0.337554,0.259861,0.152294,0.348237,-0.02038,0.342307,-0.165328,0.26094,-0.292153,0.151792,-0.388565,0.03256,-0.466617,-0.076055,-0.516214,-0.163511,-0.536,-0.215341,-0.520925,-0.228399,-0.477509,-0.20809,-0.403561,-0.166562,-0.304048,-0.107114,-0.191262,-0.046702,-0.080163,-0.000338,0.021618,0.026931,0.100548,0.036919,0.146552,0.025131,0.160609,-0.008325,0.153993,-0.04524
2,0.093842,-0.053946,0.081276,-0.082273,0.065348,-0.121985,0.05227,-0.153749,0.024514,-0.165604,-0.007678,-0.144758,-0.023013,-0.108412,-0.039403,-0.085914,-0.060182,-0.090297,-0.075362,-0.119665,-0.084245,-0.166436,-0.093044,-0.210903,-0.101547,-0.235983,-0.099006,-0.239151,-0.088181,-0.231237,-0.059557,-0.224774,-0.030177,-0.228563,-0.004953,-0.244527,0.013879,-0.258076,0.024352,-0.256918,0.030526,-0.237421,0.023294,-0.203545,0.004466,-0.175253,-0.013277,-0.163633,-0.033837,-0.166108,-0.056321,-0.167389,-0.075538,-0.153322,-0.086088,-0.104383,-0.077923,0.017121,-0.039492,0.242477,-0.003986,0.625732,-0.018352,1.208731,-0.074696,1.985343,-0.142675,2.869988,-0.189128,3.707535,-0.232178,4.277541,-0.273062,4.405695,-0.323822,4.038796,-0.364717,3.323195,-0.3839,2.378731,-0.320163,1.348555,-0.153454,0.370304,0.058045,-0.451998,0.217857,-1.099826,0.297819,-1.644602,0.328562,-2.194271,0.342614,-2.743179,0.368076,-3.208659,0.383296,-3.484921,0.363818,-3.483609,0.318785,-3.200942,0.247147,-2.656157,0.13988,-1.861987,0.007981,-0.83122,-0.135935,0.329251,-0.27667,1.435188,-0.376211,2.352808,-0.442233,3.105597,-0.497979,3.74634,-0.553206,4.27299,-0.574366,4.607853,-0.537247,4.697862,-0.418475,4.538898,-0.177513,4.152915,0.0959,3.570966,0.318008,2.830136,0.440289,1.998357,0.469464,1.157148,0.423392,0.404493,0.32381,-0.245098,0.183507,-0.837115,0.05012,-1.39183,-0.050583,-1.841698,-0.106001,-2.08922,-0.136577,-2.136008,-0.146455,-2.044327,-0.169218,-1.888392,-0.198195,-1.758098,-0.213999,-1.732317,-0.202877,-1.829526,-0.161758,-2.011471,-0.111469,-2.15018,-0.052995,-2.162625,0.038221,-2.055403,0.165086,-1.868577,0.267702,-1.595014,0.302693,-1.288507,0.278155,-0.998268,0.208212,-0.732326,0.110596,-0.500187,0.000651,-0.295281,-0.097502,-0.11047,-0.163657,0.029981,-0.202146,0.115763,-0.194649,0.168393,-0.142791,0.198422,-0.070217,0.190115,0.0111,0.150102,0.082197,0.087419,0.134909,0.023217
2,0.001543,0.146782,-0.0053,0.423336,-0.097875,0.957506,-0.300022,1.752573,-0.558309,2.721175,-0.755984,3.65459,-0.792749,4.327382,-0.674468,4.599948,-0.474755,4.366112,-0.296467,3.7096,-0.191399,2.573017,-0.132108,1.517383,-0.088241,0.619497,-0.051789,-0.060097,-0.058087,-0.53235,-0.128671,-0.885544,-0.203624,-1.23897,-0.21671,-1.6202,-0.156785,-1.961584,-0.05793,-2.198507,0.031695,-2.313444,0.090233,-2.3341,0.121165,-2.249257,0.124619,-2.024977,0.086735,-1.669531,0.020706,-1.242519,-0.046843,-0.781727,-0.076104,-0.262601,-0.077827,0.356463,-0.087165,1.124416,-0.13784,2.058255,-0.217755,3.094015,-0.312127,4.080675,-0.389165,4.860936,-0.416626,5.30297,-0.428817,5.228837,-0.398155,4.693111,-0.381756,3.940177,-0.340899,3.024928,-0.264371,2.077225,-0.166461,1.206925,-0.063093,0.480702,0.007043,-0.093828,0.023424,-0.56167,0.028561,-0.9442,0.080512,-1.203686,0.159437,-1.317504,0.215162,-1.307735,0.226189,-1.238851,0.220959,-1.174357,0.227108,-1.165761,0.238017,-1.229581,0.243435,-1.353694,0.246609,-1.5205,0.24139,-1.687417,0.213034,-1.811262,0.185074,-1.879866,0.169288,-1.891552,0.165859,-1.829914,0.161537,-1.693172,0.147009,-1.504153,0.129698,-1.312914,0.11898,-1.16349,0.124606,-1.085007,0.142108,-1.085916,0.184828,-1.11959,0.261598,-1.114659,0.301823,-1.009152,0.263244,-0.805378,0.159432,-0.561867,0.019472,-0.336782,-0.115494,-0.170915,-0.212614,-0.093867,-0.261194,-0.104951,-0.258309,-0.184551,-0.201954,-0.311378,-0.089866,-0.454848,0.04711,-0.574285,0.173983,-0.632367,0.26182,-0.619971,0.295308,-0.564238,0.277636,-0.493359,0.228077,-0.433331,0.157345,-0.4021,0.082047,-0.403606,0.014226,-0.439252,-0.03272,-0.486443,-0.05182,-0.527067,-0.043857,-0.544387,-0.017591,-0.529316,0.019058,-0.491027,0.052191,-0.439941,0.067586,-0.376037,0.064635,-0.311432,0.045886,-0.264026,0.01995,-0.24021,0.004752,-0.239297,0.000549,-0.246991,0.007489,-0.245971,0.020825,-0.236397
2,0.042343,-0.099929,0.040417,-0.094036,0.038525,-0.089671,0.029817,-0.084952,0.015816,-0.079754,-0.007061,-0.076513,-0.025248,-0.074512,-0.029585,-0.0763,-0.027384,-0.073946,-0.02027,-0.06601,-0.012553,-0.055767,-0.006607,-0.0411,-0.001389,-0.027222,0.001786,-0.017232,0.001515,-0.012725,-0.003703,-0.013789,-0.015457,-0.019009,-0.026926,-0.028751,-0.035539,-0.035342,-0.035204,-0.039902,-0.02985,-0.04036,-0.020613,-0.042806,-0.014994,-0.04773,-0.015267,-0.054548,-0.018626,-0.060067,-0.026258,-0.068906,-0.034251,-0.071772,-0.039403,-0.050347,-0.03419,0.033685,-0.018106,0.225785,0.001341,0.590437,-0.002016,1.206834,-0.026219,2.075859,-0.025062,3.096794,0.042723,4.103812,0.14771,4.873144,0.205506,5.220407,0.180719,5.040463,0.104764,4.308999,-0.142478,2.760412,-0.329307,1.34462,-0.400156,-0.012537,-0.355601,-1.076779,-0.346343,-1.831818,-0.372737,-2.420578,-0.343644,-2.976038,-0.183999,-3.524415,0.103234,-4.008109,0.373496,-4.319214,0.52395,-4.384646,0.556325,-4.2373,0.536246,-3.930121,0.550707,-3.414824,0.585309,-2.588768,0.543218,-1.479761,0.374752,-0.203556,0.137638,1.0978,-0.0804,2.284984,-0.253321,3.281221,-0.350866,4.089521,-0.364235,4.745788,-0.360642,5.262955,-0.399023,5.571877,-0.450512,5.574275,-0.486423,5.248436,-0.500265,4.659091,-0.498896,3.884066,-0.455806,2.967037,-0.356189,1.989571,-0.182369,0.986404,0.009331,-0.026757,0.122976,-1.032305,0.132323,-2.009349,0.09899,-2.953325,0.06456,-3.800888,0.044061,-4.438947,0.029303,-4.735468,0.010913,-4.682158,0.010272,-4.412213,0.077614,-4.09163,0.213288,-3.822704,0.381071,-3.598245,0.526939,-3.348926,0.581955,-3.026497,0.500955,-2.636223,0.332,-2.203059,0.138907,-1.765996,-0.028043,-1.332857,-0.120042,-0.917953,-0.12861,-0.570174,-0.095177,-0.307581,-0.069523,-0.11946,-0.062619,0.016447,-0.06931,0.087813,-0.079853,0.101559,-0.089741,0.078451,-0.097956,0.039645,-0.090507,0.020673,-0.070248,0.032678,-0.054366,0.073788
2,-0.027054,-0.066748,-0.018375,-0.050311,-0.0072,-0.037463,-0.002632,-0.027338,-0.005947,-0.023042,-0.009431,-0.027059,-0.0077,-0.029962,0.000897,-0.023323,0.005779,-0.017697,0.006259,-0.013892,0.003738,-0.010299,0.000315,-0.004504,-0.000211,0.003003,0.001563,0.009917,0.003759,0.010828,0.005577,0.006433,0.007827,-0.003968,0.006701,-0.019892,0.006171,-0.033508,0.00404,-0.045732,0.0009,-0.054258,-0.009526,-0.066332,-0.018886,-0.082118,-0.02528,-0.096209,-0.025928,-0.095558,-0.009962,-0.075503,0.032378,-0.017788,0.120921,0.108173,0.266901,0.363649,0.446428,0.867512,0.574019,1.697071,0.525916,2.853767,0.269856,4.194832,-0.052648,5.340333,-0.298684,5.912246,-0.418342,5.775737,-0.498211,5.108176,-0.545784,4.129128,-0.523924,3.017251,-0.430967,1.919107,-0.322393,0.92575,-0.226808,0.037062,-0.134242,-0.801086,-0.057301,-1.650807,-0.00019,-2.518661,0.069653,-3.313896,0.163456,-3.883892,0.248602,-4.148098,0.303862,-4.134542,0.347986,-3.993564,0.374918,-3.851851,0.371049,-3.738258,0.359593,-3.625921,0.369966,-3.435188,0.421409,-3.041974,0.504532,-2.34689,0.535006,-1.335086,0.459637,-0.071551,0.286795,1.316045,0.090319,2.652018,-0.069352,3.762596,-0.182697,4.57306,-0.27588,5.054405,-0.310929,5.161272,-0.334912,4.923026,-0.332507,4.478528,-0.26696,3.880266,-0.149028,3.164676,-0.034967,2.381754,0.037506,1.588792,0.069877,0.816921,0.088279,0.060512,0.076655,-0.696161,0.019407,-1.461973,-0.074608,-2.236352,-0.163725,-2.916686,-0.228715,-3.351168,-0.214044,-3.408632,-0.13361,-3.174972,-0.036288,-2.873672,0.037673,-2.711999,0.075915,-2.766511,0.094495,-2.973974,0.126881,-3.172933,0.193388,-3.204091,0.282609,-2.971345,0.378088,-2.483051,0.406913,-1.817987,0.312498,-1.136929,0.14718,-0.616544,-0.013209,-0.317359,-0.115929,-0.174008,-0.163786,-0.080819,-0.165401,0.011603,-0.128515,0.098608,-0.062337,0.156571,-0.000558,0.176609,0.053408,0.180948,0.086414,0.200297,0.097077,0.216326
2,-0.017329,-0.0117,-0.022354,-0.027107,-0.016461,-0.036523,-0.004855,-0.041041,0.007865,-0.050765,0.017992,-0.066684,0.02501,-0.081298,0.022821,-0.082195,0.021034,-0.066473,0.013015,-0.048155,0.001378,-0.032338,-0.015152,-0.022101,-0.027982,-0.022162,-0.037415,-0.028036,-0.045853,-0.03762,-0.05065,-0.044746,-0.047107,-0.052111,-0.028412,-0.059978,0.002579,-0.060165,0.026002,-0.060838,0.031579,-0.054437,0.024338,-0.036835,0.025132,0.007698,0.051803,0.117314,0.112146,0.37408,0.191616,0.892287,0.192129,1.781533,0.014966,2.983537,-0.330485,4.266841,-0.723031,5.380786,-1.039003,6.044927,-1.11393,6.059773,-1.037535,5.445149,-0.886083,4.411679,-0.647102,3.222685,-0.336422,2.099008,-0.036022,1.130683,0.155984,0.285004,0.231104,-0.525618,0.248108,-1.384325,0.289143,-2.300422,0.394401,-3.163191,0.530404,-3.856322,0.625663,-4.274787,0.694793,-4.474374,0.775749,-4.620042,0.830131,-4.792744,0.799231,-4.947265,0.673016,-4.940297,0.529344,-4.599905,0.450291,-3.745508,0.447906,-2.430351,0.439197,-0.87394,0.375465,0.705744,0.283903,2.103066,0.156804,3.229534,-0.008005,4.17323,-0.21335,5.012911,-0.412808,5.673397,-0.560013,6.045672,-0.628219,6.107623,-0.646037,5.785553,-0.583241,5.097001,-0.403233,4.164203,-0.123408,3.188582,0.19389,2.268356,0.451843,1.399913,0.589564,0.57579,0.618622,-0.270074,0.557762,-1.19007,0.473993,-2.157898,0.371211,-3.085666,0.211665,-3.864742,-0.003637,-4.381168,-0.201945,-4.596335,-0.332742,-4.648931,-0.365631,-4.646849,-0.328865,-4.576933,-0.221901,-4.324395,-0.04741,-3.816559,0.13497,-3.04916,0.254432,-2.243977,0.311701,-1.649983,0.313559,-1.350165,0.282319,-1.252734,0.245315,-1.228554,0.233474,-1.176439,0.240783,-1.056647,0.234033,-0.853146,0.190239,-0.611343,0.116752,-0.392615,0.042057,-0.231234,-0.021964,-0.117326,-0.076664,-0.017149,-0.121858,0.087201,-0.141742,0.189808,-0.129378,0.263427,-0.091352,0.285999,-0.040206,0.270373,0.012328,0.235362
2,0.002176,-0.017992,-0.021358,-0.030535,-0.034489,-0.04865,-0.041091,-0.064683,-0.04263,-0.078928,-0.037958,-0.089571,-0.024096,-0.09979,-0.013766,-0.111483,-0.012283,-0.125053,-0.023085,-0.142071,-0.028111,-0.142508,0.002411,-0.083498,0.079677,0.104515,0.155784,0.482677,0.163758,1.120196,0.120029,2.038686,0.099254,3.146056,0.102074,4.295558,0.132029,5.336564,0.201713,6.095185,0.291598,6.493721,0.313784,6.502493,0.256679,6.141133,0.145222,5.452904,0.025529,4.52387,-0.08685,3.436691,-0.178114,2.277294,-0.243927,1.118557,-0.268649,0.050074,-0.215012,-0.843228,-0.138395,-1.588509,-0.057737,-2.257554,0.034376,-2.89045,0.125323,-3.462116,0.192706,-3.937479,0.22096,-4.301186,0.186746,-4.573849,0.093408,-4.790068,-0.020096,-4.961448,-0.128214,-5.049553,-0.190819,-4.974127,-0.169962,-4.732978,-0.105121,-4.383321,-0.051069,-3.925107,-0.033434,-3.366195,-0.053702,-2.731192,-0.07375,-2.031353,-0.073662,-1.29323,-0.065168,-0.569833,-0.037697,0.046998,0.007834,0.50944,0.060874,0.87781,0.116287,1.217128,0.178652,1.584897,0.231357,2.028197,0.264054,2.576031,0.273867,3.189016,0.263969,3.751451,0.246239,4.156021,0.219574,4.402295,0.179396,4.533923,0.138615,4.60988,0.107365,4.599614,0.106774,4.432281,0.132514,4.034318,0.162798,3.424849,0.183729,2.732458,0.183637,2.047749,0.154845,1.406964,0.103477,0.790073,0.03796,0.174795,-0.038016,-0.441216,-0.109503,-1.080305,-0.17137,-1.752308,-0.202022,-2.437834,-0.209741,-3.111587,-0.217474,-3.720393,-0.251287,-4.223922,-0.323042,-4.584388,-0.405427,-4.764392,-0.444722,-4.73677,-0.398655,-4.473209,-0.286054,-4.021365,-0.172206,-3.465629,-0.096356,-2.888056,-0.065452,-2.36467,-0.052969,-1.900254,-0.027396,-1.467674,0.016073,-1.05857,0.076334,-0.672836,0.109639,-0.321677,0.089633,-0.041372,0.029051,0.152459,-0.043808,0.269631,-0.10056,0.332943,-0.124828,0.350371,-0.109898,0.345867,-0.054207,0.334268,0.001163,0.320416,0.034659,0.300042
2,0.082539,0.061586,0.089339,0.119311,0.100551,0.194707,0.132632,0.296902,0.193893,0.483532,0.26739,0.822651,0.349308,1.328909,0.433698,2.015498,0.495821,2.891795,0.505855,3.956882,0.453157,5.082128,0.362618,5.980533,0.238894,6.385757,0.129825,6.215031,0.00709,5.618525,-0.151783,4.750103,-0.28713,3.782141,-0.324542,2.771911,-0.250623,1.777235,-0.14568,0.855514,-0.07801,0.057387,-0.050162,-0.634492,-0.063288,-1.255871,-0.086771,-1.827234,-0.087134,-2.342973,-0.056065,-2.789909,-0.016448,-3.17529,-0.004018,-3.501469,-0.043176,-3.79338,-0.12668,-4.089969,-0.221572,-4.400086,-0.304583,-4.680304,-0.349693,-4.880703,-0.350786,-4.957098,-0.298028,-4.89351,-0.158929,-4.625141,-0.011162,-4.055651,0.080073,-3.178283,0.113719,-2.134334,0.107775,-1.094651,0.056406,-0.161636,0.003083,0.590322,-0.017123,1.151561,-0.002947,1.570028,0.052322,1.894165,0.137077,2.191726,0.237292,2.537141,0.3377,2.983997,0.414495,3.490182,0.427897,3.953614,0.340785,4.344372,0.217522,4.607993,0.112459,4.7349,0.057177,4.707987,0.048719,4.480564,0.043862,4.052154,0.045838,3.497124,0.058948,2.854334,0.072572,2.143644,0.059128,1.422405,0.018098,0.7357,-0.038639,0.108252,-0.089046,-0.470821,-0.136684,-1.027559,-0.183652,-1.585259,-0.203352,-2.124452,-0.187649,-2.634562,-0.161086,-3.096781,-0.15318,-3.508818,-0.184774,-3.889023,-0.249163,-4.23932,-0.335727,-4.520951,-0.416773,-4.681425,-0.428623,-4.623957,-0.335915,-4.316388,-0.153602,-3.812557,0.084662,-3.261502,0.33081,-2.788755,0.512711,-2.40508,0.55524,-2.000383,0.463128,-1.487371,0.284154,-0.896114,0.082313,-0.333406,-0.079816,0.088447,-0.154028,0.357772,-0.145147,0.508735,-0.073281,0.577715,0.010777,0.599542,0.074641,0.582444,0.103492,0.518491,0.105215,0.41942,0.100874,0.313619,0.103189,0.230776,0.098859,0.185129,0.073872,0.15916,0.040104,0.133487,0.032244,0.112133,0.044245,0.095041,0.059158,0.084925,0.066912,0.081578
2,-0.101129,3.64784,-0.220358,5.04762,-0.253211,6.372641,-0.166042,7.307045,-0.008623,7.696725,0.136269,7.627547,0.242546,7.161914,0.214857,6.10323,0.113352,4.390976,-0.023458,2.771551,-0.154471,1.240518,-0.259208,0.080918,-0.326038,-0.758731,-0.352035,-1.40614,-0.335164,-1.937324,-0.267787,-2.381627,-0.168266,-2.745473,-0.046908,-3.002922,0.04996,-3.17391,0.070009,-3.288812,0.001443,-3.408257,-0.133055,-3.595972,-0.289847,-3.8676,-0.415583,-4.14053,-0.424975,-4.279054,-0.283892,-4.189671,-0.06126,-3.90628,0.131876,-3.549658,0.215102,-3.227406,0.177517,-2.964741,0.059823,-2.728187,-0.031632,-2.46612,-0.046662,-2.106344,-0.019335,-1.618262,0.000364,-1.038682,-0.004906,-0.433864,-0.03744,0.127122,-0.080372,0.572278,-0.096813,0.883554,-0.059595,1.088111,0.009082,1.26839,0.080091,1.495285,0.12675,1.831311,0.113807,2.338286,0.042835,2.985422,-0.018366,3.647115,-0.050878,4.197448,-0.057141,4.564086,-0.043711,4.671854,-0.018831,4.527568,0.016391,4.136799,0.037908,3.666401,0.043862,3.067932,0.041812,2.384504,0.03397,1.657323,0.017971,0.945224,-0.008923,0.307757,-0.06052,-0.237468,-0.141067,-0.729862,-0.216892,-1.186235,-0.246453,-1.564958,-0.183948,-1.799801,-0.036518,-1.862825,0.114728,-1.798382,0.20087,-1.671287,0.207102,-1.546384,0.154795,-1.489707,0.057532,-1.535756,-0.044846,-1.67342,-0.101753,-1.832403,-0.083805,-1.954087,-0.00721,-2.02387,0.107692,-2.041645,0.22952,-2.004056,0.322831,-1.901179,0.329759,-1.696525,0.244514,-1.439404,0.098209,-1.207528,-0.055261,-1.051147,-0.155007,-0.986483,-0.171587,-0.982568,-0.104031,-0.989297,0.011264,-0.976546,0.128817,-0.946884,0.209727,-0.901532,0.229112,-0.842859,0.179545,-0.77566,0.078172,-0.701878,-0.042529,-0.616476,-0.142857,-0.519867,-0.19642,-0.425169,-0.18459,-0.33742,-0.127168,-0.255179,-0.053827,-0.180036,0.009545,-0.122476,0.047551,-0.0882,0.064732,-0.069958,0.063275,-0.057919,0.049753,-0.047348,0.01907,-0.042568
2,0.057266,1.551465,-0.098544,2.73117,-0.263612,4.203545,-0.36899,5.694319,-0.427566,6.881766,-0.444695,7.522044,-0.496671,7.584272,-0.607783,6.92487,-0.736911,5.523612,-0.715289,3.985457,-0.551682,2.32023,-0.382375,0.953318,-0.228463,-0.07975,-0.113396,-0.869687,-0.05862,-1.491384,-0.012067,-1.991384,0.084375,-2.393148,0.227508,-2.707503,0.381085,-2.955946,0.516027,-3.139302,0.592427,-3.242654,0.559909,-3.254328,0.40585,-3.185017,0.177336,-3.092422,-0.062216,-3.017252,-0.2241,-2.963218,-0.242056,-2.903041,-0.132619,-2.81405,0.036173,-2.705495,0.218441,-2.588941,0.360658,-2.456075,0.415984,-2.300053,0.368395,-2.117239,0.249094,-1.937769,0.115031,-1.755759,0.019965,-1.537713,-0.030797,-1.267324,-0.053495,-0.945708,-0.0632,-0.599111,-0.057515,-0.259765,-0.034818,0.060405,-0.006256,0.359384,0.042446,0.623219,0.133467,0.871984,0.265471,1.157686,0.386655,1.556556,0.407715,2.117321,0.334043,2.784761,0.194061,3.537113,0.028311,4.30792,-0.086408,4.99382,-0.119429,5.483423,-0.077448,5.688187,-0.001586,5.595776,0.08187,5.163653,0.139123,4.389471,0.220002,3.092715,0.228612,1.961869,0.173322,0.983263,0.078845,0.238446,-0.048429,-0.296096,-0.182964,-0.717875,-0.289289,-1.069201,-0.30694,-1.339042,-0.222635,-1.48815,-0.1096,-1.535291,-0.041848,-1.552549,-0.032473,-1.56858,-0.040319,-1.596178,-0.054673,-1.625031,-0.086535,-1.635042,-0.129409,-1.622723,-0.151157,-1.594188,-0.149868,-1.564745,-0.127226,-1.539016,-0.078749,-1.501458,-0.009933,-1.441561,0.057625,-1.367273,0.108783,-1.304131,0.12729,-1.251859,0.116691,-1.194103,0.06948,-1.115635,0.002774,-1.022626,-0.078675,-0.922423,-0.157344,-0.822671,-0.20877,-0.729889,-0.217778,-0.648614,-0.184281,-0.581317,-0.121342,-0.533696,-0.061699,-0.500254,-0.02506,-0.481963,-0.021679,-0.459278,-0.040632,-0.437177,-0.065224,-0.429066,-0.08531,-0.426013,-0.092859,-0.420367,-0.084036,-0.405672,-0.049665,-0.372388,0.004479,-0.323395,0.053702,-0.269313
2,-0.021643,-0.013266,-0.022312,-0.0271,-0.01535,-0.039833,-0.000965,-0.041915,0.013645,0.006527,0.050336,0.179586,0.112575,0.61834,0.137658,1.494635,0.043403,2.782718,-0.100448,4.202836,-0.264132,5.491723,-0.437529,6.375397,-0.555444,6.747259,-0.634979,6.683146,-0.699775,6.273177,-0.732862,5.591564,-0.705296,4.54332,-0.600632,3.235141,-0.423164,1.795579,-0.297641,0.532798,-0.229987,-0.496319,-0.208162,-1.344652,-0.211769,-2.06257,-0.215988,-2.669415,-0.207085,-3.162925,-0.179387,-3.513412,-0.105219,-3.701014,0.004553,-3.761553,0.139066,-3.740465,0.25458,-3.657577,0.304516,-3.531197,0.263181,-3.384647,0.143466,-3.267375,0.012881,-3.210737,-0.019371,-3.181532,0.086646,-3.111735,0.289029,-2.966918,0.50792,-2.747841,0.659222,-2.466548,0.700466,-2.126716,0.613033,-1.756199,0.434342,-1.406016,0.21144,-1.108111,0.006226,-0.853118,-0.112087,-0.621536,-0.131284,-0.371453,-0.09509,-0.077223,-0.045006,0.253939,0.000559,0.617986,0.045304,1.03119,0.081245,1.521006,0.126538,2.077717,0.192444,2.678702,0.227262,3.314637,0.208771,3.92065,0.182446,4.397605,0.174039,4.673451,0.184003,4.732321,0.196109,4.577176,0.198907,4.24135,0.181759,3.74177,0.159871,3.087907,0.135931,2.320343,0.102407,1.459235,0.042923,0.544873,-0.021979,-0.276644,-0.111211,-0.91776,-0.206689,-1.395472,-0.273937,-1.728446,-0.282657,-1.902851,-0.248028,-1.941461,-0.193709,-1.87042,-0.133715,-1.708088,-0.082442,-1.496275,-0.048134,-1.283792,-0.030807,-1.109918,-0.033904,-1.006486,-0.04869,-0.963559,-0.049809,-0.94185,-0.033102,-0.904189,0.001045,-0.840334,0.033635,-0.75205,0.057636,-0.645721,0.07353,-0.543387,0.076821,-0.463523,0.071399,-0.421539,0.055732,-0.426046,0.03211,-0.458161,0.011252,-0.495744,-0.000517,-0.502235,-0.01037,-0.458569,-0.014375,-0.367789,-0.018763,-0.257442,-0.028054,-0.155516,-0.034713,-0.085841,-0.038478,-0.058887,-0.030384,-0.080733,-0.007357,-0.141194,0.028531,-0.22325,0.07575,-0.295016
2,0.014797,-0.053547,0.01778,-0.05469,0.017402,-0.055683,0.014444,-0.054534,0.010716,-0.055377,0.004439,-0.05982,-0.007309,-0.072436,-0.026845,-0.099148,-0.051359,-0.138742,-0.06063,-0.192208,-0.063974,-0.253684,-0.067995,-0.30574,-0.069954,-0.358572,-0.074434,-0.409268,-0.071214,-0.461697,-0.054653,-0.507651,-0.000691,-0.508197,0.108131,-0.404827,0.252085,-0.106872,0.358201,0.501764,0.334602,1.531076,0.172389,2.910726,-0.048555,4.459457,-0.246232,5.922034,-0.407443,7.002112,-0.556695,7.544443,-0.704566,7.532646,-0.872352,6.8565,-0.910132,5.285816,-0.823272,3.741677,-0.650915,2.131924,-0.426349,0.720474,-0.189097,-0.395876,0.002168,-1.23077,0.117127,-1.871328,0.220599,-2.392839,0.326908,-2.853709,0.414388,-3.233844,0.474594,-3.492085,0.496155,-3.59762,0.466308,-3.548481,0.375034,-3.408252,0.235052,-3.259964,0.099609,-3.159168,0.033377,-3.117516,0.050843,-3.12533,0.128759,-3.183427,0.223761,-3.263017,0.340551,-3.304779,0.484472,-3.207545,0.60942,-2.912723,0.677577,-2.449028,0.672618,-1.892378,0.597479,-1.265116,0.473414,-0.538455,0.304187,0.305539,0.141782,1.235765,0.002611,2.257441,-0.095148,3.323495,-0.098392,4.295629,-0.008112,5.056158,0.085835,5.564974,0.134612,5.766797,0.106265,5.59762,0.018562,4.9816,-0.117376,3.862855,-0.225203,2.783362,-0.269648,1.635631,-0.254628,0.560947,-0.253837,-0.39507,-0.291993,-1.19695,-0.334638,-1.808359,-0.285485,-2.183058,-0.131926,-2.330162,0.029783,-2.305418,0.125594,-2.163974,0.156523,-1.953171,0.136715,-1.748061,0.068692,-1.605113,-0.036662,-1.532129,-0.134063,-1.515907,-0.182059,-1.526781,-0.158968,-1.52689,-0.080754,-1.492641,0.01817,-1.410555,0.081329,-1.266736,0.09239,-1.080415,0.054755,-0.892131,0.001018,-0.723711,-0.051311,-0.588393,-0.07433,-0.485812,-0.053918,-0.40413,-0.009592,-0.330486,0.020039,-0.26104,0.025616,-0.204469,0.011106,-0.170506,-0.017359,-0.158276,-0.049393,-0.167645,-0.075509,-0.18765,-0.084538,-0.201132
2,0.012369,-0.026625,0.01572,-0.021065,0.025928,-0.006766,0.037986,0.023962,0.054173,0.077079,0.0835,0.173046,0.13009,0.342207,0.170724,0.616179,0.16086,1.011698,0.08743,1.531605,-0.031237,2.167883,-0.120153,2.885322,-0.10711,3.670097,-0.026816,4.471316,0.043308,5.112893,0.077707,5.40997,0.039464,5.309794,-0.057394,4.846204,-0.16852,4.137486,-0.255985,3.301594,-0.294901,2.419237,-0.274123,1.563567,-0.214921,0.789325,-0.161155,0.137813,-0.136126,-0.419477,-0.130747,-0.942393,-0.087832,-1.451191,0.026503,-1.934567,0.185258,-2.379501,0.330909,-2.772927,0.426695,-3.126811,0.457912,-3.477125,0.431162,-3.857647,0.354969,-4.263004,0.273522,-4.616749,0.215211,-4.83178,0.175369,-4.81837,0.134534,-4.565144,0.083439,-4.131483,0.018288,-3.587963,-0.061168,-3.009509,-0.107304,-2.420193,-0.060664,-1.790444,0.076569,-1.089806,0.221233,-0.339344,0.300969,0.411714,0.310915,1.112048,0.280546,1.740018,0.219847,2.277333,0.134665,2.702312,0.051681,3.027814,-0.026457,3.307397,-0.097034,3.559329,-0.145266,3.774389,-0.153887,3.904788,-0.14273,3.915159,-0.126161,3.792173,-0.101447,3.548662,-0.068222,3.214139,-0.039825,2.83015,-0.029755,2.413733,-0.030575,1.954416,-0.030185,1.452447,-0.019805,0.937876,-0.006465,0.434565,0.001927,-0.052372,-0.005431,-0.524282,-0.01909,-0.980966,-0.024289,-1.416536,0.00067,-1.81476,0.053173,-2.148118,0.110828,-2.399802,0.148939,-2.577611,0.172393,-2.688375,0.163538,-2.75928,0.106299,-2.809605,0.006847,-2.863628,-0.117268,-2.935202,-0.232475,-3.008478,-0.293932,-3.026787,-0.271547,-2.936557,-0.176324,-2.702403,-0.056574,-2.358352,0.040824,-1.991333,0.069559,-1.667161,0.027299,-1.419073,-0.042982,-1.233268,-0.087872,-1.059634,-0.091143,-0.859853,-0.07144,-0.597224,-0.045033,-0.29007,-0.023468,-0.010193,-0.016735,0.186293,-0.016051,0.29048,-0.013446,0.315026,-0.005329,0.293686,0.016624,0.244774,0.043885,0.19815,0.058515,0.16578,0.04545,0.138942
2,0.054176,-0.039168,0.043262,-0.051957,0.018755,-0.055803,-0.005328,-0.052944,-0.023661,-0.044388,-0.029552,-0.036276,-0.021402,-0.024652,-0.003572,-0.008887,0.022141,0.015206,0.055875,0.051043,0.101348,0.09944,0.159172,0.170429,0.222651,0.294224,0.283248,0.525581,0.312205,0.886946,0.307284,1.356175,0.262369,1.962031,0.178608,2.740582,0.095592,3.631386,0.066314,4.435308,0.106624,4.957458,0.154283,5.107683,0.202012,4.875659,0.19819,4.368203,0.154315,3.66103,0.090364,2.858948,0.027848,2.049656,-0.014857,1.300893,-0.045743,0.641602,-0.077845,0.068471,-0.125367,-0.4566,-0.166084,-0.957766,-0.164957,-1.439987,-0.102485,-1.875311,-0.006232,-2.222424,0.075091,-2.481379,0.108695,-2.697062,0.085722,-2.914053,0.019407,-3.13975,-0.067943,-3.354138,-0.125249,-3.518228,-0.13505,-3.584236,-0.093482,-3.522113,-0.03459,-3.286685,0.000371,-2.922049,-0.005952,-2.541803,-0.032142,-2.246516,-0.056039,-2.027926,-0.05224,-1.83391,-0.018883,-1.559888,0.037609,-1.112952,0.07739,-0.457822,0.101873,0.354184,0.131782,1.21021,0.150864,2.029127,0.141387,2.734092,0.119223,3.233577,0.104895,3.515211,0.098309,3.643679,0.095763,3.69075,0.102249,3.690081,0.125669,3.628926,0.156859,3.479034,0.178658,3.23421,0.183812,2.906459,0.16911,2.520262,0.137763,2.083497,0.095574,1.591978,0.059369,1.061327,0.026373,0.529991,0.000695,0.017179,-0.037545,-0.505959,-0.080037,-1.047652,-0.112513,-1.58364,-0.123645,-2.080865,-0.126723,-2.512574,-0.13142,-2.875172,-0.132902,-3.176363,-0.130434,-3.420124,-0.111998,-3.598,-0.072773,-3.680439,-0.019435,-3.595734,0.044951,-3.297133,0.080096,-2.830122,0.069379,-2.305829,0.026941,-1.845726,-0.024655,-1.482841,-0.077068,-1.168562,-0.109328,-0.867763,-0.084596,-0.581168,-0.016478,-0.321814,0.048568,-0.113495,0.080266,0.030317,0.073187,0.10748,0.046418,0.138801,0.000531,0.153015,-0.051323,0.161746,-0.089126,0.173591,-0.099503,0.187286,-0.086164,0.202228
2,0.002747,-0.072791,0.004725,-0.073619,0.01774,-0.067527,0.049239,-0.044916,0.080887,0.003044,0.099548,0.072579,0.108834,0.186381,0.114729,0.376408,0.131265,0.698669,0.16027,1.15875,0.176218,1.728752,0.124912,2.367526,0.002837,3.033778,-0.109741,3.649674,-0.121327,4.115613,-0.052781,4.417064,0.021228,4.538081,0.014892,4.434942,-0.035585,4.07954,-0.081644,3.525282,-0.108716,2.862122,-0.106281,2.170152,-0.076196,1.472152,-0.024532,0.79492,0.020096,0.166399,0.033316,-0.425605,0.004676,-0.992661,-0.022466,-1.545151,-0.006069,-2.074026,0.043217,-2.565859,0.114962,-3.013954,0.18781,-3.376347,0.229858,-3.624335,0.223452,-3.759042,0.177394,-3.795845,0.106677,-3.784021,0.012307,-3.747873,-0.084341,-3.663929,-0.149769,-3.497005,-0.151836,-3.191632,-0.106209,-2.703637,-0.069273,-2.034562,-0.056337,-1.216626,-0.06231,-0.227888,-0.09933,0.847611,-0.140996,1.788789,-0.145183,2.638085,-0.094876,3.371122,0.019085,3.937295,0.164947,4.300575,0.288174,4.440097,0.345499,4.398422,0.320204,4.227255,0.234951,4.005389,0.143896,3.788444,0.068141,3.567533,-0.00395,3.276681,-0.074038,2.861733,-0.132803,2.326124,-0.162325,1.693488,-0.159224,1.03884,-0.134652,0.388478,-0.11759,-0.243585,-0.110541,-0.868212,-0.101286,-1.457601,-0.05612,-1.974283,0.011827,-2.393721,0.083724,-2.710402,0.141978,-2.915025,0.155486,-3.025786,0.118096,-3.101547,0.048923,-3.220214,-0.042965,-3.425121,-0.137244,-3.682383,-0.201717,-3.887286,-0.16356,-3.916728,-0.021371,-3.688965,0.150451,-3.240179,0.279734,-2.664273,0.323185,-2.041615,0.279162,-1.435622,0.161146,-0.874656,0.005776,-0.349182,-0.129613,0.112022,-0.222167,0.47046,-0.251819,0.693672,-0.224392,0.778972,-0.167534,0.763772,-0.097304,0.679756,-0.018941,0.556597,0.057122,0.419182,0.100218,0.300521,0.108981,0.217546,0.095913,0.174593,0.073786,0.162979,0.045423,0.164251,0.013867,0.163334,-0.013216,0.147915,-0.031564,0.105923,-0.040123,0.036967
2,0.023178,-0.04572,0.013987,-0.060392,0.01521,-0.063147,0.015741,-0.047322,0.013573,-0.017882,0.010209,0.008578,0.003574,0.023742,-0.002663,0.013618,-0.003681,-0.012275,-0.004516,-0.040538,-0.002437,-0.058511,0.003977,-0.065586,0.01114,-0.064939,0.014086,-0.060369,0.004385,-0.058861,-0.009243,-0.061528,-0.016356,-0.062171,-0.022682,-0.060835,-0.016707,-0.063172,-0.005992,-0.065068,0.001547,-0.069157,0.000992,-0.07351,-0.003249,-0.084414,-0.011612,-0.097136,-0.022742,-0.111069,-0.038831,-0.123072,-0.062919,-0.135394,-0.089396,-0.143492,-0.093749,-0.106815,-0.047147,0.03211,0.033004,0.303823,0.105513,0.689282,0.133308,1.165629,0.122277,1.689265,0.082861,2.201875,0.044306,2.656438,-0.001141,3.002614,-0.056777,3.206306,-0.112809,3.230646,-0.131752,3.053229,-0.094086,2.664732,-0.016111,2.121436,0.047788,1.471543,0.070426,0.750509,0.066669,0.008352,0.05111,-0.68535,-0.006351,-1.307924,-0.108211,-1.861286,-0.192943,-2.352595,-0.210278,-2.75631,-0.135857,-3.003022,0.006298,-3.029935,0.156811,-2.828607,0.246134,-2.481833,0.261171,-2.045811,0.224294,-1.486737,0.149364,-0.785925,0.064651,0.015294,0.004732,0.784556,-0.003202,1.41734,0.022825,1.917985,0.033605,2.334485,0.01936,2.689837,-0.009746,2.972668,-0.036046,3.147907,-0.043228,3.187346,-0.009921,3.077738,0.069515,2.824634,0.164752,2.487024,0.225949,2.108868,0.236124,1.691809,0.202665,1.240956,0.130936,0.770076,0.038909,0.290892,-0.073768,-0.211286,-0.200581,-0.733256,-0.310243,-1.239856,-0.383583,-1.724404,-0.420192,-2.183066,-0.428624,-2.621188,-0.410936,-3.004533,-0.365973,-3.303507,-0.288305,-3.473794,-0.171726,-3.442671,-0.027754,-3.163396,0.104122,-2.692708,0.1836,-2.112638,0.195167,-1.508519,0.141925,-0.966757,0.049105,-0.56971,-0.049669,-0.323025,-0.12599,-0.188156,-0.167077,-0.125098,-0.173877,-0.098133,-0.154398,-0.08326,-0.117428,-0.073066,-0.071368,-0.065938,-0.026315,-0.065262,0.010684,-0.061938,0.031948,-0.021908
2,0.005663,-0.023235,-0.004801,-0.034314,-0.011865,-0.031939,-0.012167,-0.019487,-0.009765,-0.002331,0.001032,0.009757,0.007431,0.012099,0.002366,0.003696,-0.012486,-0.010391,-0.028381,-0.030859,-0.04022,-0.049332,-0.04262,-0.066496,-0.040674,-0.080624,-0.036992,-0.082988,-0.030171,-0.066198,-0.022983,-0.038306,-0.012797,-0.004689,-0.003006,0.014476,-0.001648,0.015148,-0.000662,0.004713,0.012142,0.016134,0.045457,0.08917,0.105395,0.253192,0.17256,0.590806,0.209015,1.187129,0.159737,2.00331,0.002606,2.968728,-0.187802,3.926922,-0.313364,4.6373,-0.349328,4.96348,-0.347358,4.832968,-0.31931,4.353766,-0.228755,3.539488,-0.076749,2.589947,0.058248,1.681801,0.193919,0.848944,0.279721,0.155374,0.284395,-0.456051,0.211342,-1.064561,0.102411,-1.718776,0.020926,-2.356751,-0.000613,-2.89905,0.063956,-3.278342,0.181772,-3.474468,0.31234,-3.510365,0.406838,-3.445507,0.425794,-3.316325,0.369925,-3.124932,0.28432,-2.858702,0.198172,-2.46318,0.135911,-1.90776,0.088503,-1.198644,0.062008,-0.413431,0.060432,0.375057,0.067504,1.097956,0.084628,1.726025,0.102689,2.29587,0.119989,2.823685,0.15818,3.28879,0.212561,3.646064,0.283899,3.873906,0.339008,3.933863,0.350779,3.805619,0.322306,3.505391,0.269611,3.074705,0.189965,2.557635,0.085826,1.976681,-0.016103,1.355399,-0.099707,0.72783,-0.171832,0.10979,-0.248811,-0.489821,-0.332158,-1.062539,-0.409081,-1.604279,-0.457961,-2.090163,-0.430369,-2.501278,-0.326029,-2.812034,-0.207799,-3.023797,-0.122924,-3.131989,-0.091306,-3.163207,-0.106227,-3.126113,-0.143526,-3.007696,-0.179245,-2.822017,-0.181614,-2.596108,-0.142375,-2.320538,-0.07646,-2.018054,0.000864,-1.749791,0.081415,-1.541379,0.134564,-1.347545,0.128585,-1.082439,0.065723,-0.741458,-0.033038,-0.37704,-0.112905,-0.051718,-0.149985,0.18903,-0.145181,0.329928,-0.116709,0.394148,-0.080506,0.393607,-0.052536,0.348373,-0.027083,0.279019,-0.014787,0.202245,-0.015318,0.130505
2,0.059718,-0.037174,0.047441,-0.039272,0.027083,-0.047312,0.005732,-0.054918,-0.00989,-0.056751,-0.019777,-0.052834,-0.021968,-0.043955,-0.017439,-0.035448,-0.008151,-0.03225,-0.005958,-0.035403,-0.013223,-0.045121,-0.026605,-0.055859,-0.044133,-0.062683,-0.055144,-0.061809,-0.053589,-0.046467,-0.026777,-0.010147,0.023099,0.077775,0.088805,0.272506,0.169191,0.632073,0.238941,1.192149,0.258479,1.903564,0.246201,2.657187,0.233045,3.375862,0.224842,3.891988,0.214107,4.039917,0.187182,3.819547,0.128844,3.347213,0.082415,2.721874,0.070105,2.016989,0.089977,1.286554,0.101939,0.587192,0.086786,-0.040746,0.023399,-0.637542,-0.100268,-1.258044,-0.214093,-1.911982,-0.277958,-2.570572,-0.30299,-3.193002,-0.291089,-3.724263,-0.250752,-4.078732,-0.198348,-4.181104,-0.145094,-4.024043,-0.101136,-3.656979,-0.019617,-3.108361,0.124989,-2.331424,0.298442,-1.321637,0.434517,-0.168768,0.477136,0.958918,0.434781,1.94244,0.348272,2.698349,0.286711,3.241976,0.264091,3.674985,0.26526,4.068182,0.273549,4.396101,0.30689,4.581216,0.371917,4.58128,0.446449,4.385696,0.492882,4.029085,0.487555,3.565504,0.417497,3.010133,0.294444,2.376899,0.144961,1.696024,-0.004376,1.010212,-0.139468,0.367251,-0.273591,-0.240418,-0.412607,-0.840515,-0.545135,-1.428334,-0.622756,-1.976125,-0.633835,-2.459304,-0.608749,-2.893094,-0.579715,-3.278137,-0.53481,-3.55792,-0.451633,-3.670013,-0.356483,-3.615387,-0.276215,-3.447652,-0.224144,-3.237821,-0.201389,-3.048454,-0.190782,-2.914911,-0.175658,-2.834609,-0.150402,-2.727566,-0.106572,-2.503109,-0.037613,-2.123917,0.029242,-1.614909,0.067883,-1.047405,0.062093,-0.484517,0.034431,0.018836,0.003005,0.389236,-0.021932,0.600902,-0.029136,0.679924,-0.018385,0.66072,0.002673,0.572133,0.026041,0.45459,0.050756,0.331477,0.072159,0.226726,0.089785,0.147507,0.101979,0.103742,0.110439,0.087836,0.111202,0.089841,0.09975,0.095512,0.086748,0.097216,0.074363,0.09181
2,0.089194,0.169535,0.119222,0.268697,0.159966,0.48605,0.183059,0.864543,0.180207,1.409436,0.175043,2.113816,0.132529,2.963613,0.054994,3.894978,0.003589,4.738791,-0.020239,5.316533,-0.040832,5.574951,-0.077525,5.528154,-0.129691,5.098496,-0.185563,4.402403,-0.251752,3.384569,-0.282075,2.36097,-0.280643,1.447724,-0.225138,0.67589,-0.15678,0.056084,-0.110928,-0.444417,-0.101791,-0.880792,-0.117237,-1.290695,-0.116567,-1.68284,-0.07014,-2.0372,0.018249,-2.333888,0.115063,-2.575613,0.188027,-2.759278,0.212036,-2.876392,0.181667,-2.933346,0.114314,-2.955111,0.027027,-2.974097,-0.069577,-3.014075,-0.154095,-3.066242,-0.204993,-3.071814,-0.19685,-3.015697,-0.130391,-2.899057,-0.029816,-2.692194,0.061561,-2.396723,0.110961,-2.070135,0.106845,-1.75382,0.053843,-1.449216,-0.01856,-1.1306,-0.064794,-0.770964,-0.070893,-0.356251,-0.046984,0.093603,-0.014765,0.55795,0.039304,1.051986,0.107023,1.618926,0.163502,2.300735,0.167272,3.081515,0.10884,3.878958,0.030395,4.542764,-0.004676,4.942178,-0.017736,5.070469,-0.014529,4.949677,-0.001904,4.490962,0.003526,3.728586,0.023885,2.845445,0.02792,1.915487,0.016491,1.057984,0.00812,0.32719,-0.017133,-0.265131,-0.066839,-0.758709,-0.11623,-1.160634,-0.120249,-1.445931,-0.096683,-1.605534,-0.069901,-1.649215,-0.044305,-1.604871,-0.01455,-1.525949,-0.000853,-1.446308,-0.017636,-1.374543,-0.051166,-1.336165,-0.08556,-1.355053,-0.106515,-1.430888,-0.09963,-1.53118,-0.0603,-1.598464,0.001483,-1.597661,0.062905,-1.528528,0.108167,-1.407785,0.120932,-1.259835,0.096211,-1.116832,0.040344,-1.011095,-0.034064,-0.96755,-0.109542,-0.978754,-0.156374,-1.004193,-0.152879,-0.996619,-0.11229,-0.934443,-0.057969,-0.826262,-0.013888,-0.698854,0.014634,-0.581294,0.015732,-0.493964,-0.007397,-0.441438,-0.029839,-0.428427,-0.033168,-0.444358,-0.009122,-0.467291,0.030259,-0.473546,0.072272,-0.454318,0.10543,-0.419901,0.117609,-0.388225,0.111126,-0.362431
2,0.007891,-0.011413,0.01159,-0.024533,0.006329,-0.039658,-0.006492,-0.056201,-0.022953,-0.067717,-0.040771,-0.079812,-0.053054,-0.087343,-0.057274,-0.092537,-0.054707,-0.098269,-0.037684,-0.105332,-0.010583,-0.099134,0.040083,-0.059838,0.117439,0.046904,0.231687,0.277862,0.350734,0.73477,0.367558,1.48305,0.238394,2.480996,0.006878,3.622844,-0.216992,4.734802,-0.397246,5.605387,-0.533362,6.070501,-0.636208,6.104229,-0.74145,5.771658,-0.808024,5.139489,-0.759767,4.217344,-0.59358,3.055069,-0.322409,1.626587,-0.079826,0.438221,0.091338,-0.560137,0.185106,-1.352434,0.207714,-1.981622,0.242232,-2.465338,0.323152,-2.804906,0.429204,-3.015946,0.542266,-3.125251,0.638621,-3.172757,0.659538,-3.176692,0.576516,-3.145677,0.409243,-3.104835,0.231686,-3.066595,0.09289,-3.044128,0.017494,-3.034259,0.016384,-2.981444,0.082449,-2.854769,0.163184,-2.636468,0.204183,-2.300679,0.204732,-1.879982,0.179863,-1.427134,0.129268,-0.981176,0.068531,-0.584996,0.022022,-0.253716,0.009817,0.023579,0.019653,0.301917,0.023376,0.616494,0.033066,0.962777,0.052551,1.383972,0.088831,1.945321,0.106408,2.694764,0.080698,3.544107,0.027065,4.322202,-0.011902,4.869644,-0.031622,5.138102,-0.034803,5.132045,-0.028972,4.872144,0.009977,4.393524,0.066903,3.745299,0.133431,2.954493,0.198002,2.059048,0.214957,1.138245,0.162297,0.26022,0.047452,-0.510967,-0.098849,-1.142136,-0.206759,-1.612631,-0.241867,-1.92773,-0.239272,-2.093093,-0.232987,-2.115811,-0.222169,-2.018817,-0.208021,-1.863619,-0.196923,-1.690467,-0.193198,-1.538146,-0.187938,-1.400601,-0.154097,-1.274373,-0.095929,-1.158043,-0.031106,-1.050994,0.014582,-0.950131,0.022597,-0.857397,-0.005554,-0.774093,-0.051955,-0.70421,-0.097731,-0.640024,-0.129707,-0.567904,-0.13953,-0.479014,-0.121899,-0.37819,-0.083049,-0.275384,-0.04739,-0.178213,-0.026808,-0.101132,-0.026097,-0.050105,-0.032895,-0.023667,-0.039347,-0.017227,-0.04032,-0.016779,-0.040137,-0.021539
2,0.01898,-0.069615,0.019569,-0.065273,0.011624,-0.062097,-0.004591,-0.056698,-0.022156,-0.051881,-0.029801,-0.04535,-0.028543,-0.036691,-0.019419,-0.031192,-0.010319,-0.031408,-0.005186,-0.035763,0.004491,-0.043087,0.010612,-0.053567,0.013962,-0.0595,0.011187,-0.060684,0.002099,-0.060475,-0.007176,-0.057895,-0.018226,-0.056901,-0.027692,-0.057693,-0.039722,-0.062053,-0.052534,-0.074131,-0.069451,-0.082305,-0.086705,-0.074399,-0.095085,-0.058698,-0.096845,-0.043359,-0.088432,-0.02519,-0.062096,-0.010449,-0.033008,-2e-06,-0.008097,-0.000355,0.007831,-0.015453,0.019811,-0.038112,0.023761,-0.061121,0.013895,-0.106207,-0.008566,-0.164715,-0.022446,-0.207085,-0.031469,-0.19577,-0.03277,-0.169198,-0.032437,-0.140993,-0.025506,-0.12536,-0.017338,-0.128241,-0.023594,-0.142941,-0.043024,-0.168805,-0.076485,-0.195307,-0.111334,-0.194126,-0.116729,-0.10863,-0.089753,0.148913,-0.047623,0.646641,-0.043446,1.383035,-0.07848,2.258631,-0.089784,3.206756,-0.052152,4.083313,0.027351,4.677527,0.108946,4.891719,0.14251,4.707701,0.097143,4.17731,0.002452,3.405235,-0.10041,2.511843,-0.17155,1.600287,-0.19842,0.754447,-0.172965,0.017126,-0.13324,-0.627227,-0.111477,-1.239517,-0.081028,-1.833457,0.007335,-2.360786,0.126152,-2.769733,0.221132,-3.050681,0.240434,-3.234651,0.158433,-3.372543,-0.016625,-3.473535,-0.206107,-3.515426,-0.302967,-3.425371,-0.250825,-3.133302,-0.088453,-2.646576,0.12161,-1.993805,0.322271,-1.272007,0.485949,-0.596404,0.592575,0.073018,0.621606,0.862318,0.575854,1.808374,0.439109,2.861311,0.213382,3.90815,-0.036163,4.75087,-0.237622,5.247259,-0.326307,5.395407,-0.318333,5.233718,-0.252337,4.825815,-0.146864,4.165035,-0.009577,3.287192,0.128181,2.311515,0.233376,1.407374,0.288607,0.694388,0.27318,0.213903,0.173909,-0.072873,0.016042,-0.236272,-0.121069,-0.344369,-0.187005,-0.408385,-0.182697,-0.425747,-0.153396,-0.380716,-0.120958,-0.306532,-0.091165,-0.256987,-0.065083,-0.242132
2,0.026094,-0.304076,0.042269,-0.31749,0.063637,-0.305038,0.070871,-0.267235,0.060018,-0.210355,0.03811,-0.149468,0.01252,-0.09632,-0.009343,-0.060239,-0.023785,-0.035877,-0.027062,-0.020258,-0.021667,-0.008678,-0.00829,0.007397,0.010502,0.01741,0.023722,0.022952,0.026241,0.018217,0.022162,0.009539,0.013019,-0.007322,0.005709,-0.020338,0.001234,-0.032344,-0.006756,-0.036815,-0.014293,-0.040323,-0.024244,-0.041519,-0.027086,-0.040191,-0.016916,-0.04378,0.001564,-0.05471,0.025103,-0.074955,0.054501,-0.095385,0.102521,-0.0983,0.167609,-0.060705,0.241612,0.054816,0.313778,0.311435,0.367071,0.816361,0.357572,1.640602,0.224506,2.744535,-0.014451,3.939918,-0.255745,4.922352,-0.390641,5.507479,-0.401406,5.65351,-0.365208,5.31357,-0.303144,4.364,-0.238717,3.271664,-0.179878,2.038388,-0.144706,0.947887,-0.143935,0.064837,-0.180325,-0.655427,-0.239101,-1.281456,-0.249934,-1.834699,-0.152011,-2.304945,0.011712,-2.673606,0.14327,-2.929187,0.188647,-3.077791,0.136902,-3.159827,0.025176,-3.198741,-0.09116,-3.176526,-0.169313,-3.116152,-0.160115,-3.001269,-0.041861,-2.777842,0.140863,-2.452586,0.342963,-2.062894,0.512117,-1.589406,0.575319,-0.940993,0.474465,-0.006407,0.247357,1.153782,-0.003095,2.386913,-0.167075,3.555615,-0.168432,4.606566,-0.062462,5.545938,0.01599,6.273801,-0.007165,6.61165,-0.093826,6.505883,-0.141717,6.050087,-0.140074,5.308396,-0.080923,4.383777,-0.005068,3.357297,0.077999,2.201527,0.142136,1.173857,0.168417,0.39724,0.138237,-0.16391,0.070712,-0.585638,0.027534,-0.88636,0.019214,-1.046106,0.059961,-1.069509,0.113111,-0.96437,0.110391,-0.771388,0.043482,-0.597695,-0.068674,-0.509458,-0.189658,-0.516221,-0.290992,-0.565012,-0.324982,-0.590098,-0.296741,-0.550933,-0.220607,-0.472084,-0.115419,-0.383096,-0.00467,-0.310281,0.06934,-0.260539,0.093519,-0.209809,0.073436,-0.129414,0.020068,-0.034786,-0.044354,0.034452,-0.082837,0.075411,-0.08701,0.096982
2,0.021728,-0.194008,-0.056828,-0.223147,-0.104091,-0.275859,-0.111027,-0.331528,-0.08343,-0.375759,-0.041277,-0.38896,-0.001865,-0.369038,0.026965,-0.33008,0.043637,-0.290687,0.044871,-0.265997,0.03319,-0.256061,0.022396,-0.253739,0.012017,-0.246656,0.006661,-0.23263,-0.005007,-0.207932,-0.023572,-0.189251,-0.036116,-0.19321,-0.039727,-0.214106,-0.036269,-0.237569,-0.019539,-0.252318,0.008431,-0.243924,0.046429,-0.209392,0.076356,-0.15506,0.088129,-0.081907,0.079788,-0.010433,0.05549,0.039409,0.017385,0.058194,-0.020834,0.049481,-0.048468,0.02673,-0.058939,0.004498,0.027733,-0.064611,0.042858,0.001897,0.070487,0.21369,0.097913,0.703319,0.048792,1.526825,-0.115942,2.599844,-0.302519,3.759799,-0.428206,4.840799,-0.482499,5.729173,-0.492075,6.373201,-0.468662,6.695064,-0.434352,6.551814,-0.390667,5.892513,-0.397998,4.479108,-0.373488,2.928407,-0.369843,1.422464,-0.309091,0.175729,-0.190907,-0.733374,-0.063278,-1.368093,0.057921,-1.878489,0.18835,-2.358218,0.292175,-2.777422,0.331753,-3.079373,0.29207,-3.272704,0.171619,-3.38267,0.010878,-3.444202,-0.131591,-3.521906,-0.19992,-3.651109,-0.148698,-3.769511,0.030695,-3.771374,0.2922,-3.590708,0.528742,-3.240037,0.654141,-2.747169,0.621802,-2.15229,0.433219,-1.401631,0.156277,-0.445226,-0.120909,0.678736,-0.317832,1.909231,-0.378867,3.167009,-0.285557,4.369317,-0.103198,5.412126,0.038765,6.140743,0.068623,6.434958,-0.011269,6.272106,-0.164716,5.731103,-0.316832,4.924665,-0.387265,3.945524,-0.349447,2.891574,-0.207893,1.872784,-0.01549,0.975763,0.16881,0.249556,0.287324,-0.33513,0.313551,-0.864669,0.294541,-1.350685,0.29432,-1.689429,0.300115,-1.758944,0.248222,-1.539846,0.148359,-1.158504,0.029706,-0.778197,-0.089632,-0.508454,-0.194265,-0.37725,-0.272776,-0.349223,-0.311408,-0.348707,-0.295868,-0.319761,-0.234415,-0.256005,-0.154358,-0.187024,-0.064025,-0.125329,0.017756,-0.066142,0.069948,-0.009339,0.097691,0.037226
2,0.098886,-0.323131,0.097336,-0.288834,0.086567,-0.27729,0.075105,-0.288121,0.059221,-0.309877,0.043525,-0.329232,0.033527,-0.326246,0.026181,-0.287598,0.018786,-0.218043,0.012168,-0.139467,0.005739,-0.067105,0.0048,-0.019027,0.00617,0.005256,0.017089,0.010543,0.041856,0.005443,0.074251,-0.001121,0.103302,-0.012173,0.109936,-0.032382,0.096069,-0.05533,0.071306,-0.073851,0.040849,-0.089513,0.010361,-0.109952,-0.02008,-0.128013,-0.037115,-0.138499,-0.041765,-0.140912,-0.037381,-0.139508,-0.026261,-0.129535,-0.003278,-0.112338,0.01912,-0.098412,0.032912,-0.092138,0.03386,-0.094995,0.019611,-0.114128,-0.007073,-0.14614,-0.048964,-0.194317,-0.093377,-0.250664,-0.140416,-0.268947,-0.180011,-0.125876,-0.221492,0.370694,-0.207851,1.323532,-0.095052,2.637534,0.112769,4.045133,0.336503,5.168314,0.470975,5.682542,0.468893,5.588857,0.362823,5.069296,0.245615,4.12113,0.099948,2.988459,-0.055581,1.82158,-0.203319,0.755756,-0.322659,-0.092493,-0.401501,-0.778157,-0.416899,-1.397113,-0.355834,-2.007958,-0.237654,-2.587082,-0.099643,-3.065966,0.029806,-3.385739,0.114795,-3.537193,0.127852,-3.555107,0.047149,-3.479674,-0.08375,-3.332709,-0.209882,-3.109948,-0.29692,-2.806715,-0.308218,-2.366498,-0.219372,-1.753506,-0.051093,-0.958007,0.116445,0.061428,0.187935,1.364534,0.109798,2.893283,-0.027372,4.519118,-0.055419,6.097623,-0.032152,7.397629,-0.074277,8.178963,-0.175168,8.307949,-0.263101,7.785111,-0.231077,6.69172,-0.056698,5.153404,0.137452,3.309268,0.225514,1.604985,0.210296,0.28375,0.160243,-0.627321,0.101165,-1.238899,0.066576,-1.610982,0.107556,-1.774141,0.177463,-1.789501,0.193626,-1.726342,0.130669,-1.597824,0.010005,-1.398279,-0.139821,-1.143909,-0.285392,-0.872633,-0.385495,-0.626284,-0.418572,-0.437513,-0.39772,-0.307071,-0.326594,-0.22914,-0.233286,-0.184332,-0.158234,-0.164122,-0.110994,-0.144293,-0.079115,-0.112605,-0.050826,-0.088651,-0.020415,-0.060968,0.00314,-0.021714
2,-0.155252,-0.706753,-0.02555,-0.555881,0.080635,-0.439419,0.155688,-0.373747,0.185692,-0.347236,0.152542,-0.354028,0.076885,-0.382508,0.000332,-0.407891,-0.050325,-0.406971,-0.07491,-0.368428,-0.076665,-0.307579,-0.059761,-0.242624,-0.030795,-0.185602,0.009799,-0.15322,0.042431,-0.153024,0.076928,-0.178253,0.105465,-0.209974,0.124866,-0.231829,0.130754,-0.234104,0.113857,-0.213936,0.078449,-0.172428,0.035768,-0.124393,-0.010945,-0.081483,-0.047931,-0.056228,-0.054104,-0.045593,-0.037431,-0.046241,-0.012734,-0.047627,0.016371,-0.045393,0.048555,-0.037601,0.068541,-0.025543,0.06653,-0.01596,0.050496,-0.011975,0.029852,-0.01639,0.016997,-0.028752,0.021942,-0.024172,0.048894,0.04725,0.098385,0.263847,0.151169,0.733392,0.136297,1.548525,0.036745,2.612544,-0.040365,3.746593,-0.035656,4.705981,0.054231,5.293021,0.188049,5.459579,0.263994,5.111899,0.291953,4.281533,0.242646,3.122648,0.173853,1.807728,0.055226,0.685491,-0.070002,-0.15,-0.182993,-0.756018,-0.277145,-1.238718,-0.305113,-1.66991,-0.238997,-2.02305,-0.119248,-2.233937,-0.031323,-2.297712,-0.007389,-2.277922,-0.028313,-2.260618,-0.075818,-2.292207,-0.13436,-2.374624,-0.175982,-2.480403,-0.13737,-2.542109,-0.001931,-2.460351,0.201494,-2.153526,0.390511,-1.609613,0.462694,-0.889652,0.371693,-0.04595,0.191792,0.858211,0.016453,1.828478,-0.125354,2.83731,-0.182878,3.788805,-0.173788,4.634934,-0.122391,5.324439,-0.068597,5.818231,-0.027663,6.047012,0.012788,5.911797,0.036306,5.461236,0.035959,4.775941,0.036589,3.863112,0.070657,2.785442,0.154831,1.64611,0.234866,0.563522,0.262051,-0.31269,0.263384,-0.908131,0.275025,-1.216029,0.269267,-1.263177,0.22921,-1.113926,0.157842,-0.874702,0.045398,-0.654358,-0.093065,-0.508938,-0.216081,-0.42723,-0.289273,-0.381493,-0.313673,-0.361596,-0.287833,-0.367807,-0.219938,-0.385659,-0.129696,-0.391891,-0.04671,-0.363863,0.003561,-0.301175,0.024107,-0.224125,0.024431,-0.129582
2,0.113617,-0.224274,0.161882,-0.189084,0.206932,-0.136626,0.219816,-0.081308,0.202485,-0.043216,0.161857,-0.027443,0.10565,-0.029042,0.046954,-0.044436,0.00161,-0.066654,-0.012682,-0.095205,-0.001911,-0.116977,0.030656,-0.120023,0.076668,-0.104245,0.120542,-0.067873,0.139602,-0.015698,0.135771,0.059569,0.113356,0.188264,0.056211,0.429735,-0.070178,0.837104,-0.308555,1.427908,-0.663789,2.183953,-1.102388,3.027685,-1.575969,3.732004,-1.998205,4.086294,-2.268602,4.077178,-2.323607,3.792359,-2.085895,3.323572,-1.508906,2.774299,-0.807605,2.195139,-0.206461,1.590281,0.206515,0.992386,0.441076,0.441526,0.518533,-0.081901,0.493784,-0.636149,0.455099,-1.230175,0.470849,-1.789774,0.580459,-2.213394,0.800882,-2.489403,1.132324,-2.648489,1.491545,-2.747328,1.734505,-2.798643,1.765446,-2.769294,1.581529,-2.629529,1.279259,-2.430856,0.970293,-2.230463,0.744433,-2.02181,0.62392,-1.779334,0.582166,-1.505842,0.577037,-1.221022,0.530125,-0.880538,0.368174,-0.434909,0.08384,0.140311,-0.289168,0.853569,-0.737517,1.663894,-1.225006,2.533067,-1.721184,3.443746,-2.143336,4.324804,-2.421111,5.059678,-2.520034,5.541018,-2.353516,5.642247,-1.909716,5.338631,-1.337509,4.744197,-0.859517,3.997598,-0.560707,3.155909,-0.346387,2.234286,-0.16741,1.265025,-0.017145,0.39897,0.158574,-0.327302,0.363744,-0.946154,0.576368,-1.459931,0.762396,-1.802581,0.866619,-1.919489,0.866946,-1.863266,0.783553,-1.728119,0.664127,-1.609371,0.568886,-1.549119,0.513521,-1.52675,0.486792,-1.493983,0.485351,-1.436007,0.490466,-1.364022,0.487056,-1.288884,0.473649,-1.209,0.429213,-1.123121,0.365377,-1.048855,0.299215,-1.008709,0.250969,-1.005181,0.232887,-0.995214,0.243661,-0.919355,0.250129,-0.753279,0.209474,-0.530674,0.129581,-0.336456,0.050006,-0.231938,-0.017352,-0.189955,-0.067055,-0.170485,-0.086824,-0.156918,-0.084346,-0.163436,-0.065591,-0.194644,-0.015711,-0.240863,0.055591,-0.273869,0.122991,-0.274998
2,-0.041982,-0.147631,-0.035074,-0.15678,-0.019883,-0.164332,0.001186,-0.158204,0.022574,-0.135299,0.030989,-0.104495,0.020887,-0.081792,0.009885,-0.074547,-0.000982,-0.079754,-0.004151,-0.08879,-0.00145,-0.090854,0.006564,-0.077848,0.017359,-0.056794,0.03226,-0.049611,0.052551,-0.062406,0.070976,-0.083642,0.07431,-0.099597,0.059644,-0.105782,-0.019359,-0.090215,0.002603,-0.0889,0.040634,-0.070642,0.090041,-0.032675,0.141197,0.032821,0.186079,0.177291,0.220432,0.522747,0.185415,1.192456,0.052764,2.21741,-0.124636,3.538292,-0.225785,4.922308,-0.180138,6.016744,-0.029082,6.500039,0.151015,6.301186,0.33114,5.624137,0.496122,4.661194,0.601767,3.418083,0.620653,2.105796,0.534584,0.952563,0.392117,-0.00275,0.232098,-0.831498,0.134134,-1.579109,0.11262,-2.207416,0.109969,-2.668224,0.079584,-2.923136,-0.030607,-3.008172,-0.242067,-3.028084,-0.529398,-3.074585,-0.810065,-3.192799,-0.981936,-3.331941,-1.009093,-3.446038,-0.892261,-3.497724,-0.630832,-3.45686,-0.319461,-3.327608,-0.055346,-3.12395,0.109446,-2.814944,0.191281,-2.393636,0.225887,-1.886688,0.225179,-1.240981,0.181341,-0.44053,0.133053,0.438484,0.146886,1.288783,0.234958,2.072349,0.363772,2.823776,0.5208,3.55942,0.704843,4.246126,0.842965,4.841205,0.835796,5.249503,0.711052,5.354575,0.535219,5.080868,0.400524,4.48378,0.400759,3.698671,0.485672,2.840084,0.536269,1.950702,0.510109,1.071372,0.383758,0.243794,0.156907,-0.512385,-0.069876,-1.175734,-0.204973,-1.646187,-0.263665,-1.836608,-0.313044,-1.781378,-0.367085,-1.610089,-0.403917,-1.434001,-0.411103,-1.283005,-0.400738,-1.131569,-0.372561,-0.960987,-0.325492,-0.78951,-0.277459,-0.657771,-0.224594,-0.5863,-0.18777,-0.556726,-0.177188,-0.538131,-0.189321,-0.515741,-0.207764,-0.477437,-0.214307,-0.431948,-0.192597,-0.38927,-0.131905,-0.335327,-0.06175,-0.271503,-0.014715,-0.21336,0.012718,-0.174332,0.028464,-0.162839,0.041701,-0.177169,0.055929,-0.207194
2,0.014587,-0.177404,0.001981,-0.136944,-0.012184,-0.100449,-0.017431,-0.073205,-0.012529,-0.063697,0.000213,-0.072132,0.019616,-0.101455,0.027398,-0.139937,0.031797,-0.178248,0.029267,-0.208101,0.017545,-0.226361,-0.00099,-0.22708,-0.019714,-0.211633,-0.027977,-0.17859,-0.019674,-0.140616,-0.011132,-0.103949,-0.004967,-0.078948,-0.002489,-0.075346,-0.011474,-0.09585,-0.021107,-0.133171,-0.030843,-0.173863,-0.035071,-0.209766,-0.037093,-0.231642,-0.034569,-0.239233,-0.013076,-0.234289,0.019923,-0.201346,0.048839,-0.139454,0.077532,-0.036749,0.106451,0.153937,0.115088,0.493336,0.03438,1.093158,-0.175773,1.968786,-0.518634,3.011693,-0.934315,3.983852,-1.305422,4.676691,-1.486609,5.048427,-1.466567,5.130352,-1.293254,4.934573,-1.024264,4.479044,-0.73895,3.799981,-0.460893,2.904772,-0.194376,2.13282,0.106921,1.499684,0.302532,0.742037,0.414975,0.0375,0.475087,-0.619369,0.519925,-1.232837,0.54716,-1.793367,0.560672,-2.358505,0.541331,-2.920812,0.485708,-3.368154,0.402378,-3.674911,0.299431,-3.850469,0.213947,-3.904102,0.191669,-3.854792,0.26799,-3.737357,0.378412,-3.646358,0.464688,-3.579125,0.526563,-3.379767,0.579293,-2.964426,0.622684,-2.355624,0.643799,-1.595982,0.614998,-0.723752,0.512527,0.200824,0.354967,1.089921,0.174022,1.918277,-0.022764,2.669468,-0.212982,3.337718,-0.377358,3.891694,-0.505827,4.262822,-0.54126,4.411817,-0.452882,4.365417,-0.296431,4.157362,-0.135232,3.800455,0.008497,3.307621,0.127911,2.728558,0.218083,2.125919,0.27627,1.519791,0.294562,0.947937,0.246734,0.431756,0.131257,-0.09863,-0.007099,-0.541456,-0.114359,-0.834949,-0.162886,-0.998047,-0.16409,-1.043708,-0.116791,-0.994684,-0.049227,-0.883113,0.025934,-0.756051,0.096652,-0.641321,0.151865,-0.552944,0.179348,-0.49676,0.174707,-0.46065,0.143411,-0.430302,0.09103,-0.396436,0.014181,-0.346566,-0.075685,-0.287345,-0.156536,-0.229732,-0.19873,-0.174414,-0.193094,-0.138562,-0.14767,-0.11302
2,0.005801,-0.06342,-0.00206,-0.068154,-0.017632,-0.062686,-0.026161,-0.049239,-0.027132,-0.034238,-0.020276,-0.028357,-0.011868,-0.030056,-0.000607,-0.036241,0.010567,-0.043496,0.015628,-0.047083,0.018162,-0.041936,0.013739,-0.029862,0.000496,-0.021385,-0.016995,-0.026434,-0.030921,-0.04027,-0.03559,-0.058014,-0.031612,-0.074326,-0.025057,-0.085527,-0.011962,-0.082315,0.006608,-0.064581,0.025006,-0.035053,0.033788,-0.004763,0.026373,0.009688,0.008903,0.004642,-0.007135,-0.022925,-0.011207,-0.061034,0.002119,-0.095176,0.03255,-0.102876,0.076119,-0.05168,0.116661,0.076737,0.132896,0.308489,0.102362,0.689583,-0.005192,1.246369,-0.244099,2.021513,-0.54294,2.921136,-0.826149,3.750684,-1.073158,4.258474,-1.238571,4.282266,-1.221023,3.862552,-0.971545,3.149933,-0.572752,2.320168,-0.170562,1.512668,0.144539,0.802833,0.351222,0.216328,0.439366,-0.314196,0.427881,-0.867924,0.399816,-1.458119,0.415306,-2.023765,0.475921,-2.461447,0.548997,-2.680221,0.584102,-2.700692,0.56328,-2.646885,0.498804,-2.641291,0.418838,-2.738551,0.358724,-2.907323,0.342984,-3.02512,0.413425,-2.869025,0.527271,-2.253534,0.557099,-1.21059,0.413376,0.049963,0.12062,1.337696,-0.242882,2.52942,-0.584393,3.52715,-0.794036,4.287587,-0.881904,4.804717,-0.892595,5.03547,-0.798886,4.919141,-0.597705,4.478139,-0.360636,3.802691,-0.154006,2.981514,0.005301,2.071817,0.126038,1.157421,0.194133,0.310318,0.195947,-0.450835,0.166626,-1.172492,0.187638,-1.833555,0.26702,-2.312569,0.353171,-2.525842,0.418277,-2.480231,0.432724,-2.268319,0.381488,-1.982555,0.283095,-1.704451,0.168011,-1.490015,0.058125,-1.365801,-0.020572,-1.294237,-0.032734,-1.210375,0.014861,-1.077718,0.077299,-0.888646,0.106754,-0.682932,0.112223,-0.509463,0.112497,-0.385696,0.114434,-0.303761,0.105186,-0.241011,0.091763,-0.190595,0.083618,-0.163145,0.068724,-0.149002,0.036736,-0.124535,0.000215,-0.083445,-0.028561,-0.029257,-0.04148,0.035068
2,-0.009303,-0.047182,-0.007102,-0.022462,-0.000925,-0.00853,-0.006716,-0.005649,-0.018273,-0.014364,-0.028248,-0.028166,-0.02753,-0.032625,-0.02288,-0.018912,-0.019111,0.009899,-0.004297,0.041227,0.015024,0.073252,0.031205,0.120733,0.038304,0.193363,0.027606,0.308126,-0.008001,0.514386,-0.051191,0.847655,-0.075348,1.290068,-0.059603,1.81255,-0.002546,2.376911,0.079915,2.903901,0.186813,3.313094,0.277274,3.552565,0.306014,3.626001,0.241532,3.502452,0.133054,3.121145,0.024482,2.459389,-0.083901,1.5511,-0.203766,0.494625,-0.301219,-0.548002,-0.347232,-1.426181,-0.335293,-2.102105,-0.277197,-2.572601,-0.187324,-2.84746,-0.051691,-2.975122,0.100385,-2.976095,0.233171,-2.885938,0.300109,-2.734125,0.271772,-2.540243,0.168819,-2.297277,0.027486,-1.988523,-0.117443,-1.593234,-0.236446,-1.093494,-0.302948,-0.513193,-0.329207,0.114393,-0.321986,0.751399,-0.291705,1.355558,-0.266034,1.918642,-0.262117,2.455824,-0.25643,2.950035,-0.228448,3.368768,-0.18478,3.692241,-0.126424,3.890183,-0.077695,3.891887,-0.039713,3.656008,0.007664,3.173541,0.059641,2.485032,0.07235,1.668886,0.022133,0.875557,-0.071232,0.144629,-0.153149,-0.461775,-0.149934,-0.991157,-0.050104,-1.429045,0.059508,-1.744217,0.115133,-1.909072,0.087177,-1.901875,0.007011,-1.75314,-0.059889,-1.543056,-0.066708,-1.345979,-0.022623,-1.201608,0.038899,-1.108427,0.100602,-1.065712,0.145707,-1.068486,0.155536,-1.106617,0.134221,-1.152215,0.095203,-1.193675,0.041386,-1.204936,-0.023848,-1.159228,-0.07974,-1.041912,-0.10616,-0.851159,-0.095709,-0.612721,-0.047784,-0.370732,0.033303,-0.180626,0.127435,-0.09257,0.208205,-0.121462,0.247897,-0.236624,0.229619,-0.38308,0.169807,-0.50659,0.073241,-0.583278,-0.028954,-0.607347,-0.104843,-0.565871,-0.152441,-0.481598,-0.146622,-0.386938,-0.098672,-0.288697,-0.031554,-0.199317,0.036289,-0.145013,0.08176,-0.133952,0.108134,-0.175018,0.116586,-0.253578,0.085411,-0.355902,0.017475,-0.466636
2,-0.000826,-0.033644,-0.028678,-0.035724,-0.053226,-0.044183,-0.064897,-0.056778,-0.064837,-0.080504,-0.063861,-0.114022,-0.062568,-0.143731,-0.063366,-0.160076,-0.061153,-0.157617,-0.050942,-0.143862,-0.034468,-0.122825,-0.019012,-0.104954,-0.015783,-0.087636,-0.0225,-0.062137,-0.031924,-0.018003,-0.038278,0.038184,-0.038716,0.095463,-0.023629,0.156318,0.009385,0.233333,0.045489,0.364206,0.102812,0.594825,0.180888,0.955928,0.284735,1.436859,0.457299,1.986409,0.693008,2.526668,0.877798,2.955866,0.978937,3.200949,1.007121,3.256258,0.94289,3.133896,0.764803,2.856091,0.46239,2.471815,0.083719,1.956691,-0.278679,1.410845,-0.579297,0.88037,-0.77904,0.372455,-0.893881,-0.100358,-0.92795,-0.534926,-0.899171,-0.953437,-0.843711,-1.356611,-0.776317,-1.721377,-0.677691,-2.018472,-0.542009,-2.273569,-0.401899,-2.453843,-0.320531,-2.52831,-0.336894,-2.490394,-0.424034,-2.307206,-0.512408,-1.960465,-0.532467,-1.54083,-0.454142,-1.112687,-0.297247,-0.66819,-0.112819,-0.219114,0.071229,0.232687,0.242125,0.735385,0.384237,1.306347,0.464522,1.933422,0.472062,2.573452,0.453574,3.169941,0.44738,3.626096,0.473601,3.878832,0.513796,3.910866,0.573623,3.749663,0.610064,3.441992,0.59892,2.976401,0.528805,2.383873,0.393895,1.723872,0.223016,1.02688,0.050979,0.357805,-0.05758,-0.221997,-0.07871,-0.709057,-0.044213,-1.125728,0.006062,-1.487881,0.03699,-1.820122,0.03215,-2.141568,-0.054354,-2.432766,-0.224745,-2.643038,-0.418298,-2.711962,-0.5791,-2.636788,-0.668463,-2.466183,-0.653452,-2.223525,-0.548358,-1.952496,-0.394746,-1.707029,-0.230874,-1.529615,-0.072125,-1.42943,0.055851,-1.364937,0.129993,-1.284888,0.122039,-1.17002,0.019709,-1.028792,-0.116551,-0.864241,-0.215484,-0.688266,-0.232243,-0.501301,-0.174271,-0.319036,-0.085119,-0.185297,0.003483,-0.107657,0.067524,-0.066352,0.100869,-0.042468,0.095117,-0.041502,0.05491,-0.070455,-0.008701,-0.106816,-0.078405,-0.143592,-0.131584,-0.179376
2,-0.012741,-0.072192,-0.023886,-0.067587,-0.029982,-0.049441,-0.028732,-0.018188,-0.019224,0.013407,0.001246,0.036598,0.01967,0.046612,0.031566,0.04285,0.032695,0.02856,0.016027,0.005126,-0.013364,-0.013888,-0.032557,-0.017938,-0.028546,-0.002255,-0.013644,0.039942,0.001833,0.112582,0.010809,0.225289,0.043656,0.414423,0.11875,0.735442,0.197266,1.207859,0.285724,1.795067,0.364358,2.475652,0.435225,3.213819,0.524736,3.916094,0.595656,4.515954,0.616387,4.94957,0.614251,5.166395,0.607699,5.136824,0.552592,4.782012,0.424463,4.037827,0.210518,2.939022,-0.023428,1.581912,-0.212103,0.166997,-0.313438,-1.106777,-0.343718,-2.149851,-0.315637,-2.948268,-0.260817,-3.491589,-0.23287,-3.8089,-0.254918,-3.969105,-0.332919,-4.004754,-0.44672,-3.891305,-0.570932,-3.604602,-0.669234,-3.179744,-0.708327,-2.690422,-0.669486,-2.197692,-0.55094,-1.749965,-0.370222,-1.364505,-0.145704,-0.973458,0.09923,-0.50593,0.327733,0.047546,0.509753,0.676608,0.643058,1.338229,0.734025,1.995214,0.77681,2.643543,0.745105,3.276197,0.696182,3.853904,0.664032,4.308632,0.658659,4.595708,0.659882,4.680652,0.644549,4.576416,0.62251,4.2802,0.584957,3.778282,0.529054,3.11775,0.495003,2.388576,0.435537,1.603248,0.316708,0.808767,0.211285,0.043008,0.099443,-0.703901,0.000885,-1.419568,-0.089021,-2.087236,-0.197779,-2.674057,-0.327552,-3.09546,-0.471117,-3.252687,-0.615561,-3.139678,-0.7419,-2.843716,-0.83321,-2.512303,-0.867775,-2.271497,-0.827328,-2.171336,-0.727313,-2.189459,-0.61674,-2.266211,-0.534355,-2.308655,-0.483123,-2.260573,-0.44642,-2.114943,-0.405924,-1.908823,-0.330779,-1.707884,-0.254099,-1.59861,-0.17929,-1.565096,-0.084388,-1.520017,0.028237,-1.341054,0.092123,-0.960393,0.061175,-0.509408,-0.024601,-0.159937,-0.092247,0.048356,-0.123231,0.162951,-0.12321,0.228799,-0.095166,0.256539,-0.047753,0.254496,0.005188,0.227239,0.03669,0.184968,0.042634,0.134763,0.026419,0.074235
2,-0.036663,-0.027386,-0.017053,-0.028719,0.00447,-0.021923,0.021722,-0.012963,0.025326,0.001743,0.018704,0.014083,0.012511,0.024076,0.004646,0.022144,-0.002565,0.008723,-0.008724,-0.002563,-0.012565,0.007864,-0.013439,0.044476,-0.007472,0.118128,0.00255,0.261159,0.037391,0.526891,0.122628,0.948811,0.281538,1.536894,0.433683,2.260024,0.575118,3.052405,0.650682,3.753152,0.749742,4.305063,0.846698,4.645333,1.065556,4.607021,1.084407,4.561502,0.904067,4.378636,0.764358,3.934796,0.664541,3.302279,0.542199,2.541916,0.41709,1.729988,0.278478,0.901429,0.093349,0.061302,-0.100741,-0.759968,-0.293776,-1.545984,-0.49007,-2.225222,-0.680447,-2.732723,-0.856115,-3.101358,-0.976461,-3.379566,-0.973676,-3.5439,-0.863997,-3.639456,-0.667447,-3.559675,-0.471756,-3.443451,-0.435545,-3.241284,-0.406768,-2.858442,-0.373649,-2.261591,-0.265561,-1.436001,-0.114473,-0.521834,0.087104,0.456559,0.297259,1.458686,0.456876,2.421274,0.621344,3.328926,0.851573,3.917228,1.01169,4.405778,1.027896,4.725038,1.015196,4.991784,0.996429,4.882004,0.972399,4.476931,0.899167,3.839801,0.81424,3.059028,0.715962,2.174813,0.596552,1.300523,0.390024,0.429141,0.131019,-0.415103,-0.15497,-1.243867,-0.423104,-2.102735,-0.680456,-2.949307,-0.908649,-3.785716,-1.037821,-4.609928,-1.142989,-5.336533,-1.303053,-5.942595,-1.451934,-6.42621,-1.595784,-6.52585,-1.718794,-6.154033,-1.666462,-5.016006,-1.337393,-3.637335,-0.858812,-1.925809,-0.423584,-0.240607,-0.104116,0.967508,0.196698,1.66398,0.471367,1.95538,0.59123,1.673084,0.69817,1.35746,0.62502,1.046562,0.372629,0.722719,0.087024,0.401548,-0.161645,0.062522,-0.334317,-0.249341,-0.39217,-0.4855,-0.328014,-0.633533,-0.209831,-0.663378,-0.107695,-0.575083,-0.048125,-0.408895,-0.009674,-0.223989,0.046975,-0.0713,0.115088,0.036791,0.140559,0.112374,0.111223,0.15156,0.041693,0.163341,-0.027059,0.13528,-0.080121,0.072532,-0.107796,-0.007154
2,0.002352,-0.039665,0.006929,-0.034165,0.012382,-0.020126,0.010687,-0.005746,0.010929,0.009491,0.004883,0.012634,-0.002808,0.001086,-0.012896,-0.020832,-0.014329,-0.041255,-0.011292,-0.048072,-0.004342,-0.04268,0.0026,-0.026797,0.012867,-0.010579,0.019769,0.005316,0.024933,0.025096,0.030956,0.063888,0.049115,0.148809,0.110178,0.352713,0.216504,0.719957,0.403086,1.268829,0.621233,2.031142,0.896513,3.02104,1.12699,4.001789,1.284625,4.613274,1.008058,5.057971,1.030359,5.265133,0.990684,5.013478,0.878357,4.425701,0.685531,3.528017,0.471961,2.4871,0.284851,1.389227,0.0816,0.303701,-0.191461,-0.721938,-0.51225,-1.671714,-0.81899,-2.477085,-1.060781,-3.195465,-1.224206,-3.813325,-1.275868,-4.340174,-1.187137,-4.78573,-1.026768,-5.082479,-0.949289,-5.097672,-0.871848,-4.661392,-0.885,-3.697532,-0.779511,-2.342016,-0.536478,-0.767466,-0.161107,0.617001,0.190085,1.618246,0.466656,2.265379,0.678517,2.759396,0.877222,3.164138,1.088084,3.465975,0.761977,3.809555,0.573728,4.198321,0.576955,4.380897,0.684467,4.34487,0.788749,4.065193,0.885349,3.626631,0.932977,3.089766,0.942383,2.514554,0.885128,1.89052,0.75549,1.196341,0.510805,0.518017,0.206118,-0.185424,-0.09622,-0.894082,-0.381817,-1.600008,-0.636139,-2.319331,-0.868787,-3.029301,-1.058723,-3.746453,-1.193434,-4.441991,-1.221537,-5.056534,-1.320467,-5.476738,-1.357406,-5.706438,-1.331506,-5.677491,-1.32423,-5.358649,-1.184933,-4.392694,-0.92762,-3.206384,-0.533281,-1.777761,-0.100272,-0.45817,0.286049,0.507862,0.574861,1.188889,0.659351,1.636841,0.520219,1.627819,0.334762,1.359974,0.172197,0.802553,-0.00707,0.318167,-0.162504,-0.126229,-0.274597,-0.464372,-0.318323,-0.649538,-0.315521,-0.660959,-0.281057,-0.530162,-0.192858,-0.32825,-0.060438,-0.104667,0.078708,0.069707,0.167562,0.15859,0.182346,0.168766,0.130088,0.139015,0.051578,0.097114,-0.019953,0.057285,-0.063515,0.020803,-0.08003,-0.006288
2,0.005604,-0.012694,0.007024,-0.016707,0.004607,-0.013045,-0.008027,-0.002837,-0.022082,0.011386,-0.024319,0.024147,-0.017633,0.027639,-0.007062,0.020079,0.000597,0.004722,0.007243,-0.010992,0.011829,-0.024044,0.013657,-0.032425,0.010313,-0.032473,0.001422,-0.023199,-0.010557,-0.011639,-0.01624,0.004406,-0.010119,0.018995,-0.003515,0.025852,0.00328,0.022613,0.002757,0.014525,0.006536,0.010223,0.009562,0.027117,0.031018,0.112725,0.084295,0.346457,0.16697,0.778498,0.286788,1.439854,0.394347,2.359915,0.441417,3.588722,0.525737,4.628557,0.447159,5.72744,0.363249,6.436954,0.677597,6.996899,0.869071,6.902264,0.950436,6.263691,0.938291,5.132292,0.879975,3.749096,0.712584,2.136774,0.453338,0.429155,0.147276,-1.217063,-0.217326,-2.692839,-0.651641,-3.91885,-1.05621,-4.81254,-1.337913,-5.383741,-1.501416,-5.712915,-1.495273,-5.911033,-1.391183,-6.030002,-1.155968,-5.851054,-1.002279,-5.349306,-0.832598,-4.423598,-0.67936,-2.878818,-0.329943,-0.983996,0.046513,0.885136,0.453533,2.265875,0.818679,3.095036,1.04045,3.570201,0.983115,3.971945,0.819689,4.223114,0.640501,4.565604,0.495653,4.672361,0.449958,4.524133,0.580327,4.037549,0.656305,3.354127,0.655256,2.563302,0.608685,1.70776,0.486347,0.893551,0.281481,0.084766,0.008758,-0.745941,-0.29667,-1.637936,-0.616265,-2.554006,-0.904484,-3.480195,-1.123225,-4.425609,-1.270673,-5.265288,-1.392373,-5.857376,-1.430346,-6.123867,-1.335461,-6.017962,-1.221857,-5.411326,-0.925701,-3.993139,-0.528727,-2.294401,-0.039965,-0.581253,0.390499,0.736371,0.612901,1.25669,0.699613,1.336911,0.634912,1.022255,0.338476,0.763364,0.028933,0.465355,-0.271368,0.090487,-0.489705,-0.285938,-0.539666,-0.584055,-0.405504,-0.734587,-0.222362,-0.688541,-0.074168,-0.467718,0.019913,-0.167884,0.093399,0.074668,0.153074,0.181833,0.178158,0.17794,0.140274,0.121929,0.059083,0.057348,-0.026602,-0.000428,-0.073351,-0.043807,-0.07948,-0.063572
2,-0.000942,-0.014793,-0.001315,-0.017143,-0.003078,-0.022161,0.000877,-0.027615,0.003825,-0.033385,0.006784,-0.039151,0.010766,-0.044592,0.012555,-0.03956,0.014013,-0.033513,0.013023,-0.033826,0.011664,-0.036493,0.009331,-0.036123,0.001149,-0.017514,-0.00579,0.024967,-2.2e-05,0.093899,0.032779,0.231872,0.106393,0.504634,0.216649,0.957958,0.374967,1.632137,0.593378,2.511359,0.808548,3.483626,0.914775,4.257478,0.927277,5.02259,1.023237,5.701846,1.082047,6.049284,1.373524,6.000665,1.498343,5.563015,1.443122,4.74358,1.24895,3.577453,0.901754,2.185217,0.481609,0.749121,0.089479,-0.536475,-0.303342,-1.661419,-0.701943,-2.654951,-1.007204,-3.529524,-1.232664,-4.282908,-1.34938,-4.935166,-1.312666,-5.522735,-1.306985,-5.856702,-1.282466,-5.885023,-1.25449,-5.580734,-1.282624,-4.938271,-1.140868,-3.964864,-0.912693,-2.468698,-0.547381,-0.828777,-0.076067,0.633675,0.35405,1.634289,0.688935,2.332546,1.02624,2.867493,1.218688,3.295765,1.125169,3.810995,1.035383,4.226651,1.01279,4.693705,1.053872,4.90937,1.087187,4.85597,1.377765,4.527779,1.512047,4.099,1.477476,3.612424,1.327726,3.037152,1.054608,2.364667,0.721765,1.64354,0.384931,0.945565,0.032813,0.228485,-0.339335,-0.532351,-0.709932,-1.333445,-1.035435,-2.17196,-1.294101,-3.000579,-1.482092,-3.775851,-1.59077,-4.462364,-1.56521,-5.061643,-1.612973,-5.449488,-1.56772,-5.634814,-1.498293,-5.592845,-1.437568,-5.292569,-1.346236,-4.819855,-1.099764,-3.971879,-0.701418,-2.811213,-0.172237,-1.550127,0.312651,-0.230524,0.566163,0.863704,0.553479,1.361643,0.458183,1.454439,0.327647,1.219369,0.207218,0.921884,0.020944,0.590926,-0.146734,0.219742,-0.260528,-0.128768,-0.300948,-0.405102,-0.252138,-0.572086,-0.158174,-0.592721,-0.079745,-0.459069,-0.03211,-0.228175,0.005574,-0.007184,0.041088,0.129746,0.069375,0.161662,0.075832,0.134395,0.042911,0.078603,-0.018492,0.024433,-0.068168,-0.01723,-0.090118,-0.043922
