3,0.105388,-0.139748,-0.004093,-0.086995,-0.127826,-0.020559,-0.227838,0.01547,-0.271693,-0.023927,-0.256708,-0.124003,-0.19889,-0.236503,-0.119544,-0.33152,-0.040818,-0.373775,0.013659,-0.354854,0.032668,-0.286675,0.028534,-0.200462,0.00549,-0.107014,-0.022933,-0.017181,-0.037498,0.055129,-0.035948,0.102768,-0.027427,0.128858,-0.017839,0.150531,-0.009917,0.185707,0.004842,0.227924,0.027474,0.272785,0.050641,0.316139,0.065369,0.353502,0.072831,0.364223,0.064953,0.32947,0.038715,0.265932,0.002596,0.199661,-0.032203,0.160134,-0.052613,0.151688,-0.049275,0.15706,-0.027886,0.171143,0.010314,0.192192,0.057507,0.227764,0.101126,0.269464,0.12192,0.302875,0.131547,0.306831,0.148905,0.250794,0.154423,0.096874,0.153142,-0.189102,0.14372,-0.655767,0.117095,-1.341153,0.061969,-2.223275,0.000622,-3.159224,-0.018857,-4.017624,0.058743,-4.72894,0.24603,-5.155337,0.492914,-5.120245,0.672473,-4.552103,0.709598,-3.474109,0.589888,-2.007955,0.358159,-0.397909,0.08634,1.112618,-0.140059,2.363888,-0.253095,3.297227,-0.226339,3.972245,-0.088207,4.44875,0.068652,4.668171,0.158057,4.533555,0.188642,4.033097,0.203119,3.217586,0.206648,2.166169,0.182721,1.007727,0.11014,-0.157441,-0.026748,-1.252667,-0.188116,-2.246363,-0.275892,-3.173033,-0.230726,-4.001564,-0.040378,-4.694067,0.262685,-5.183414,0.543372,-5.311751,0.692185,-4.996964,0.640695,-4.314224,0.41748,-3.318448,0.137305,-2.110392,-0.091141,-0.861727,-0.252356,0.275895,-0.329932,1.179071,-0.319664,1.849436,-0.221955,2.360596,-0.053717,2.729325,0.136466,2.932755,0.295406,2.950412,0.424106,2.806578,0.513291,2.545345,0.549379,2.191038,0.534987,1.784652,0.473586,1.38239,0.361438,1.029958,0.217784,0.739263,0.074753,0.527679,-0.031915,0.384571,-0.101363,0.291874,-0.13342,0.223558,-0.123336,0.151726,-0.077962,0.06793,-0.020131,-0.009937,0.022604,-0.063586,0.040032,-0.091381,0.046184,-0.085488,0.039622,-0.070012
3,-0.054798,0.069507,-0.040407,0.089315,-0.016801,0.09027,0.003607,0.076754,0.021925,0.069725,0.042896,0.080095,0.057357,0.103713,0.0406,0.130208,0.008989,0.138442,-0.02204,0.1322,-0.046941,0.137147,-0.060696,0.147384,-0.055058,0.156175,-0.031479,0.171,0.001193,0.186263,0.029979,0.201593,0.04459,0.214788,0.045613,0.222848,0.039315,0.225493,0.027967,0.222447,0.018669,0.216742,0.005223,0.206174,-0.007906,0.184052,-0.006791,0.150415,0.00584,0.120905,0.018163,0.106772,0.029799,0.099424,0.032724,0.100097,0.0274,0.109709,0.014561,0.13152,0.001181,0.158608,-0.015146,0.184984,-0.029139,0.201066,-0.034073,0.197616,-0.015269,0.165743,0.015592,0.106605,0.051351,0.024679,0.084454,-0.084197,0.101977,-0.222428,0.11016,-0.390746,0.105978,-0.590325,0.072039,-1.134286,-0.05366,-1.950331,-0.224604,-2.869423,-0.296096,-3.850854,-0.294483,-4.52425,-0.144153,-4.822058,0.111941,-4.644952,0.404695,-4.014244,0.610186,-3.054821,0.617043,-1.797513,0.438153,-0.402745,0.180182,0.856023,-0.033295,1.860209,-0.148036,2.625241,-0.191286,3.224694,-0.182126,3.703309,-0.144577,4.032429,-0.071027,4.172922,0.05914,4.053706,0.209282,3.597631,0.349882,2.786375,0.439024,1.750731,0.445256,0.711181,0.371901,-0.175713,0.240777,-0.906981,0.081707,-1.544275,-0.047353,-2.166675,-0.093696,-2.809166,-0.079434,-3.439453,-0.040405,-3.950484,-0.009198,-4.25648,0.023704,-4.312225,0.08355,-4.105495,0.130138,-3.585423,0.10175,-2.751532,0.027805,-1.702554,-0.028844,-0.580237,-0.047413,0.417659,-0.024716,1.182085,0.026924,1.772521,0.104819,2.274107,0.188559,2.69162,0.243524,2.955036,0.256248,3.012537,0.250073,2.838016,0.250836,2.443784,0.265852,1.882071,0.270552,1.292237,0.233122,0.809322,0.128229,0.491534,-0.001072,0.345498,-0.111874,0.319309,-0.175813,0.343169,-0.188962,0.369265,-0.168851,0.363589,-0.126372,0.312363,-0.056945,0.231683,0.030682,0.137301,0.092581,0.053222
3,0.046122,0.005077,0.067674,0.020808,0.076628,0.04018,0.06835,0.051173,0.050811,0.052842,0.032756,0.04741,0.01049,0.043188,-0.007631,0.0439,-0.020762,0.040446,-0.034546,0.033709,-0.051154,0.02004,-0.067942,0.004013,-0.07677,-0.006832,-0.080915,-0.011808,-0.073565,-0.01613,-0.058929,-0.018552,-0.052943,-0.014675,-0.067182,0.00102,-0.09261,0.020782,-0.113763,0.033075,-0.128667,0.03914,-0.122311,0.050022,-0.098136,0.064142,-0.068439,0.083698,-0.036747,0.104666,-0.008991,0.131631,0.008832,0.160624,0.016354,0.193085,0.022987,0.217494,0.034616,0.237804,0.042316,0.255476,0.04082,0.266069,0.037293,0.277738,0.033764,0.283209,0.041126,0.273828,0.075615,0.251726,0.131736,0.195777,0.191636,0.11086,0.242212,0.002568,0.26176,-0.419233,0.133245,-1.159615,0.006227,-2.532387,-0.123465,-3.63292,-0.245391,-4.15196,-0.163471,-4.187359,0.039635,-3.863485,0.254172,-3.350214,0.399414,-2.69694,0.425693,-1.883408,0.35861,-0.981322,0.253327,-0.100272,0.153583,0.714343,0.059444,1.466112,-0.015565,2.14377,-0.061098,2.732932,-0.047222,3.243428,0.024683,3.601176,0.13798,3.730848,0.236825,3.609172,0.287983,3.214999,0.280253,2.570433,0.23482,1.755558,0.177797,0.882962,0.11673,0.04344,0.042387,-0.779158,-0.073431,-1.579359,-0.178571,-2.345419,-0.218553,-3.08673,-0.175822,-3.790282,-0.044731,-4.36747,0.147714,-4.661555,0.266774,-4.49518,0.234752,-3.787587,0.085103,-2.711644,-0.088115,-1.607972,-0.199522,-0.642717,-0.232856,0.160631,-0.210241,0.898789,-0.145629,1.599986,-0.033457,2.197735,0.094304,2.64984,0.194721,2.974475,0.239265,3.156761,0.232161,3.149287,0.212784,2.8905,0.221171,2.39434,0.236429,1.763032,0.215705,1.173106,0.138684,0.745848,0.03002,0.50932,-0.08067,0.430337,-0.152351,0.432691,-0.174404,0.444521,-0.160762,0.417761,-0.114627,0.329745,-0.037548,0.184842,0.056188,0.00861,0.146474,-0.151602,0.192626,-0.250804,0.181186,-0.285323
3,-0.096936,-0.127117,-0.105558,-0.127759,-0.105697,-0.116268,-0.105395,-0.100072,-0.093781,-0.091323,-0.06662,-0.101399,-0.033138,-0.125269,0.008605,-0.157748,0.041465,-0.188136,0.058596,-0.213531,0.064687,-0.224457,0.065905,-0.208699,0.054659,-0.170366,0.03941,-0.118286,0.021972,-0.063629,0.009538,-0.010888,0.005327,0.032973,0.010355,0.057373,0.023517,0.060508,0.038225,0.05395,0.051149,0.048478,0.053462,0.042038,0.047187,0.035901,0.029262,0.033212,0.007139,0.031856,-0.017857,0.035971,-0.039737,0.043096,-0.060108,0.056734,-0.076119,0.071392,-0.083925,0.087254,-0.086086,0.102175,-0.084571,0.121107,-0.080988,0.147535,-0.073619,0.174113,-0.063448,0.188988,-0.051401,0.180317,-0.038295,0.142468,-0.026153,0.067945,-0.015044,-0.045603,-0.031337,-0.285417,-0.09455,-0.71964,-0.153061,-1.542461,-0.180744,-2.421983,-0.140141,-3.266567,0.023839,-4.009874,0.282103,-4.664696,0.517915,-5.104695,0.580921,-5.066034,0.485086,-4.474514,0.316237,-3.484245,0.138509,-2.269269,-0.013815,-0.935606,-0.15464,0.382977,-0.270846,1.529358,-0.363259,2.421723,-0.423293,3.064021,-0.440673,3.507918,-0.397092,3.806303,-0.302454,3.968029,-0.151713,3.95342,0.046001,3.668789,0.236413,2.988721,0.354495,1.911948,0.374688,0.537841,0.334562,-0.982908,0.271388,-2.473372,0.206865,-3.811453,0.171847,-4.900206,0.20881,-5.678138,0.297693,-6.201436,0.319584,-6.352437,0.191989,-5.80475,-0.010458,-4.488602,-0.146751,-2.774405,-0.183551,-0.991192,-0.1621,0.638798,-0.128813,1.854421,-0.103233,2.634298,-0.051203,3.088154,0.03113,3.25388,0.128499,3.186592,0.23906,2.982864,0.319623,2.686798,0.369514,2.345516,0.373528,2.001668,0.327569,1.666749,0.231583,1.333997,0.096013,1.023082,-0.046633,0.770089,-0.160284,0.588468,-0.218625,0.463467,-0.217726,0.369521,-0.178329,0.28536,-0.132486,0.191773,-0.090163,0.068626,-0.055979,-0.09051,-0.017275,-0.240718,0.005191,-0.342122,0.003718,-0.39357,-0.02471,-0.397252
3,-0.115237,0.068574,-0.094144,0.086944,-0.050158,0.087653,-0.002723,0.077582,0.023839,0.051516,0.012373,0.02237,-0.022648,-0.002408,-0.062317,-0.014441,-0.07506,-0.013058,-0.05877,-0.000692,-0.010279,0.016024,0.060116,0.035008,0.129492,0.048995,0.16288,0.060833,0.152023,0.066189,0.096574,0.066206,0.00782,0.056774,-0.090766,0.040607,-0.168223,0.027123,-0.196612,0.022289,-0.168828,0.025687,0.072908,0.217508,0.063453,0.23365,0.046672,0.227171,0.026916,0.204157,-0.028291,0.155516,-0.003914,0.151627,0.033617,0.127273,0.076531,0.033257,0.181815,-0.396884,0.294445,-1.266768,0.384285,-2.272326,0.400471,-3.315735,0.271688,-4.120007,0.183196,-4.730246,0.175655,-5.071629,0.17058,-5.006362,0.120527,-4.539847,0.019298,-3.728909,-0.118192,-2.589894,-0.253991,-1.164185,-0.333736,0.398201,-0.337863,1.906543,-0.292357,3.238127,-0.223324,4.29793,-0.148822,5.02634,-0.074442,5.442644,0.008052,5.533414,0.119274,5.218922,0.243886,4.439023,0.273016,3.253526,0.200172,1.939492,0.060839,0.760498,-0.102114,-0.3086,-0.245906,-1.340047,-0.2867,-2.366444,-0.180612,-3.358496,0.016181,-4.260756,0.230514,-5.059141,0.41493,-5.741998,0.485951,-6.104006,0.435509,-5.927258,0.293898,-5.171923,0.037141,-3.973894,-0.28494,-2.445597,-0.543406,-0.837025,-0.588401,0.582293,-0.449303,1.7255,-0.218206,2.688657,0.04634,3.461532,0.291971,3.98251,0.473837,4.245542,0.570764,4.233514,0.599231,3.913649,0.55639,3.360863,0.451801,2.737609,0.313271,2.160418,0.168072,1.643633,0.035552,1.177704,-0.064726,0.793491,-0.128352,0.545751,-0.166633,0.408801,-0.185877,0.315397,-0.186376,0.220555,-0.178872,0.101313,-0.162958,-0.040135,-0.146081,-0.2024,-0.138989,-0.363375,-0.155892,-0.480209,-0.20023,-0.523682,-0.258012,-0.491952,-0.297175,-0.397527,-0.300597,-0.257955,-0.249965,-0.104583,-0.155105,0.0128,-0.047982,0.066531,0.050141,0.061653,0.120794,0.038382,0.141056,0.018566,0.103516,0.004234
3,-0.140623,-0.065809,-0.101732,-0.05992,-0.04581,-0.021891,0.011168,0.030584,0.050923,0.077392,0.064147,0.102982,0.053535,0.105736,0.02007,0.087586,-0.014309,0.060025,-0.037298,0.026706,-0.044134,0.003397,-0.025172,0.001702,0.008034,0.021285,0.030785,0.058515,0.032712,0.098486,0.019577,0.136385,0.003375,0.167347,-0.011402,0.188588,-0.020169,0.193493,-0.021099,0.184832,-0.0309,0.165329,-0.047424,0.127601,-0.063249,0.079738,-0.056901,0.037675,-0.043427,0.016241,-0.011284,0.021086,0.040318,0.034694,0.102979,0.031313,0.153032,-0.018542,0.174393,-0.126478,0.18405,-0.438104,0.147896,-1.039946,0.14346,-2.016848,0.142171,-2.982784,0.151883,-3.852049,0.227703,-4.590257,0.355422,-5.065583,0.44183,-5.148846,0.414604,-4.775135,0.315162,-3.997958,0.187711,-2.9063,0.061144,-1.57249,-0.07997,-0.068428,-0.220555,1.482879,-0.317284,2.925873,-0.333723,4.082508,-0.276402,4.850409,-0.214257,5.275091,-0.164564,5.399577,-0.113715,5.189979,-0.062002,4.621018,-0.019258,3.763252,0.002095,2.773041,-0.026299,1.792527,-0.122095,0.86088,-0.228771,-0.034701,-0.253695,-0.896723,-0.159775,-1.731439,0.052799,-2.576789,0.327602,-3.414038,0.574653,-4.199692,0.78135,-4.922383,0.888424,-5.526597,0.793059,-5.854763,0.457738,-5.682504,0.058238,-4.90664,-0.246656,-3.631639,-0.467802,-2.028269,-0.694709,-0.204957,-0.873742,1.817522,-0.919526,3.683743,-0.777017,5.041688,-0.49961,5.734687,-0.179545,5.808584,0.127723,5.360941,0.400334,4.586382,0.560345,3.679592,0.570408,2.695614,0.422168,1.778886,0.19243,1.039502,-0.014209,0.506275,-0.138612,0.133673,-0.188947,-0.13688,-0.193673,-0.341621,-0.165582,-0.485815,-0.112722,-0.576681,-0.056843,-0.638142,-0.016193,-0.671968,-0.003603,-0.650503,-0.007112,-0.560744,-0.007594,-0.415456,-0.007691,-0.259271,-0.018183,-0.141334,-0.027179,-0.085753,-0.01986,-0.087382,0.005316,-0.10975,0.028184,-0.129725,0.037598,-0.132481,0.033299,-0.111789,0.020732,-0.068422
3,-0.04269,-0.112747,-0.033668,-0.125123,-0.021523,-0.09285,-0.001852,-0.029454,0.019811,0.046235,0.033416,0.120375,0.0306,0.167182,0.011838,0.159521,-0.012688,0.105024,-0.034923,0.024711,-0.054385,-0.046223,-0.067608,-0.097452,-0.079748,-0.118701,-0.086486,-0.119766,-0.076368,-0.099808,-0.0445,-0.073859,-0.008649,-0.053866,0.005847,-0.041311,-0.008943,-0.032877,-0.035352,-0.036192,-0.064275,-0.041726,-0.07762,-0.041441,-0.07736,-0.028095,-0.057287,0.007006,-0.040133,0.058473,-0.030844,0.115609,-0.010991,0.159305,0.023378,0.183697,0.055393,0.191157,0.07248,0.185134,0.066874,0.173587,0.046359,0.170354,0.023063,0.179546,-0.002419,0.177789,-0.035149,0.136313,-0.067829,0.029101,-0.112162,-0.151992,-0.176301,-0.441147,-0.245093,-0.911567,-0.287261,-1.58247,-0.250141,-2.346128,-0.109716,-3.086709,0.112308,-3.784604,0.310027,-4.354309,0.418418,-4.579675,0.386567,-4.233645,0.30949,-3.443675,0.184539,-2.371924,0.037019,-1.062793,-0.107075,0.377245,-0.220022,1.763247,-0.302651,3.005646,-0.338834,4.036203,-0.305739,4.776316,-0.228253,5.229306,-0.130696,5.416199,-0.005437,5.317233,0.116719,4.866626,0.155453,4.056841,0.098656,3.037038,0.002178,2.014737,-0.073342,1.101472,-0.112154,0.287007,-0.132314,-0.515707,-0.129424,-1.356555,-0.062253,-2.240022,0.084408,-3.104323,0.288508,-3.926213,0.535524,-4.754635,0.742067,-5.494177,0.77524,-5.916847,0.619372,-5.851979,0.415602,-5.382389,0.252793,-4.616122,0.116091,-3.56102,-0.019968,-2.23722,-0.115479,-0.758364,-0.133091,0.648536,-0.082181,1.810284,-0.023143,2.756069,0.016694,3.518793,0.048283,4.070678,0.0607,4.42815,0.055191,4.55453,0.028866,4.330603,0.000201,3.685316,-0.010932,2.723611,0.012193,1.737025,0.037654,0.990348,0.027347,0.538054,-0.012093,0.33361,-0.051149,0.279499,-0.07313,0.295096,-0.072856,0.283544,-0.053372,0.199214,-0.021606,0.069083,0.007441,-0.06792,0.029589,-0.204309,0.055909,-0.317177,0.069056,-0.373614
3,-0.041491,0.019767,-0.047456,0.049283,-0.060567,0.079319,-0.072332,0.088724,-0.075968,0.078453,-0.077005,0.064193,-0.077409,0.038463,-0.068834,0.004932,-0.049835,-0.029859,-0.023537,-0.050367,-0.007496,-0.040038,-0.014088,0.003325,-0.036302,0.064396,-0.059983,0.118851,-0.074581,0.150812,-0.079368,0.142567,-0.068677,0.101808,-0.037648,0.051585,0.003452,0.016469,0.03133,0.005141,0.034608,0.019259,0.015007,0.049129,-0.003789,0.093217,-0.004233,0.135191,0.012261,0.166143,0.027055,0.174801,0.030241,0.163162,0.02056,0.152774,-0.000545,0.152596,-0.02244,0.172445,-0.032657,0.232087,-0.029343,0.319583,-0.021165,0.413042,-0.009425,0.473893,0.001327,0.449462,0.014437,0.311898,0.016558,0.082489,0.021423,-0.218049,0.029837,-0.634978,0.043388,-1.236907,0.031397,-2.053225,-0.012479,-3.017795,-0.087666,-3.956294,-0.100374,-4.684073,0.000937,-5.204519,0.121608,-5.479567,0.137418,-5.325104,0.053758,-4.651198,-0.038458,-3.531239,-0.105034,-2.061762,-0.181482,-0.367344,-0.296115,1.32112,-0.405186,2.801654,-0.452839,3.944617,-0.399148,4.674025,-0.266774,4.96521,-0.11362,4.817992,0.045377,4.262384,0.183505,3.456969,0.249546,2.607804,0.214835,1.851181,0.112079,1.226275,0.008884,0.699179,-0.045792,0.178782,-0.04663,-0.41059,0.020965,-1.101907,0.164717,-1.902915,0.349105,-2.790656,0.539091,-3.729237,0.698213,-4.653923,0.744895,-5.390372,0.582343,-5.726548,0.235704,-5.462087,-0.148,-4.543434,-0.464882,-3.150524,-0.668107,-1.527919,-0.706544,0.015867,-0.555512,1.301857,-0.255406,2.346631,0.105644,3.202656,0.424924,3.882412,0.632714,4.359503,0.703672,4.588095,0.667124,4.526589,0.546547,4.170428,0.395709,3.540843,0.266549,2.713541,0.162099,1.85787,0.061183,1.159915,-0.016922,0.65971,-0.052298,0.333858,-0.055854,0.160478,-0.047844,0.096539,-0.038899,0.09263,-0.040174,0.098549,-0.053272,0.064263,-0.052906,-0.024142,-0.029162,-0.136242,-0.003248,-0.23692,0.017766,-0.327149
3,-0.124487,0.022851,-0.085286,-0.00751,-0.026643,-0.008123,0.040518,0.028446,0.081461,0.077498,0.079936,0.12721,0.042192,0.164268,-0.017053,0.178089,-0.072718,0.165661,-0.114768,0.129884,-0.133929,0.080963,-0.130806,0.041183,-0.110892,0.030908,-0.087082,0.051407,-0.072021,0.091456,-0.058712,0.139752,-0.046344,0.177728,-0.032492,0.200492,-0.016045,0.201253,-0.003778,0.181207,-0.001189,0.139652,-0.002901,0.090663,-0.011756,0.044379,-0.0194,0.024214,-0.0328,0.035218,-0.052026,0.079747,-0.077383,0.139741,-0.108535,0.198061,-0.133667,0.251863,-0.137914,0.285926,-0.115968,0.297012,-0.064518,0.279803,0.001437,0.231442,0.063919,0.150721,0.111051,0.035872,0.141279,-0.140291,0.164163,-0.657513,0.192751,-1.667694,0.228304,-2.731657,0.295759,-3.855205,0.354572,-4.798255,0.378743,-5.500182,0.355556,-5.795246,0.20972,-5.559921,-0.009047,-4.733415,-0.190023,-3.374362,-0.267511,-1.677389,-0.281357,0.117497,-0.293663,1.839351,-0.306009,3.387067,-0.2829,4.651738,-0.183487,5.50388,-0.044133,5.930052,0.074686,5.971856,0.159353,5.566413,0.228592,4.688119,0.289228,3.437258,0.286049,2.042096,0.185521,0.682851,0.060591,-0.644801,-0.022207,-1.951154,-0.000793,-3.212114,0.143748,-4.38581,0.376599,-5.416495,0.57936,-6.221742,0.627502,-6.617087,0.454835,-6.31789,0.201516,-5.229521,0.04685,-3.569418,-0.054654,-1.719918,-0.191323,0.001198,-0.343542,1.411159,-0.41322,2.483395,-0.357089,3.238796,-0.202997,3.64293,-0.025875,3.695479,0.115414,3.476413,0.213195,3.080921,0.274878,2.628422,0.290505,2.196812,0.24431,1.826956,0.147977,1.547973,0.02203,1.39377,-0.103276,1.341403,-0.198234,1.333464,-0.243267,1.306039,-0.269147,1.210074,-0.261863,1.050094,-0.212394,0.8188,-0.114966,0.553228,-0.009335,0.304292,0.067045,0.087053,0.081002,-0.082755,0.036275,-0.16588,-0.034025,-0.150875,-0.101065,-0.077209,-0.149146,-0.002234,-0.170417,0.05224,-0.15099,0.074371,-0.098289,0.073131
3,0.18565,-0.148216,0.118554,-0.150836,0.045828,-0.14732,-0.021273,-0.13497,-0.076456,-0.10907,-0.117597,-0.07946,-0.141956,-0.047742,-0.140178,-0.021236,-0.116161,-0.002621,-0.077555,0.002677,-0.038476,0.006639,-0.01176,0.009689,0.00159,0.00997,0.010294,0.017436,0.008149,0.029365,-0.004876,0.043412,-0.018062,0.050334,-0.018049,0.052702,-0.008105,0.051083,0.009253,0.036002,0.023592,0.01284,0.034927,-0.013625,0.035258,-0.04032,0.026908,-0.051554,0.009999,-0.042592,-0.017454,-0.014862,-0.036095,0.027395,-0.044729,0.07042,-0.039343,0.098889,-0.020057,0.105647,0.004189,0.096543,0.026703,0.077407,0.051152,0.064399,0.074694,0.054284,0.088339,0.048239,0.092736,0.051904,0.092268,0.050906,0.079205,0.042167,0.057541,0.033223,0.036944,0.028534,0.023518,0.026061,0.031669,0.032619,0.067609,0.051084,0.11327,0.048777,0.112319,-0.024227,0.064892,-0.703397,-0.191717,-1.883685,-0.212834,-3.863456,-0.051059,-5.732603,-0.066472,-6.250915,-0.109977,-5.731775,-0.085592,-4.717132,-0.059404,-3.493546,-0.076424,-2.053213,-0.136204,-0.329484,-0.13044,1.417261,-0.048192,2.866308,0.05737,3.871074,0.12091,4.348431,0.138254,4.31417,0.170978,3.851214,0.228692,3.099827,0.300799,2.16155,0.323322,0.944498,0.317379,-0.89152,0.14532,-2.557256,-0.023464,-3.819436,-0.127349,-4.516954,-0.185887,-4.715357,-0.180728,-4.526314,-0.12472,-3.959721,-0.093243,-2.91175,-0.132246,-1.397685,-0.196481,0.25791,-0.19574,1.626394,-0.162634,2.516566,-0.126515,2.973735,-0.077184,3.06595,0.025697,2.832327,0.165797,2.395167,0.305157,1.908864,0.407355,1.503304,0.440515,1.252542,0.392049,1.137496,0.288607,1.103967,0.167579,1.076082,0.038445,0.999412,-0.073955,0.875793,-0.159336,0.722821,-0.225356,0.578461,-0.258829,0.467031,-0.258987,0.391227,-0.233507,0.327441,-0.19141,0.258629,-0.140067,0.170674,-0.085348,0.064079,-0.044539,-0.057127,-0.021857,-0.17853,-0.009473,-0.263057,-0.003092,-0.297453
3,0.104474,-0.109175,0.094589,-0.109223,0.055354,-0.096608,0.009749,-0.066979,-0.025091,-0.026373,-0.047889,0.023294,-0.054723,0.069141,-0.05329,0.103381,-0.039299,0.109187,-0.011159,0.094111,0.027264,0.071118,0.059518,0.047739,0.077684,0.031796,0.075788,0.030297,0.059311,0.048908,0.03543,0.074013,0.014725,0.080443,-0.009568,0.06464,-0.050384,0.027642,-0.103425,-0.01348,-0.141799,-0.043303,-0.150854,-0.044493,-0.133804,-0.011527,-0.091521,0.036702,-0.030942,0.081102,0.029767,0.10134,0.075838,0.094385,0.092651,0.069351,0.08312,0.042964,0.06634,0.027898,0.051406,0.036117,0.040086,0.064192,0.036426,0.106255,0.02918,0.152724,0.021262,0.193507,0.005126,0.206036,-0.009411,0.175164,-0.018681,0.107418,-0.024376,0.021923,-0.024729,-0.055647,-0.048358,-0.116848,-0.090032,-0.176491,-0.155772,-0.239449,-0.236801,-0.913115,-0.430261,-2.07816,-0.366702,-3.572434,-0.183591,-4.910533,-0.154225,-5.059285,-0.188973,-4.425126,-0.146849,-3.427438,-0.045513,-2.179844,0.064015,-0.745079,0.152837,0.705934,0.154279,2.020843,0.063017,3.100302,0.003893,3.798004,0.027893,3.984019,0.089367,3.718586,0.165518,3.113226,0.264639,2.236847,0.380932,0.953423,0.432916,-0.891007,0.424238,-2.685172,0.357665,-4.143032,0.2098,-4.970702,0.001335,-5.141715,-0.217708,-4.777299,-0.381275,-3.950537,-0.43949,-2.664981,-0.434084,-1.053304,-0.383694,0.588158,-0.263592,1.941958,-0.094696,2.909588,0.059652,3.465882,0.146915,3.62286,0.166059,3.411166,0.249777,2.862541,0.393973,2.117669,0.51075,1.370438,0.563809,0.78869,0.547258,0.463697,0.45492,0.393254,0.311237,0.504791,0.146596,0.688977,-0.014006,0.845633,-0.156569,0.91706,-0.259142,0.891968,-0.318824,0.799326,-0.332479,0.676216,-0.307311,0.550964,-0.249858,0.44235,-0.174113,0.331457,-0.100241,0.191377,-0.042734,0.026533,-0.003443,-0.141408,0.01487,-0.283974,0.012613,-0.37158,-0.011864,-0.397578,-0.040412,-0.363646,-0.066257,-0.275412
3,0.036474,0.11765,0.046611,0.167495,0.048517,0.196472,0.04443,0.202206,0.035412,0.191344,0.016772,0.168728,-0.005855,0.140988,-0.016548,0.124978,-0.010456,0.120594,0.012769,0.119279,0.035985,0.115608,0.050042,0.098726,0.045987,0.079246,0.031027,0.064234,0.016128,0.053997,0.006697,0.058912,0.006433,0.072246,0.006985,0.07795,0.013312,0.062632,0.017446,0.024529,0.012658,-0.019639,0.005364,-0.052865,0.014097,-0.069048,0.041961,-0.061342,0.065796,-0.032605,0.074217,0.006082,0.065383,0.050832,0.040913,0.085431,0.006547,0.097608,-0.023452,0.087412,-0.03667,0.058229,-0.035368,0.014882,-0.026854,-0.025987,-0.019919,-0.050667,-0.023061,-0.064519,-0.021111,-0.060721,-0.015577,-0.042111,-0.015439,-0.017375,-0.016115,-0.00408,-0.02696,-0.009532,-0.033417,-0.043033,-0.028996,-0.091068,-0.027874,-0.150519,-0.049137,-0.236019,-0.09701,-0.411665,-0.109343,-1.283955,-0.032374,-3.403031,0.089327,-4.798808,0.218399,-5.546011,0.33753,-5.289095,0.393283,-4.259913,0.40547,-2.800445,0.352972,-1.111206,0.233422,0.588551,0.107533,2.027463,0.000745,3.049894,-0.085557,3.645596,-0.164896,3.794562,-0.223021,3.648024,-0.212472,3.270733,-0.094462,2.445659,0.110089,1.141334,0.227769,-0.341944,0.260195,-2.010655,0.190277,-3.444089,0.086124,-4.45647,-0.053747,-4.976018,-0.263675,-4.778964,-0.419071,-3.809251,-0.461577,-2.272218,-0.447577,-0.56421,-0.400115,0.95261,-0.317709,2.124424,-0.193201,2.937294,-0.060505,3.34106,0.058459,3.322063,0.151689,2.989399,0.196936,2.50297,0.147313,1.987515,0.179114,1.342055,0.235477,0.79504,0.238502,0.510209,0.179033,0.473346,0.086811,0.589657,0.004993,0.759603,-0.05671,0.889342,-0.095033,0.924328,-0.11414,0.86947,-0.10276,0.75576,-0.069029,0.624117,-0.03688,0.498185,-0.023842,0.374529,-0.033796,0.244154,-0.061952,0.111801,-0.09661,-0.003011,-0.117397,-0.094909,-0.120013,-0.162589,-0.10537,-0.200772,-0.07554,-0.198881,-0.03174,-0.163463
3,-0.009421,0.029389,-0.029733,0.016741,-0.032095,0.014298,-0.030262,0.018105,-0.026512,0.021,-0.014174,0.022136,0.003765,0.030053,0.021205,0.041763,0.027832,0.048021,0.025444,0.052713,0.020662,0.05739,0.020079,0.068318,0.011354,0.084384,-0.004497,0.095615,-0.020368,0.104455,-0.031344,0.103829,-0.031711,0.095734,-0.019197,0.084949,-0.001911,0.076608,0.009517,0.082928,0.016167,0.091556,0.020019,0.092061,0.022542,0.077808,0.015639,0.056314,0.000221,0.027132,-0.01197,0.007018,-0.015157,-0.006828,-0.016005,-0.015887,-0.019775,-0.01879,-0.025599,-0.008866,-0.030638,0.014868,-0.030067,0.042924,-0.015632,0.0607,0.000919,0.0657,0.014845,0.057816,0.020157,0.054079,0.011671,0.051091,-0.004019,0.050399,-0.022548,0.046329,-0.041003,0.039898,-0.043133,0.02325,-0.018375,-0.018275,0.011567,-0.127972,-0.01874,-0.386927,-0.024605,-1.417859,-0.171817,-2.978725,-0.057088,-5.170231,0.11869,-6.772905,0.071146,-6.458914,0.033072,-5.007697,0.067687,-3.192611,0.017611,-1.272141,-0.142616,0.672297,-0.287132,2.325135,-0.348997,3.471127,-0.322039,4.156178,-0.245518,4.359538,-0.16568,4.111986,-0.037128,3.543284,0.129669,2.767586,0.326149,1.581477,0.409459,-0.141928,0.316882,-1.920168,0.181764,-3.519494,0.060604,-4.500046,-0.018281,-4.784189,-0.110944,-4.427796,-0.220395,-3.560561,-0.342936,-2.248396,-0.424634,-0.593377,-0.393111,1.064312,-0.268172,2.38043,-0.125415,3.248898,-0.026176,3.719292,0.000841,3.837534,-0.019052,3.651282,0.032228,3.219743,0.193866,2.627412,0.379967,2.005321,0.502174,1.461552,0.520633,1.064099,0.42487,0.833427,0.259183,0.745016,0.074953,0.743844,-0.076093,0.782341,-0.163291,0.824825,-0.178525,0.837586,-0.142397,0.798621,-0.085569,0.710087,-0.03632,0.577063,-0.005564,0.401872,0.006901,0.198366,0.004901,0.007043,-0.003287,-0.150837,-0.012547,-0.268257,-0.030307,-0.347503,-0.062815,-0.397568,-0.090194,-0.408332,-0.089851,-0.369984,-0.066263,-0.286425
3,0.088572,0.042759,0.118228,0.08839,0.111289,0.101724,0.07725,0.087474,0.026923,0.050783,-0.021809,0.002392,-0.057599,-0.042245,-0.062328,-0.06646,-0.028039,-0.059879,0.020012,-0.025506,0.06161,0.017212,0.077086,0.0584,0.069529,0.09045,0.042184,0.104396,0.011031,0.098604,-0.01785,0.070814,-0.032284,0.036149,-0.030299,0.004571,-0.028492,-0.009824,-0.02956,-0.000762,-0.034257,0.026065,-0.033701,0.053658,-0.03013,0.060187,-0.015728,0.03774,-0.001957,-0.001354,-0.00027,-0.04476,-0.00459,-0.072698,-0.014157,-0.077125,-0.029447,-0.054248,-0.042253,-0.011043,-0.047738,0.028073,-0.042019,0.047808,-0.027662,0.052151,-0.00452,0.045823,0.018055,0.036202,0.033396,0.022023,0.037898,-0.008027,0.036667,-0.04457,0.027415,-0.080526,-0.026282,-0.148474,-0.12627,-0.518369,-0.285649,-1.207741,-0.265607,-2.800398,-0.225387,-3.68856,-0.232122,-3.817116,-0.172608,-3.326653,-0.091287,-2.39116,-0.003476,-1.266971,0.074112,-0.134625,0.12332,0.934032,0.144682,1.843164,0.140189,2.480763,0.093348,2.811806,0.020554,2.861881,-0.009398,2.643365,0.027912,2.225342,0.128935,1.671329,0.254959,1.032754,0.348461,0.146263,0.38135,-1.341647,0.26662,-2.681602,0.114023,-3.812922,-0.021819,-4.419537,-0.148026,-4.430358,-0.244503,-3.957736,-0.251018,-3.094822,-0.181996,-1.96909,-0.094589,-0.760436,-0.02733,0.361462,0.032513,1.254627,0.080838,1.878948,0.125722,2.265181,0.147915,2.421031,0.159851,2.354204,0.163258,2.122667,0.170911,1.795212,0.195244,1.38531,0.218765,1.020365,0.20768,0.799986,0.13693,0.760492,0.025372,0.864447,-0.087324,1.031343,-0.16726,1.183398,-0.191856,1.28282,-0.177234,1.311888,-0.143986,1.273767,-0.101712,1.177206,-0.055012,1.033454,-0.025817,0.847107,-0.029528,0.63109,-0.060484,0.392239,-0.088959,0.162316,-0.097924,-0.046418,-0.091411,-0.217144,-0.074497,-0.328271,-0.047497,-0.35865,-0.020089,-0.325459,0.004231,-0.249831,0.019484,-0.155831,0.030405,-0.071491
3,-0.020516,0.058196,0.013348,0.052598,0.052262,0.032809,0.08128,0.007047,0.093969,-0.013355,0.082644,-0.022209,0.057899,-0.024502,0.026902,-0.020136,0.002471,-0.007108,-0.019194,0.011644,-0.034673,0.028547,-0.038989,0.029413,-0.037402,0.017992,-0.028169,0.005257,-0.011357,-0.003997,0.009717,-0.011737,0.03029,-0.018058,0.04356,-0.014999,0.044287,-0.0012,0.048251,0.019315,0.044327,0.028259,0.031163,0.018046,0.012393,-0.001259,-0.003074,-0.018606,-0.007879,-0.013924,-0.005376,0.008479,-0.009646,0.036493,-0.02192,0.062489,-0.03791,0.085596,-0.046667,0.104066,-0.040113,0.11512,-0.03144,0.110967,-0.029693,0.094839,-0.025025,0.065396,-0.017426,0.022622,-0.004937,-0.020065,0.013897,-0.064511,0.033786,-0.116547,0.04813,-0.207225,0.052988,-0.336224,0.02024,-0.517633,-0.027299,-1.042111,-0.113302,-1.819428,-0.048781,-3.454891,0.03279,-4.678037,-0.002902,-5.031771,-0.008088,-4.584507,-0.017015,-3.625657,-0.021104,-2.458285,-0.029933,-1.103544,-0.008812,0.288284,0.026894,1.548765,0.047478,2.589029,0.04934,3.345914,0.029693,3.750739,-0.00248,3.792851,-0.000355,3.524313,0.037272,3.036011,0.122954,2.423589,0.239242,1.468958,0.213895,0.20991,0.146864,-1.766575,-0.004045,-3.759094,-0.195071,-5.066171,-0.258536,-5.633364,-0.202977,-5.548004,-0.09315,-5.003091,0.004425,-4.069284,0.047805,-2.744108,0.021954,-1.145605,-0.05539,0.535868,-0.112397,1.938514,-0.151844,2.924484,-0.181838,3.502712,-0.203845,3.66663,-0.169558,3.455114,-0.050656,2.982107,0.139474,2.36863,0.33224,1.734556,0.471793,1.214198,0.521147,0.899857,0.459954,0.810642,0.298947,0.897927,0.096775,1.047357,-0.09774,1.170953,-0.245821,1.21664,-0.33266,1.161116,-0.357556,1.023744,-0.333028,0.832264,-0.260122,0.605763,-0.15113,0.359258,-0.030472,0.108948,0.07612,-0.127125,0.150644,-0.299524,0.174137,-0.38065,0.15427,-0.379695,0.10118,-0.332137,0.031414,-0.272775,-0.025979,-0.210763,-0.055753,-0.143226
3,0.034736,0.083693,0.037976,0.060806,0.027406,0.026856,0.011457,-0.005641,-0.007466,-0.02717,-0.02174,-0.029621,-0.026568,-0.015377,-0.020537,0.011293,-0.008816,0.035158,0.00534,0.049539,0.021057,0.050126,0.038827,0.033076,0.047112,0.001612,0.044289,-0.028038,0.034621,-0.056711,0.020186,-0.070994,0.018266,-0.067663,0.026481,-0.044365,0.034236,-0.007757,0.035415,0.036937,0.02766,0.082637,0.009006,0.118442,-0.014054,0.133867,-0.025931,0.1316,-0.026031,0.11258,-0.026269,0.084038,-0.030784,0.061239,-0.039964,0.050366,-0.042407,0.047974,-0.036724,0.047429,-0.026241,0.046875,-0.012418,0.045809,-0.001426,0.048562,0.012926,0.055559,0.034857,0.061063,0.051953,0.05949,0.055089,0.037558,0.040565,0.011517,0.028412,-0.016902,0.018697,-0.045356,0.01362,-0.102416,0.014984,-0.184288,0.008698,-0.264269,-0.037996,-0.385278,-0.109624,-1.317524,-0.171812,-3.616666,-0.187004,-5.166947,-0.174616,-6.016196,-0.129994,-5.493641,-0.061981,-4.176031,0.062625,-2.668342,0.140678,-1.032107,0.099818,0.670755,0.039227,2.124492,0.018491,3.187825,0.028753,3.834547,0.015161,4.029938,0.063891,3.757099,0.167213,3.126239,0.30818,2.292779,0.437563,1.412835,0.493634,0.285947,0.341649,-1.141844,0.110895,-2.698185,-0.094746,-4.078609,-0.263125,-4.698256,-0.36617,-4.674581,-0.403941,-4.260936,-0.386384,-3.425489,-0.305981,-2.092511,-0.236772,-0.587677,-0.185744,0.746727,-0.145476,1.764272,-0.107796,2.467384,-0.060003,2.858621,-0.023786,2.930159,0.050619,2.697231,0.161658,2.247653,0.274798,1.713551,0.368816,1.219397,0.413421,0.849837,0.386378,0.650439,0.301878,0.611783,0.185407,0.685672,0.053165,0.787909,-0.066587,0.853619,-0.157337,0.847559,-0.207825,0.770471,-0.216576,0.648886,-0.190685,0.500988,-0.147579,0.349447,-0.104165,0.209954,-0.071583,0.084233,-0.057316,-0.020757,-0.063875,-0.102689,-0.074329,-0.170926,-0.06917,-0.212375,-0.04496,-0.214478,-0.011122,-0.173947,0.016814,-0.110599
3,-0.005408,-0.044776,-0.031192,-0.036834,-0.048845,-0.029329,-0.0494,-0.01601,-0.052323,-0.005075,-0.049502,0.000636,-0.03529,0.010229,-0.019617,0.015577,-0.017199,0.010843,-0.014731,-0.003433,0.00728,-0.016597,0.025376,-0.015943,0.031067,-0.013991,0.021545,-0.014085,0.005801,-0.009943,-0.012386,0.001318,-0.037266,0.015849,-0.047404,0.029046,-0.032319,0.040591,-0.011944,0.050805,0.001895,0.052373,0.016213,0.050119,0.026167,0.053545,0.029851,0.063589,0.028171,0.084532,0.021119,0.118737,0.00501,0.15379,-0.011958,0.175021,-0.019347,0.182062,-0.011453,0.17929,0.012787,0.171061,0.041479,0.161951,0.059786,0.146032,0.076684,0.124896,0.090839,0.095674,0.103253,0.062561,0.101548,0.021914,0.075082,-0.028089,0.032484,-0.091482,-0.022307,-0.167803,-0.071816,-0.250243,-0.131398,-0.33845,-0.194475,-0.454496,-0.272674,-0.605817,-0.349248,-1.2169,-0.445355,-2.080033,-0.255251,-3.794193,-0.018054,-5.074816,0.057158,-5.2339,0.119189,-4.726213,0.155987,-3.771208,0.1702,-2.540147,0.151361,-1.134045,0.111138,0.387119,0.07524,1.784735,0.051467,2.887825,0.052786,3.655005,0.062022,4.057859,0.061721,4.103059,0.097361,3.830086,0.17947,3.306406,0.30855,2.473916,0.413469,1.335658,0.496343,-0.435051,0.419928,-2.119828,0.195331,-3.408713,-0.021273,-4.237465,-0.173465,-4.618599,-0.288044,-4.609055,-0.380974,-4.226666,-0.460089,-3.446335,-0.477458,-2.339198,-0.426244,-0.978247,-0.309801,0.517021,-0.154649,1.84416,-0.033659,2.84298,0.037401,3.490787,0.070908,3.796991,0.109191,3.72928,0.203328,3.331526,0.33944,2.701447,0.469491,1.981296,0.545184,1.304736,0.551795,0.77985,0.466009,0.469691,0.295355,0.368064,0.07724,0.407321,-0.126898,0.49766,-0.272851,0.555811,-0.348668,0.532699,-0.35921,0.414709,-0.330082,0.232366,-0.279932,0.036984,-0.218928,-0.127898,-0.161604,-0.238287,-0.125754,-0.296325,-0.104536,-0.317349,-0.082954,-0.311178,-0.060738,-0.286329,-0.033382,-0.245098
3,0.550239,-0.26401,0.429734,-0.302447,0.335136,-0.360048,0.235859,-0.434796,0.117371,-0.494911,-0.024127,-0.521727,-0.160519,-0.513777,-0.24068,-0.480137,-0.237605,-0.420831,-0.146559,-0.347347,0.016683,-0.262746,0.208051,-0.17938,0.368845,-0.111223,0.458491,-0.061819,0.465069,-0.02348,0.404693,0.004699,0.284919,0.01297,0.141741,0.008115,-0.000832,0.001254,-0.123137,-0.002641,-0.19818,0.017783,-0.192144,0.054891,-0.131414,0.084288,-0.039571,0.088698,0.054029,0.067732,0.132376,0.040855,0.193224,0.030246,0.222545,0.047223,0.212466,0.084868,0.163199,0.144173,0.092424,0.204386,0.023715,0.259844,-0.013539,0.297312,-0.015006,0.311706,0.008556,0.293107,0.049459,0.251667,0.100732,0.173468,0.145983,0.05945,0.174509,-0.105714,0.174055,-0.510364,0.133157,-1.297975,0.043876,-2.371281,-0.095943,-3.587656,-0.266294,-4.679586,-0.436558,-5.526843,-0.661639,-5.919565,-0.950159,-5.659887,-1.196048,-4.837903,-1.280974,-3.705112,-1.168444,-2.367931,-0.849792,-0.798656,-0.357215,0.702851,0.177824,1.902069,0.633785,2.744782,0.95895,3.274923,1.15922,3.505482,1.264267,3.504988,1.302059,3.356884,1.295608,3.055827,1.227584,2.530791,1.090004,1.789674,0.875707,0.868663,0.620877,-0.18474,0.337389,-1.30648,0.036436,-2.386542,-0.274943,-3.333101,-0.579195,-4.062741,-0.859067,-4.525229,-1.080813,-4.676548,-1.151479,-4.447396,-1.04324,-3.856627,-0.806067,-2.982967,-0.498327,-1.919772,-0.17405,-0.769162,0.12942,0.359861,0.381727,1.35453,0.559657,2.161247,0.665054,2.763932,0.721229,3.142998,0.760602,3.284839,0.820602,3.199278,0.888925,2.930253,0.933441,2.532502,0.929438,2.059293,0.866462,1.591659,0.741442,1.207818,0.559998,0.933472,0.34636,0.768556,0.147109,0.674855,-0.014029,0.582943,-0.126877,0.449445,-0.192294,0.286979,-0.230876,0.132533,-0.247311,0.002552,-0.243267,-0.105426,-0.211995,-0.188244,-0.16206,-0.243014,-0.129045,-0.272462,-0.130453,-0.275507,-0.144046,-0.260734
3,-0.022913,0.103845,-0.060945,0.091428,-0.084109,0.083708,-0.083203,0.083374,-0.068666,0.092495,-0.043068,0.114839,-0.016007,0.13914,0.010665,0.161361,0.030119,0.172998,0.029598,0.175257,0.013156,0.167433,-0.002459,0.159437,-0.001536,0.159246,0.015549,0.176698,0.03455,0.216533,0.049115,0.261492,0.055898,0.298116,0.054027,0.31035,0.049485,0.297113,0.044744,0.276343,0.027746,0.253478,0.009214,0.228732,-0.006509,0.213224,-0.011291,0.20438,-0.010171,0.198761,0.00064,0.198941,0.02083,0.202826,0.050832,0.201677,0.092648,0.188693,0.136786,0.164545,0.165607,0.138843,0.175521,0.110062,0.170267,0.080684,0.161907,0.039813,0.146619,-0.032373,0.113341,-0.146746,0.048465,-0.322178,-0.050133,-0.598226,-0.216003,-1.223156,-0.501583,-2.230134,-0.861331,-3.841493,-1.27406,-5.059149,-1.640498,-5.61615,-1.869569,-5.512769,-2.014344,-4.914872,-2.032295,-4.069807,-1.843667,-3.055167,-1.374876,-1.770165,-0.634822,-0.191573,0.200801,1.434001,0.88223,2.880718,1.314248,3.960167,1.539943,4.585261,1.621127,4.813902,1.611859,4.72522,1.558972,4.385363,1.457816,3.830904,1.285723,3.062657,1.040221,2.137882,0.709285,1.119225,0.288658,0.062999,-0.18425,-1.024374,-0.628855,-2.083601,-0.998299,-3.056958,-1.324851,-3.901768,-1.672588,-4.540348,-2.031458,-4.855897,-2.30233,-4.807066,-2.387148,-4.444447,-2.191159,-3.818703,-1.700702,-2.934117,-1.015035,-1.892649,-0.282533,-0.790037,0.36921,0.306191,0.841012,1.277017,1.109522,2.079785,1.25959,2.73245,1.359486,3.195328,1.43582,3.425797,1.485785,3.437246,1.500155,3.304371,1.475057,3.056793,1.399212,2.679162,1.242127,2.208494,1.01493,1.733958,0.738973,1.327282,0.437657,1.020803,0.141826,0.813083,-0.107784,0.673936,-0.28282,0.552644,-0.36792,0.42782,-0.361142,0.306329,-0.295519,0.196971,-0.200879,0.097144,-0.099968,0.007544,-0.021629,-0.063782,0.021526,-0.108868,0.032166,-0.120029,0.013749,-0.100456,-0.022746,-0.073363
3,0.058862,0.062426,0.005754,0.127812,-0.053386,0.181607,-0.100222,0.205054,-0.116928,0.186067,-0.107899,0.142211,-0.085147,0.091719,-0.051605,0.05399,-0.015333,0.036502,0.015901,0.034497,0.039566,0.041977,0.049216,0.059352,0.041586,0.077579,0.025029,0.085925,0.00466,0.083158,-0.008717,0.077615,-0.021323,0.075181,-0.024078,0.068195,-0.021891,0.054534,-0.0133,0.044796,0.000139,0.041559,0.019531,0.035809,0.036324,0.032888,0.047615,0.038945,0.049304,0.050577,0.044813,0.063675,0.035941,0.076738,0.025347,0.08694,0.009401,0.088606,0.003674,0.060428,0.023011,-0.00445,0.078053,-0.099526,0.170813,-0.216241,0.335331,-0.484862,0.679658,-1.011136,1.339607,-2.036508,2.146129,-3.09368,2.865703,-4.048235,3.307304,-4.772944,3.35691,-5.08576,3.021422,-4.94125,2.399003,-4.375679,1.640795,-3.444886,0.887723,-2.332535,0.177607,-1.118775,-0.464237,0.142925,-0.968713,1.280997,-1.334293,2.161613,-1.574236,2.773158,-1.668759,3.133871,-1.642669,3.335866,-1.580969,3.505714,-1.532581,3.681657,-1.506696,3.76676,-1.429878,3.638986,-1.225257,3.267392,-0.912417,2.593338,-0.487885,1.606819,0.019478,0.43015,0.539502,-0.801511,0.996735,-1.988724,1.400338,-3.062108,1.816195,-3.952969,2.334111,-4.559389,2.874366,-4.879117,3.149071,-4.856623,2.994483,-4.401498,2.468318,-3.633603,1.741803,-2.741361,0.942224,-1.840157,0.164305,-0.971817,-0.48885,-0.170779,-0.950424,0.501137,-1.259001,1.03308,-1.469462,1.458627,-1.551167,1.790404,-1.482607,2.01678,-1.303767,2.155719,-1.067257,2.231462,-0.81267,2.249718,-0.577971,2.221496,-0.39677,2.145963,-0.278195,2.03018,-0.211244,1.886406,-0.197699,1.736348,-0.244923,1.563843,-0.316308,1.342574,-0.388438,1.07469,-0.438381,0.79038,-0.432284,0.540381,-0.368905,0.35732,-0.269251,0.238291,-0.17209,0.161709,-0.118105,0.137824,-0.111926,0.142132,-0.130724,0.145552,-0.14675,0.139942,-0.135581,0.117502,-0.084537,0.088804,-0.009544,0.073088
3,0.009708,0.203714,0.054722,0.224786,0.080038,0.215901,0.103451,0.191213,0.12434,0.158421,0.140188,0.121214,0.145012,0.088131,0.136407,0.070312,0.109927,0.067405,0.063122,0.084141,0.001574,0.108816,-0.065101,0.116132,-0.105095,0.097224,-0.102871,0.073008,-0.072706,0.066602,-0.035364,0.089254,0.003117,0.131204,0.035125,0.186174,0.055672,0.23664,0.060618,0.26494,0.056625,0.266705,0.044363,0.250453,0.027005,0.248074,0.000203,0.247397,-0.020246,0.234813,-0.026755,0.222962,-0.011923,0.216,0.018191,0.203166,0.046507,0.173372,0.060419,0.123417,0.060491,0.068336,0.06249,0.005438,0.092379,-0.05993,0.144235,-0.143048,0.186976,-0.257642,0.166367,-0.415314,0.048595,-0.628261,-0.228988,-1.116587,-0.706707,-1.956249,-1.242459,-3.198123,-1.700399,-4.233496,-1.934746,-4.808701,-1.852414,-4.832644,-1.559176,-4.406041,-1.248503,-3.730974,-1.018092,-2.975385,-0.837895,-2.116722,-0.588241,-1.035703,-0.214848,0.188919,0.200189,1.377522,0.548298,2.411145,0.798182,3.191216,0.985041,3.683004,1.15284,3.935956,1.281661,3.998921,1.341032,3.82684,1.337997,3.366717,1.260238,2.614017,1.059337,1.59857,0.703435,0.442672,0.257908,-0.715611,-0.181899,-1.768629,-0.570437,-2.697936,-0.980149,-3.489734,-1.501909,-4.101571,-2.131827,-4.535156,-2.699141,-4.71315,-2.956952,-4.559393,-2.798942,-4.073347,-2.282297,-3.322465,-1.541219,-2.455346,-0.707037,-1.522904,0.10385,-0.548569,0.784395,0.39371,1.23225,1.235452,1.463939,1.957813,1.530191,2.524502,1.478924,2.899915,1.357561,3.068098,1.210458,3.047062,1.062303,2.874782,0.925027,2.594115,0.79614,2.269479,0.682335,1.941294,0.57876,1.62889,0.47332,1.339278,0.351509,1.092308,0.215604,0.903214,0.081839,0.755108,-0.024506,0.617822,-0.095194,0.469563,-0.125287,0.303105,-0.11567,0.129655,-0.07594,-0.022148,-0.020331,-0.141846,0.035816,-0.204886,0.072328,-0.187298,0.081101,-0.1155,0.07225,-0.029262,0.068574,0.040997
3,-0.083701,0.224345,-0.089606,0.220314,-0.083378,0.219465,-0.085721,0.223358,-0.099003,0.239273,-0.121139,0.255459,-0.148456,0.269612,-0.175866,0.283645,-0.185444,0.286033,-0.181226,0.277195,-0.162825,0.25905,-0.132582,0.235395,-0.104269,0.216605,-0.095449,0.214512,-0.121349,0.241509,-0.166006,0.299486,-0.196797,0.372665,-0.192516,0.44703,-0.15887,0.501724,-0.12051,0.529975,-0.082918,0.535475,-0.05802,0.519308,-0.056536,0.502174,-0.096961,0.503822,-0.175045,0.532812,-0.268728,0.590199,-0.348672,0.650819,-0.386373,0.673708,-0.358281,0.632512,-0.268305,0.527823,-0.13807,0.371819,0.01641,0.168562,0.203099,-0.103051,0.488635,-0.516286,0.870626,-1.195198,1.366035,-2.355294,1.711318,-3.47098,1.931091,-4.555015,2.046118,-5.37951,2.082545,-5.67133,2.100257,-5.481153,2.025452,-5.013136,1.780467,-4.289338,1.361114,-3.241818,0.783211,-1.925681,0.132266,-0.458346,-0.487569,0.969116,-1.009816,2.085551,-1.411733,2.892771,-1.663672,3.469203,-1.745707,3.839395,-1.715665,4.039271,-1.606913,4.07006,-1.413211,3.919531,-1.125836,3.604686,-0.794426,3.138734,-0.461565,2.518041,-0.123186,1.718666,0.212901,0.781958,0.551098,-0.168495,0.880213,-1.106117,1.227488,-2.04409,1.616168,-2.972944,2.038722,-3.811898,2.403714,-4.453479,2.588919,-4.743226,2.562488,-4.668684,2.34544,-4.339698,1.96295,-3.835513,1.44091,-3.096701,0.834127,-2.06992,0.259845,-0.928856,-0.216827,0.124703,-0.55808,0.983227,-0.789473,1.619589,-0.928784,2.066233,-0.974978,2.319674,-0.916149,2.409499,-0.760782,2.396242,-0.562363,2.328051,-0.400675,2.225126,-0.302816,2.076399,-0.248959,1.864788,-0.227567,1.627852,-0.228835,1.399173,-0.265495,1.185418,-0.321196,0.988348,-0.381139,0.816631,-0.413684,0.659042,-0.397048,0.529484,-0.330478,0.432577,-0.243181,0.368061,-0.146321,0.322087,-0.054246,0.263547,0.006851,0.187305,0.008338,0.117106,-0.040231,0.081348,-0.099365,0.099415,-0.151381,0.157471,-0.183947,0.218802
3,-0.076041,0.139554,-0.041919,0.131088,-0.021204,0.112788,-0.010889,0.097045,-0.003251,0.097303,0.009002,0.1074,0.029074,0.113402,0.042261,0.109051,0.046218,0.098197,0.049621,0.085291,0.059165,0.075269,0.066383,0.060372,0.073084,0.04783,0.071758,0.042763,0.053116,0.042979,0.018241,0.043765,-0.026404,0.044716,-0.070509,0.043391,-0.099826,0.030866,-0.107401,0.00429,-0.089472,-0.016515,-0.054082,-0.019695,-0.010816,-0.003941,0.026748,0.015396,0.048821,0.03413,0.060022,0.053339,0.05927,0.08201,0.050331,0.131264,0.021699,0.208233,-0.018069,0.298736,-0.043258,0.38674,-0.041134,0.461583,-0.025402,0.515695,0.003877,0.530518,0.042084,0.508331,0.076734,0.444441,0.0997,0.333964,0.113622,0.169467,0.099967,-0.047847,0.01933,-0.470337,-0.216245,-1.336585,-0.647311,-2.995735,-1.233707,-4.458664,-1.905532,-5.524536,-2.439559,-5.967822,-2.7026,-5.746288,-2.648493,-5.094492,-2.318859,-4.125582,-1.723387,-2.797567,-0.835783,-1.387472,0.052744,0.15523,0.80568,1.636427,1.251798,2.838536,1.480343,3.637826,1.587845,4.086996,1.617655,4.234142,1.598778,4.106723,1.534697,3.756206,1.436395,3.255465,1.261644,2.62525,0.977017,1.81798,0.586683,0.797009,0.137836,-0.366375,-0.303134,-1.540183,-0.698823,-2.6367,-1.077694,-3.600017,-1.466416,-4.311378,-1.816792,-4.625903,-1.998285,-4.403853,-1.902551,-3.652584,-1.529524,-2.550792,-0.983659,-1.33477,-0.39277,-0.176965,0.163167,0.841783,0.630671,1.698984,0.963432,2.394635,1.139859,2.880683,1.207132,3.065586,1.219403,2.952498,1.187587,2.645045,1.110944,2.248685,0.989946,1.843423,0.827774,1.484929,0.61798,1.214106,0.362121,1.027279,0.099619,0.886017,-0.140407,0.759988,-0.331234,0.634806,-0.447829,0.477563,-0.506322,0.297533,-0.486421,0.123216,-0.385921,-0.034166,-0.217567,-0.15559,-0.027819,-0.229618,0.115741,-0.243501,0.173031,-0.211687,0.143767,-0.167024,0.052695,-0.130502,-0.059231,-0.105714,-0.148593,-0.079567
3,-0.008738,0.213346,-0.023277,0.229178,-0.026195,0.246108,-0.016289,0.258078,0.006485,0.259426,0.031007,0.238574,0.05262,0.209866,0.063214,0.182007,0.061119,0.162348,0.050363,0.149297,0.033157,0.152204,0.014145,0.168256,-0.005607,0.191413,-0.019661,0.196547,-0.016543,0.171516,-0.002672,0.135749,0.007361,0.104847,0.013846,0.076437,0.032066,0.055239,0.056553,0.057911,0.075443,0.082877,0.073991,0.113838,0.058603,0.137317,0.04264,0.146336,0.023405,0.142972,-0.001174,0.143744,-0.026924,0.160666,-0.042202,0.198521,-0.027681,0.251735,0.018737,0.306421,0.07835,0.34665,0.146239,0.358263,0.229931,0.330822,0.32759,0.254789,0.401448,0.150358,0.415675,0.033149,0.352691,-0.152172,0.172445,-0.768055,-0.131704,-2.005277,-0.572754,-3.30591,-1.014724,-4.65046,-1.394793,-5.725566,-1.652197,-6.223349,-1.759842,-5.911791,-1.702921,-4.98865,-1.506606,-3.643562,-1.119969,-1.945015,-0.574218,-0.190596,-0.047164,1.368134,0.348944,2.595588,0.602374,3.460023,0.774188,3.977332,0.913169,4.204338,1.024417,4.229249,1.105609,4.093044,1.129797,3.798388,1.078348,3.437219,0.939672,3.036783,0.742213,2.538487,0.538601,1.85167,0.39152,0.937783,0.359152,-0.133202,0.454335,-1.298375,0.673669,-2.505101,0.978156,-3.688143,1.279553,-4.683006,1.54397,-5.366776,1.663965,-5.622617,1.547134,-5.311608,1.235163,-4.41701,0.755518,-3.056476,0.162798,-1.441705,-0.374884,0.066383,-0.76629,1.158092,-0.998743,1.810185,-1.097722,2.182575,-1.061742,2.342655,-0.902617,2.296809,-0.66681,2.119402,-0.39194,1.946302,-0.134354,1.843281,0.049081,1.795488,0.128111,1.71573,0.161129,1.567935,0.143161,1.408015,0.06263,1.260108,-0.062615,1.108797,-0.188218,0.939043,-0.286135,0.754883,-0.329168,0.588727,-0.304615,0.481783,-0.249292,0.431822,-0.191512,0.391487,-0.129873,0.297892,-0.064294,0.142908,-0.009365,-0.01149,0.030112,-0.116314,0.048489,-0.159307,0.054702,-0.16125,0.056125,-0.140303
3,-0.00942,0.254051,-0.000713,0.215383,0.008582,0.178726,0.016757,0.145768,0.027161,0.126632,0.030419,0.12667,0.02787,0.146536,0.014555,0.174406,0.000225,0.2026,-0.011701,0.224408,-0.021068,0.229747,-0.020941,0.219658,-0.010688,0.202885,0.005503,0.194209,0.016553,0.200657,0.019242,0.208743,0.030662,0.209471,0.043477,0.200784,0.052986,0.185344,0.056334,0.168565,0.052232,0.159829,0.037913,0.171214,0.024076,0.201434,0.022518,0.238807,0.043024,0.251145,0.080211,0.211201,0.123215,0.112502,0.149875,-0.034435,0.143776,-0.230572,0.129765,-0.512015,0.110572,-1.187118,-0.017679,-2.395402,-0.259168,-4.230802,-0.675349,-5.657274,-1.148262,-6.090902,-1.415713,-5.657629,-1.499581,-4.736287,-1.441239,-3.456007,-1.192019,-1.829726,-0.702621,-0.109324,-0.100255,1.404975,0.416746,2.571218,0.739949,3.406443,0.868425,3.950146,0.869849,4.216877,0.812527,4.286698,0.739068,4.199245,0.688385,3.965035,0.65843,3.604593,0.600783,3.155912,0.475324,2.57452,0.289819,1.76974,0.090442,0.729773,-0.05681,-0.434045,-0.141735,-1.574843,-0.175406,-2.616644,-0.182192,-3.551376,-0.160704,-4.361001,-0.093191,-5.075944,0.019712,-5.665741,0.110708,-5.87615,0.131498,-5.390487,0.098813,-4.214113,-0.015353,-2.562003,-0.260239,-0.680728,-0.53995,1.122524,-0.757432,2.521532,-0.835373,3.413671,-0.784557,3.853029,-0.619621,3.894168,-0.360477,3.628086,-0.049297,3.163408,0.253737,2.626454,0.463741,2.151146,0.544265,1.785547,0.504603,1.518675,0.369582,1.291244,0.185466,1.061259,0.009025,0.826768,-0.130247,0.601842,-0.206989,0.37998,-0.213299,0.174709,-0.166461,0.004276,-0.100297,-0.134354,-0.037023,-0.275539,0.016097,-0.413642,0.067179,-0.491741,0.119255,-0.52835,0.166761,-0.53452,0.192823,-0.512587,0.174499,-0.461716,0.119728,-0.385326,0.040403,-0.305193,-0.035255,-0.228031,-0.094097,-0.150986,-0.119335,-0.081377,-0.108145,-0.027947,-0.084531,0.010689,-0.037913,0.036803,0.045368,0.052057
3,-0.039728,0.073481,-0.053011,0.077322,-0.039446,0.082236,-0.001228,0.084495,0.041672,0.087705,0.067211,0.088174,0.065295,0.085408,0.04508,0.084542,0.016501,0.097093,-0.011344,0.123795,-0.034126,0.152421,-0.044468,0.162109,-0.04499,0.140247,-0.032673,0.098015,-0.009821,0.050456,0.010263,0.012547,0.018251,-0.00969,0.012687,-0.013624,-0.012152,-0.007572,-0.048963,0.003051,-0.082407,0.013834,-0.100636,0.031262,-0.088783,0.045505,-0.051811,0.047017,-0.001691,0.040349,0.050194,0.032076,0.088356,0.029931,0.098896,0.035748,0.081397,0.051854,0.04319,0.072819,-0.002168,0.088156,-0.04115,0.095032,-0.056786,0.09845,-0.052416,0.098279,-0.038848,0.08771,-0.027036,0.07875,-0.011708,0.089793,0.007163,0.120876,0.0291,0.154431,0.061571,0.166076,0.107416,0.142552,0.158753,0.103556,0.167232,0.04145,0.13157,-0.668978,-0.027714,-2.178672,-0.093605,-4.359055,0.004616,-6.193753,-0.022346,-6.878907,-0.121517,-6.543133,-0.22619,-5.504763,-0.315011,-4.106032,-0.360464,-2.412548,-0.363793,-0.44376,-0.345797,1.503999,-0.311566,3.107591,-0.235008,4.199139,-0.09736,4.754408,0.092932,4.816613,0.323121,4.431835,0.520832,3.723855,0.657888,2.83708,0.706724,1.853943,0.636859,0.795435,0.480751,-0.244915,0.304449,-1.293969,0.18189,-2.305517,0.122549,-3.180635,0.08571,-3.786897,0.033971,-4.031069,-0.035809,-3.936828,-0.10884,-3.488328,-0.14098,-2.64046,-0.123817,-1.425987,-0.097392,-0.085531,-0.059751,1.102836,-0.023706,2.057718,0.015993,2.791233,0.07911,3.242981,0.158826,3.39582,0.250975,3.337753,0.35404,3.140646,0.432541,2.830193,0.460286,2.436098,0.422013,2.018774,0.322668,1.633042,0.19271,1.31266,0.051724,1.065089,-0.083993,0.876625,-0.190773,0.722744,-0.249019,0.581005,-0.251268,0.434395,-0.201892,0.278764,-0.113012,0.128112,-0.003509,0.013425,0.097993,-0.06384,0.156862,-0.113891,0.15417,-0.160941,0.116353,-0.195686,0.062504,-0.210834,0.00778,-0.211255
3,0.028838,0.007799,0.014231,0.010383,0.010239,0.003091,0.010783,-0.010922,-0.001254,-0.080344,0.034234,-0.097574,0.065502,-0.090075,0.070537,-0.046229,0.057386,-0.001235,0.036894,0.044839,0.015975,0.087756,-0.000262,0.121773,-0.012376,0.150002,-0.022315,0.171037,-0.028226,0.193799,-0.022907,0.21407,-0.009138,0.229237,0.007712,0.233006,0.021902,0.226611,0.031153,0.203265,0.048487,0.142404,0.059801,0.037467,0.067834,-0.115321,0.069306,-0.329516,0.065071,-0.669525,0.043284,-1.21564,-0.004701,-1.948265,-0.113722,-2.76,-0.254335,-3.597108,-0.334154,-4.488397,-0.30839,-5.31823,-0.232596,-5.805933,-0.192807,-5.735772,-0.189211,-5.101146,-0.162964,-4.096899,-0.098497,-2.806214,0.010044,-1.36521,0.122931,0.034369,0.170559,1.218584,0.130274,2.116669,0.060248,2.750799,0.038854,3.139379,0.063523,3.327804,0.10436,3.396437,0.141363,3.400792,0.177174,3.355075,0.204636,3.233153,0.220211,2.999022,0.215217,2.665599,0.19914,2.254318,0.184053,1.793229,0.163976,1.333771,0.133943,0.905327,0.093358,0.48938,0.04357,0.061374,-0.021553,-0.40596,-0.080417,-0.886613,-0.102604,-1.367301,-0.066953,-1.876047,0.003136,-2.444879,0.078922,-3.08437,0.147186,-3.756845,0.174741,-4.420497,0.129915,-5.015492,-0.016455,-5.410513,-0.262045,-5.401058,-0.525493,-4.94572,-0.700029,-4.166521,-0.735824,-3.181477,-0.661485,-2.08669,-0.495232,-1.022804,-0.285455,-0.065602,-0.08565,0.805644,0.081454,1.582038,0.219997,2.225609,0.335863,2.684816,0.435247,2.928077,0.509987,2.965286,0.553614,2.855187,0.556839,2.67236,0.526304,2.477075,0.465422,2.294317,0.384394,2.138062,0.293704,1.998112,0.200828,1.859016,0.117579,1.701457,0.05592,1.515902,0.001056,1.29362,-0.055538,1.03158,-0.110321,0.737882,-0.140799,0.458973,-0.122393,0.241346,-0.05792,0.102784,0.029679,0.034159,0.113818,0.00823,0.160323,0.005868,0.149019,0.001787,0.081692,-0.017147,-0.013532,-0.044676,-0.100718,-0.084794
3,0.080192,0.312598,0.106287,0.311726,0.120643,0.29322,0.126354,0.267105,0.119751,0.237146,0.096216,0.213512,0.054218,0.190736,0.010287,0.165608,-0.022635,0.14622,-0.026392,0.125317,-0.006874,0.09142,0.026559,0.026116,0.06783,-0.081068,0.112719,-0.238212,0.18163,-0.502771,0.256989,-0.925661,0.309648,-1.513697,0.322676,-2.219297,0.309774,-2.984892,0.270279,-3.740057,0.239688,-4.400512,0.222212,-4.88369,0.204059,-5.08789,0.178914,-5.006465,0.13183,-4.646676,0.046486,-4.011699,-0.060758,-3.203433,-0.159374,-2.327442,-0.238528,-1.40447,-0.285485,-0.4374,-0.290816,0.552816,-0.263522,1.522852,-0.216174,2.419918,-0.153798,3.185913,-0.078589,3.766551,0.003711,4.155015,0.085743,4.377788,0.1617,4.445764,0.214584,4.381279,0.231988,4.226674,0.205887,4.003556,0.149991,3.725205,0.075866,3.402861,5.2e-05,3.027189,-0.067758,2.592598,-0.132821,2.101655,-0.177872,1.543939,-0.189134,0.945105,-0.156453,0.337057,-0.117178,-0.258969,-0.098892,-0.847673,-0.101982,-1.404933,-0.092604,-1.913509,-0.058212,-2.376759,0.000925,-2.837344,0.093911,-3.333743,0.216047,-3.845747,0.35171,-4.286534,0.464496,-4.590347,0.503529,-4.696275,0.462494,-4.602478,0.377188,-4.355468,0.292582,-4.025022,0.219844,-3.605525,0.162826,-3.101631,0.126255,-2.555459,0.100429,-1.938212,0.091691,-1.255852,0.098458,-0.589959,0.086791,0.022677,0.028637,0.631225,-0.047512,1.273351,-0.109522,1.916628,-0.134315,2.480707,-0.12016,2.908803,-0.085826,3.202225,-0.042673,3.383945,0.005948,3.444038,0.059504,3.360268,0.110274,3.117964,0.146269,2.731922,0.152306,2.258775,0.117677,1.771461,0.052235,1.33923,-0.022385,1.004348,-0.078704,0.777586,-0.10821,0.661949,-0.098573,0.620286,-0.035994,0.585765,0.056141,0.50797,0.151531,0.375705,0.214325,0.213116,0.218251,0.054458,0.168312,-0.072455,0.09624,-0.169887,0.0243,-0.252261,-0.034628,-0.309353,-0.072365,-0.321928,-0.083501,-0.27527,-0.070352,-0.186698
3,-0.045251,-0.007531,-0.035161,-0.001262,-0.015991,-0.0005,0.0054,-0.000533,0.033461,0.007634,0.069463,0.02193,0.093339,0.040239,0.093859,0.046519,0.077547,0.050136,0.049862,0.049572,0.014726,0.048402,-0.016945,0.044386,-0.039467,0.03375,-0.047929,0.021197,-0.041848,0.013196,-0.024702,0.012647,-0.013247,0.015859,-0.012188,0.015958,-0.007951,0.016355,-0.000436,0.015993,0.012172,0.018253,0.022621,0.032072,0.031121,0.055318,0.033812,0.083368,0.030169,0.110809,0.027061,0.132949,0.021504,0.147374,0.012452,0.152938,0.00389,0.153206,0.006457,0.148108,0.022389,0.137838,0.044004,0.113105,0.05571,0.056441,0.054901,-0.062271,0.05792,-0.303524,0.082295,-0.757655,0.119067,-1.458467,0.107485,-2.309386,0.036142,-3.194063,-0.06581,-4.009362,-0.115488,-4.73387,-0.082426,-5.282389,-0.042712,-5.381383,-0.081009,-4.88036,-0.158106,-3.960639,-0.220967,-2.845529,-0.232598,-1.688844,-0.193449,-0.593641,-0.143105,0.386868,-0.128201,1.224618,-0.148179,1.904265,-0.170967,2.40081,-0.172044,2.698442,-0.141546,2.812084,-0.086209,2.78077,-0.015433,2.675312,0.064331,2.558861,0.133828,2.465374,0.169739,2.385838,0.175726,2.312474,0.156138,2.236136,0.113902,2.143081,0.063006,2.008334,0.020118,1.812947,-0.003085,1.554334,-0.008958,1.207527,0.003309,0.774725,0.040935,0.300516,0.089943,-0.156565,0.139075,-0.593371,0.180067,-1.03852,0.225154,-1.552753,0.287614,-2.170233,0.352877,-2.876297,0.436821,-3.647943,0.50703,-4.458362,0.502816,-5.153327,0.36445,-5.463266,0.130426,-5.241429,-0.113405,-4.620953,-0.303016,-3.831329,-0.434293,-2.923261,-0.502065,-1.908895,-0.479626,-0.953124,-0.37651,-0.248446,-0.225087,0.183758,-0.064375,0.436035,0.079575,0.560242,0.184126,0.563757,0.222055,0.50295,0.199026,0.434146,0.157095,0.388808,0.117543,0.358481,0.088814,0.325667,0.053259,0.284927,0.01139,0.243832,-0.031767,0.204899,-0.068589,0.165391,-0.086556,0.129193,-0.085562,0.09517
3,0.027335,0.049647,-0.040232,0.041092,-0.089038,0.025744,-0.107559,0.006834,-0.093972,-0.012271,-0.06347,-0.017969,-0.02764,-0.001661,0.002867,0.03558,0.025888,0.082827,0.042058,0.124032,0.047036,0.15982,0.038426,0.182459,0.019125,0.185816,0.001459,0.162649,-0.016686,0.119213,-0.033234,0.068465,-0.042648,0.032263,-0.045593,0.018017,-0.033224,0.033066,-0.00209,0.062899,0.046207,0.091424,0.097969,0.097831,0.134166,0.07992,0.138746,0.045885,0.107081,0.009392,0.053811,-0.025814,-0.00979,-0.065087,-0.060526,-0.125621,-0.072652,-0.228523,-0.033374,-0.596761,0.022586,-1.376383,0.056115,-2.244758,0.107818,-3.104984,0.129592,-3.768009,0.14307,-4.248412,0.135768,-4.477576,0.053162,-4.379462,-0.104268,-3.938865,-0.274539,-3.246492,-0.399214,-2.437184,-0.452814,-1.631843,-0.437812,-0.93126,-0.371129,-0.384414,-0.26632,0.080637,-0.146439,0.566455,-0.042355,1.104697,0.045708,1.668129,0.130953,2.235072,0.212015,2.768846,0.274688,3.257868,0.310916,3.699518,0.308138,4.068888,0.262725,4.294657,0.192126,4.281077,0.108845,3.995228,0.031209,3.502653,-0.037758,2.886749,-0.089709,2.215831,-0.104462,1.559845,-0.054826,0.981917,0.042743,0.466606,0.145699,-0.089354,0.222144,-0.766831,0.262193,-1.549283,0.288198,-2.385014,0.323563,-3.238805,0.388118,-4.080428,0.484933,-4.893079,0.564027,-5.670106,0.53603,-6.324339,0.346133,-6.616626,0.062647,-6.359369,-0.215056,-5.618882,-0.451863,-4.572098,-0.649138,-3.305875,0.004796,1.601496,0.069364,1.029948,-0.133415,0.167716,-0.255788,0.678781,-0.076751,0.987826,0.315139,0.657162,0.473776,0.34533,0.379788,0.384041,0.209096,0.592648,0.113211,0.785249,0.105984,0.963052,0.131985,1.096169,0.153023,1.090885,0.144571,0.936056,0.10462,0.70752,0.047792,0.455737,-0.005859,0.205488,-0.068389,0.001637,-0.135479,-0.106587,-0.195103,-0.106739,-0.227141,-0.031339,-0.217196,0.05261,-0.170005,0.094534,-0.106186,0.098084,-0.037334,0.07524
3,-0.064062,-0.044601,-0.037809,-0.026495,-0.001765,-0.002438,0.030163,0.013491,0.050815,0.01904,0.057608,0.016987,0.05145,0.008496,0.033243,0.001204,0.013475,-0.009619,-0.012382,-0.016127,-0.041025,-0.018917,-0.062524,-0.019432,-0.078961,-0.01803,-0.077259,-0.009204,-0.050678,0.01158,-0.007111,0.039811,0.037537,0.061889,0.074991,0.076169,0.09816,0.085711,0.103178,0.087736,0.088589,0.078635,0.063532,0.055719,0.03053,0.022751,-0.006331,-0.013017,-0.040951,-0.03107,-0.066318,-0.028112,-0.081862,-0.013799,-0.083675,0.001875,-0.06968,0.019451,-0.050379,0.031643,-0.033252,0.015339,-0.029213,-0.022912,-0.037127,-0.077564,-0.037577,-0.141703,-0.021882,-0.299192,-0.003538,-0.642405,0.010909,-1.312301,-0.003351,-2.144976,-0.031914,-3.034086,-0.05306,-3.865197,-0.042348,-4.574582,-0.026301,-5.072169,-0.042986,-5.143104,-0.109883,-4.667222,-0.19876,-3.776163,-0.250589,-2.660871,-0.239837,-1.434829,-0.189512,-0.202724,-0.102726,0.895608,-0.013711,1.782606,0.041573,2.4639,0.079396,2.935024,0.135847,3.180474,0.21831,3.253919,0.310112,3.255369,0.396188,3.260632,0.44903,3.285497,0.451028,3.299388,0.410377,3.249197,0.32761,3.10246,0.235936,2.835539,0.152339,2.450191,0.088917,1.956395,0.041211,1.374751,0.020123,0.738949,0.024619,0.06873,0.040079,-0.642523,0.048341,-1.398045,0.041088,-2.170675,0.038053,-2.928391,0.07951,-3.653022,0.189455,-4.365114,0.295507,-5.042923,0.293581,-5.562872,0.085791,-5.669006,-0.271611,-5.268568,-0.652243,-4.52295,-0.936654,-3.614899,-1.067341,-2.666026,-1.008557,-1.72365,-0.759142,-0.827678,-0.378404,-0.044042,0.031583,0.564591,0.396226,0.964998,0.665008,1.134164,0.807096,1.105684,0.813159,0.947009,0.668579,0.756705,0.419038,0.617385,0.135382,0.528862,-0.104722,0.458587,-0.269939,0.380419,-0.363884,0.280314,-0.377642,0.170652,-0.321304,0.098105,-0.211382,0.078617,-0.090137,0.08682,0.01547,0.097193,0.096553,0.095524,0.151651,0.078205
3,0.048641,0.267375,0.076641,0.226814,0.08588,0.167493,0.078691,0.115553,0.064472,0.088144,0.044385,0.081227,0.021508,0.095713,0.000882,0.121914,-0.016815,0.153394,-0.028127,0.170098,-0.0216,0.166418,0.005925,0.143244,0.041513,0.111284,0.074518,0.080748,0.094399,0.057467,0.099415,0.047612,0.086786,0.049459,0.054675,0.065884,0.011181,0.083659,-0.036642,0.096982,-0.071291,0.10617,-0.073858,0.118643,-0.050373,0.140621,-0.016069,0.159108,0.019148,0.17027,0.052026,0.174254,0.092207,0.164849,0.141548,0.128024,0.196797,0.039439,0.23236,-0.291749,0.20663,-0.998308,0.137407,-1.962098,0.030882,-3.108969,-0.102072,-4.179895,-0.189328,-5.050612,-0.225651,-5.566911,-0.266499,-5.583558,-0.357008,-5.071097,-0.43991,-4.141586,-0.466395,-2.956824,-0.44577,-1.663885,-0.378845,-0.397902,-0.256552,0.703435,-0.1066,1.591244,0.015443,2.303583,0.105342,2.84151,0.175031,3.1631,0.229552,3.317255,0.270381,3.410837,0.300474,3.503856,0.316694,3.599372,0.315306,3.655216,0.290625,3.655673,0.246016,3.603333,0.193627,3.48553,0.143206,3.270819,0.095631,2.930764,0.04687,2.476127,-0.001573,1.941277,-0.063316,1.371243,-0.149476,0.798482,-0.23583,0.242959,-0.293606,-0.272465,-0.301098,-0.736447,-0.253162,-1.144163,-0.142347,-1.494664,0.003995,-1.813586,0.159812,-2.152411,0.318805,-2.587582,0.446975,-3.158531,0.52033,-3.86486,0.546063,-4.631745,0.510436,-5.316639,0.396534,-5.76227,0.219533,-5.788911,0.002334,-5.406026,-0.223574,-4.771982,-0.415248,-4.013585,-0.514618,-3.196781,-0.475626,-2.349674,-0.308696,-1.546272,-0.085855,-0.855206,0.117321,-0.302167,0.245574,0.135171,0.292803,0.485267,0.283427,0.724765,0.246716,0.822542,0.203811,0.807632,0.151632,0.7283,0.097059,0.609693,0.044994,0.488671,0.003112,0.392329,-0.04761,0.321487,-0.102536,0.280599,-0.153453,0.258494,-0.179558,0.209677,-0.171957,0.105374,-0.131431,-0.036057,-0.077809,-0.15792,-0.034808,-0.221009
3,0.144099,0.091444,0.106218,0.095682,0.06173,0.095404,0.020257,0.096003,-0.013061,0.103915,-0.040102,0.117572,-0.053359,0.141854,-0.045922,0.180567,-0.01628,0.222156,0.026656,0.249305,0.065541,0.247068,0.090672,0.228553,0.103723,0.205147,0.112153,0.192663,0.110036,0.18777,0.095165,0.191015,0.072141,0.202188,0.044754,0.213526,0.019786,0.223295,0.003069,0.22947,-0.006079,0.225333,0.002484,0.209854,0.022784,0.190498,0.047643,0.175506,0.070565,0.160099,0.090576,0.134166,0.112691,0.080257,0.150855,-0.020263,0.20454,-0.160964,0.252349,-0.657605,0.238872,-1.527735,0.24539,-3.03246,0.218597,-4.401761,0.132572,-5.235939,0.054717,-5.521009,-0.055936,-5.199429,-0.185624,-4.431683,-0.29596,-3.399959,-0.36805,-2.190835,-0.372766,-0.866836,-0.028591,2.591456,0.057338,3.359424,0.106953,3.838655,0.137728,4.043034,0.164448,4.033188,0.204172,3.862408,0.251455,3.543627,0.284284,3.075017,0.301512,2.469728,0.293629,1.78255,0.245688,1.015875,0.17403,0.129223,0.100272,-0.844293,0.059028,-1.830462,0.037609,-2.755793,-0.002067,-3.558345,-0.071914,-4.220214,-0.127351,-4.691017,-0.169561,-4.858119,-0.234608,-4.671557,-0.326642,-4.118805,-0.453757,-3.17914,-0.55319,-2.000122,-0.537393,-0.85681,-0.373227,0.080602,-0.131843,0.846295,0.100992,1.538671,0.270964,2.217901,0.378987,2.839625,0.426384,3.342618,0.426644,3.68098,0.383053,3.83741,0.317142,3.796162,0.24906,3.565157,0.201352,3.204694,0.165807,2.791159,0.128223,2.382079,0.082479,1.997161,0.030502,1.662172,-0.004303,1.402336,-0.025236,1.210337,-0.030318,1.018152,-0.022056,0.756196,0.002912,0.423895,0.032428,0.092297,0.051311,-0.185078,0.045053,-0.396926,0.018248,-0.533834,-0.023374,-0.564267,-0.055136,-0.515697,-0.07283,-0.436055,-0.075493,-0.357562,-0.056529,-0.29408,-0.008868,-0.254605,0.05839,-0.222539,0.119512,-0.184227,0.157533,-0.140289,0.159059,-0.08806,0.118372,-0.025192,0.045854,0.041004
3,0.062843,-0.040019,0.021212,-0.069483,-0.025687,-0.068561,-0.066549,-0.034888,-0.087946,0.019182,-0.080902,0.071747,-0.050361,0.101217,-0.00886,0.090651,0.033912,0.0444,0.064014,-0.009021,0.068702,-0.046199,0.049821,-0.060102,0.013628,-0.05912,-0.028912,-0.048524,-0.076173,-0.046411,-0.130012,-0.059601,-0.168098,-0.075107,-0.174615,-0.080026,-0.148763,-0.072999,-0.098737,-0.051888,-0.036856,-0.015737,0.023547,0.031398,0.073704,0.085122,0.110936,0.123852,0.129189,0.14071,0.123957,0.145777,0.102753,0.144165,0.072887,0.136562,0.041977,0.127801,0.012442,0.122545,-0.018133,0.116966,-0.045132,0.090268,-0.06035,0.035507,-0.045917,-0.047575,0.005123,-0.164803,0.067863,-0.340402,0.143744,-0.916108,0.188352,-2.07553,0.134072,-3.030232,0.092003,-4.075267,-0.028804,-4.792873,-0.143096,-5.107182,-0.207419,-5.019246,-0.296315,-4.49376,-0.421581,-3.629261,-0.507027,-2.543527,-0.496062,-1.352031,-0.399674,-0.155897,-0.247105,0.974863,-0.088691,2.027857,0.051509,2.979023,0.187154,3.739998,0.302734,4.222311,0.376853,4.396563,0.406241,4.297455,0.416081,3.994161,0.418161,3.543633,0.420086,2.955003,0.404962,2.209351,0.338,1.298736,0.228934,0.253521,0.124083,-0.877537,0.052164,-2.011542,-0.008947,-3.055692,-0.052851,-3.946122,-0.053957,-4.643903,-0.019877,-5.177313,-0.007236,-5.605657,-0.081976,-5.880494,-0.287506,-5.775836,-0.55954,-5.135816,-0.764841,-4.020897,-0.865389,-2.67739,-0.311591,1.362469,-0.200401,1.259671,-0.105097,2.055363,-0.005419,3.135697,0.234246,3.875269,0.487935,4.073369,0.586839,3.998975,0.543194,3.797026,0.432054,3.496965,0.304779,3.134519,0.182403,2.787947,0.069135,2.482358,-0.034811,2.1894,-0.117609,1.880494,-0.164872,1.550983,-0.180569,1.186531,-0.18242,0.808831,-0.163436,0.48023,-0.143749,0.26366,-0.139424,0.16764,-0.143077,0.120921,-0.14847,0.078053,-0.14535,0.027059,-0.132749,-0.010927,-0.108439,-0.03197,-0.066523,-0.053229,0.008107,-0.088733
3,-0.049723,0.028418,-0.06954,-0.010763,-0.062569,-0.037662,-0.023603,-0.031356,0.019043,-0.002332,0.04219,0.031089,0.048653,0.066247,0.046164,0.092871,0.039003,0.101061,0.035474,0.092618,0.021359,0.052495,-0.003186,-0.010483,-0.038006,-0.065927,-0.080251,-0.091558,-0.127355,-0.084733,-0.148412,-0.048351,-0.133109,0.004869,-0.080083,0.059248,-0.013816,0.093999,0.047601,0.102522,0.088592,0.08561,0.097841,0.059328,0.090507,0.043522,0.070863,0.043454,0.038551,0.055765,-0.000993,0.070754,-0.035935,0.088892,-0.057759,0.092486,-0.055251,0.058034,-0.019752,-0.050598,0.031528,-0.24076,0.104073,-0.549439,0.188214,-0.995161,0.268786,-1.551682,0.330838,-2.14797,0.33354,-2.756721,0.256266,-3.362673,0.121968,-3.912292,-0.020673,-4.282465,-0.140456,-4.360617,-0.22837,-4.07978,-0.290667,-3.423889,-0.315207,-2.506185,-0.302929,-1.426599,-0.256402,-0.266555,-0.159638,0.841303,-0.042875,1.810541,0.060505,2.639395,0.141708,3.328785,0.215986,3.83348,0.289006,4.13623,0.362972,4.241363,0.41735,4.16831,0.429601,3.903877,0.383463,3.438366,0.276424,2.770232,0.127546,1.919855,-0.034077,0.96135,-0.169262,0.007452,-0.231448,-0.889305,-0.232805,-1.711688,-0.159974,-2.460042,-0.031797,-3.154491,0.107847,-3.814791,0.210208,-4.430781,0.208278,-4.917276,0.071063,-5.087498,-0.11627,-4.865997,-0.224356,-4.30935,-0.202425,-3.464701,-0.10599,-2.345565,-0.036875,-1.079224,-0.023439,0.144378,-0.04437,1.204286,-0.041392,2.112021,0.028325,2.882496,0.129802,3.473233,0.202838,3.829147,0.234921,3.937322,0.237467,3.810794,0.241169,3.498659,0.246105,3.070282,0.232305,2.588946,0.197371,2.127032,0.138799,1.759639,0.058278,1.520784,-0.025527,1.367241,-0.091203,1.216574,-0.128892,1.016454,-0.145839,0.764397,-0.129076,0.479518,-0.094633,0.202837,-0.061381,-0.013224,-0.035449,-0.167782,-0.012768,-0.284962,0.003156,-0.345839,0.00885,-0.335916,0.007844,-0.272894,0.001771,-0.202243,0.003978,-0.143966
3,-0.054004,-0.033687,-0.064048,-0.010803,-0.060782,0.015893,-0.04852,0.035764,-0.024716,0.04169,0.00937,0.023593,0.035689,-0.01023,0.047336,-0.041581,0.039147,-0.060585,0.011582,-0.06931,-0.019267,-0.066769,-0.038602,-0.029441,-0.036766,0.026251,-0.011164,0.082427,0.019796,0.117927,0.035036,0.124133,-0.044899,-0.008846,0.045174,0.040387,0.049805,0.044518,0.035623,0.050409,0.015759,0.051937,-0.003067,0.064495,-0.012706,0.096219,-0.011453,0.127943,-0.00302,0.145892,0.003307,0.141711,0.002657,0.11771,-0.007837,0.083076,-0.030645,0.050321,-0.054476,0.028171,-0.058687,0.027258,-0.041476,0.060005,-0.022751,0.127866,-0.010187,0.198863,-0.001362,0.234379,0.005493,0.210833,0.018485,0.115743,0.046826,-0.042476,0.076578,-0.259095,0.086227,-0.529911,0.071501,-0.875419,-0.114078,-4.284442,-0.134099,-4.039462,-0.168767,-3.395474,-0.185931,-2.478598,-0.168015,-1.43022,-0.118629,-0.331279,-0.043674,0.735108,0.035751,1.715852,0.087551,2.607537,0.110891,3.400489,0.10828,4.039618,0.098832,4.50303,0.094696,4.763301,0.096573,4.784221,0.103047,4.497771,0.129778,3.830867,0.191951,2.831056,0.260435,1.647279,0.27102,0.46177,0.189815,-0.624102,0.07539,-1.624144,0.019425,-2.578044,0.05831,-3.469152,0.17603,-4.257107,0.287943,-4.877025,0.336665,-5.26407,0.277885,-5.356037,0.114085,-5.087568,-0.101793,-4.447361,-0.298046,-3.5289,-0.415224,-2.452015,-0.446324,-1.282787,-0.416412,-0.11305,-0.336686,0.950205,-0.225268,1.882297,-0.094523,2.675661,0.033953,3.31048,0.148433,3.762829,0.226103,4.02936,0.280024,4.080445,0.32809,3.896616,0.388988,3.490938,0.444294,2.926189,0.461374,2.300981,0.411609,1.69356,0.288207,1.190029,0.113426,0.828912,-0.083158,0.625556,-0.256813,0.521614,-0.349638,0.430569,-0.356655,0.313878,-0.300003,0.179566,-0.206121,0.033101,-0.09337,-0.120416,0.00866,-0.251091,0.073071,-0.332682,0.094459,-0.355502,0.090011,-0.336833,0.075639,-0.29739
3,-0.0371,0.017638,-0.093743,-0.014196,-0.132372,-0.049125,-0.137908,-0.0646,-0.114241,-0.052468,-0.060453,-0.017784,0.007617,0.021118,0.065004,0.075207,0.093156,0.124235,0.098387,0.152367,0.094181,0.162381,0.08637,0.168455,0.078133,0.176606,0.06879,0.170219,0.043839,0.144426,0.004336,0.109359,-0.04531,0.075667,-0.094627,0.056151,-0.128728,0.057918,-0.131392,0.075568,-0.100997,0.101038,-0.049556,0.129965,0.003835,0.156137,0.041855,0.173564,0.071919,0.189047,0.077831,0.217949,0.046305,0.268823,-0.003086,0.324197,-0.040136,0.375692,-0.056987,0.411515,-0.067003,0.415082,-0.083225,0.383991,-0.103117,0.305602,-0.122091,0.126654,-0.115642,-0.302049,-0.069264,-1.158926,-0.04164,-2.027892,0.010331,-2.934802,0.049274,-3.670948,0.093753,-4.208652,0.14282,-4.549115,0.180604,-4.672876,0.179932,-4.42312,0.121036,-3.703098,0.054602,-2.574901,0.038874,-1.286089,0.084683,-0.05749,0.150768,1.044522,0.178421,2.042955,0.16133,2.942279,0.131477,3.65906,0.110929,4.107171,0.101251,4.269001,0.107178,4.163523,0.117954,3.821864,0.13557,3.279299,0.15749,2.547967,0.185105,1.652573,0.201206,0.621115,0.224293,-0.497427,0.260139,-1.653134,0.275296,-2.778047,0.253685,-3.798258,0.232197,-4.605016,0.249019,-5.174461,0.272478,-5.527852,0.203822,-5.50024,0.014381,-4.925061,-0.199782,-3.873856,-0.335483,-2.550755,-0.362675,-1.144635,-0.328279,0.172087,-0.262436,1.278103,-0.171039,2.177491,-0.054747,2.936941,0.073391,3.523087,0.197399,3.886328,0.293135,4.023049,0.353445,3.958879,0.381654,3.745552,0.378532,3.427678,0.35573,3.033206,0.304948,2.608413,0.214401,2.202554,0.098769,1.842938,-0.025722,1.542472,-0.14965,1.297014,-0.246784,1.085145,-0.298713,0.88102,-0.294903,0.669225,-0.257881,0.452023,-0.202542,0.229162,-0.132642,0.014885,-0.058,-0.144871,0.013186,-0.217744,0.066174,-0.224351,0.08508,-0.213744,0.083051,-0.214055,0.058826,-0.229805,0.035021,-0.250934
3,-0.145291,-0.107321,-0.176547,-0.112408,-0.177106,-0.119127,-0.156235,-0.116585,-0.126618,-0.112976,-0.094369,-0.115045,-0.067964,-0.111954,-0.05092,-0.09693,-0.052309,-0.06477,-0.068977,-0.004264,-0.084617,0.069973,-0.077164,0.130183,-0.051666,0.168175,-0.026287,0.164428,0.019998,0.096322,0.006735,-0.070222,0.009276,-0.167716,-0.03932,-0.231512,-0.101642,-0.211238,-0.155227,-0.131099,-0.181276,-0.035034,-0.163007,0.042622,-0.097226,0.08637,-0.009513,0.099111,0.07453,0.107826,0.126288,0.128071,0.137166,0.172249,0.135521,0.221727,0.13593,0.254861,0.125322,0.267419,0.106831,0.251524,0.08827,0.19611,0.074406,0.098886,0.084321,-0.136301,0.090183,-0.574755,0.107139,-1.201952,0.08784,-2.025924,0.031921,-3.029467,-0.033002,-4.148678,-0.105963,-5.207417,-0.225627,-5.941278,-0.4218,-6.155012,-0.66617,-5.704362,-0.881325,-4.637954,-0.977175,-3.159931,-0.87528,-1.531235,-0.571442,0.012899,-0.117483,1.287177,0.398285,2.241123,0.890293,2.92854,1.289199,3.379167,1.550447,3.634371,1.689337,3.76612,1.712182,3.738645,1.610286,3.443237,1.385325,2.81817,1.060026,1.851374,0.723153,0.59264,0.427686,-0.879425,0.164772,-2.424989,-0.119388,-3.844367,-0.396689,-4.981348,-0.597829,-5.803999,-0.685159,-6.219124,-0.697918,-6.060286,-0.669889,-5.365764,-0.544467,-4.301522,-0.263205,-2.870987,0.019401,-1.215608,0.275662,0.400968,0.486912,1.749979,0.622893,2.79859,0.679143,3.559437,0.691478,4.052536,0.679189,4.336081,0.670632,4.462854,0.696411,4.462604,0.725802,4.314181,0.674374,3.946024,0.560813,3.387222,0.438637,2.704279,0.299805,1.983786,0.107831,1.303755,-0.135223,0.756268,-0.386412,0.3789,-0.577163,0.179317,-0.6827,0.130443,-0.717433,0.151854,-0.678014,0.157096,-0.566424,0.119695,-0.41083,0.062531,-0.241153,0.008368,-0.090994,-0.010055,0.010035,0.020082,0.062237,0.097142,0.088177,0.206174,0.104079,0.321765,0.115237,0.40493,0.124948,0.439981,0.139886,0.432964
3,0.03876,0.049957,0.038367,0.063856,0.030864,0.084496,0.020986,0.107034,0.021603,0.121027,0.032613,0.117903,0.042696,0.093267,0.037857,0.057464,0.024961,0.027235,0.010865,0.008631,-0.00245,0.002953,-0.011254,0.005233,-0.007312,0.018488,0.004965,0.033708,0.018764,0.054464,0.022402,0.069866,0.021847,0.084795,0.015264,0.086224,0.008694,0.08765,0.006029,0.08307,0.011443,0.072939,0.019258,0.059867,0.03072,0.052556,0.043264,0.064667,0.051712,0.094542,0.051013,0.129815,0.047988,0.157317,0.050508,0.164,0.072215,0.141764,0.13028,0.090402,0.195794,0.030328,0.245866,0.022969,0.357528,-0.189571,0.370986,-0.979099,0.618119,-1.845531,0.743852,-3.035934,0.751241,-4.117655,0.630609,-4.831517,0.421301,-5.138772,0.148249,-4.950326,-0.141788,-4.221632,-0.371944,-3.074476,-0.469725,-1.738423,-0.405573,-0.42088,-0.227483,0.757831,0.007618,1.742228,0.263816,2.544892,0.502243,3.155375,0.707723,3.596514,0.874912,3.890346,0.999013,4.019784,1.0612,3.924656,1.022462,3.502237,0.869293,2.710539,0.651254,1.553438,0.434877,0.093866,0.250071,-1.534255,0.058293,-3.136785,-0.148389,-4.537967,-0.321874,-5.616755,-0.441396,-6.365752,-0.501291,-6.728331,-0.470612,-6.564496,-0.356588,-5.843081,-0.1749,-4.726355,0.03792,-3.3685,0.230461,-1.878612,0.343489,-0.392009,0.349723,0.951509,0.26399,2.091975,0.137972,3.034784,0.057684,3.721977,0.066091,4.133074,0.159008,4.307122,0.312848,4.277727,0.475035,4.107681,0.577227,3.820349,0.56388,3.393855,0.437643,2.849606,0.225404,2.253235,-0.031083,1.635696,-0.295995,1.062455,-0.526714,0.575085,-0.708692,0.196944,-0.836906,-0.062427,-0.914686,-0.221152,-0.936115,-0.307081,-0.888911,-0.344926,-0.775985,-0.344195,-0.630127,-0.301555,-0.469367,-0.205767,-0.313091,-0.081941,-0.167286,0.039207,-0.039712,0.13723,0.055115,0.196694,0.117536,0.229299,0.141454,0.233747,0.126488,0.217383,0.07799,0.185693,0.016698,0.143425
3,0.028453,0.088901,0.026183,0.066798,0.016118,0.034528,0.000477,0.008763,-0.015947,-0.012836,-0.031491,-0.027759,-0.032389,-0.034415,-0.026314,-0.032168,-0.014288,-0.015776,-0.002236,0.011491,0.006054,0.046725,0.006195,0.084712,0.001459,0.114161,0.007342,0.13376,0.022005,0.131196,0.036497,0.101503,0.042542,0.059359,0.044695,0.026246,0.039445,0.014406,0.031076,0.018195,0.0206,0.03239,0.013863,0.049499,0.010481,0.060764,0.011738,0.059931,0.011124,0.052209,0.001111,0.042581,-0.00348,0.03839,0.000644,0.050094,0.01057,0.070587,0.022164,0.088172,0.056187,0.091854,0.115373,0.057283,0.152648,-0.129408,0.197004,-0.427147,0.216836,-1.204285,0.189455,-2.1062,0.136261,-2.975033,0.054624,-3.71903,-0.012281,-4.303634,-0.024578,-4.643707,-0.008812,-4.639103,-0.027782,-4.25567,-0.100555,-3.505896,-0.16385,-2.449024,-0.136459,-1.209604,-0.015543,0.036938,0.1257,1.160325,0.218961,2.122723,0.281203,2.901839,0.367929,3.436987,0.489667,3.732167,0.624114,3.82528,0.701344,3.711758,0.715815,3.372929,0.675922,2.792413,0.602468,1.9267,0.504473,0.72411,0.426274,-0.777119,0.356328,-2.388624,0.236558,-3.908378,0.069613,-5.115944,-0.080902,-5.877604,-0.133228,-6.141652,-0.079152,-5.88097,-0.008706,-5.078702,0.065739,-3.832493,0.163923,-2.359093,0.274461,-0.874605,0.335971,0.466893,0.304593,1.574163,0.220238,2.472481,0.167738,3.167182,0.170704,3.641602,0.202414,3.933642,0.270432,4.078063,0.384313,4.030901,0.495263,3.783478,0.540292,3.359217,0.488689,2.810697,0.346956,2.209848,0.159676,1.60464,-0.067181,1.045263,-0.296488,0.579867,-0.499634,0.23059,-0.655088,-0.017479,-0.748281,-0.191062,-0.769789,-0.303667,-0.729083,-0.35647,-0.640343,-0.351993,-0.520205,-0.285012,-0.385425,-0.16005,-0.247629,-0.001816,-0.116824,0.16596,-0.002069,0.302317,0.08269,0.379091,0.12928,0.396833,0.135392,0.364792,0.101079,0.307935,0.042513,0.24915,-0.000949,0.19209
3,-0.021078,0.063789,-0.016708,0.068231,-0.003533,0.068368,0.009717,0.059726,0.015241,0.046885,0.018729,0.033507,0.016506,0.025217,-0.002303,0.021399,-0.017856,0.026122,-0.02163,0.040537,-0.014541,0.055598,-0.003805,0.069397,0.007828,0.071318,0.0165,0.054884,0.017286,0.026503,0.008238,0.00215,-0.013513,-0.015633,-0.043131,-0.020121,-0.056447,-0.007118,-0.046621,0.014196,-0.031066,0.034794,-0.004824,0.048225,0.022043,0.050771,0.039186,0.039794,0.038083,0.014256,0.026448,-0.01292,0.012206,-0.034212,0.002004,-0.045668,-0.002826,-0.048043,0.006939,-0.038891,0.022059,-0.045902,0.037021,-0.073899,0.153143,-0.330947,0.068615,-1.121185,0.25068,-1.823451,0.357855,-2.847505,0.452759,-3.819429,0.562238,-4.445869,0.741044,-4.703343,0.93195,-4.615843,1.027808,-4.188674,0.983473,-3.479897,0.817734,-2.601354,0.551035,-1.656878,0.231194,-0.721672,-0.081427,0.166396,-0.335816,0.988875,-0.509648,1.768449,-0.585926,2.491678,-0.557373,3.087975,-0.437453,3.505817,-0.259693,3.742406,-0.081685,3.817376,0.064988,3.734087,0.172531,3.468055,0.21906,3.008678,0.231537,2.354809,0.225513,1.466913,0.186651,0.359764,0.101347,-0.926547,-0.037318,-2.276739,-0.182983,-3.613747,-0.276756,-4.830554,-0.308609,-5.771511,-0.319084,-6.316676,-0.329572,-6.348355,-0.280689,-5.817866,-0.162418,-4.807462,-0.009406,-3.479279,0.134571,-1.990953,0.252308,-0.516949,0.327842,0.789445,0.329057,1.828685,0.251038,2.620182,0.152517,3.221544,0.06734,3.628659,0.02344,3.835472,0.039483,3.864474,0.102292,3.730814,0.18582,3.436946,0.253905,3.029504,0.27742,2.558587,0.243934,2.076477,0.15409,1.623863,0.0365,1.249997,-0.093294,0.9728,-0.226865,0.783878,-0.353177,0.668692,-0.439765,0.593992,-0.473329,0.527141,-0.462969,0.464375,-0.427345,0.401905,-0.379552,0.332378,-0.319829,0.258125,-0.257841,0.180922,-0.196342,0.105565,-0.148354,0.036017,-0.110755,-0.014983,-0.070205,-0.045566,-0.040631,-0.054414
3,-0.242516,-0.348123,-0.265244,-0.460074,-0.32092,-0.489741,-0.389854,-0.488375,-0.439749,-0.498655,-0.440216,-0.518609,-0.398664,-0.546473,-0.330454,-0.573442,-0.266863,-0.605805,-0.217713,-0.6303,-0.181346,-0.630173,-0.140231,-0.601469,-0.083173,-0.551371,-0.013551,-0.495649,0.056097,-0.454197,0.111499,-0.448457,0.146648,-0.464407,0.170067,-0.476013,0.18529,-0.460444,0.189757,-0.407219,0.180145,-0.321154,0.152359,-0.203401,0.117334,-0.073841,0.092626,0.036661,0.074933,0.113839,0.056795,0.163911,0.030121,0.1954,-0.004407,0.217081,-0.035145,0.230557,-0.046165,0.239539,-0.031651,0.251266,0.001403,0.268234,0.042309,0.285033,0.081057,0.298163,0.111269,0.285019,0.136071,0.224501,0.160867,0.132973,0.19024,0.015974,0.205455,-0.168656,0.172603,-1.035246,0.028218,-2.751609,-0.165653,-3.923364,-0.208471,-4.707062,-0.191992,-4.906033,-0.138269,-4.678148,-0.081087,-4.048438,-0.044552,-3.007416,-0.002369,-1.633743,0.071523,-0.08644,0.173377,1.393205,0.256772,2.62569,0.334907,3.503728,0.403007,3.876904,0.456902,3.741127,0.465487,3.22224,0.415355,2.41415,0.279471,1.28644,0.127972,-0.1275,-0.025141,-1.677013,-0.139314,-3.0135,-0.173761,-3.907761,-0.121146,-4.376287,-0.049911,-4.481433,0.00195,-4.232943,0.004827,-3.609593,-0.016611,-2.572737,0.003243,-1.282536,0.085365,-0.018151,0.161521,1.037926,0.182194,1.852419,0.165571,2.414894,0.144733,2.692735,0.13653,2.685596,0.133209,2.454331,0.128735,2.080833,0.132232,1.651381,0.136364,1.218566,0.110653,0.807871,0.066031,0.460875,-0.000926,0.2184,-0.088461,0.112283,-0.176912,0.112702,-0.246387,0.169772,-0.284808,0.259533,-0.285018,0.358837,-0.250581,0.45346,-0.192309,0.527868,-0.129547,0.565102,-0.076709,0.553862,-0.028638,0.501626,0.01579,0.426945,0.042216,0.346484,0.035362,0.269415,-0.003469,0.21524,-0.059031,0.183665,-0.105931,0.175149,-0.120611,0.173191,-0.099197,0.161621,-0.045149,0.14441,0.027048,0.125939
3,0.040335,-0.022539,0.014006,-0.022318,-0.017737,-0.02179,-0.047647,-0.018448,-0.067418,-0.005622,-0.0823,0.004818,-0.089249,0.007675,-0.086891,0.012534,-0.06439,0.018806,-0.035427,0.024542,-0.00908,0.024343,0.008256,0.027543,0.01276,0.040667,0.012755,0.070354,0.008449,0.108853,0.00058,0.146093,-0.016376,0.173619,-0.035253,0.189563,-0.049142,0.191003,-0.051422,0.173978,-0.037769,0.14622,-0.014647,0.108303,0.007354,0.061874,0.03144,0.019281,0.051749,-0.012433,0.055012,-0.020988,0.03859,-0.012279,0.011186,0.009187,-0.015704,0.041412,-0.02759,0.072897,-0.02572,0.107397,-0.003351,0.119241,0.028669,0.112407,0.070735,0.092277,0.10607,0.061644,0.119689,0.036127,0.106349,0.012851,0.081795,-0.010786,0.063593,-0.030536,0.05334,-0.06119,0.044528,-0.109875,0.039997,-0.223532,0.068575,-0.874838,0.021588,-2.264363,-0.035346,-3.479744,0.005009,-4.403903,-0.033717,-4.476341,-0.107179,-3.920043,-0.12724,-3.014028,-0.104704,-1.925689,-0.068941,-0.77497,-0.031967,0.390343,0.009365,1.515297,0.029843,2.4057,0.003994,2.933125,0.054255,3.097016,0.191334,2.945875,0.320285,2.514337,0.44055,1.899366,0.536099,1.225423,0.592133,0.385171,0.550383,-0.570022,0.507601,-2.008722,0.380816,-3.233536,0.153087,-3.908851,-0.075995,-4.102596,-0.268556,-3.885802,-0.415683,-3.295696,-0.49287,-2.39231,-0.526638,-1.250582,-0.507671,0.042783,-0.402997,1.22452,-0.229489,2.137885,-0.055195,2.718148,0.069658,2.950279,0.155868,2.881968,0.220353,2.531374,0.315999,1.996208,0.406232,1.400038,0.437125,0.872489,0.387056,0.528551,0.278884,0.382904,0.130049,0.388731,-0.030694,0.483366,-0.168166,0.600203,-0.256031,0.689573,-0.295818,0.717259,-0.298717,0.683659,-0.282715,0.603566,-0.249771,0.500392,-0.199468,0.380499,-0.14429,0.254789,-0.099275,0.123922,-0.073809,0.003358,-0.066336,-0.084199,-0.071705,-0.127907,-0.077867,-0.140717,-0.078027,-0.129837,-0.067029,-0.104147,-0.046274,-0.064334
3,-0.050391,0.055523,-0.05188,0.053725,-0.048746,0.053019,-0.044664,0.05643,-0.036209,0.059894,-0.024721,0.067016,-0.018162,0.0764,-0.013359,0.082924,-0.005795,0.077873,0.000273,0.070992,0.009427,0.063378,0.015226,0.055455,0.010427,0.048931,-0.004987,0.043815,-0.018164,0.043629,-0.029047,0.04397,-0.027068,0.047856,-0.020688,0.051821,-0.013264,0.055551,-0.002173,0.056241,0.007454,0.050715,0.01812,0.044951,0.019794,0.038002,0.013428,0.034018,-0.003129,0.037901,-0.020306,0.0485,-0.032399,0.062257,-0.028975,0.072357,-0.012961,0.07079,-0.001887,0.057279,0.004555,0.042658,0.006221,0.035708,0.003959,0.030774,-0.000203,0.031748,0.002949,0.045218,0.003316,0.056065,0.006823,0.047592,0.01628,0.018028,0.033438,-0.029756,0.05222,-0.094238,0.070998,-0.173861,0.104756,-0.286669,0.148003,-0.454518,0.191916,-1.188581,0.121819,-2.521054,-0.009309,-3.650073,-0.048734,-4.632774,-0.204255,-4.799519,-0.350749,-4.265486,-0.355729,-3.31919,-0.245599,-2.166208,-0.107178,-0.963835,-0.000875,0.18952,0.089823,1.198568,0.176124,1.955419,0.243801,2.461693,0.293787,2.754987,0.325523,2.881797,0.338884,2.914772,0.356093,2.88221,0.36802,2.730949,0.374209,2.40086,0.371013,1.805603,0.318598,0.853799,0.249416,-0.730839,0.100636,-2.365337,-0.062969,-3.624755,-0.146729,-4.407018,-0.137757,-4.721704,-0.073192,-4.625256,-0.007901,-4.215763,0.013132,-3.535165,-0.009783,-2.577658,-0.020678,-1.434155,0.011987,-0.286597,0.064682,0.760549,0.102423,1.672625,0.114864,2.432159,0.119581,2.985936,0.134547,3.272306,0.15013,3.272599,0.208536,3.013899,0.30144,2.574759,0.407978,2.049962,0.485869,1.554278,0.507646,1.158003,0.455498,0.890225,0.325343,0.731991,0.160601,0.624897,-0.016032,0.534073,-0.17317,0.452981,-0.287097,0.36331,-0.345692,0.270393,-0.349893,0.179282,-0.314845,0.1005,-0.26062,0.032695,-0.192522,-0.037092,-0.134609,-0.124115,-0.101448,-0.209266,-0.08914,-0.265131
3,-0.042602,0.11871,-0.062364,0.148942,-0.067903,0.147996,-0.06279,0.119856,-0.051775,0.068666,-0.041856,0.00783,-0.029081,-0.03951,-0.016056,-0.055344,0.000247,-0.040285,0.019622,0.000254,0.033773,0.047318,0.039383,0.08962,0.038433,0.110458,0.031198,0.101088,0.017132,0.064899,-0.004743,0.018437,-0.02745,-0.021304,-0.048401,-0.042947,-0.063746,-0.038623,-0.069033,-0.012516,-0.064872,0.02243,-0.04889,0.057058,-0.018743,0.086601,0.013004,0.102761,0.039808,0.100341,0.060741,0.080617,0.071664,0.049933,0.063798,0.023274,0.038962,0.009008,0.002105,0.014788,-0.031188,0.03719,-0.046606,0.072023,-0.046741,0.112285,-0.034499,0.139048,-0.011394,0.145014,0.011798,0.135713,0.025575,0.113151,0.028688,0.081982,0.022291,0.04743,0.012069,0.010448,-0.003706,-0.037307,-0.02056,-0.080486,-0.038075,-0.121349,-0.082587,-0.199875,-0.156475,-0.38513,-0.197899,-1.13021,-0.32372,-2.207876,-0.409642,-3.596626,-0.307654,-4.872387,-0.259943,-5.012652,-0.168456,-4.234845,-0.027348,-3.028112,0.072944,-1.676313,0.082613,-0.27002,0.060196,1.006166,0.05063,2.043803,0.059791,2.805074,0.050524,3.255166,0.092169,3.392065,0.21777,3.260782,0.372466,2.923779,0.512902,2.446891,0.624439,1.897902,0.710639,1.047281,0.672228,-0.103696,0.520585,-1.854132,0.242216,-3.505041,-0.138064,-4.468417,-0.435106,-4.746927,-0.584904,-4.434412,-0.620466,-3.619982,-0.571219,-2.339123,-0.457585,-0.739647,-0.278761,0.691227,-0.060732,1.700379,0.129917,2.314428,0.234118,2.630846,0.231296,2.69411,0.187941,2.558018,0.168289,2.242669,0.212251,1.794808,0.273471,1.314057,0.328707,0.886683,0.361855,0.575056,0.347247,0.389488,0.27556,0.325003,0.150612,0.345238,-0.001787,0.409706,-0.144927,0.470421,-0.258382,0.50317,-0.324741,0.493531,-0.347504,0.441742,-0.32991,0.363694,-0.286905,0.278235,-0.219617,0.200988,-0.142574,0.128609,-0.068857,0.060443,-0.010852,-0.000162,0.028669,-0.044217,0.043104,-0.071743
3,-0.027652,0.074228,-0.011457,0.068053,0.002736,0.056828,0.013795,0.046168,0.016172,0.04141,0.015458,0.043711,0.014992,0.053535,0.013541,0.070014,0.01161,0.089812,0.010045,0.105223,0.002052,0.108808,-0.008669,0.103151,-0.017714,0.09502,-0.019102,0.087667,-0.011908,0.079886,0.001655,0.077496,0.012671,0.085292,0.026404,0.102351,0.036912,0.125367,0.041303,0.14404,0.030254,0.154605,0.009532,0.153897,-0.012237,0.146882,-0.031977,0.133016,-0.038564,0.120106,-0.036628,0.10677,-0.024517,0.096006,-0.006353,0.101506,0.010634,0.119104,0.021378,0.144258,0.021665,0.164723,0.011008,0.190306,-0.004907,0.216798,-0.013581,0.23556,-0.012452,0.248328,-0.004712,0.241648,-7.6e-05,0.210655,0.002523,0.156222,0.001818,0.095863,-0.007047,0.027198,-0.031087,-0.064697,-0.0719,-0.197813,-0.137997,-0.439547,-0.165392,-1.085881,-0.170431,-2.50111,-0.356081,-3.471762,-0.384223,-4.391904,-0.365526,-4.810112,-0.355909,-4.614024,-0.328375,-3.873283,-0.231539,-2.780229,-0.092927,-1.486486,0.046703,0.010326,0.168473,1.488662,0.261917,2.761075,0.314844,3.740182,0.3388,4.38794,0.379615,4.708459,0.441496,4.751678,0.537893,4.552294,0.657627,4.059659,0.799058,3.153942,0.857816,1.686034,0.777471,0.144337,0.550583,-1.420496,0.220087,-2.796733,-0.129835,-3.929595,-0.373495,-4.79985,-0.477735,-5.336866,-0.475128,-5.481809,-0.408749,-5.19858,-0.306198,-4.539766,-0.179843,-3.617868,-0.043178,-2.592898,0.053427,-1.525287,0.112173,-0.487722,0.143073,0.336511,0.171484,0.870919,0.210635,1.152014,0.24363,1.215755,0.26462,1.063181,0.267693,0.730298,0.238788,0.32403,0.176826,0.002509,0.088498,-0.121968,-0.01938,-0.051408,-0.115009,0.132419,-0.177962,0.326057,-0.204668,0.457622,-0.21089,0.501589,-0.19531,0.464638,-0.166875,0.355764,-0.133973,0.189516,-0.107825,-0.00408,-0.088097,-0.170074,-0.073796,-0.265989,-0.070893,-0.276466,-0.072867,-0.222731,-0.07294,-0.132407,-0.075957,-0.029451
3,0.033576,0.177412,0.038337,0.200437,0.031683,0.204292,0.017077,0.18333,0.003113,0.149505,-0.010594,0.11996,-0.02507,0.104414,-0.038678,0.106975,-0.041418,0.121188,-0.034778,0.133301,-0.017485,0.14428,0.002309,0.148555,0.019433,0.147753,0.024516,0.143975,0.016327,0.145953,0.002518,0.15501,-0.019403,0.16823,-0.040308,0.181354,-0.054521,0.187308,-0.058451,0.188906,-0.051806,0.180678,-0.035278,0.175533,-0.013176,0.181527,0.01144,0.208665,0.032063,0.238406,0.05106,0.262974,0.068043,0.27702,0.086508,0.27584,0.098376,0.265801,0.100287,0.263414,0.099194,0.290353,0.088098,0.342086,0.069995,0.396771,0.052386,0.433176,0.041313,0.422745,0.026256,0.356007,0.015069,0.227666,0.005792,0.043247,-0.03238,-0.195326,-0.090844,-0.83232,-0.248925,-1.657569,-0.415356,-3.281429,-0.464341,-4.92322,-0.519711,-5.815785,-0.442767,-5.898692,-0.269117,-5.302271,-0.099716,-4.276059,0.033814,-3.09088,0.14064,-1.806585,0.198703,-0.348318,0.228653,1.06586,0.234155,2.241188,0.221625,3.128772,0.191245,3.742595,0.183974,4.101931,0.220241,4.246481,0.266598,4.174649,0.390176,3.90712,0.553853,3.500333,0.704482,3.014724,0.829709,2.515979,0.874657,1.897315,0.786707,1.052543,0.625746,-0.66586,0.33912,-2.497555,-0.002888,-4.203354,-0.238758,-5.457214,-0.352327,-5.99398,-0.415326,-5.797153,-0.485347,-5.068193,-0.523991,-4.035665,-0.507634,-2.784301,-0.433406,-1.357309,-0.292382,-0.012104,-0.111845,1.079785,0.03712,1.874597,0.137257,2.396188,0.210839,2.61185,0.28816,2.491098,0.372188,2.140003,0.44568,1.724573,0.482503,1.361092,0.474535,1.098501,0.410895,0.92698,0.257806,0.807733,0.093878,0.770444,-0.062476,0.785138,-0.197766,0.795155,-0.29551,0.749592,-0.33964,0.641697,-0.33796,0.485703,-0.299942,0.317317,-0.238713,0.189299,-0.165546,0.125378,-0.097954,0.117514,-0.052324,0.114025,-0.0297,0.092442,-0.019369,0.067289,-0.005436,0.044848,0.00808,0.026804
3,0.051354,0.059791,0.070468,0.058866,0.082543,0.052323,0.079344,0.052692,0.060856,0.059966,0.0272,0.065636,-0.012178,0.067619,-0.045318,0.067883,-0.068973,0.06711,-0.069253,0.06493,-0.048654,0.068101,-0.013757,0.075206,0.017442,0.088089,0.033619,0.111068,0.039121,0.144745,0.033992,0.179491,0.023715,0.215813,0.018002,0.252755,0.011967,0.285469,0.007695,0.314805,0.008174,0.340431,0.009892,0.358432,0.01509,0.367528,0.02521,0.371844,0.039878,0.369274,0.057396,0.370679,0.071509,0.376661,0.078517,0.374778,0.079035,0.351073,0.073601,0.30121,0.053809,0.215546,0.025201,0.087054,-0.011526,-0.06936,-0.069407,-0.242381,-0.152925,-0.472184,-0.184871,-0.963593,-0.113591,-2.106589,-0.189646,-3.05112,-0.177292,-4.000592,-0.226958,-4.600829,-0.325778,-4.66076,-0.383027,-4.217567,-0.33072,-3.415708,-0.169835,-2.405801,0.06575,-1.272091,0.301332,-0.035325,0.449813,1.267489,0.46982,2.534184,0.37437,3.635955,0.256898,4.429559,0.161996,4.873303,0.130904,5.017018,0.168337,4.917022,0.257037,4.571433,0.391495,3.972134,0.546836,3.148021,0.642133,2.176506,0.634256,1.196482,0.549684,0.308334,0.414592,-0.506569,0.252136,-1.314934,0.10015,-2.169376,-0.014952,-3.060519,-0.082363,-3.965257,-0.094325,-4.805034,-0.104256,-5.479355,-0.185438,-5.836789,-0.340977,-5.721409,-0.493822,-5.131558,-0.560391,-4.246929,-0.516196,-3.211627,-0.387793,-2.128699,-0.242004,-1.060853,-0.124483,-0.085951,-0.006311,0.646788,0.109839,1.069649,0.205475,1.229684,0.252302,1.215034,0.252584,1.092357,0.220783,0.901123,0.167603,0.712038,0.095827,0.604919,0.009373,0.616744,-0.074998,0.719148,-0.15051,0.846001,-0.226766,0.949454,-0.291389,1.001904,-0.322923,0.976683,-0.318513,0.871595,-0.278873,0.698146,-0.226131,0.478853,-0.175333,0.243196,-0.136428,0.033908,-0.116683,-0.117083,-0.107744,-0.191939,-0.095601,-0.200049,-0.077347,-0.155011,-0.057718,-0.0787,-0.045677,-0.006284,-0.041541,0.042786
3,0.054834,0.405017,0.026112,0.363099,0.003109,0.317097,-0.022998,0.272643,-0.047055,0.235379,-0.06458,0.22072,-0.068504,0.218953,-0.054204,0.231683,-0.023097,0.249572,0.020621,0.263671,0.062369,0.269504,0.087097,0.268067,0.088785,0.262381,0.070181,0.249982,0.042932,0.23785,0.01294,0.238021,-0.014229,0.251727,-0.035798,0.282805,-0.045216,0.324906,-0.038432,0.376436,-0.012886,0.430736,0.021623,0.476355,0.053777,0.508351,0.075971,0.526662,0.079178,0.531569,0.056665,0.531743,0.01788,0.535506,-0.020806,0.543524,-0.041796,0.556324,-0.043371,0.561883,-0.032655,0.554872,-0.015385,0.530827,0.002527,0.480859,0.011704,0.402036,0.017899,0.291299,0.031166,0.159905,0.029575,-0.003791,0.01482,-0.212952,-0.010233,-0.620512,-0.063327,-1.258887,-0.049708,-2.68888,-0.055702,-4.005122,-0.067252,-5.071591,-0.017193,-5.542631,-0.001653,-5.244476,-0.009157,-4.309026,0.000291,-3.06149,0.032871,-1.715376,0.040723,-0.340227,0.013763,0.892083,-0.033131,1.840432,-0.087549,2.516186,-0.137924,2.95252,-0.157436,3.167158,-0.135758,3.198033,-0.072574,3.104574,0.011553,2.930349,0.100815,2.657685,0.195372,2.263556,0.278856,1.719695,0.328039,1.012255,0.34424,0.163681,0.31249,-0.770553,0.223451,-1.730441,0.113015,-2.678297,0.034313,-3.619381,-0.00825,-4.495703,-0.013351,-5.232194,0.006847,-5.729103,-0.003826,-5.81679,-0.090808,-5.368183,-0.227368,-4.393785,-0.336298,-2.7266,-0.302709,1.882694,-0.27682,0.730658,-0.284608,0.738395,-0.331088,1.331501,-0.241435,1.809208,0.065426,1.744025,0.34773,1.465054,0.508528,1.284475,0.548284,1.25324,0.505572,1.282054,0.410306,1.296775,0.293688,1.273898,0.161507,1.219779,0.010383,1.130879,-0.137288,0.998241,-0.260308,0.816401,-0.33664,0.589815,-0.362988,0.340932,-0.347036,0.11969,-0.297771,-0.031075,-0.234232,-0.092676,-0.172732,-0.070563,-0.122651,0.015413,-0.084608,0.126323,-0.061334,0.234498,-0.055845,0.322064,-0.055455,0.368397
3,0.032055,0.094067,0.012997,0.081986,-0.014274,0.086328,-0.041012,0.107833,-0.063803,0.140569,-0.075381,0.169355,-0.06804,0.188637,-0.040754,0.190762,0.00192,0.180748,0.050476,0.160043,0.083534,0.12987,0.08767,0.094613,0.068746,0.07069,0.035856,0.067457,0.005431,0.092923,-0.012217,0.137809,-0.024572,0.189336,-0.034914,0.239478,-0.039152,0.279021,-0.033662,0.291158,-0.021064,0.274088,-0.006052,0.245801,0.004012,0.221507,0.004193,0.22361,-0.006713,0.26416,-0.028176,0.333325,-0.053137,0.412795,-0.085445,0.490384,-0.122484,0.568972,-0.146575,0.627203,-0.145847,0.64032,-0.11915,0.593142,-0.070051,0.492474,-0.016005,0.336564,0.033141,0.136778,0.074054,-0.154525,0.090649,-0.543036,0.097463,-1.292438,0.050171,-2.404173,-0.058901,-3.572829,-0.066132,-4.542704,-0.160542,-4.755131,-0.245518,-4.311164,-0.240449,-3.540542,-0.14404,-2.712298,-0.02102,-1.855504,0.08569,-0.895953,0.178628,0.095218,0.230384,1.058973,0.232698,1.93226,0.205107,2.690383,0.193285,3.293265,0.216035,3.704491,0.260284,3.914424,0.30762,3.963305,0.362139,3.88151,0.409499,3.671409,0.450882,3.324409,0.45242,2.865934,0.396407,2.32475,0.266567,1.653781,0.07112,0.790529,-0.109319,-0.45547,-0.285648,-1.869732,-0.421554,-3.332321,-0.492004,-4.630361,-0.493138,-5.612031,-0.443942,-6.221006,-0.419819,-6.398055,-0.434003,-6.118695,-0.480031,-5.401023,-0.573733,-4.238794,-0.702213,-2.640365,-0.782208,-0.92309,-0.71865,0.543487,-0.515525,1.527179,-0.269367,2.031271,-0.046043,2.200222,0.117452,2.148773,0.216004,1.954637,0.264747,1.701389,0.282327,1.463813,0.276292,1.261036,0.239632,1.096912,0.193611,0.97306,0.128418,0.886062,0.059296,0.821574,0.004652,0.760592,-0.044638,0.681219,-0.085555,0.580536,-0.100728,0.460964,-0.082099,0.319455,-0.048079,0.169996,-0.00654,0.034175,0.026552,-0.076761,0.044246,-0.150329,0.043782,-0.178424,0.034742,-0.176316,0.021228,-0.164577,0.015761,-0.155703
3,0.019713,-0.00963,0.018865,-0.029024,0.023069,-0.029877,0.035297,0.002364,0.047994,0.057302,0.045349,0.111135,0.022071,0.148732,-0.008638,0.166292,-0.0307,0.159164,-0.036358,0.127768,-0.034529,0.086013,-0.034186,0.057637,-0.037077,0.049532,-0.038552,0.053048,-0.03491,0.065239,-0.025607,0.078429,-0.010448,0.088232,0.000778,0.084734,0.013673,0.078702,0.024837,0.069764,0.0313,0.054213,0.03019,0.033742,0.015154,0.019572,-0.001222,0.014423,-0.014774,0.017334,-0.0296,0.019374,-0.035563,0.027161,-0.040321,0.030354,-0.051543,0.018564,-0.062053,-0.005338,-0.065814,-0.043732,-0.062836,-0.102042,-0.054101,-0.189808,-0.036408,-0.303447,-0.013438,-0.444804,0.05753,-1.113018,0.003018,-2.15708,-0.046363,-3.795125,0.090736,-5.431612,0.09913,-6.176308,0.120348,-6.053627,0.168833,-5.349068,0.1916,-4.304875,0.157808,-3.076023,0.084299,-1.693084,-0.004968,-0.141938,-0.079125,1.413803,-0.129925,2.740916,-0.166059,3.714502,-0.164174,4.301213,-0.10783,4.517449,0.016385,4.429545,0.186663,4.125814,0.378283,3.713296,0.56259,3.264634,0.705231,2.80251,0.732868,2.229389,0.660449,1.404563,0.474311,-0.054089,0.154577,-1.554583,-0.144487,-3.058872,-0.341034,-4.384137,-0.374369,-5.422925,-0.214157,-6.03475,0.037549,-6.191327,0.229133,-5.910692,0.301919,-5.262017,0.277614,-4.372927,0.18577,-3.244992,0.019256,-1.836739,-0.147895,-0.421658,-0.256122,0.767852,-0.27105,1.662967,-0.233447,2.278628,-0.168504,2.659438,-0.10325,2.778386,0.011384,2.651415,0.168651,2.350321,0.305467,1.971826,0.377357,1.591249,0.375276,1.263295,0.303214,1.0135,0.188287,0.855644,0.045256,0.796997,-0.101394,0.803336,-0.226617,0.819257,-0.315806,0.809445,-0.356098,0.763315,-0.351236,0.678521,-0.315608,0.559237,-0.264886,0.426638,-0.206297,0.313772,-0.135933,0.248542,-0.067357,0.228286,-0.004765,0.226657,0.046869,0.219629,0.083613,0.182017,0.104349,0.122667,0.106624,0.057212,0.082672,-0.004171
3,-0.067461,0.067095,-0.065097,0.068833,-0.052449,0.081967,-0.031816,0.098257,-0.012829,0.117005,0.000883,0.135451,0.000146,0.150658,-0.012876,0.155896,-0.028191,0.146428,-0.036838,0.125139,-0.035747,0.104488,-0.028672,0.094771,-0.025199,0.103904,-0.026871,0.128888,-0.032716,0.161008,-0.040021,0.182634,-0.046308,0.18259,-0.043724,0.170412,-0.031304,0.159899,-0.013392,0.164658,0.005354,0.182215,0.019819,0.199374,0.021823,0.218455,0.01026,0.239647,-0.012445,0.264775,-0.036278,0.282595,-0.052992,0.284245,-0.062373,0.278264,-0.063896,0.275285,-0.052,0.289529,-0.028008,0.319091,0.000934,0.358681,0.03105,0.390556,0.059017,0.399036,0.081779,0.378044,0.098534,0.324342,0.097763,0.241002,0.076081,0.108333,0.024646,-0.092445,-0.050893,-0.430417,-0.11623,-1.10464,-0.117755,-2.687552,-0.195619,-4.056402,-0.181529,-5.178533,-0.118976,-5.678825,-0.082858,-5.454122,-0.041062,-4.666756,0.011919,-3.579165,0.074868,-2.344002,0.107687,-0.944257,0.119675,0.462784,0.123447,1.689371,0.119076,2.668844,0.092858,3.420759,0.074475,3.911703,0.091388,4.11281,0.151987,4.083448,0.228817,3.877817,0.290038,3.498768,0.328797,2.904238,0.313998,2.060954,0.243814,0.996007,0.181081,-0.243996,0.132858,-1.602925,0.074694,-2.985704,0.025777,-4.264552,0.018585,-5.339017,0.01913,-6.099267,-0.038763,-6.332122,-0.173413,-5.799898,-0.334767,-4.547721,-0.44349,-2.885297,-0.46416,-1.124264,-0.227061,1.494578,-0.044573,2.166389,0.078063,2.601437,0.136531,2.847111,0.156862,2.903615,0.161215,2.797624,0.144206,2.615201,0.11438,2.422555,0.108833,2.230291,0.142131,1.936835,0.170436,1.615741,0.168736,1.33879,0.134203,1.126734,0.067838,0.963371,-0.010683,0.826269,-0.089664,0.682079,-0.152913,0.526523,-0.186663,0.36215,-0.199872,0.202195,-0.195522,0.073116,-0.177662,-0.008844,-0.147934,-0.032109,-0.10757,-0.017847,-0.058689,0.023601,-0.014384,0.063812,0.020652,0.09259,0.045426,0.103526
3,-0.027299,0.202446,-0.006938,0.183413,0.019936,0.158741,0.045289,0.132123,0.061586,0.114799,0.062985,0.110137,0.045503,0.114664,0.017506,0.115871,-0.01785,0.118501,-0.048244,0.118993,-0.072045,0.120239,-0.079285,0.12262,-0.063166,0.138983,-0.040783,0.159589,-0.006349,0.185509,0.018185,0.20463,0.028095,0.226568,0.026161,0.254082,0.018573,0.2697,0.008295,0.260905,0.001285,0.236264,-0.007594,0.208694,-0.015044,0.193844,-0.024142,0.192338,-0.025154,0.197976,-0.018902,0.212004,-0.017298,0.224753,-0.027699,0.243109,-0.042789,0.275467,-0.051199,0.293401,-0.055726,0.282305,-0.054287,0.250613,-0.044178,0.202048,-0.021441,0.135705,0.008501,0.041712,0.036164,-0.098722,0.041649,-0.286214,0.048066,-0.907754,0.01793,-2.028289,0.006885,-3.710621,0.140116,-5.397127,0.152868,-6.382154,0.145993,-6.584154,0.13137,-6.03975,0.117026,-4.964909,0.107756,-3.571653,0.069291,-1.870459,0.008522,-0.069206,-0.071704,1.616157,-0.110014,3.003459,-0.126422,4.040249,-0.123137,4.69351,-0.097269,4.960579,-0.035469,4.908468,0.059965,4.591099,0.161626,4.003358,0.246555,3.137981,0.333111,2.06275,0.409162,0.861236,0.478211,-0.459128,0.4971,-1.865551,0.451274,-3.233991,0.366497,-4.482678,0.284931,-5.502248,0.191926,-6.166502,0.086019,-6.367498,-0.038909,-6.023105,-0.152426,-5.097976,-0.212087,-3.771422,-0.20008,-2.330682,-0.134684,-0.952534,-0.032399,0.285954,0.113162,1.354206,0.258929,2.307018,0.365522,3.152068,0.430125,3.812553,0.445385,4.262337,0.429467,4.448138,0.445307,4.202181,0.51889,3.431523,0.564696,2.340839,0.501686,1.327231,0.295024,0.656742,0.02392,0.350452,-0.255094,0.285062,-0.485283,0.342577,-0.653575,0.420998,-0.721692,0.477896,-0.66716,0.465155,-0.513215,0.347118,-0.310185,0.152485,-0.120442,-0.0485,0.011662,-0.198554,0.075749,-0.276548,0.076655,-0.279713,0.046032,-0.231537,0.008512,-0.178514,-0.02862,-0.135561,-0.058603,-0.103266,-0.066777,-0.068001
3,-0.025804,0.070401,-0.029913,0.071469,-0.032326,0.057816,-0.029611,0.042819,-0.0108,0.039059,0.011437,0.04431,0.016984,0.061563,0.009673,0.084332,-0.010581,0.099459,-0.034492,0.104568,-0.04944,0.106246,-0.051784,0.105741,-0.045158,0.097418,-0.034972,0.085959,-0.030089,0.087975,-0.037274,0.102973,-0.041137,0.122575,-0.044014,0.141904,-0.043473,0.174651,-0.044706,0.217738,-0.047975,0.26136,-0.051292,0.300589,-0.047149,0.33025,-0.032643,0.345159,-0.004181,0.336843,0.021302,0.302997,0.030222,0.220648,0.039343,0.060327,0.065003,-0.215256,0.107497,-0.666761,0.162876,-1.366263,0.245317,-2.387888,0.366361,-3.660097,0.475429,-4.811471,0.582393,-5.582021,0.656952,-5.832281,0.623409,-5.441051,0.479268,-4.517462,0.269716,-3.305027,0.019859,-1.884829,-0.259041,-0.346548,-0.502815,1.100362,-0.638135,2.314806,-0.657568,3.293015,-0.543107,4.010642,-0.337278,4.460895,-0.116561,4.68209,0.064053,4.686737,0.19441,4.445034,0.279603,3.972973,0.300597,3.264672,0.244197,2.343546,0.129236,1.233724,0.008998,0.001307,-0.089604,-1.243704,-0.169432,-2.386257,-0.208604,-3.388715,-0.205743,-4.202202,-0.174481,-4.766884,-0.12017,-5.060462,-0.031889,-5.043045,0.118442,-4.686357,0.264746,-4.030358,0.309855,-3.083057,0.240804,-1.908747,0.115866,-0.6057,0.00354,0.682494,-0.083865,1.879596,-0.155125,3.032855,-0.191778,4.077296,-0.159714,4.866157,-0.066669,5.293093,0.09083,5.242299,0.278706,4.553444,0.414535,3.299287,0.42757,2.001864,0.292037,1.089232,0.069215,0.636757,-0.156586,0.530919,-0.314206,0.60361,-0.381627,0.718248,-0.37859,0.740918,-0.341048,0.543846,-0.265388,0.16084,-0.158613,-0.25487,-0.070365,-0.581989,-0.006456,-0.762546,0.03568,-0.804968,0.043116,-0.729698,0.008122,-0.567015,-0.044162,-0.380932,-0.074497,-0.243791,-0.06786,-0.16771,-0.038953,-0.154823,-0.001516,-0.193349,0.029556,-0.235938,0.043891,-0.243854,0.042489,-0.208523,0.029003,-0.128605,-0.000502,-0.002068
3,0.027893,0.080783,0.033264,0.027914,0.011038,0.035638,-0.023421,0.082542,-0.048852,0.126091,-0.05977,0.157296,-0.0532,0.175352,-0.037858,0.171494,-0.023976,0.148296,-0.027071,0.118306,-0.040509,0.090779,-0.060144,0.06902,-0.084194,0.060297,-0.09442,0.063608,-0.084209,0.079639,-0.063495,0.098751,-0.036199,0.113169,-0.010938,0.113899,0.004226,0.10386,0.001312,0.095801,-0.015393,0.089804,-0.04333,0.087418,-0.063873,0.088726,-0.069273,0.094206,-0.064631,0.100696,-0.044259,0.113585,-0.017834,0.128433,0.005334,0.134109,0.022113,0.13576,0.032203,0.146563,0.020204,0.171104,-0.010638,0.218436,-0.047862,0.282336,-0.07226,0.345443,-0.065351,0.399619,-0.021916,0.425267,0.03653,0.390364,0.129295,-0.095434,0.208473,-1.175741,0.22847,-2.421413,0.323232,-3.760798,0.313379,-4.776264,0.226171,-5.466196,0.162313,-5.846716,0.06509,-5.739798,-0.09836,-4.923302,-0.241033,-3.506687,-0.311568,-1.784035,-0.327823,-0.023125,-0.309651,1.569734,-0.252691,2.893759,-0.140171,3.950145,0.081418,4.673534,0.363814,5.024759,0.635693,5.012136,0.848366,4.627756,0.970836,3.884135,0.973649,2.88187,0.807611,1.76444,0.511064,0.61259,0.165011,-0.537188,-0.10907,-1.710753,-0.258,-2.912597,-0.326617,-4.073115,-0.367961,-4.990772,-0.34966,-5.598459,-0.262005,-5.847112,-0.127393,-5.582045,-0.018375,-4.807783,0.014681,-3.641906,-0.029793,-2.152012,-0.099333,-0.579722,-0.185318,0.803271,-0.218554,1.961112,-0.110858,2.925778,0.120279,3.646575,0.366949,4.068923,0.56156,4.23661,0.720518,4.218217,0.832333,4.043491,0.862323,3.662089,0.788226,3.091702,0.627384,2.474911,0.381951,1.953522,0.090893,1.589098,-0.175933,1.376803,-0.367877,1.262043,-0.463258,1.1196,-0.477979,0.873358,-0.446219,0.54927,-0.386218,0.241786,-0.287061,-0.007283,-0.152292,-0.192051,-0.041549,-0.297549,0.021629,-0.325741,0.031108,-0.302965,0.004816,-0.264991,-0.035126,-0.239795,-0.07655,-0.240515,-0.078507,-0.227829
3,0.108169,0.332933,0.084865,0.360623,0.072775,0.367322,0.07278,0.346859,0.078591,0.284804,0.087149,0.214076,0.087862,0.149632,0.082819,0.114738,0.07911,0.117563,0.07503,0.151458,0.067962,0.207592,0.050163,0.264826,0.008966,0.316848,-0.042263,0.369873,-0.081163,0.402706,-0.100669,0.412026,-0.114556,0.402979,-0.129647,0.38864,-0.139094,0.395124,-0.156732,0.428005,-0.190404,0.470073,-0.230604,0.502795,-0.259837,0.508684,-0.256494,0.485124,-0.215967,0.439192,-0.145221,0.373542,-0.064853,0.293708,0.003328,0.209174,0.047161,0.132756,0.064357,0.072649,0.052748,0.025439,0.036872,-0.009788,0.015171,-0.034563,-0.014591,-0.052806,-0.044997,-0.060138,-0.06446,-0.044396,-0.05711,-0.003406,-0.021036,0.051064,0.024272,0.114273,0.057772,0.187998,0.06826,0.268958,0.048792,0.355596,-0.001796,0.44811,-0.069818,0.543177,-0.125365,0.637513,-0.1608,0.719195,-0.187159,0.75725,-0.216905,0.717421,-0.26098,0.534322,-0.306038,0.234787,-0.310128,-0.114467,-0.353767,-0.82564,-0.701815,-2.22746,-0.974071,-3.555416,-1.13813,-4.800371,-1.233318,-5.488845,-1.261731,-5.524724,-1.230846,-4.893584,-1.111241,-3.42647,-0.866681,-1.377439,-0.519081,0.693149,-0.090369,2.438929,0.375873,3.557686,0.755692,4.040956,0.994029,4.068199,1.096218,3.709104,1.010334,2.895222,0.777382,1.539996,0.503741,-0.290425,0.255554,-2.260412,0.027125,-3.972885,-0.220614,-5.166704,-0.497298,-5.772931,-0.744116,-5.940724,-0.852454,-5.717618,-0.66319,-4.881188,-0.152332,-3.134395,0.382206,-0.710676,0.741231,1.603811,0.921186,3.313555,1.047893,4.190815,1.061497,4.391163,0.936703,4.123013,0.779348,3.758982,0.650192,3.287736,0.587581,2.784186,0.558776,2.269645,0.500437,1.752898,0.409865,1.240614,0.292405,0.765817,0.155573,0.366247,0.017049,0.061765,-0.109242,-0.134485,-0.211871,-0.226413,-0.280467,-0.221655,-0.31839,-0.147824,-0.322228,-0.042195,-0.313211,0.063312,-0.308526,0.154144,-0.308738,0.232283
3,0.031827,-0.017345,-0.001298,0.014728,-0.032366,0.058726,-0.048838,0.103968,-0.048976,0.136732,-0.039062,0.15077,-0.026236,0.150656,-0.026817,0.136827,-0.033448,0.117577,-0.044933,0.102952,-0.052404,0.097004,-0.047331,0.098048,-0.02124,0.109298,0.020212,0.131186,0.066803,0.159025,0.100982,0.177334,0.108856,0.186593,0.100574,0.193893,0.080591,0.206562,0.053829,0.222328,0.026701,0.239478,0.006266,0.245443,-0.007183,0.221194,-0.016873,0.164682,-0.025654,0.097235,-0.032047,0.045078,-0.036106,0.023437,-0.033539,0.042044,-0.015666,0.09464,0.005733,0.165513,0.022797,0.239548,0.031131,0.314136,0.03135,0.367916,0.021939,0.395641,0.010746,0.394766,0.007072,0.383241,0.004865,0.385095,0.003033,0.420762,-0.002007,0.47772,-0.000698,0.531635,0.009774,0.561258,0.04225,0.549686,0.085728,0.489691,0.108277,0.382305,0.110045,0.222516,0.007965,-0.338405,-0.232013,-1.247824,-0.814822,-3.694052,-1.511377,-6.180707,-2.02354,-7.696819,-2.141301,-8.262458,-1.892445,-7.919445,-1.296266,-6.668699,-0.442175,-4.535007,0.357156,-1.711125,0.864085,1.295106,1.080516,3.68848,1.131716,4.97288,1.075475,5.40161,0.974915,5.305909,0.838484,4.701264,0.644957,3.391178,0.451371,1.222726,0.263258,-1.54979,0.027429,-4.165434,-0.294142,-5.944512,-0.919076,-4.64485,-0.516266,-2.127815,0.049645,0.633442,0.590656,2.730914,0.975558,3.907549,1.144061,4.42039,1.106022,4.543361,0.956559,4.461718,0.79953,4.235884,0.699442,3.865074,0.668495,3.372929,0.691848,2.794787,0.731722,2.191453,0.710688,1.59275,0.630354,1.003421,0.488828,0.464792,0.28245,0.03026,0.047896,-0.272089,-0.181247,-0.444612,-0.375635,-0.494548,-0.511649,-0.445279,-0.571394,-0.332506,-0.577057,-0.192158,-0.54197,-0.052823,-0.473238,0.073601,-0.386364,0.175006,-0.298903,0.255319,-0.214573,0.294077,-0.145355,0.26839,-0.091939,0.192273,-0.054302,0.091291,-0.026499,0.002381,-0.003085,-0.043315,0.023318,-0.043163
3,0.172044,0.176747,0.16985,0.172824,0.15312,0.170205,0.133569,0.172236,0.118441,0.179403,0.104491,0.189599,0.091361,0.188025,0.080529,0.175191,0.068394,0.153702,0.05477,0.125927,0.031166,0.104524,-0.000121,0.089724,-0.035936,0.089381,-0.068152,0.109279,-0.09515,0.147679,-0.125707,0.194368,-0.150285,0.230488,-0.158653,0.247305,-0.152352,0.24091,-0.131195,0.228634,-0.089798,0.221065,-0.036733,0.214619,0.010251,0.21076,0.060149,0.22321,0.108037,0.25376,0.140372,0.288085,0.152275,0.322282,0.146862,0.350591,0.13425,0.381592,0.119799,0.417466,0.117249,0.451857,0.123983,0.479431,0.119528,0.453658,0.094861,0.34629,0.061998,0.158877,-0.043623,-0.71265,-0.395352,-2.410755,-0.883004,-4.871379,-1.327912,-7.450189,-1.648487,-8.723744,-1.645131,-8.682312,-1.29021,-7.750069,-0.658287,-6.013999,0.020855,-3.501918,0.531929,-0.494612,0.8319,2.375019,0.944248,4.328377,0.957114,5.203266,0.85568,5.367113,0.707532,5.111699,0.583837,4.435581,0.458671,3.179441,0.369893,1.156819,0.265116,-1.45965,0.06534,-4.013907,-0.204654,-5.860416,-0.453369,-6.809768,-0.660525,-7.023016,-0.761392,-6.704908,-0.621914,-5.752088,-0.201054,-3.921255,0.261658,-1.304307,0.560308,1.381509,0.68241,3.388346,0.767953,4.52549,0.846945,4.968172,0.867929,5.040421,0.839969,4.891387,0.768072,4.576071,0.70506,4.118957,0.675848,3.556673,0.654065,2.950786,0.606368,2.34761,0.526201,1.743217,0.409201,1.128211,0.258077,0.553575,0.084307,0.063224,-0.092248,-0.311321,-0.251399,-0.541638,-0.359501,-0.615995,-0.422342,-0.555243,-0.436531,-0.406983,-0.421477,-0.229994,-0.385817,-0.06821,-0.330967,0.076329,-0.264825,0.21263,-0.209367,0.350913,-0.162192,0.469223,-0.128379,0.534322,-0.10888,0.527167,-0.108712,0.447696,-0.126215,0.322709,-0.141215,0.176009,-0.147412,0.041946,-0.141605,-0.032018,-0.133,-0.028981,-0.130086,0.020097,-0.139317,0.071863,-0.161044,0.10007,-0.189175,0.097182
3,-0.086121,-0.293088,-0.074027,-0.382497,-0.076288,-0.432765,-0.094939,-0.42148,-0.127138,-0.348561,-0.166843,-0.232386,-0.201313,-0.105498,-0.214576,0.025445,-0.201639,0.156672,-0.157096,0.269305,-0.091482,0.341732,-0.012239,0.368652,0.068314,0.359658,0.133124,0.327694,0.183526,0.281193,0.218167,0.240455,0.230438,0.220872,0.22275,0.227544,0.200833,0.268877,0.174823,0.33824,0.144944,0.420873,0.115631,0.489866,0.084211,0.529446,0.051931,0.544774,0.031773,0.541904,0.022316,0.530989,0.019813,0.524633,0.019858,0.534445,0.010851,0.551339,-0.009871,0.572816,-0.034967,0.588056,-0.059046,0.58615,-0.067036,0.56788,-0.056146,0.534196,-0.026082,0.498757,0.012254,0.463415,0.038178,0.43162,0.054269,0.411529,0.030302,0.316013,0.011989,0.287029,0.002302,0.27423,-0.001585,0.292957,0.000227,0.337829,-0.006572,0.405247,-0.018506,0.476515,-0.034013,0.527804,-0.043373,0.541598,-0.042376,0.52006,-0.032656,0.476956,-0.024801,0.431112,-0.017887,0.40008,-0.012863,0.377405,-0.001492,0.344257,0.012947,0.2816,0.020489,0.17112,0.018915,0.02011,0.020469,-0.179268,0.022079,-0.420771,-0.321279,-4.4365,-0.33397,-1.967199,0.830349,3.413182,0.781554,3.341036,0.73264,3.210171,0.6851,2.995116,0.625089,2.678033,0.562855,2.250741,0.494577,1.678115,0.382909,0.916275,0.219955,-0.073517,0.015022,-1.319129,-0.246859,-2.778844,-0.538725,-4.186726,-0.804731,-5.192503,-1.013422,-5.627522,-0.298205,-2.80934,0.147967,-0.92968,0.469149,0.901532,0.644606,2.362479,0.73391,3.203323,0.753254,3.49978,0.720498,3.470649,0.661825,3.248032,0.583009,2.91355,0.509688,2.541743,0.451944,2.172157,0.411218,1.834046,0.368079,1.517175,0.297158,1.182807,0.20724,0.843044,0.112875,0.533511,0.009758,0.273168,-0.102392,0.074397,-0.210405,-0.058954,-0.285656,-0.130038,-0.323781,-0.148257,-0.325063,-0.121259,-0.296329,-0.062015,-0.246249,0.012428,-0.194327,0.087903,-0.159672,0.166258
3,0.099283,0.223542,0.082654,0.232406,0.063139,0.25851,0.034879,0.281402,-0.005665,0.292018,-0.049586,0.290144,-0.088342,0.270217,-0.104962,0.237819,-0.104455,0.198803,-0.096383,0.158933,-0.072533,0.124108,-0.037123,0.113075,0.003448,0.127278,0.041733,0.145384,0.069914,0.144033,0.081505,0.123673,0.076595,0.089806,0.062128,0.052794,0.042465,0.017087,0.013527,-0.012014,-0.021544,-0.039709,-0.054399,-0.076744,-0.074938,-0.130937,-0.087735,-0.212122,-0.110448,-0.334704,-0.153736,-0.490635,-0.195739,-0.672049,-0.222148,-0.891171,-0.276641,-1.38511,-0.369344,-2.022404,-0.503913,-3.685296,-0.642235,-5.378976,-0.773271,-6.507232,-0.788229,-6.958044,-0.732107,-6.597671,-0.703518,-5.448771,-0.691254,-3.86097,-0.601727,-2.186862,-0.38613,-0.580237,-0.054221,0.863076,0.316106,1.924927,0.667084,2.605911,0.939,3.01848,1.079433,3.255699,1.086266,3.412186,1.022794,3.531934,0.935398,3.640135,0.864452,3.742531,0.81502,3.805976,0.785867,3.78404,0.747466,3.645584,0.681163,3.387948,0.558999,3.017822,0.381701,2.544194,0.172892,1.975641,-0.038787,1.35317,-0.220214,0.70937,-0.353799,0.056908,-0.41854,-0.640693,-0.421674,-1.441768,-0.423318,-2.355139,-0.459338,-3.370123,-0.553921,-4.426558,-0.688056,-5.401736,-0.860027,-6.24884,-1.034523,-6.955842,-1.104054,-7.414324,-0.996407,-7.404827,-0.801737,-6.774261,-0.635847,-5.393107,-0.525189,-3.425426,-0.380612,-1.241655,-0.138769,0.809505,0.198902,2.398041,0.537351,3.327567,0.802083,3.781425,0.981161,3.953724,1.080934,3.939939,1.109392,3.772233,1.081754,3.475357,1.019382,3.078839,0.924954,2.610397,0.768902,2.101878,0.571414,1.624634,0.365096,1.23921,0.163508,0.962189,-0.001076,0.781602,-0.142771,0.647801,-0.258396,0.557886,-0.32991,0.501183,-0.349367,0.462966,-0.318493,0.431579,-0.255894,0.3866,-0.18448,0.323529,-0.120018,0.256303,-0.060354,0.198625,-0.012585,0.168908,0.021511,0.175466,0.036524,0.198503,0.040704,0.207243
3,-0.071222,0.219556,-0.05532,0.228357,-0.033566,0.241124,-0.014446,0.244618,-0.003045,0.225869,0.002508,0.187689,0.008517,0.143808,0.015651,0.115132,0.02415,0.113778,0.032053,0.140308,0.024572,0.193528,0.000901,0.263714,-0.031197,0.339667,-0.061011,0.41167,-0.085333,0.464357,-0.098215,0.490079,-0.092654,0.494462,-0.065324,0.479229,-0.013728,0.460901,0.044146,0.432191,0.09899,0.382312,0.139149,0.314658,0.149184,0.233467,0.128573,0.133356,0.089706,0.005194,0.04086,-0.165588,-0.020154,-0.368492,-0.089895,-0.59879,-0.205197,-1.133253,-0.354601,-1.694065,-0.578004,-3.258283,-0.837179,-4.932137,-1.093335,-6.087326,-1.200493,-6.637047,-1.190702,-6.547734,-1.121814,-5.934335,-1.027213,-4.911172,-0.89865,-3.528073,-0.72172,-1.862771,-0.45755,-0.139908,-0.078141,1.373401,0.378281,2.457985,0.80793,3.101412,1.114124,3.454893,1.297978,3.671541,1.381527,3.825425,1.39693,3.938512,1.371799,3.970202,1.3137,3.886839,1.213783,3.694601,1.06619,3.404049,0.872311,3.04782,0.677067,2.656543,0.490235,2.255256,0.310888,1.875674,0.118891,1.522877,-0.069551,1.186671,-0.24255,0.870342,-0.390099,0.571267,-0.50023,0.28395,-0.361453,-1.073376,-0.267136,-1.419683,-0.194067,-2.009382,-0.843291,-7.075995,-0.497759,-2.646069,-0.184076,-0.557884,0.096642,1.207234,0.34266,2.263715,0.536672,2.753725,0.664667,2.946443,0.728349,2.952444,0.73546,2.845662,0.714563,2.681175,0.688177,2.476339,0.678123,2.225528,0.677238,1.936797,0.661517,1.631718,0.599371,1.333104,0.481831,1.062044,0.334248,0.839303,0.186238,0.687506,0.057765,0.592856,-0.053609,0.522168,-0.121368,0.476677,-0.14958,0.480518,-0.158671,0.526589,-0.155293,0.599327,-0.132185,0.661354,-0.09787,0.664949,-0.063732,0.601157,-0.014356,0.494226,0.049978,0.37733,0.116973,0.280021,0.165383,0.226565,0.179653,0.212341,0.164616,0.216451,0.13088,0.212634,0.092192,0.191542,0.056094,0.160996,0.020148,0.132732
3,-0.127674,0.214191,-0.130527,0.238199,-0.122717,0.229086,-0.103185,0.199712,-0.07793,0.165253,-0.051685,0.135279,-0.033927,0.112121,-0.026552,0.082972,-0.026782,0.059203,-0.034801,0.048252,-0.045039,0.053613,-0.05245,0.073647,-0.061255,0.100286,-0.071447,0.124899,-0.075061,0.142286,-0.071078,0.160967,-0.058743,0.177704,-0.043446,0.190996,-0.021526,0.194004,-0.003757,0.186748,0.013941,0.170855,0.030217,0.172226,0.042134,0.199773,0.04445,0.24339,0.039834,0.287839,0.030056,0.321199,0.01774,0.349629,0.010655,0.375351,0.010473,0.401326,0.017613,0.43063,0.027786,0.456251,0.030924,0.495821,0.035066,0.556865,0.038118,0.629027,0.031366,0.693353,0.018452,0.716801,0.002263,0.682584,-0.01516,0.590355,-0.032947,0.451685,-0.060503,0.261646,-0.143882,-0.327067,-0.34663,-1.256332,-0.621842,-2.912179,-0.892882,-4.914064,-1.15789,-6.238748,-1.348022,-6.7608,-1.378687,-6.679008,-1.277992,-6.182148,-1.06271,-5.30084,-0.729319,-3.933169,-0.287428,-2.200885,0.19171,-0.346421,0.61394,1.458681,0.922711,2.828232,1.112851,3.649424,1.202752,4.107557,1.209578,4.328542,1.155263,4.366745,1.071162,4.253982,0.985992,4.002074,0.913406,3.603565,0.812687,3.03322,0.660942,2.314816,0.471437,1.487446,0.259605,0.561321,0.024003,-0.538301,-0.227716,-1.838393,-0.485138,-3.20722,-0.719207,-4.44707,-0.929874,-5.381558,-1.131335,-5.94084,-1.285581,-6.17145,-1.319544,-6.066385,-1.149595,-5.493413,-0.754979,-4.261241,-0.258282,-2.44405,0.198657,-0.43151,0.514867,1.396124,0.678987,2.662091,0.755586,3.338901,0.775864,3.64226,0.755383,3.699268,0.716435,3.573164,0.676823,3.334513,0.648534,3.031518,0.641661,2.704549,0.576009,2.330167,0.497291,1.867656,0.427136,1.359002,0.356721,0.85825,0.271675,0.423089,0.166418,0.082469,0.053066,-0.133073,-0.047291,-0.226293,-0.127533,-0.221789,-0.189758,-0.158791,-0.236114,-0.080354,-0.266397,-0.000248,-0.271999,0.070373,-0.250434,0.129418
3,-0.015847,0.106013,-0.014371,0.167414,-0.011158,0.210714,-0.010228,0.221545,-0.012685,0.196821,-0.015155,0.15659,-0.012721,0.126043,-0.002399,0.124236,0.010573,0.15262,0.019653,0.207447,0.026404,0.269544,0.028235,0.334058,0.025635,0.38652,0.020588,0.430765,0.027384,0.472778,0.043102,0.52224,0.065311,0.584382,0.092586,0.668445,0.113436,0.752027,0.125054,0.815922,0.134718,0.859259,0.142568,0.883234,0.146396,0.898487,0.135391,0.896697,0.100506,0.867791,0.052576,0.812385,0.018412,0.733023,-0.000735,0.611755,-0.020097,0.42799,-0.027728,0.151905,-0.030748,-0.201561,-0.062799,-0.942511,-0.225729,-1.954317,-0.453425,-3.563427,-0.749324,-5.357842,-1.100396,-6.490359,-1.39088,-6.872075,-1.533384,-6.629654,-1.514025,-5.944345,-1.336088,-4.924997,-0.977568,-3.641515,-0.497669,-2.095267,-0.004346,-0.356997,0.427476,1.356282,0.733707,2.629665,0.910056,3.375243,0.953469,3.765243,0.910041,3.923507,0.831582,3.916649,0.756721,3.790201,0.741766,3.582144,0.755818,3.317487,0.738389,2.989189,0.672908,2.62038,0.612302,2.251101,0.541228,1.915564,0.45451,1.634624,0.350475,1.396633,0.230067,1.184743,0.113987,0.973767,0.027133,0.754325,-0.037934,0.515193,-0.090273,0.242974,-0.135185,-0.068551,-0.18115,-0.41058,-0.220395,-0.808146,-0.285509,-1.599682,-0.508197,-2.730775,-0.773343,-4.329095,-1.055839,-6.214716,-1.312964,-7.560202,-1.500938,-8.189231,-1.564061,-8.112722,-1.482314,-7.336529,-1.251998,-5.974534,-0.870372,-4.061624,-0.376197,-1.651811,0.150831,0.703113,0.58131,2.407911,0.89631,3.341019,1.068207,3.773626,1.107746,3.889837,1.043071,3.78886,0.935726,3.543476,0.823781,3.235579,0.726957,2.892955,0.612195,2.487632,0.532736,1.984167,0.475022,1.440898,0.395186,0.889258,0.28679,0.38953,0.16504,0.009226,0.040685,-0.219009,-0.08091,-0.287943,-0.180967,-0.212633,-0.238246,-0.033115,-0.252718,0.175354,-0.233668,0.353226,-0.189075,0.462099,-0.135565,0.483114
3,0.018542,0.211942,0.000762,0.240829,-0.005759,0.262335,0.001069,0.27593,0.014389,0.288931,0.032897,0.304968,0.049919,0.327997,0.071491,0.35974,0.092584,0.400425,0.102926,0.453854,0.102432,0.512374,0.099908,0.554937,0.094388,0.581802,0.09215,0.595696,0.088322,0.600092,0.086697,0.621515,0.093581,0.667069,0.102772,0.726294,0.118275,0.792756,0.134537,0.845883,0.150795,0.852576,0.160652,0.80019,0.157814,0.6939,0.145572,0.542744,0.114529,0.358098,0.059579,0.128198,-0.022975,-0.152593,-0.14264,-0.498304,-0.291558,-1.261776,-0.715195,-3.239016,-1.10856,-5.011806,-1.355527,-6.720356,-1.523958,-7.683237,-1.654961,-7.784356,-1.658941,-7.360232,-1.53335,-6.512136,-1.317778,-5.028306,-0.98416,-2.909581,-0.535418,-0.617073,-0.026538,1.310395,0.461175,2.578244,0.874989,3.229516,1.134161,3.509202,1.253699,3.627045,1.272059,3.685,1.236227,3.718361,1.20962,3.705892,1.212845,3.621826,1.156363,3.420788,1.070624,3.109696,0.976833,2.713927,0.841887,2.278759,0.659401,1.865913,0.439363,1.500912,0.190773,1.177396,-0.044818,0.90958,-0.244579,0.696952,-0.391563,0.504802,-0.48412,0.294149,-0.5301,0.021416,-0.547294,-0.326737,-0.553261,-0.826567,-0.544964,-1.642863,-0.687091,-3.571087,-0.869027,-5.320278,-1.012874,-6.735977,-1.100692,-7.556733,-1.162092,-7.788953,-1.190931,-7.591197,-1.166739,-6.982129,-1.107922,-5.766512,-0.986385,-3.911064,-0.738403,-1.723881,-0.336921,0.380797,0.175906,2.042805,0.673737,3.052517,1.051823,3.602649,1.274785,3.903354,1.367161,4.05958,1.364973,4.097507,1.286307,4.007643,1.168243,3.788628,1.061588,3.47823,0.912963,3.055549,0.73655,2.550786,0.591075,2.048462,0.463317,1.593051,0.324679,1.175789,0.180714,0.831776,0.055213,0.575789,-0.049136,0.390194,-0.122972,0.26257,-0.157233,0.177689,-0.165079,0.132464,-0.157031,0.133943,-0.14036,0.163178,-0.119109,0.196611,-0.110301,0.222619,-0.101662,0.237507,-0.088901,0.247834
3,0.005569,0.030523,-0.007913,-0.004351,-0.015585,-0.030946,-0.020177,-0.039614,-0.022684,-0.033412,-0.019077,-0.009071,-0.025243,0.028898,-0.034306,0.086228,-0.036092,0.151449,-0.034282,0.20144,-0.035591,0.218199,-0.037331,0.203235,-0.040069,0.163241,-0.055006,0.097732,-0.085658,0.008617,-0.121653,-0.095656,-0.167598,-0.19484,-0.252945,-0.284624,-0.419775,-0.7839,-1.025605,-2.634373,-1.64404,-4.554749,-1.994705,-6.569959,-2.127815,-7.51124,-2.104003,-7.214012,-1.876178,-6.239803,-1.444529,-4.949347,-0.848667,-3.302098,-0.192122,-1.35585,0.362784,0.540151,0.752267,2.058023,0.992932,2.95399,1.135725,3.3967,1.172112,3.573454,1.124498,3.570001,1.049857,3.441151,1.00375,3.238535,0.994446,3.007484,0.957927,2.736014,0.867934,2.408463,0.775704,2.052327,0.679965,1.719985,0.568014,1.43719,0.417091,1.207551,0.243883,1.039497,0.066454,0.919013,-0.093044,0.844129,-0.218222,0.816264,-0.312663,0.819986,-0.369167,0.822583,-0.383215,0.788178,-0.356337,0.685362,-0.297127,0.505109,-0.208632,0.225304,-0.119607,-0.145058,-0.063606,-0.844646,-0.197564,-2.352854,-0.487288,-3.872107,-0.867419,-5.637894,-1.303258,-6.982993,-1.688783,-7.693426,-1.864853,-7.79364,-1.784202,-7.316875,-1.482377,-6.182284,-1.042547,-4.410628,-0.558598,-2.28866,-0.127932,-0.269262,0.216981,1.257883,0.525448,2.183717,0.788643,2.705876,0.962418,3.030782,1.020312,3.243605,0.991401,3.379108,0.917517,3.427346,0.83682,3.356947,0.773814,3.169967,0.706127,2.849051,0.603464,2.423657,0.545638,1.980411,0.514049,1.573768,0.457207,1.204558,0.371054,0.896272,0.265093,0.682182,0.143716,0.561109,0.028669,0.519931,-0.073265,0.53934,-0.145619,0.598078,-0.193612,0.65881,-0.226272,0.680309,-0.245309,0.632226,-0.24991,0.523829,-0.230545,0.394338,-0.183254,0.286017,-0.109169,0.223006,-0.021658,0.214398,0.063686,0.247347,0.142701,0.299381,0.200221,0.33555,0.214838,0.312214,0.18215,0.234383,0.114899,0.124526
3,-0.056862,0.007832,-0.056478,0.035768,-0.056094,0.063701,-0.052353,0.08826,-0.048954,0.098359,-0.03719,0.093287,-0.029145,0.083845,-0.023106,0.085175,-0.026116,0.09965,-0.037859,0.121543,-0.059478,0.137682,-0.084524,0.147037,-0.105515,0.144918,-0.121423,0.120883,-0.115686,0.084123,-0.092029,0.040371,-0.05789,0.001087,-0.027508,-0.018975,-0.009665,-0.019231,-0.0,-0.0,0.013492,0.038138,0.035457,0.089204,0.052313,0.135218,0.070699,0.171795,0.081796,0.188334,0.085827,0.182526,0.080232,0.160801,0.066733,0.136075,0.053313,0.119191,0.055412,0.123013,0.070252,0.162984,0.083347,0.218027,0.082897,0.255054,0.067336,0.270084,0.037499,0.268405,-0.016975,0.231981,-0.092095,0.164993,-0.180548,0.086086,-0.269804,0.005181,-0.34507,-0.062977,-0.453254,-0.49748,-0.57798,-1.281905,-0.642546,-2.603376,-0.693791,-4.016077,-0.776156,-4.993533,-0.843933,-5.637155,-0.807273,-5.951414,-0.666205,-5.746238,-0.46698,-4.747877,-0.246044,-2.971654,-0.02817,-0.912984,0.167149,0.940105,0.316522,2.281193,0.448422,3.066121,0.519814,3.471866,0.564023,3.745553,0.600464,3.942919,0.634815,4.021113,0.684146,3.928535,0.735263,3.636854,0.810018,3.200563,0.893979,2.658039,0.910943,2.025332,0.816483,1.294638,0.572002,0.360625,0.269075,-0.865077,-0.016488,-2.197631,-0.271094,-3.44526,-0.525599,-4.445278,-0.761665,-5.167792,-0.940073,-5.617689,-1.047634,-5.837242,-1.073619,-5.762733,-1.008837,-5.26105,-0.826802,-4.170696,-0.514261,-2.500906,-0.160668,-0.612525,0.163968,1.139184,0.424122,2.476697,0.610742,3.197449,0.702711,3.464445,0.689311,3.460404,0.564816,3.264139,0.423614,2.933969,0.311033,2.520539,0.252776,2.068252,0.260883,1.622563,0.292336,1.237284,0.277948,0.899933,0.195052,0.564495,0.084473,0.263491,-0.032747,0.066095,-0.131695,-0.011688,-0.195589,0.011305,-0.216369,0.097569,-0.207414,0.196997,-0.180526,0.272538,-0.150993,0.295738,-0.132229,0.269155,-0.117938,0.207368
3,0.064881,0.117996,0.097383,0.132937,0.109317,0.15324,0.102805,0.178474,0.078311,0.201007,0.039738,0.224374,-0.002961,0.244235,-0.04504,0.262762,-0.075806,0.274343,-0.082827,0.290687,-0.070905,0.309677,-0.048605,0.326638,-0.017738,0.33663,0.011146,0.346062,0.036778,0.355079,0.059045,0.363681,0.080771,0.370229,0.096507,0.374732,0.103648,0.373341,0.108207,0.362671,0.1056,0.331704,0.105363,0.274213,0.100895,0.174136,0.083721,0.027676,0.055888,-0.151566,0.010347,-0.351155,-0.040541,-0.573646,-0.186652,-1.298163,-0.662452,-3.198463,-1.163668,-4.984246,-1.553195,-6.651511,-1.780707,-7.417717,-1.763597,-7.042766,-1.436843,-5.738047,-0.82385,-3.871104,-0.123854,-1.677967,0.477643,0.72885,0.861398,2.68193,1.06899,3.84569,1.144209,4.37958,1.081301,4.563193,0.949235,4.581038,0.8785,4.522507,0.916013,4.382874,1.003151,4.094639,1.049132,3.664874,1.067294,3.156243,1.059008,2.633462,0.995357,2.116377,0.857917,1.617378,0.657857,1.122717,0.395532,0.608034,0.084994,0.064819,-0.252653,-0.664857,-0.585824,-1.570514,-0.964082,-3.351236,-1.297181,-5.376862,-1.537485,-7.196972,-1.627378,-8.625319,-1.51468,-9.442511,-1.27849,-9.63839,-1.023092,-9.259877,-0.733619,-8.142508,-0.453323,-6.115026,-0.278055,-3.416215,-0.157913,-0.59399,0.039499,1.577194,0.35801,2.771672,0.682204,3.227093,0.91178,3.322977,1.050919,3.187635,1.083594,2.838123,1.013689,2.351687,0.84932,1.777402,0.627275,1.148962,0.397795,0.537935,0.157491,0.06006,-0.067897,-0.201725,-0.243424,-0.235199,-0.358959,-0.073126,-0.398412,0.210136,-0.350376,0.504199,-0.237412,0.729759,-0.100623,0.865532,0.037777,0.916186,0.158614,0.906017,0.242729,0.846198,0.282264,0.757137,0.276152,0.664456,0.225967,0.570783,0.145636,0.48074,0.054944,0.385941,-0.02229,0.286886,-0.082491,0.202574,-0.120364,0.140221,-0.128135,0.099852,-0.108372,0.077002,-0.066342,0.073393,-0.007276,0.082888,0.043562,0.105983
3,0.03485,0.105313,0.006929,0.074035,-0.020995,0.072397,-0.041076,0.092876,-0.056821,0.122054,-0.056109,0.151409,-0.044066,0.173536,-0.019233,0.193623,0.017567,0.208511,0.061462,0.208394,0.105943,0.197117,0.134018,0.176695,0.136212,0.14961,0.111665,0.121753,0.073065,0.095415,0.02559,0.07363,-0.011732,0.070017,-0.027766,0.093805,-0.027335,0.130923,-0.020139,0.169579,-0.005668,0.197707,0.006558,0.215529,0.006724,0.219911,0.006248,0.204682,0.002285,0.180421,-0.001718,0.160544,0.001542,0.160807,0.004708,0.191789,0.007032,0.242656,0.01889,0.302107,0.042022,0.36322,0.066498,0.412003,0.076807,0.45218,0.082191,0.50232,0.081889,0.576853,0.063596,0.66445,0.033364,0.744794,0.007182,0.793336,-0.014591,0.784018,-0.048846,0.708926,-0.088697,0.5786,-0.125759,0.417345,-0.161563,0.128823,-0.229809,-0.70323,-0.79485,-3.274377,-1.379286,-5.507575,-1.770859,-7.206944,-1.828862,-7.841177,-1.680658,-7.354241,-1.314164,-6.198702,-0.723138,-4.580091,-0.079941,-2.465129,0.440078,-0.117652,0.777553,2.009044,0.985231,3.552274,1.092014,4.398091,1.088161,4.791692,0.983342,4.981854,0.854317,5.020505,0.74641,4.844293,0.705614,4.479639,0.730794,3.988354,0.781824,3.419496,0.845046,2.865987,0.884642,2.360672,0.865246,1.877519,0.776884,1.402918,0.604332,0.922127,0.361305,0.407318,0.086269,-0.233882,-0.189125,-1.274373,-0.722756,-3.559122,-1.393256,-5.974511,-1.959129,-8.308335,-2.099205,-9.844895,-1.788559,-10.261236,-1.308383,-9.888038,-0.808673,-9.156805,-0.413485,-7.963712,-0.155906,-6.269163,-0.048814,-4.115229,-0.024952,-1.686881,0.064911,0.390396,0.442227,2.282479,0.55331,2.46466,0.603723,2.381017,0.603458,2.094433,0.574183,1.679959,0.511964,1.215322,0.405386,0.772042,0.240092,0.377609,0.064661,0.128266,-0.039326,0.079671,-0.066893,0.146098,-0.013178,0.266219,0.097832,0.371618,0.193348,0.408089,0.218108,0.393688,0.179712,0.352636,0.098456,0.298202
3,-0.051315,0.062418,-0.082989,0.031355,-0.105375,0.009393,-0.113558,2.2e-05,-0.109747,-0.002897,-0.083101,0.000861,-0.041151,0.011699,0.00766,0.024574,0.050315,0.033089,0.074805,0.042665,0.085904,0.05571,0.081049,0.076001,0.061577,0.099013,0.035269,0.125501,0.002697,0.146765,-0.029674,0.151866,-0.049901,0.141691,-0.05515,0.125378,-0.044547,0.107106,-0.024761,0.09686,0.003081,0.089354,0.033997,0.086664,0.060769,0.090148,0.076319,0.102217,0.074609,0.114374,0.06444,0.132557,0.050092,0.161413,0.042257,0.199917,0.037082,0.245566,0.041923,0.282628,0.051925,0.299016,0.069956,0.297407,0.092974,0.293681,0.124981,0.296805,0.1585,0.321302,0.190371,0.366645,0.207512,0.421448,0.197976,0.472193,0.168365,0.506801,0.129892,0.523906,0.100517,0.520521,0.083461,0.493729,0.079207,0.44019,0.084786,0.356218,0.096017,0.237276,0.102072,0.088918,0.088273,-0.084631,0.07174,-0.271018,0.06963,-0.496993,-0.024403,-1.30843,-0.437325,-2.624876,-0.872956,-4.340959,-1.186935,-6.24674,-1.321262,-6.873082,-1.276336,-6.110768,-0.979676,-4.479541,-0.459156,-2.425951,0.100414,-0.251991,0.544401,1.679808,0.846335,3.038542,1.030674,3.835132,1.078525,4.26476,1.029516,4.426714,0.956571,4.361395,0.864642,4.111747,0.768742,3.704491,0.697412,3.149376,0.627676,2.455476,0.569167,1.681166,0.534421,0.530557,0.18143,-1.737194,-0.424337,-4.084971,-1.07173,-6.300705,-1.609772,-7.644995,-1.842422,-7.879043,-1.807527,-7.339723,-1.501936,-6.417971,-0.817283,-5.199223,0.069077,-3.378247,0.734784,-0.986935,1.025559,1.176347,1.041647,2.617851,0.951583,3.353712,0.821245,3.629966,0.675172,3.582267,0.514293,3.273236,0.350891,2.788155,0.217628,2.175537,0.123948,1.508489,0.07124,0.857641,0.048349,0.298979,0.032984,-0.099147,0.018356,-0.302673,-0.000943,-0.33219,-0.019647,-0.225212,-0.02788,-0.057936,-0.019202,0.100621,-0.008274,0.212839,0.001811,0.265142,0.01897,0.270879
3,0.019845,0.170934,0.00606,0.177137,-0.001203,0.173259,-0.003376,0.162851,-0.003724,0.150958,0.00151,0.140038,0.010079,0.129501,0.021966,0.129153,0.02984,0.140537,0.031253,0.152205,0.025298,0.159998,0.010898,0.173945,-0.011675,0.179866,-0.032791,0.172426,-0.047844,0.152804,-0.050487,0.130485,-0.04138,0.112189,-0.027305,0.106989,-0.013104,0.118073,0.000458,0.146727,0.007516,0.185478,0.005461,0.221815,-0.008679,0.242212,-0.030612,0.25766,-0.054521,0.264702,-0.070545,0.25703,-0.07815,0.220548,-0.089759,0.153508,-0.118805,0.050228,-0.179099,-0.09712,-0.316798,-0.868992,-0.584069,-1.847265,-0.970004,-3.575257,-1.347556,-5.318414,-1.644196,-6.038779,-1.681327,-6.015241,-1.391102,-5.407222,-0.871017,-4.212158,-0.299107,-2.599919,0.216525,-0.759696,0.57493,1.127386,0.741023,2.757483,0.790584,3.919876,0.804894,4.662227,0.805447,5.126367,0.815327,5.356722,0.801457,5.365657,0.811267,5.154745,0.868652,4.740443,0.959627,4.17276,1.027719,3.529625,0.984951,2.733666,0.879765,1.645793,0.547069,-0.26,0.044471,-2.524251,-0.446303,-4.732115,-0.740146,-6.457154,-0.840771,-7.446166,-0.816843,-7.935539,-0.68123,-8.231223,-0.463314,-8.353827,-0.189553,-8.107926,0.037337,-7.295605,0.163747,-5.947636,0.213687,-4.22658,0.218061,-2.414446,0.235852,-0.8063,0.319383,0.426372,0.456228,1.244882,0.561912,1.757213,0.568331,1.972797,0.496693,1.893064,0.384478,1.585458,0.265007,1.153895,0.158401,0.73174,0.078772,0.435811,0.031774,0.310722,-0.000604,0.314227,-0.03504,0.405074,-0.066036,0.54773,-0.077538,0.697942,-0.073593,0.808411,-0.057897,0.858938,-0.029609,0.848285,-0.002223,0.792059,0.013335,0.724067,0.031415,0.662247,0.036894,0.597419,0.038701,0.539702,0.041658,0.506626,0.056134,0.48303,0.057078,0.416469,0.044308,0.379937,0.032672,0.3736,0.027638,0.371351,0.029378,0.356912,0.030842,0.323015,0.023064,0.281276,0.004607,0.232043,-0.011724,0.185574
3,-0.295167,0.140762,-0.243126,0.151325,-0.186238,0.170941,-0.134965,0.177208,-0.090339,0.163403,-0.045025,0.139827,-0.002699,0.104547,0.033139,0.064413,0.05185,0.03291,0.060528,0.018287,0.063287,0.027927,0.058638,0.066026,0.053593,0.123578,0.047137,0.176829,0.036514,0.211588,0.029767,0.222348,0.025941,0.21822,0.01895,0.201316,0.006358,0.182651,-0.005687,0.167285,-0.004043,0.152936,0.013862,0.142015,0.040709,0.143362,0.056157,0.148395,0.057765,0.154701,0.050223,0.152559,0.045133,0.155112,0.054825,0.165606,0.069535,0.184289,0.094841,0.20364,0.112545,0.209112,0.116429,0.20848,0.103244,0.186566,0.070198,0.133979,0.040386,0.038693,0.035933,-0.102243,0.056849,-0.272767,0.053131,-0.709937,0.02968,-1.331083,-0.104923,-2.6135,-0.210382,-3.744973,-0.261291,-4.519904,-0.317394,-4.998755,-0.38085,-5.039956,-0.404285,-4.530832,-0.315646,-3.370424,-0.129251,-1.713002,0.105041,0.058927,0.356595,1.580986,0.566147,2.633601,0.749045,3.207404,0.861758,3.381884,0.900606,3.327708,0.912975,3.106208,0.875233,2.71729,0.803426,2.074742,0.590109,0.995061,0.361033,-0.576025,0.110932,-2.440857,-0.180584,-4.202087,-0.453447,-5.536576,-0.635686,-6.345634,-0.709289,-6.701262,-0.683932,-6.666119,-0.578052,-6.033008,-0.31829,-4.522731,0.050091,-2.302775,0.368973,-0.047296,0.583882,1.652298,0.684528,2.649657,0.713574,3.116736,0.680479,3.238494,0.642421,3.127958,0.634583,2.866463,0.615895,2.513048,0.547941,2.068152,0.33558,1.52844,0.212407,0.974245,0.121052,0.459659,0.024647,0.06585,-0.084674,-0.168348,-0.201933,-0.259226,-0.312962,-0.241925,-0.375666,-0.132156,-0.368521,0.037935,-0.310935,0.23222,-0.231754,0.418882,-0.154404,0.558237,-0.089408,0.612338,-0.045688,0.579609,-0.017319,0.477267,-0.002175,0.334566,-0.001565,0.19185,-0.022608,0.075805,-0.058305,0.001989,-0.094841,-0.035024,-0.125214,-0.059584,-0.142396,-0.073685,-0.146909,-0.074868,-0.145601,-0.063246
3,-0.015826,0.212887,-0.032438,0.210566,-0.052044,0.208872,-0.07217,0.198652,-0.086436,0.179742,-0.090596,0.157757,-0.08207,0.134421,-0.069148,0.116824,-0.050378,0.10141,-0.024891,0.081488,-0.001089,0.064066,0.018399,0.058281,0.031058,0.06243,0.038221,0.071929,0.03517,0.084389,0.019642,0.099181,0.00079,0.113556,-0.017318,0.132141,-0.029242,0.149534,-0.031101,0.162865,-0.022816,0.166715,-0.009683,0.167494,0.01139,0.164613,0.036472,0.154498,0.066502,0.141298,0.088068,0.128542,0.100891,0.109825,0.106133,0.096835,0.106748,0.087937,0.102504,0.082152,0.0907,0.082169,0.072009,0.085713,0.045617,0.088649,0.023119,0.08439,0.002621,0.079738,-0.009561,0.084278,-0.015525,0.098435,-0.018204,0.113016,-0.019665,0.123002,-0.017084,0.12572,-0.016348,0.119027,-0.024271,0.100966,-0.039973,0.075689,-0.070709,0.039036,-0.102904,-0.012606,-0.109545,-0.073127,-0.172742,-0.424766,-0.320219,-1.026019,-0.795504,-2.709531,-1.257031,-4.19347,-1.453297,-5.008303,-1.395624,-5.395636,-1.14726,-5.353625,-0.741717,-4.828424,-0.235652,-3.708764,0.228341,-2.041664,0.516807,-0.122586,0.638737,1.641426,0.668837,2.99399,0.676602,3.830682,0.660198,4.259249,0.629818,4.349891,0.560961,4.108103,0.46175,3.559866,0.3716,2.657925,0.334491,1.267378,0.319361,-0.618069,0.227426,-2.676008,0.002481,-4.448364,-0.302795,-5.674685,-0.614811,-6.29251,-0.907915,-6.451332,-1.090493,-6.276446,-1.068275,-5.595123,-0.808632,-4.194932,-0.415783,-2.23159,-0.045512,-0.190645,0.236234,1.440563,0.457285,2.491439,0.649234,3.052732,0.789567,3.304969,0.882729,3.355438,0.943098,3.286128,0.985436,3.138884,0.990043,2.923103,0.933793,2.60525,0.733254,2.178726,0.56576,1.70981,0.453857,1.244992,0.336203,0.820843,0.204433,0.469358,0.077241,0.197935,-0.031686,0.016402,-0.117292,-0.084383,-0.169124,-0.120569,-0.198685,-0.120296,-0.214347,-0.102936,-0.217209,-0.076268,-0.206026,-0.033177,-0.180863,0.022312
3,-0.036661,0.265176,-0.005747,0.268893,0.022332,0.265376,0.043366,0.256203,0.057934,0.255293,0.061279,0.266587,0.053109,0.287005,0.034966,0.31107,0.022055,0.332372,0.011843,0.342616,0.006563,0.330608,0.008216,0.307851,0.013307,0.279155,0.0218,0.240129,0.026724,0.195132,0.037605,0.15449,0.04682,0.136721,0.046472,0.133509,0.033328,0.137895,0.016757,0.147222,-0.000261,0.148019,-0.017474,0.135885,-0.034125,0.11498,-0.045748,0.092073,-0.053811,0.077157,-0.059391,0.063948,-0.0623,0.053519,-0.063586,0.046084,-0.060487,0.045495,-0.04849,0.04668,-0.031451,0.052479,-0.013979,0.067956,-0.001212,0.088521,0.010939,0.112458,0.01978,0.129397,0.01843,0.136059,0.011949,0.129499,0.001341,0.117086,-0.005892,0.098757,-0.010308,0.070297,-0.016055,0.031253,-0.009152,-0.004128,0.036343,-0.057466,0.085519,-0.269044,0.087212,-0.998156,-0.321826,-2.924029,-0.726131,-4.556783,-0.998264,-5.863817,-1.119912,-6.438032,-1.119863,-6.248715,-1.002361,-5.506351,-0.732278,-4.28999,-0.333107,-2.621461,0.097748,-0.748004,0.458063,1.021151,0.702475,2.39478,0.865104,3.260203,0.929872,3.740227,0.906107,3.975292,0.831376,4.042198,0.724991,3.987671,0.620703,3.844659,0.535112,3.568404,0.457816,3.117048,0.355606,2.485475,0.214996,1.612077,0.069826,0.398229,-0.063056,-1.182113,-0.206326,-2.939145,-0.406225,-4.603686,-0.617268,-5.868186,-0.782878,-6.579875,-0.8776,-6.794179,-0.833842,-6.547785,-0.645063,-5.688322,-0.338108,-3.984105,-0.006244,-1.668763,0.248143,0.589871,0.408102,2.294144,0.526447,3.395446,0.622699,4.040856,0.687328,4.332557,0.704547,4.334521,0.689405,4.106119,0.65323,3.697948,0.625566,3.159965,0.606321,2.518536,0.566158,1.852,0.48242,1.247035,0.372936,0.765047,0.254208,0.420465,0.129522,0.188199,0.014829,0.015269,-0.093784,-0.087837,-0.180507,-0.112286,-0.223597,-0.095909,-0.224353,-0.066289,-0.21122,-0.047467,-0.191835,-0.030773,-0.160951,-0.008042
3,-0.015376,-0.065614,-0.023115,-0.081947,-0.021946,-0.079829,-0.012483,-0.050676,0.002647,0.010791,0.027834,0.07612,0.059669,0.113175,0.084794,0.122027,0.082091,0.118449,0.056982,0.116886,0.026759,0.108888,-0.005351,0.092439,-0.029081,0.077515,-0.036117,0.069772,-0.033944,0.068802,-0.021407,0.073612,-0.010111,0.082639,0.004399,0.092874,0.013354,0.109235,0.011104,0.137891,0.008229,0.180374,0.015346,0.213697,0.025797,0.22158,0.02983,0.205741,0.024442,0.183138,0.012299,0.165607,0.004745,0.162116,0.005821,0.178168,0.003359,0.199391,-0.007933,0.227628,-0.029988,0.256357,-0.059303,0.277164,-0.082606,0.278941,-0.096329,0.261946,-0.102072,0.224109,-0.130363,0.175267,-0.202351,0.110557,-0.32422,0.029938,-0.510343,-0.053819,-0.715735,-0.145098,-0.884445,-0.266809,-1.009232,-0.457682,-1.111732,-0.844146,-1.250223,-1.819005,-1.50082,-3.70435,-1.501516,-4.988218,-1.420523,-6.03638,-1.253719,-6.645974,-0.99558,-6.829651,-0.717152,-6.623223,-0.517093,-5.890471,-0.399713,-4.50537,-0.26006,-2.545112,-0.044747,-0.387496,0.266658,1.517805,0.615694,2.933543,0.904201,3.705361,1.066518,3.994785,1.103425,3.979883,1.069311,3.778002,0.990655,3.476227,0.884589,3.118531,0.772793,2.739213,0.664757,2.34698,0.565748,1.942211,0.466043,1.517984,0.302629,0.964844,0.090771,0.150075,-0.203809,-1.170139,-0.418654,-2.45261,-0.559487,-3.637742,-0.648032,-4.606734,-0.696404,-5.328049,-0.690368,-5.858176,-0.642075,-6.141706,-0.621025,-5.973919,-0.644399,-5.192578,-0.609875,-3.797641,-0.466989,-1.925506,-0.240968,0.014295,0.032924,1.567928,0.308317,2.610217,0.541611,3.066607,0.672089,3.109396,0.736229,2.920424,0.755396,2.567458,0.75297,2.105419,0.741763,1.583886,0.662316,1.094653,0.4919,0.68199,0.24534,0.357158,0.05628,0.171417,-0.057361,0.111026,-0.10303,0.141472,-0.094137,0.222483,-0.036095,0.31311,0.053539,0.368649,0.14629,0.388922,0.215257,0.389966,0.239822,0.372974
3,0.018593,0.071618,-0.001358,0.098551,-0.01014,0.132025,-0.002198,0.162839,0.017,0.180071,0.045135,0.186073,0.067183,0.172558,0.07213,0.145111,0.058715,0.116327,0.026506,0.102507,-0.014373,0.104725,-0.056786,0.120304,-0.08777,0.138788,-0.090081,0.148242,-0.067507,0.147007,-0.026281,0.14635,0.028554,0.15211,0.080501,0.169336,0.117545,0.191065,0.136302,0.214537,0.133766,0.241021,0.118644,0.271451,0.090688,0.311435,0.052251,0.359295,0.003215,0.395128,-0.047635,0.40206,-0.092192,0.376893,-0.126105,0.320351,-0.138981,0.246511,-0.119088,0.173763,-0.072067,0.090103,-0.161912,-0.381934,-0.413346,-1.185601,-0.848767,-2.805242,-1.239703,-4.615886,-1.416349,-5.97903,-1.435972,-6.843646,-1.329232,-7.185284,-1.142937,-7.01523,-0.96229,-6.345797,-0.801072,-5.06979,-0.592424,-3.173397,-0.302241,-0.959658,0.064758,1.152935,0.474753,2.859107,0.865906,3.983604,1.145744,4.594198,1.280638,4.828745,1.268775,4.794897,1.153031,4.572143,1.006806,4.194117,0.867891,3.677829,0.755947,3.054813,0.662966,2.350201,0.546441,1.586662,0.392967,0.792763,0.220539,-0.06411,0.054585,-1.005389,-0.101804,-2.02934,-0.274748,-3.097762,-0.483118,-4.160738,-0.741216,-5.133152,-1.016892,-5.896391,-1.207322,-6.401716,-1.258073,-6.627194,-1.175114,-6.540356,-1.036495,-6.071915,-0.889741,-5.165889,-0.739975,-3.879616,-0.542703,-2.362463,-0.303349,-0.766283,-0.023254,0.687668,0.276172,1.808537,0.561694,2.537565,0.793408,2.913111,0.944178,2.985095,1.001317,2.81758,0.969927,2.492621,0.877205,2.085391,0.736411,1.649244,0.573718,1.240889,0.417783,0.915925,0.290404,0.692929,0.209678,0.56358,0.144387,0.512454,0.080957,0.494469,0.035168,0.4738,0.00278,0.491162,-0.015206,0.538747,-0.027873,0.588244,-0.037071,0.605483,-0.055856,0.582381,-0.078251,0.52836,-0.097195,0.452739,-0.10715,0.372101,-0.103729,0.293185,-0.094045,0.226707,-0.0933,-0.046621,-0.110838,-0.121778,-0.130188,-0.176613
3,0.017961,0.087991,0.014853,0.084973,0.008527,0.078967,0.005548,0.071214,0.004307,0.066874,-0.000659,0.06047,-0.009271,0.049622,-0.021276,0.040529,-0.034831,0.034218,-0.048392,0.02788,-0.049651,0.023494,-0.0389,0.01729,-0.026188,0.020731,-0.011309,0.02903,0.001087,0.039591,0.012865,0.053454,0.00853,0.065644,-0.0079,0.071111,-0.041219,0.069622,-0.071481,0.062459,-0.094106,0.054564,-0.102161,0.051103,-0.098573,0.052975,-0.077598,0.050056,-0.04509,0.037925,-0.012404,0.032159,0.023799,0.016242,0.053197,-0.019576,0.082138,-0.086459,0.099543,-0.199386,0.101339,-0.372908,-0.049887,-1.06515,-0.374548,-2.232642,-0.729171,-3.677177,-1.019723,-5.149841,-1.148168,-5.905362,-1.056304,-6.143208,-0.803359,-6.000518,-0.524474,-5.513524,-0.319005,-4.650701,-0.209529,-3.350919,-0.184516,-1.696265,-0.194375,-0.013539,-0.142313,1.351843,0.012221,2.30877,0.222934,2.918548,0.423596,3.262067,0.565379,3.399327,0.650707,3.417948,0.717972,3.390935,0.776667,3.333523,0.809785,3.250238,0.789646,3.123952,0.684885,2.903311,0.505695,2.526106,0.301297,1.932275,0.12982,1.094994,0.005781,0.064238,-0.0994,-1.110711,-0.178791,-2.32239,-0.270194,-3.43468,-0.388709,-4.356867,-0.540629,-5.039438,-0.670805,-5.487069,-0.691372,-5.7094,-0.589001,-5.659502,-0.438547,-5.285335,-0.320623,-4.535483,-0.260918,-3.354264,-0.24147,-1.849617,-0.196073,-0.319212,-0.060201,0.986263,0.154728,2.000409,0.395805,2.736328,0.592715,3.200178,0.720842,3.397704,0.770676,3.393423,0.757965,3.249924,0.693718,3.000034,0.593261,2.662364,0.471257,2.2734,0.341438,1.887766,0.24642,1.567775,0.192188,1.329815,0.174814,1.157083,0.175578,1.02722,0.175895,0.923945,0.159405,0.82256,0.11326,0.707605,0.063261,0.558806,0.008804,0.41651,-0.039142,0.289564,-0.079671,0.179389,-0.113947,0.081612,-0.139801,-0.001243,-0.155416,-0.055691,-0.144177,-0.080399,-0.100033,-0.075061,-0.039746,-0.036945,0.019858,0.018488
3,0.371601,-0.322094,0.306869,-0.385742,0.259417,-0.440839,0.233839,-0.450037,0.212231,-0.405742,0.17478,-0.334026,0.136489,-0.254462,0.113232,-0.169514,0.116602,-0.088788,0.146602,-0.020461,0.199255,0.0359,0.265815,0.083106,0.34075,0.12561,0.415114,0.156322,0.477182,0.146451,0.509185,0.116669,0.486663,0.099495,0.420189,0.095414,0.332047,0.094756,0.241839,0.106592,0.164238,0.128381,0.099529,0.152156,0.05311,0.175386,0.01975,0.187333,-0.00186,0.186267,-0.014926,0.172599,-0.016962,0.141778,-0.003501,0.106205,0.018001,0.07632,0.041709,0.058134,0.061498,0.05549,0.085578,0.07943,0.112503,0.128949,0.13068,0.191926,0.13168,0.250629,0.109446,0.292752,0.069297,0.306366,0.022916,0.283225,-0.019791,0.22992,-0.05152,0.157395,-0.055037,0.071845,-0.018956,-0.014927,0.041029,-0.102069,0.086724,-0.202621,0.08117,-0.349013,0.034354,-0.842379,-0.060934,-1.524888,-0.090796,-2.809152,-0.135979,-3.788348,-0.134886,-4.386854,-0.02422,-4.704079,0.176699,-4.743672,0.383088,-4.492708,0.501788,-3.990176,0.525333,-3.317503,0.466338,-2.398485,0.330636,-1.264897,0.132882,-0.012332,-0.07127,1.273665,-0.223366,2.471884,-0.275943,3.382449,-0.211148,3.885814,-0.028992,3.986539,0.236429,3.652487,0.514808,2.808261,0.707917,1.471412,0.722937,-0.109478,0.555178,-1.640123,0.26277,-2.879507,-0.019919,-3.696297,-0.189673,-4.087554,-0.188144,-4.216517,-0.034735,-4.202323,0.176423,-4.00386,0.317375,-3.520812,0.372401,-2.760222,0.336753,-1.820894,0.189642,-0.828983,-0.021193,0.12453,-0.196152,0.992856,-0.281898,1.809282,-0.269393,2.525445,-0.208582,3.042305,-0.143403,3.28209,-0.089953,3.259553,-0.027333,3.012477,0.053308,2.605122,0.151678,2.09259,0.235784,1.53376,0.285621,0.982809,0.304469,0.486521,0.311702,0.092825,0.303289,-0.180652,0.270808,-0.336761,0.216306,-0.383986,0.152964,-0.348835,0.087247,-0.258607,0.018757,-0.136501,-0.040827,-0.014795,-0.08562,0.078098
3,-0.021848,0.147646,-0.017798,0.104198,-0.014355,0.046911,-0.020914,-0.012311,-0.033859,-0.062125,-0.050814,-0.093174,-0.066426,-0.106178,-0.073708,-0.096681,-0.070286,-0.078911,-0.056423,-0.054981,-0.034688,-0.027722,-0.012801,0.000604,0.002034,0.023349,0.00863,0.032125,0.009552,0.014801,-0.012873,-0.030432,-0.059824,-0.087091,-0.10302,-0.13762,-0.130494,-0.167745,-0.139764,-0.154168,-0.138771,-0.095797,-0.13046,-0.007416,-0.109652,0.083125,-0.088579,0.148661,-0.073696,0.169819,-0.072072,0.147796,-0.08057,0.093919,-0.097846,0.029491,-0.107788,-0.01668,-0.10458,-0.032424,-0.096881,-0.016514,-0.085297,0.020304,-0.061446,0.070483,-0.025921,0.122496,0.012379,0.165776,0.043213,0.185543,0.057239,0.181768,0.055687,0.155275,0.043231,0.107565,0.02513,0.054008,0.008253,-0.002985,-0.003016,-0.064926,-0.012912,-0.132404,-0.021144,-0.217163,-0.019343,-0.316577,0.005837,-0.44946,0.022477,-0.612505,-0.00692,-1.299289,-0.13912,-2.360941,-0.22068,-3.503941,-0.407712,-4.583959,-0.603256,-4.909125,-0.645362,-4.714619,-0.507201,-4.070792,-0.247901,-3.110474,0.040121,-1.968449,0.265766,-0.704345,0.366615,0.611673,0.347005,1.770687,0.250037,2.59804,0.116318,3.032977,0.014861,3.118022,0.000632,2.911379,0.100226,2.479534,0.266571,1.733761,0.382959,0.634376,0.453816,-0.764714,0.415549,-2.135779,0.286265,-3.117349,0.144171,-3.63456,0.039581,-3.708431,0.008953,-3.514177,0.086982,-3.151269,0.262875,-2.59256,0.433333,-1.897553,0.508651,-1.15933,0.474586,-0.415084,0.360373,0.366746,0.198969,1.126494,0.054672,1.727581,-0.033676,2.11541,-0.038684,2.291994,0.038008,2.273948,0.152155,2.098897,0.250853,1.818519,0.328545,1.499938,0.385098,1.18453,0.408461,0.908464,0.383693,0.691338,0.305238,0.541105,0.195093,0.455414,0.073514,0.412053,-0.033508,0.382016,-0.119352,0.34146,-0.188313,0.279026,-0.236161,0.198974,-0.251105,0.108426,-0.22851,0.018109,-0.1765,-0.052389,-0.105684,-0.090997
3,-0.001322,-0.149046,0.003881,-0.144999,-0.011924,-0.134781,-0.031498,-0.117995,-0.042494,-0.10158,-0.054683,-0.087239,-0.070145,-0.073798,-0.076212,-0.066099,-0.061283,-0.067852,-0.026004,-0.067164,0.027638,-0.05645,0.073048,-0.037059,0.101342,-0.021389,0.114625,-0.00947,0.109693,-0.001003,0.095078,0.0048,0.078476,0.012922,0.057186,0.012885,0.02957,0.014355,0.013952,0.02053,0.018794,0.02982,0.039926,0.043444,0.075264,0.06028,0.121591,0.078118,0.161361,0.089424,0.177974,0.089306,0.173274,0.078172,0.144634,0.063975,0.10264,0.045973,0.049782,0.028333,0.002518,0.014723,-0.019597,0.00729,-0.016627,0.004865,-0.000315,0.007519,0.027869,0.02179,0.06639,0.042413,0.100804,0.063257,0.117811,0.080476,0.115384,0.085866,0.102976,0.088114,0.088111,0.087469,0.067747,0.086508,0.056692,0.093144,0.05847,0.110143,0.07039,0.133573,0.093236,0.159028,0.122304,0.181645,0.148962,0.19169,0.170621,0.177917,0.18232,0.132476,0.191941,0.051271,0.210889,-0.04279,0.226672,-0.114928,0.166281,-0.465401,-0.007705,-0.998656,-0.170989,-2.09393,-0.294847,-3.006735,-0.396904,-3.30738,-0.383772,-3.18236,-0.23676,-2.666365,0.010967,-1.855302,0.283982,-0.93237,0.512674,0.009344,0.633579,0.910218,0.650957,1.657005,0.592448,2.135537,0.500073,2.328622,0.3877,2.249029,0.289959,1.94502,0.244191,1.351051,0.198497,0.450186,0.138889,-1.106745,0.005398,-2.355736,-0.21392,-3.045895,-0.41112,-3.242481,-0.530372,-3.055982,-0.54058,-2.620589,-0.404678,-1.992874,-0.158485,-1.257246,0.11841,-0.542047,0.333604,0.128365,0.422378,0.738773,0.404122,1.252938,0.32706,1.599072,0.228149,1.770603,0.134772,1.766818,0.087048,1.593217,0.103961,1.298472,0.131946,0.95483,0.14749,0.618817,0.154688,0.352634,0.134149,0.169377,0.082253,0.059028,0.01675,-0.004423,-0.052927,-0.038894,-0.1113,-0.050908,-0.145381,-0.050775,-0.163679,-0.037809,-0.161883,-0.027291,-0.135269,-0.028039
3,0.038396,-0.010817,0.035793,-0.03309,0.014612,-0.048867,-0.012332,-0.059632,-0.039188,-0.060811,-0.05506,-0.050461,-0.050734,-0.031719,-0.035158,-0.007794,-0.019829,0.014031,-0.003802,0.032563,0.005965,0.033596,0.005023,0.025133,0.002897,0.015734,-0.000755,0.011874,-0.001008,0.00976,-0.002076,0.00988,-0.005222,0.019879,-0.008332,0.039516,-0.014848,0.057403,-0.020705,0.062359,-0.014802,0.057414,0.000295,0.039605,0.010293,0.014878,0.008087,-0.004157,0.006662,-0.007203,0.013016,-0.007923,0.020546,-0.007695,0.021389,-0.000285,0.014472,0.004769,-0.005975,0.003908,-0.035181,-0.007686,-0.064869,-0.023548,-0.082013,-0.033487,-0.073702,-0.027107,-0.050056,-0.00735,-0.024504,0.030509,0.004661,0.062652,0.026769,0.089162,0.045321,0.111761,0.064067,0.126861,0.08322,0.136607,0.097311,0.149052,0.102306,0.176378,0.096247,0.211325,0.084105,0.240497,0.077301,0.24983,0.081161,0.225909,0.093727,0.171091,0.110212,0.099493,0.095882,-0.004611,0.019385,-0.306846,-0.138705,-0.861009,-0.371713,-2.067225,-0.521729,-2.821681,-0.598945,-3.162444,-0.557352,-3.154895,-0.437603,-2.865338,-0.258817,-2.400682,-0.02499,-1.802897,0.224979,-1.074085,0.407963,-0.241401,0.471632,0.650027,0.417828,1.406812,0.279935,1.905638,0.103594,2.137569,-0.048449,2.143499,-0.117147,1.980575,-0.104349,1.70362,-0.023115,1.346523,0.077222,0.63048,0.124125,-0.619045,0.057096,-1.727841,-0.094828,-2.628282,-0.25838,-2.909943,-0.333887,-2.731332,-0.315356,-2.33701,-0.230685,-1.803398,-0.097387,-1.181564,0.046034,-0.51618,0.14665,0.166955,0.199634,0.808209,0.210431,1.348683,0.194526,1.759336,0.151278,1.980314,0.103495,2.010025,0.072144,1.865022,0.080192,1.58449,0.10759,1.243695,0.142777,0.915952,0.173512,0.648356,0.194813,0.472341,0.194628,0.388776,0.164568,0.368808,0.113827,0.381826,0.044171,0.394561,-0.031774,0.372925,-0.103051,0.302001,-0.155024,0.184295,-0.165462,0.035538,-0.132943,-0.123871
3,-0.312219,-0.058515,-0.285966,-0.037671,-0.232665,-0.020768,-0.151722,-0.023045,-0.066432,-0.036064,-0.001138,-0.044746,0.036007,-0.044966,0.043127,-0.04254,0.027867,-0.040752,0.002602,-0.03806,-0.019752,-0.045793,-0.021573,-0.070537,-0.012474,-0.098091,-0.002467,-0.113282,0.004201,-0.126587,0.00423,-0.143245,-0.01047,-0.161374,-0.040853,-0.176701,-0.083202,-0.165909,-0.116559,-0.139885,-0.121405,-0.108999,-0.097677,-0.082771,-0.062041,-0.058865,-0.027837,-0.0392,-0.008917,-0.017674,-0.003886,0.009964,-0.00744,0.035634,-0.010942,0.054163,-0.013857,0.059848,-0.012471,0.064143,-0.002976,0.066607,0.007922,0.070989,0.01455,0.074382,0.012161,0.074362,0.005563,0.066211,-0.005715,0.050874,-0.016901,0.02602,-0.025164,-0.00689,-0.029463,-0.061647,-0.056242,-0.163715,-0.150835,-0.368818,-0.348371,-0.757637,-0.604388,-1.307494,-0.867707,-1.899253,-1.096845,-2.368058,-1.306833,-2.626305,-1.448637,-2.646652,-1.503715,-2.483073,-1.474067,-2.134084,-1.294901,-1.651228,-1.002276,-1.161708,-0.611301,-0.645427,-0.170541,-0.077662,0.260692,0.534249,0.64311,1.126821,0.955834,1.607237,1.17537,1.961719,1.312224,2.153319,1.378057,2.055651,1.227907,1.74707,0.898788,1.278084,0.560068,0.629643,0.21699,-0.003683,-0.194247,-0.666085,-0.619484,-1.274335,-0.985043,-1.797897,-1.206262,-2.194842,-1.276444,-2.401809,-1.288441,-2.374871,-1.115371,-2.089537,-0.88278,-1.665924,-0.586918,-1.158244,-0.241614,-0.519504,0.132319,0.233706,0.496824,0.984293,0.781778,1.665096,0.991258,2.196086,1.166742,2.568504,1.378171,2.645456,1.387186,2.721533,1.270402,2.718556,1.164388,2.620859,1.087285,2.480489,1.023724,2.268951,0.953445,1.967207,0.872517,1.630346,0.800149,1.332071,0.689752,1.061925,0.538031,0.808386,0.392627,0.556733,0.280839,0.327812,0.188372,0.130161,0.087175,-0.032194,-0.030605,-0.158791,-0.138983,-0.260548,-0.222117,-0.336928,-0.268684,-0.390881,-0.277123,-0.420492,-0.261302,-0.413243,-0.233891,-0.364058
3,0.023158,0.070396,0.030623,0.082627,0.032737,0.083212,0.032611,0.076454,0.032458,0.058588,0.032682,0.04307,0.028905,0.029709,0.021665,0.024211,0.012604,0.024839,0.002412,0.021807,-0.005856,0.016024,-0.014661,0.004541,-0.01561,-0.003506,-0.012664,-0.005963,0.000603,-0.002041,0.015424,0.007889,0.028137,0.024958,0.035993,0.047237,0.036253,0.072801,0.036315,0.091632,0.035623,0.098028,0.036262,0.1037,0.039552,0.107922,0.042131,0.110816,0.048069,0.113572,0.053149,0.111636,0.054875,0.109828,0.055005,0.109763,0.055725,0.107646,0.051162,0.100719,0.038914,0.08171,0.015106,0.040713,-0.042662,-0.052848,-0.154432,-0.236936,-0.35245,-0.54107,-0.638749,-0.970772,-0.995767,-1.517288,-1.367186,-2.119479,-1.713272,-2.697007,-1.971844,-3.108371,-2.109445,-3.303463,-2.114415,-3.292036,-1.946326,-3.107714,-1.614639,-2.658008,-1.181141,-1.984414,-0.731566,-1.16539,-0.261253,-0.280499,0.208365,0.561071,0.654573,1.314587,1.043606,1.964543,1.362991,2.506525,1.603747,2.941679,1.752656,3.212355,1.838646,3.265347,1.835353,3.062174,1.672296,2.582294,1.391531,1.889792,0.992668,1.050412,0.538034,0.262674,0.033414,-0.544121,-0.522507,-1.257596,-1.084187,-1.919921,-1.650656,-2.485854,-2.142216,-2.998211,-2.464263,-3.411031,-2.501099,-3.600749,-2.32742,-3.546585,-2.025686,-3.15883,-1.61054,-2.576028,-1.117637,-1.702056,-0.486413,-0.659977,0.141913,0.362129,0.707057,1.315134,1.18835,2.11022,1.534455,2.614616,1.702712,3.004607,1.747733,3.283829,1.717919,3.372148,1.650099,3.312361,1.564867,3.126894,1.489257,2.850901,1.440789,2.519971,1.398735,2.186324,1.362959,1.87545,1.317747,1.584526,1.244438,1.309035,1.134381,1.050767,0.992937,0.81046,0.822354,0.58753,0.630255,0.38237,0.423518,0.20035,0.228644,0.053905,0.058727,-0.057161,-0.092234,-0.139688,-0.215676,-0.202084,-0.308738,-0.247211,-0.362824,-0.267638,-0.379041,-0.265224,-0.358466,-0.243354,-0.306924,-0.21483
3,0.041993,5.8e-05,0.011984,-0.021841,-0.027101,-0.040782,-0.075217,-0.056841,-0.120367,-0.063967,-0.143549,-0.066764,-0.146209,-0.069707,-0.13063,-0.071915,-0.102778,-0.069868,-0.070421,-0.056095,-0.033118,-0.033714,0.002278,-0.000688,0.025172,0.035656,0.037059,0.073327,0.039801,0.101823,0.039192,0.112445,0.042315,0.107503,0.047536,0.089956,0.052357,0.068024,0.050307,0.054675,0.04019,0.050814,0.02607,0.058182,0.013192,0.071163,0.00645,0.08623,0.009319,0.095314,0.014591,0.089686,0.009798,0.066258,-0.041412,0.009507,-0.185514,-0.125989,-0.473508,-0.42839,-0.902457,-0.915315,-1.432852,-1.53723,-1.967785,-2.21471,-2.38951,-2.826779,-2.65068,-3.286693,-2.731569,-3.553576,-2.644033,-3.609594,-2.423725,-3.457721,-2.086733,-3.04958,-1.637461,-2.39401,-1.123883,-1.550537,-0.54092,-0.580761,0.092632,0.406011,0.71276,1.346066,1.235692,2.143607,1.625487,2.783691,1.894147,3.283025,2.063086,3.611085,2.142671,3.711173,2.113681,3.469487,1.931205,2.850943,1.525354,1.871279,0.869582,0.719524,0.126539,-0.399846,-0.611401,-1.340395,-1.279489,-2.119873,-1.82165,-2.700498,-2.308215,-3.139344,-2.745283,-3.546783,-3.049076,-3.980535,-3.102602,-4.25502,-2.855835,-4.246814,-2.451988,-4.030031,-1.908613,-3.393464,-1.162107,-2.420171,-0.354908,-1.250847,0.367253,-0.11752,0.928155,0.964342,1.315428,1.927062,1.546764,2.668524,1.643384,3.058511,1.599063,3.052713,1.384345,2.93154,1.215904,2.768141,1.05277,2.503826,0.920895,2.226721,0.795933,1.922459,0.718305,1.640796,0.689976,1.408751,0.685096,1.228613,0.679604,1.08875,0.666025,0.963474,0.648813,0.848877,0.627179,0.745501,0.602845,0.655466,0.574199,0.588142,0.543394,0.542979,0.509449,0.525133,0.440071,0.517108,0.397463,0.507884,0.351092,0.492079,0.298814,0.464777,0.246373,0.419978,0.202995,0.358987,0.161798,0.290706,0.122324,0.217043,0.085197,0.153337,0.05434,0.10692,0.034094,0.074326,0.029231,0.045645
3,0.056384,0.113793,0.061108,0.141004,0.05019,0.151419,0.029302,0.138835,-0.000795,0.108965,-0.032671,0.076614,-0.051179,0.057125,-0.052695,0.049096,-0.037764,0.050287,-0.015654,0.063011,0.00134,0.078971,0.00849,0.090468,0.004081,0.090542,-0.011214,0.071691,-0.03913,0.022578,-0.089399,-0.071139,-0.194818,-0.240507,-0.351326,-0.494372,-0.563108,-0.836348,-0.869498,-1.297744,-1.265121,-1.884307,-1.690365,-2.531958,-2.057152,-3.148989,-2.292382,-3.68779,-2.389643,-4.102733,-2.342422,-4.369236,-2.160715,-4.467267,-1.859314,-4.3767,-1.485931,-4.087987,-1.107849,-3.580706,-0.76013,-2.916811,-0.434613,-2.00404,-0.114411,-0.86117,0.181279,0.362602,0.421204,1.427774,0.617639,2.23329,0.807489,2.808486,0.989441,3.178626,1.167343,3.372332,1.316273,3.373089,1.384144,3.161109,1.314748,2.702009,1.071906,1.977387,0.67083,1.065173,0.162278,0.092131,-0.359996,-0.830051,-0.828933,-1.639461,-1.237615,-2.320779,-1.578522,-2.910243,-1.818025,-3.430297,-1.9324,-3.872334,-1.894245,-4.197497,-1.765201,-4.448331,-1.4814,-4.419222,-1.04721,-3.967319,-0.542338,-3.105332,-0.075868,-2.01151,0.284806,-0.782652,0.542968,0.529825,0.735208,1.78435,0.891553,2.862411,1.036546,3.737975,1.183257,4.385664,1.318936,4.784232,1.451752,5.001502,1.611129,5.053023,1.802141,4.955453,2.006316,4.745048,2.190164,4.46599,2.322817,4.141851,2.369371,3.786866,2.334549,3.406469,2.231675,2.985755,2.069898,2.519322,1.842546,2.013845,1.563962,1.515394,1.254873,1.046298,0.939888,0.639361,0.632943,0.316746,0.343711,0.077595,0.083633,-0.087741,-0.144943,-0.197564,-0.335979,-0.275419,-0.492792,-0.335662,-0.605457,-0.382789,-0.674327,-0.418618,-0.694769,-0.440466,-0.667277,-0.441641,-0.600247,-0.415347,-0.503899,-0.35944,-0.38894,-0.280242,-0.267075,-0.183685,-0.142768,-0.079278,-0.025442,0.011968,0.072068,0.08987,0.144731,0.144538,0.195318,0.171437,0.22435,0.176942,0.231492,0.162298,0.217632,0.140883
3,0.043985,0.033346,0.059989,0.053344,0.072777,0.075225,0.072179,0.089957,0.062694,0.091471,0.041796,0.086114,0.025614,0.069344,0.01488,0.0486,0.014879,0.025151,0.011832,-0.002689,0.000268,-0.031943,-0.032526,-0.064171,-0.088244,-0.107994,-0.180164,-0.172725,-0.339432,-0.290277,-0.602538,-0.492146,-0.992015,-0.813325,-1.505256,-1.268404,-2.063202,-1.818985,-2.549072,-2.407834,-2.870784,-2.966642,-3.009829,-3.452783,-2.989563,-3.837302,-2.856441,-4.122409,-2.642751,-4.310593,-2.37298,-4.38024,-2.05013,-4.306205,-1.674312,-4.074908,-1.258349,-3.682258,-0.797239,-3.121424,-0.348409,-2.358724,0.064358,-1.395643,0.427844,-0.295744,0.720641,0.823333,0.921971,1.897298,1.066382,2.809467,1.182002,3.56115,1.306696,4.132905,1.458383,4.500193,1.627275,4.643345,1.791707,4.575471,1.931246,4.298698,1.992579,3.792522,1.913401,3.064045,1.647582,2.181914,1.200701,1.254019,0.615631,0.356416,-0.048004,-0.482898,-0.722794,-1.269409,-1.362456,-2.023685,-1.933249,-2.770849,-2.398812,-3.521316,-2.722571,-4.25401,-2.906787,-4.904641,-2.952916,-5.424306,-2.87475,-5.793012,-2.712702,-6.034883,-2.421692,-6.015137,-2.003548,-5.617462,-1.447641,-4.804277,-0.839199,-3.662287,-0.240187,-2.409307,0.245357,-1.142976,0.602019,0.029323,0.859857,1.029184,1.020712,1.854665,1.073074,2.475454,1.032393,2.843661,0.933923,3.006344,0.820953,3.027752,0.703938,2.970218,0.601869,2.886199,0.525467,2.81299,0.475294,2.739979,0.457888,2.661684,0.485034,2.564569,0.565179,2.43421,0.677488,2.278765,0.796518,2.119141,0.900522,1.963498,0.964694,1.812755,0.985498,1.668795,0.959882,1.523609,0.89622,1.374008,0.809098,1.22406,0.712648,1.081897,0.620385,0.946141,0.534932,0.813661,0.452379,0.69322,0.371978,0.588401,0.298839,0.499221,0.233683,0.415109,0.174326,0.32344,0.123672,0.22925,0.082863,0.140233,0.052732,0.075326,0.033625,0.034365,0.021336,0.01359,0.009769,0.000909,-0.002749,-0.005356
3,0.025176,0.045419,0.027452,0.049319,0.033217,0.060761,0.033946,0.066423,0.029964,0.060906,0.019659,0.046005,0.009671,0.025705,-0.000887,0.007473,-0.004869,-0.002396,-0.0,0.0,0.007289,0.014042,0.015831,0.031708,0.021037,0.049578,0.022529,0.056553,0.018925,0.05779,0.021493,0.060653,0.029542,0.059439,0.040968,0.057979,0.04673,0.057201,0.038865,0.04959,0.019105,0.041158,-0.00587,0.035847,-0.028306,0.03341,-0.038389,0.034118,-0.040707,0.030212,-0.043642,0.003065,-0.082369,-0.068472,-0.192555,-0.220212,-0.394818,-0.476338,-0.660177,-0.834779,-0.960826,-1.277728,-1.271647,-1.784547,-1.576973,-2.327099,-1.857003,-2.854426,-2.072762,-3.310933,-2.206387,-3.65869,-2.249219,-3.877002,-2.193311,-3.965166,-2.054821,-3.92553,-1.825515,-3.740429,-1.514321,-3.36127,-1.137036,-2.766407,-0.682698,-1.92996,-0.175559,-0.910333,0.313906,0.176185,0.729616,1.224611,1.039974,2.1932,1.246758,3.030543,1.391401,3.739307,1.512358,4.287251,1.6596,4.666197,1.83645,4.846083,2.03349,4.80603,2.216974,4.546389,2.33952,4.083342,2.353851,3.451301,2.22242,2.734429,1.929509,1.999995,1.495404,1.280096,0.954086,0.572427,0.321875,-0.129354,-0.388539,-0.811281,-1.144075,-1.481195,-1.877015,-2.178725,-2.520612,-2.931623,-3.034613,-3.754007,-3.38296,-4.640882,-3.599536,-5.495386,-3.691648,-6.22681,-3.66959,-6.780112,-3.561883,-7.216325,-3.324714,-7.432631,-3.0039,-7.373238,-2.557295,-7.032259,-2.044102,-6.346558,-1.458127,-5.410399,-0.893809,-4.353764,-0.399092,-3.339508,-0.000476,-2.369235,0.261023,-1.420775,0.391455,-0.481423,0.442125,0.307426,0.467678,0.829348,0.476847,1.09842,0.478746,1.179213,0.462395,1.155823,0.405232,1.069879,0.310883,0.936486,0.192339,0.768074,0.071364,0.573673,-0.029238,0.369035,-0.102437,0.160906,-0.136108,-0.036868,-0.136719,-0.214567,-0.113324,-0.357641,-0.080476,-0.453252,-0.046548,-0.492975,-0.016865,-0.475543,0.006962,-0.403826,0.028088,-0.298569
3,0.021071,-0.014513,0.028945,-0.004421,0.03521,0.008604,0.037216,0.015426,0.03704,0.016439,0.034187,0.008317,0.026267,-0.001785,0.015861,-0.010146,0.007168,-0.016021,-0.002641,-0.015599,-0.005973,-0.015107,-0.006899,-0.009868,-0.001605,0.002958,0.01305,0.02393,0.03364,0.0481,0.053602,0.069949,0.068307,0.078927,0.073707,0.073263,0.069182,0.056154,0.052233,0.022926,0.018963,-0.029174,-0.040747,-0.116939,-0.143608,-0.267205,-0.293596,-0.499189,-0.504592,-0.828484,-0.798023,-1.25161,-1.180483,-1.747724,-1.621903,-2.296754,-2.063703,-2.839315,-2.419803,-3.307435,-2.651807,-3.646247,-2.721982,-3.81846,-2.619301,-3.78691,-2.347221,-3.524872,-1.926419,-3.03091,-1.388492,-2.333637,-0.768994,-1.479679,-0.121697,-0.51805,0.489284,0.489352,0.99534,1.477713,1.362904,2.397909,1.618243,3.192397,1.821716,3.841352,2.011904,4.304838,2.193101,4.559295,2.363075,4.585166,2.502867,4.374093,2.581996,3.933924,2.56629,3.299248,2.395587,2.527312,2.06495,1.702382,1.534789,0.877595,0.808645,0.094749,-0.045962,-0.623498,-0.954452,-1.286083,-1.869174,-1.965153,-2.748685,-2.694533,-3.51958,-3.512864,-4.093428,-4.404918,-4.442211,-5.318115,-4.577638,-6.174016,-4.524098,-6.89217,-4.32856,-7.485217,-3.976971,-7.892649,-3.545545,-7.979265,-2.983517,-7.725325,-2.271753,-7.136603,-1.512733,-6.189285,-0.772864,-5.024276,-0.187255,-3.692493,0.211453,-1.967109,0.280761,0.780875,0.448127,1.23887,0.577628,1.431661,0.691092,1.480018,0.818407,1.245341,0.821277,1.033129,0.697465,0.823129,0.484571,0.563551,0.196511,0.309914,-0.1046,0.071212,-0.358766,-0.146553,-0.511477,-0.328491,-0.545882,-0.473488,-0.477262,-0.594366,-0.347932,-0.688311,-0.200668,-0.747436,-0.067826,-0.755062,0.030198,-0.701433,0.086879,-0.563324,0.106096,-0.347403,0.094565,-0.090786,0.070179,0.143183,0.044329,0.305425,0.02352,0.376911,0.005864,0.363117,-0.009123,0.290614,-0.024398,0.196151,-0.039622,0.10699,-0.043911,0.045333
3,0.010296,0.002897,0.002286,0.017693,-0.002398,0.031996,-5.6e-05,0.043216,0.015233,0.054558,0.039302,0.065267,0.065748,0.068774,0.08335,0.0674,0.089099,0.059593,0.079785,0.051353,0.058704,0.048736,0.03795,0.050574,0.017524,0.050378,0.00495,0.048283,0.000769,0.047587,0.006019,0.04198,0.014246,0.037938,0.024039,0.030913,0.033315,0.027029,0.044202,0.033093,0.053072,0.051723,0.056062,0.073685,0.053302,0.091483,0.045432,0.100936,0.035003,0.099243,0.028617,0.08529,0.027414,0.065693,0.032674,0.046025,0.040347,0.024561,0.038999,-0.001541,0.02552,-0.040243,-0.012568,-0.09448,-0.083475,-0.180582,-0.20619,-0.319126,-0.389408,-0.541206,-0.636064,-0.872777,-0.973364,-1.292425,-1.399389,-1.791885,-1.861166,-2.345336,-2.285621,-2.892564,-2.605674,-3.382863,-2.800189,-3.76656,-2.855175,-3.999478,-2.759221,-4.029658,-2.512816,-3.823483,-2.130157,-3.397042,-1.655295,-2.828243,-1.135843,-2.19264,-0.608943,-1.511752,-0.103036,-0.776523,0.354639,-0.00455,0.727398,0.7447,0.997928,1.458432,1.172264,2.094519,1.27714,2.624055,1.346889,3.022832,1.399657,3.262616,1.428737,3.327519,1.429864,3.223399,1.391333,2.960674,1.306658,2.554396,1.166426,2.023942,0.952447,1.379552,0.647153,0.654383,0.253842,-0.120083,-0.22889,-0.906454,-0.764616,-1.66152,-1.301759,-2.36648,-1.801368,-2.994543,-2.210417,-3.545423,-2.502446,-4.031557,-2.663791,-4.443933,-2.703709,-4.808848,-2.629912,-5.071861,-2.460158,-5.180615,-2.194325,-5.103769,-1.862281,-4.873208,-1.484247,-4.520433,-1.079067,-4.010612,-0.689302,-3.373178,-0.352852,-2.697468,-0.104034,-2.053331,0.062469,-1.457981,0.153292,-0.897001,0.17985,-0.386386,0.161617,0.020458,0.129722,0.305798,0.101122,0.472469,0.08635,0.54252,0.078088,0.54074,0.068491,0.494244,0.047845,0.419742,0.024483,0.327373,0.000464,0.219872,-0.021175,0.102111,-0.039921,-0.017612,-0.050987,-0.1225,-0.050523,-0.196378,-0.031759,-0.228842,-0.002155,-0.218796
3,0.015094,0.134745,0.032549,0.14342,0.048845,0.144639,0.054434,0.140678,0.050522,0.12985,0.035334,0.120077,0.016773,0.113157,0.002514,0.109374,-0.001108,0.105401,0.005287,0.102079,0.017873,0.099253,0.032309,0.102962,0.045649,0.113693,0.05395,0.135165,0.062947,0.164902,0.071668,0.196962,0.077809,0.218006,0.078917,0.218535,0.070369,0.190198,0.049473,0.144166,0.019191,0.092904,-0.014108,0.055148,-0.046513,0.040129,-0.062428,0.049734,-0.055482,0.076773,-0.029449,0.108171,0.005011,0.135068,0.036862,0.150941,0.057177,0.157327,0.062693,0.16627,0.046334,0.176759,0.019223,0.191462,-0.003131,0.203053,-0.03016,0.184135,-0.063974,0.096817,-0.102177,-0.091492,-0.141228,-0.383664,-0.179042,-0.772937,-0.221764,-1.219085,-0.298682,-1.688103,-0.413411,-2.170741,-0.572459,-2.66733,-0.758855,-3.14678,-0.922471,-3.543951,-1.038645,-3.797436,-1.078914,-3.811041,-1.048453,-3.344836,-0.911733,-2.159873,-0.729422,-0.569536,-0.485555,0.821507,-0.175881,1.598214,0.181311,1.891501,0.546729,2.031873,0.837405,2.191573,1.013157,2.428622,1.075972,2.699789,1.019262,2.964551,0.866156,3.152817,0.664116,3.224778,0.476655,3.189688,0.339775,3.064738,0.276387,2.856479,0.285649,2.548837,0.328448,2.117967,0.360633,1.552313,0.346209,0.858414,0.272119,0.071738,0.138576,-0.788444,-0.041583,-1.670806,-0.242533,-2.533501,-0.474319,-3.316485,-0.708379,-4.00036,-0.925771,-4.560988,-1.111941,-4.95949,-1.246206,-5.160389,-1.334558,-5.118523,-1.350635,-4.502244,-1.309393,-3.003384,-1.316192,-0.916763,-1.184722,0.775256,-0.851467,1.433371,-0.452785,1.410328,-0.056636,1.125056,0.304555,0.78032,0.599227,0.433296,0.801942,0.090139,0.888178,-0.22381,0.861033,-0.463364,0.717597,-0.577581,0.471319,-0.530791,0.169785,-0.335283,-0.122579,-0.074884,-0.328441,0.119753,-0.41834,0.186645,-0.399596,0.139353,-0.314992,0.026632,-0.19653,-0.100394,-0.073287,-0.190608,0.034298,-0.208029,0.108769,-0.12827
3,0.058836,0.235443,0.070627,0.216139,0.08595,0.209958,0.102271,0.214989,0.107343,0.220955,0.098872,0.232841,0.082244,0.241482,0.061696,0.244696,0.03984,0.23521,0.026275,0.216044,0.024069,0.192014,0.035302,0.171144,0.049591,0.155095,0.05791,0.139997,0.062367,0.124758,0.059394,0.110727,0.053429,0.10634,0.047959,0.114082,0.044856,0.13136,0.040897,0.148032,0.034827,0.156676,0.031462,0.154188,0.032649,0.147113,0.03813,0.133958,0.041502,0.121919,0.041017,0.109773,0.03351,0.10571,0.022479,0.112193,0.010532,0.131069,0.005463,0.1457,0.009482,0.151115,0.018687,0.138057,0.026843,0.083931,0.014328,-0.053675,-0.034477,-0.327767,-0.132671,-0.759088,-0.278426,-1.322511,-0.487396,-1.973012,-0.749793,-2.647473,-1.027068,-3.253192,-1.255288,-3.7106,-1.379555,-3.957595,-1.377351,-3.958646,-1.247435,-3.712023,-1.021074,-3.257774,-0.732141,-2.645277,-0.418292,-1.836364,-0.107714,-0.864735,0.171229,0.145334,0.412122,1.032597,0.621727,1.780343,0.784467,2.438745,0.874184,3.019825,0.926439,3.505352,0.963005,3.870738,0.994938,4.067698,1.03779,4.062738,1.084755,3.839271,1.10769,3.397978,1.082638,2.754383,0.996691,1.89731,0.821612,0.85456,0.533736,-0.291924,0.140868,-1.445118,-0.308333,-2.52607,-0.783161,-3.479922,-1.263822,-4.294503,-1.701021,-4.96345,-2.036171,-5.451095,-2.204141,-5.6471,-2.170829,-5.501471,-1.964795,-4.796854,-1.60636,-3.152616,-1.171374,-0.764391,-0.678281,1.22177,-0.166247,1.932499,0.318626,1.85106,0.789115,1.548654,1.167141,1.30718,1.377953,1.174286,1.38843,1.101797,1.204499,1.077142,0.863131,1.076529,0.439353,1.076197,0.028153,1.055755,-0.273834,1.006237,-0.410083,0.928731,-0.389149,0.824729,-0.266375,0.694771,-0.100529,0.549159,0.06355,0.403517,0.197472,0.280032,0.268039,0.183115,0.262386,0.140951,0.199364,0.157963,0.115084,0.215297,0.043167,0.286709,0.000332,0.346037,-0.013709,0.365851,-0.013882,0.328799
3,-0.004933,0.098166,-0.010098,0.114175,-0.008682,0.128425,-0.004918,0.14308,0.004118,0.152367,0.013746,0.155472,0.017967,0.147981,0.018533,0.136477,0.012925,0.124394,0.009545,0.121869,0.009533,0.13634,0.014111,0.160766,0.019966,0.18347,0.021074,0.200054,0.018223,0.20583,0.014397,0.200337,0.014887,0.197984,0.020619,0.204712,0.025877,0.222936,0.029719,0.246712,0.02824,0.270566,0.027297,0.288242,0.031067,0.292222,0.039547,0.282499,0.048595,0.266581,0.057901,0.252131,0.061768,0.241585,0.059905,0.233482,0.055839,0.221162,0.049197,0.197829,0.039065,0.153723,0.01885,0.072393,-0.019994,-0.065335,-0.090656,-0.303057,-0.209827,-0.677899,-0.372513,-1.183012,-0.574156,-1.793269,-0.795247,-2.481229,-1.021039,-3.200042,-1.243265,-3.875543,-1.443489,-4.429858,-1.543077,-4.735621,-1.524956,-4.696681,-1.387518,-4.254609,-1.13409,-3.181664,-0.803309,-1.408467,-0.4604,0.463016,-0.115484,1.623718,0.282406,2.009169,0.699198,2.135811,1.027592,2.294783,1.226945,2.50393,1.293678,2.692575,1.237478,2.813186,1.089543,2.847923,0.889291,2.764997,0.670661,2.532613,0.464731,2.077734,0.295907,1.407746,0.142667,0.563954,-0.022183,-0.400363,-0.221348,-1.405044,-0.451986,-2.367173,-0.70714,-3.215084,-0.9497,-3.878932,-1.131455,-4.31945,-1.231,-4.486668,-1.247713,-4.320003,-1.184768,-3.530179,-1.052574,-1.938821,-0.89307,-0.012777,-0.669867,1.318922,-0.313036,1.686541,0.146172,1.634872,0.634698,1.607013,1.053321,1.728115,1.301309,1.977755,1.370446,2.288136,1.286463,2.581295,1.087436,2.807541,0.820241,2.927212,0.556565,2.925148,0.363476,2.789065,0.260925,2.553864,0.242659,2.253087,0.286045,1.90401,0.365238,1.531064,0.433739,1.16664,0.471619,0.837372,0.467185,0.556848,0.414166,0.326102,0.32159,0.150931,0.207809,0.020589,0.085724,-0.080062,-0.024187,-0.155422,-0.108744,-0.220343,-0.166056,-0.283058,-0.194037,-0.340966,-0.1969,-0.373429,-0.174467,-0.369722
3,0.007669,0.009403,0.00668,0.021774,0.003468,0.029938,-0.002216,0.032414,-0.008029,0.029571,-0.010258,0.025365,-0.008035,0.020415,-0.003957,0.012867,0.000495,0.002969,-0.00198,-0.011876,-0.007177,-0.024742,-0.011386,-0.031669,-0.015597,-0.029439,-0.019681,-0.021888,-0.023882,-0.010503,-0.024369,0.004838,-0.019162,0.026856,-0.006782,0.046148,0.007082,0.065194,0.021561,0.074218,0.028372,0.073841,0.027638,0.069384,0.019233,0.064685,0.011824,0.065927,0.006899,0.072858,0.005313,0.076942,0.004706,0.077808,0.001366,0.071504,0.001104,0.060865,0.002467,0.055295,0.008161,0.052807,0.012509,0.055888,0.015116,0.057736,0.01932,0.055498,0.02188,0.039034,0.017024,-0.016628,-0.014944,-0.164621,-0.08037,-0.446627,-0.195247,-0.876992,-0.370083,-1.433502,-0.609576,-2.086797,-0.889311,-2.759946,-1.154572,-3.361518,-1.355885,-3.800329,-1.473987,-4.035692,-1.458329,-4.013135,-1.304973,-3.722168,-1.044837,-3.189648,-0.713597,-2.404398,-0.33887,-1.399882,0.032369,-0.274477,0.35514,0.75907,0.616348,1.58592,0.793883,2.219205,0.887802,2.711069,0.926674,3.069713,0.933186,3.292457,0.936124,3.370735,0.935113,3.26221,0.90645,2.895137,0.819295,2.262182,0.649693,1.398004,0.38395,0.374383,0.038634,-0.712916,-0.354687,-1.766382,-0.745069,-2.729865,-1.104041,-3.554274,-1.385248,-4.173407,-1.551522,-4.531683,-1.593408,-4.589597,-1.509973,-4.253877,-1.31175,-3.263963,-0.999916,-1.527793,-0.627141,0.382505,-0.21062,1.577868,0.267829,1.937472,0.759494,1.992867,1.143426,2.106398,1.349035,2.288056,1.387306,2.470995,1.270773,2.594013,1.041263,2.644512,0.754211,2.636104,0.455766,2.549888,0.21512,2.391801,0.079556,2.161904,0.050723,1.874993,0.109618,1.537899,0.212488,1.161572,0.309828,0.769038,0.359364,0.395908,0.351364,0.077963,0.289385,-0.165627,0.183916,-0.313425,0.069245,-0.378757,-0.03203,-0.374691,-0.10806,-0.339644,-0.154554,-0.297338,-0.174461,-0.256605,-0.166839,-0.215281
3,-0.011063,0.055093,-0.015437,0.061122,-0.009092,0.072305,0.000381,0.079182,0.010159,0.078391,0.017273,0.070405,0.021342,0.057565,0.018217,0.047391,0.011015,0.035582,0.000299,0.030436,-0.007212,0.026307,-0.012525,0.026402,-0.010701,0.032972,-0.006958,0.051428,0.002444,0.076593,0.013914,0.109806,0.028851,0.145508,0.046652,0.184551,0.060565,0.218118,0.06826,0.236677,0.069112,0.241097,0.064945,0.237949,0.06045,0.227992,0.057706,0.210119,0.055427,0.17691,0.046003,0.115135,0.015696,-0.011032,-0.048667,-0.236011,-0.163412,-0.567995,-0.32947,-0.980888,-0.546279,-1.450881,-0.786208,-1.962834,-1.016538,-2.510268,-1.208393,-3.053987,-1.340115,-3.53708,-1.413198,-3.908871,-1.398534,-4.102958,-1.301141,-4.084095,-1.124994,-3.837768,-0.881012,-3.311129,-0.580878,-2.357839,-0.256345,-0.981327,0.025248,0.416403,0.268169,1.405278,0.499499,1.952315,0.715019,2.325329,0.87022,2.66939,0.979029,3.032942,1.039398,3.362089,1.059082,3.634017,1.045986,3.833982,1.019857,3.923575,1.002101,3.86892,0.99004,3.675742,0.975938,3.337,0.952708,2.867372,0.890013,2.293287,0.785673,1.660468,0.633752,1.004296,0.44382,0.327197,0.22463,-0.363675,-0.005725,-1.04377,-0.231006,-1.691519,-0.460493,-2.294713,-0.690909,-2.849307,-0.929895,-3.327571,-1.144866,-3.698612,-1.325577,-3.970277,-1.467074,-4.142568,-1.546299,-4.193888,-1.570196,-4.103827,-1.506538,-3.825004,-1.357857,-3.344664,-1.127248,-2.632117,-0.815257,-1.672747,-0.463359,-0.529089,-0.121159,0.477609,0.180015,1.15026,0.442137,1.52594,0.652853,1.758234,0.800177,1.929705,0.865897,2.055407,0.859822,2.11148,0.791948,2.079607,0.675048,1.971194,0.524582,1.80713,0.366377,1.608567,0.231048,1.395427,0.138957,1.186958,0.094448,1.007873,0.100144,0.863373,0.145834,0.740467,0.199982,0.620612,0.178786,0.125318,0.113939,0.032863,0.048136,-0.014362,-0.0068,-0.021075,-0.041507,-0.003166,-0.06277,0.01816,-0.071919,0.023269
3,0.012226,0.042329,0.015048,0.061689,0.018689,0.065721,0.020161,0.054858,0.019473,0.034422,0.013237,0.012516,0.003597,-0.00661,-0.005993,-0.009771,-0.017871,0.002611,-0.022473,0.028378,-0.020462,0.063062,-0.006761,0.094522,0.011391,0.120014,0.032085,0.136773,0.051078,0.141604,0.065206,0.144083,0.066794,0.143819,0.059046,0.147212,0.046897,0.161924,0.040189,0.192583,0.039503,0.227682,0.038101,0.253004,0.032222,0.259218,0.03207,0.243259,0.037953,0.206606,0.044149,0.15164,0.051268,0.0775,0.05024,-0.025103,0.035405,-0.168239,0.001492,-0.373141,-0.052358,-0.645015,-0.127931,-0.985194,-0.224478,-1.382614,-0.352471,-1.815796,-0.516413,-2.241017,-0.690331,-2.615044,-0.849851,-2.905581,-0.977178,-3.083429,-1.048149,-3.136883,-1.060339,-3.055912,-1.022221,-2.838848,-0.924197,-2.433836,-0.774461,-1.782605,-0.574784,-0.901907,-0.34218,-0.008815,-0.089727,0.708311,0.173717,1.181148,0.440123,1.511981,0.689726,1.820289,0.883394,2.138844,0.996872,2.451327,1.041779,2.713224,1.016723,2.913073,0.92252,3.041243,0.801879,3.084587,0.697044,3.039938,0.62005,2.917871,0.577799,2.719227,0.563808,2.451947,0.570346,2.100951,0.560247,1.68275,0.509438,1.208381,0.412744,0.690547,0.284244,0.142001,0.149438,-0.421001,0.006371,-0.971568,-0.13612,-1.501382,-0.287612,-2.010517,-0.451043,-2.483611,-0.628154,-2.916499,-0.82699,-3.313732,-1.030425,-3.671432,-1.225965,-3.994687,-1.400127,-4.239786,-1.499888,-4.342488,-1.523338,-4.251369,-1.467749,-3.795119,-1.346198,-2.725777,-1.199368,-1.168314,-1.006428,0.242095,-0.732921,0.956609,-0.416732,1.063115,-0.105739,0.895408,0.17691,0.627863,0.403776,0.317366,0.561586,-0.006553,0.633604,-0.296655,0.619678,-0.510366,0.523649,-0.59842,0.356942,-0.527344,0.140868,-0.315246,-0.072654,-0.056156,-0.228706,0.135731,-0.29856,0.203145,-0.289748,0.165166,-0.223204,0.074685,-0.128854,-0.016492,-0.030572,-0.073906,0.049242,-0.076083,0.103507,-0.026529
3,-0.037791,-3e-06,-0.027271,-0.00468,-0.011118,-0.008303,0.004405,-0.000989,0.012054,0.022743,0.017287,0.056275,0.013522,0.084118,0.007015,0.096379,0.002985,0.088798,0.001596,0.055173,0.002425,-0.009801,-0.010919,-0.124039,-0.056752,-0.321977,-0.153071,-0.642824,-0.298279,-1.081231,-0.503875,-1.62264,-0.749543,-2.210513,-0.998773,-2.775865,-1.221919,-3.266106,-1.387133,-3.657769,-1.47318,-3.930686,-1.476239,-4.060493,-1.394382,-4.004632,-1.240386,-3.747323,-1.0265,-3.232536,-0.762373,-2.339029,-0.462311,-1.036529,-0.178501,0.279428,0.078457,1.199981,0.355873,1.657808,0.636221,1.956825,0.86163,2.268724,1.004771,2.613302,1.071079,2.949959,1.078279,3.241997,1.045949,3.466705,0.996209,3.589372,0.950575,3.589948,0.936866,3.481357,0.94883,3.232627,0.953799,2.83387,0.914138,2.289456,0.81465,1.629347,0.642743,0.911952,0.407282,0.171886,0.133826,-0.560332,-0.152982,-1.258752,-0.431399,-1.907506,-0.685024,-2.499028,-0.920015,-3.028383,-1.143063,-3.489851,-1.355545,-3.894717,-1.551978,-4.256083,-1.707466,-4.547878,-1.783385,-4.668247,-1.753876,-4.544927,-1.612676,-4.079599,-1.36729,-3.019217,-1.01908,-1.281427,-0.629806,0.503302,-0.247469,1.580235,0.146418,1.881681,0.553841,1.874869,0.895031,1.931512,1.133727,2.101228,1.253277,2.321595,1.258776,2.540916,1.168602,2.747047,1.027658,2.924899,0.865309,3.047755,0.72665,3.074908,0.648733,2.998893,0.624505,2.831969,0.648271,2.5929,0.696166,2.289709,0.741115,1.938888,0.754123,1.565807,0.720881,1.191751,0.63761,0.841066,0.510172,0.540668,0.351572,0.298886,0.182543,0.111519,0.026076,-0.036443,-0.102768,-0.152404,-0.198001,-0.253908,-0.257732,-0.358053,-0.282272,-0.457783,-0.27359,-0.531443,-0.235855,-0.574659,-0.182482,-0.580309,-0.098416,-0.480036,-0.075979,-0.383263,-0.063086,-0.27351,-0.053822,-0.162176,-0.034711,-0.064666,-0.015058,0.011889,0.007236,0.066254,0.03223,0.098416,0.049217,0.115405,0.057845,0.115755
3,-0.0031,-0.00702,-0.00849,0.003426,-0.016573,0.012156,-0.023518,0.019087,-0.021154,0.019329,-0.008749,0.019664,0.008964,0.019596,0.026188,0.024256,0.031093,0.032409,0.028085,0.043092,0.014955,0.049866,-0.001693,0.044322,-0.016802,0.028412,-0.03069,0.000665,-0.035676,-0.025212,-0.033635,-0.040316,-0.024167,-0.039338,-0.011675,-0.021302,0.005632,0.001061,0.017876,0.021466,0.022201,0.030527,0.024,0.031667,0.020903,0.024643,0.012818,0.005624,-0.000926,-0.028322,-0.021238,-0.077759,-0.050672,-0.16448,-0.096903,-0.319937,-0.163029,-0.578169,-0.262719,-0.954727,-0.415012,-1.430551,-0.626459,-1.963936,-0.879967,-2.522589,-1.143711,-3.054853,-1.371774,-3.50978,-1.535132,-3.854393,-1.614799,-4.050021,-1.582567,-4.024729,-1.444451,-3.743322,-1.205118,-3.194186,-0.877887,-2.297024,-0.489454,-1.096083,-0.112623,0.131937,0.222417,1.095665,0.536532,1.705369,0.819641,2.147797,1.020822,2.541353,1.143352,2.888625,1.202468,3.168209,1.20318,3.347374,1.157844,3.405037,1.088274,3.343618,1.006312,3.185304,0.925453,2.934241,0.846803,2.583054,0.757269,2.129809,0.649648,1.579486,0.516015,0.951321,0.353182,0.259087,0.155078,-0.456819,-0.083009,-1.161767,-0.341761,-1.825001,-0.607747,-2.436347,-0.863188,-2.987385,-1.100336,-3.468465,-1.312941,-3.88165,-1.493613,-4.22419,-1.641417,-4.449617,-1.703621,-4.463849,-1.664352,-4.206612,-1.505475,-3.447872,-1.220562,-2.050703,-0.869958,-0.331753,-0.535353,1.035138,-0.176954,1.656632,0.201441,1.814708,0.569839,1.87141,0.907082,1.969259,1.163053,2.12273,1.291794,2.291285,1.30375,2.428574,1.221355,2.498876,1.073615,2.463069,0.893219,2.335492,0.696384,2.124377,0.507747,1.863137,0.358903,1.573901,0.25605,1.265837,0.193794,0.944385,0.15702,0.626419,0.129124,0.327988,0.099356,0.065844,0.062679,-0.147326,0.019649,-0.305348,-0.039051,-0.404656,-0.101286,-0.451632,-0.16407,-0.458523,-0.205025,-0.432418,-0.219813,-0.388038,-0.201867,-0.337393
3,-0.005896,0.001216,-0.019959,-0.029689,-0.032252,-0.059421,-0.039486,-0.083284,-0.042225,-0.09655,-0.034483,-0.088932,-0.021044,-0.064813,-0.004317,-0.032149,0.011533,0.003772,0.019966,0.033536,0.021857,0.05389,0.024601,0.067153,0.02614,0.074516,0.025859,0.073034,0.017266,0.06482,0.008024,0.049827,-0.006508,0.039009,-0.014516,0.033754,-0.013073,0.02961,-0.005401,0.029555,0.002854,0.028612,0.010554,0.032396,0.017701,0.040905,0.018961,0.050632,0.017808,0.052407,0.015429,0.048288,0.006354,0.019431,-0.016854,-0.0772,-0.06847,-0.285527,-0.18749,-0.647524,-0.38065,-1.159436,-0.655672,-1.784729,-0.9825,-2.444022,-1.297537,-3.040442,-1.549736,-3.49958,-1.655342,-3.771715,-1.620516,-3.836759,-1.451185,-3.692088,-1.176149,-3.179249,-0.80529,-2.117868,-0.412903,-0.626037,-0.095106,0.676451,0.178423,1.279797,0.471585,1.380212,0.75278,1.420533,0.963028,1.555463,1.069107,1.810511,1.070647,2.126379,0.986398,2.438301,0.862814,2.698342,0.749446,2.880923,0.67378,2.963922,0.64323,2.942927,0.651682,2.807343,0.69103,2.548006,0.7251,2.156714,0.720458,1.629831,0.637673,0.9907,0.465921,0.283974,0.221117,-0.462519,-0.081902,-1.2277,-0.406635,-1.995818,-0.726795,-2.731697,-1.030387,-3.391918,-1.287946,-3.957483,-1.5034,-4.422503,-1.622593,-4.700499,-1.643357,-4.738509,-1.561277,-4.398371,-1.343827,-3.286639,-1.001772,-1.282705,-0.70152,0.730681,-0.431362,1.709156,-0.106232,1.78187,0.30276,1.538161,0.723274,1.410493,1.088869,1.466162,1.30831,1.624817,1.360248,1.816148,1.263761,1.991952,1.066658,2.134998,0.80864,2.220079,0.551131,2.212366,0.351268,2.112808,0.243998,1.958567,0.227892,1.764931,0.2729,1.532867,0.342955,1.268573,0.392973,0.994571,0.409801,0.721281,0.380213,0.464929,0.316422,0.243029,0.232797,0.073996,0.137071,-0.046583,0.043588,-0.120123,-0.035127,-0.159476,-0.094873,-0.178897,-0.133429,-0.193682,-0.153537,-0.209463,-0.158137,-0.221706
3,-0.013111,0.035889,-0.014584,0.036203,-0.00817,0.030215,-0.00033,0.020077,0.006037,0.010253,0.008932,0.005786,0.006568,0.005521,-0.00137,0.007988,-0.011044,0.013134,-0.017148,0.020591,-0.01563,0.024111,-0.00523,0.029586,0.008019,0.026759,0.022428,0.022141,0.02885,0.016144,0.026123,0.010561,0.01514,0.005984,-0.001416,0.004153,-0.017973,0.002328,-0.022277,0.010949,-0.015651,0.020296,-0.003026,0.036057,0.006702,0.056287,0.015798,0.073575,0.021843,0.083822,0.026788,0.078142,0.024052,0.051019,0.014453,-0.000801,-0.008718,-0.090496,-0.044083,-0.251457,-0.112098,-0.517781,-0.243109,-0.900883,-0.446883,-1.395097,-0.693831,-1.974587,-0.974651,-2.565804,-1.237003,-3.102976,-1.44799,-3.516721,-1.532942,-3.740582,-1.484133,-3.723911,-1.300425,-3.467399,-1.005523,-2.817333,-0.624025,-1.671922,-0.247363,-0.276699,0.059098,0.835544,0.328023,1.378919,0.603917,1.601917,0.835912,1.823838,0.980822,2.117503,1.038476,2.467326,1.015645,2.795154,0.943214,3.053411,0.85827,3.215162,0.794787,3.265344,0.766302,3.196576,0.77751,3.001548,0.802676,2.669722,0.804678,2.201487,0.760556,1.605553,0.644185,0.919277,0.450817,0.180691,0.19158,-0.577531,-0.117734,-1.321239,-0.430797,-2.027375,-0.71924,-2.676951,-0.982738,-3.25544,-1.208498,-3.753249,-1.393522,-4.174515,-1.54449,-4.485154,-1.605021,-4.595619,-1.576592,-4.447514,-1.450222,-3.82365,-1.200698,-2.438831,-0.869457,-0.479355,-0.560566,1.17638,-0.240608,1.80549,0.135717,1.841695,0.539379,1.749105,0.908592,1.767857,1.177656,1.877329,1.298072,1.99243,1.29051,2.086152,1.160233,2.13755,0.932413,2.123147,0.674136,2.035884,0.431913,1.867927,0.236997,1.646847,0.120045,1.402169,0.088938,1.140032,0.1182,0.875324,0.180114,0.618832,0.234603,0.382858,0.260945,0.168778,0.240738,-0.017594,0.173124,-0.167856,0.070253,-0.274172,-0.041081,-0.335968,-0.133933,-0.351465,-0.198336,-0.332244,-0.228652,-0.295032,-0.225151,-0.251315
3,0.050633,-0.338033,0.066151,-0.320693,0.148507,-0.327642,0.25216,-0.336629,0.356723,-0.334162,0.454711,-0.323968,0.49343,-0.291758,0.471589,-0.238739,0.407027,-0.167225,0.308128,-0.086817,0.194474,-0.004396,0.067893,0.086184,-0.055191,0.175208,-0.158018,0.249935,-0.228929,0.295025,-0.264383,0.309943,-0.264465,0.303396,-0.240513,0.294561,-0.221355,0.2953,-0.203868,0.298757,-0.181883,0.313345,-0.169786,0.344397,-0.165472,0.388798,-0.184752,0.430062,-0.212345,0.455528,-0.231127,0.45726,-0.224584,0.444702,-0.199355,0.429042,-0.169953,0.415014,-0.131259,0.397795,-0.079548,0.376726,-0.024896,0.341692,0.032581,0.291669,0.08942,0.238465,0.121807,0.167262,0.122119,0.046066,0.075476,-0.169433,0.009252,-0.491087,-0.066056,-0.904078,-0.122128,-1.368719,-0.170538,-1.84289,-0.244037,-2.274714,-0.349064,-2.640418,-0.471054,-2.944979,-0.590475,-3.152957,-0.677526,-3.202963,-0.689916,-3.04444,-0.589109,-2.606526,-0.394048,-1.85615,-0.155319,-0.798101,0.061691,0.401026,0.240518,1.453468,0.385457,2.157222,0.493909,2.471214,0.547087,2.456011,0.56091,2.213799,0.53106,1.83049,0.458604,1.363694,0.388032,0.845471,0.352468,0.296264,0.328152,-0.290518,0.2833,-0.898799,0.223093,-1.507869,0.138966,-2.106037,0.034729,-2.655814,-0.091601,-3.148002,-0.223679,-3.545555,-0.322088,-3.732568,-0.366799,-3.570036,-0.305877,-2.978512,-0.166591,-1.991852,-0.031703,-0.755502,0.055539,0.482814,0.10712,1.45282,0.158616,2.022788,0.216769,2.272123,0.265121,2.30863,0.312052,2.22737,0.354306,2.09573,0.393626,1.959589,0.468126,1.827882,0.585134,1.707415,0.696025,1.586654,0.677792,1.484014,0.506296,1.367205,0.343406,1.220108,0.276034,1.049388,0.252905,0.878699,0.238743,0.716955,0.219769,0.570857,0.199952,0.443838,0.181417,0.328565,0.173349,0.220779,0.163049,0.119113,0.142564,0.029812,0.1178,-0.059268,0.094737,-0.15014,0.083568,-0.224962,0.08808,-0.265844,0.106486,-0.254116
3,-0.217133,0.224219,-0.211021,0.274204,-0.196099,0.332707,-0.191824,0.378104,-0.162514,0.393736,-0.112134,0.400378,-0.069655,0.401416,-0.04086,0.415969,-0.019689,0.437079,0.004673,0.462903,0.042247,0.48424,0.088947,0.501962,0.130488,0.513109,0.163532,0.523672,0.185696,0.535772,0.202857,0.536241,0.216981,0.524199,0.232687,0.497628,0.244649,0.455271,0.245724,0.405988,0.234026,0.363304,0.208469,0.331336,0.184519,0.311553,0.171976,0.301896,0.165514,0.290715,0.160631,0.27298,0.14063,0.248118,0.099917,0.219951,0.056023,0.195629,0.024084,0.169342,0.003068,0.143902,-0.013194,0.13387,-0.026054,0.13634,-0.045827,0.144306,-0.064483,0.144659,-0.081807,0.132649,-0.091636,0.108925,-0.088429,0.067548,-0.05967,-0.010057,0.003887,-0.151777,0.104432,-0.396908,0.266118,-0.785627,0.532688,-1.375787,0.84532,-2.148951,1.043248,-3.051927,0.959037,-3.982157,0.596063,-4.863771,0.072994,-5.618787,-0.467193,-6.015169,-0.887307,-5.632531,-1.129138,-4.36776,-1.201748,-2.516259,-1.109493,-0.516666,-0.807999,1.204918,-0.356529,2.387684,0.090471,3.0726,0.399707,3.413604,0.5053,3.551485,0.401283,3.532217,0.159774,3.333423,-0.153049,2.93859,-0.419242,2.35307,-0.544349,1.580649,-0.471003,0.672864,-0.19759,-0.297729,0.144587,-1.219553,0.398615,-2.0238,0.497851,-2.709679,0.456721,-3.276253,0.307353,-3.78953,0.096309,-4.24333,-0.127533,-4.457086,-0.27529,-4.15142,-0.338473,-3.170548,-0.352235,-1.691643,-0.300156,-0.126824,-0.175278,1.131224,0.001974,1.934163,0.171051,2.390715,0.26799,2.678815,0.264818,2.883374,0.169483,2.992901,0.014967,2.975531,-0.135631,2.821475,-0.20903,2.520422,-0.172656,2.11467,-0.03797,1.675676,0.124361,1.254083,0.24905,0.887237,0.292039,0.597979,0.262882,0.404976,0.192557,0.307322,0.117241,0.265606,0.044758,0.239193,-0.010583,0.206882,-0.028221,0.154345,-0.0124,0.082085,0.013198,-0.009229,0.029369,-0.091736,0.032324,-0.144545
3,0.074516,0.037556,0.105616,0.058008,0.125306,0.083827,0.128961,0.105545,0.12282,0.119018,0.104013,0.118592,0.073875,0.104832,0.034153,0.088753,-0.002875,0.080893,-0.026229,0.086462,-0.037289,0.102571,-0.03548,0.118289,-0.022605,0.129809,-0.002907,0.130872,0.014944,0.120923,0.021834,0.098532,0.017651,0.070904,0.008125,0.037592,-0.007604,0.01809,-0.023798,0.016656,-0.036676,0.03376,-0.048628,0.064665,-0.05534,0.098921,-0.051953,0.131804,-0.047071,0.155645,-0.038425,0.163276,-0.033656,0.148999,-0.025168,0.123279,-0.018058,0.092337,-0.018079,0.054259,-0.02285,0.018555,-0.025698,-0.003827,-0.023313,-0.006215,-0.022386,0.012343,-0.033366,0.033265,-0.051943,0.038939,-0.071422,0.016523,-0.082738,-0.03729,-0.079739,-0.129114,-0.067478,-0.256557,-0.059715,-0.427293,-0.064611,-0.674188,-0.060616,-1.056257,-0.055352,-1.597223,-0.084102,-2.286734,-0.182387,-3.05264,-0.346164,-3.828141,-0.479695,-4.51018,-0.52638,-4.948153,-0.472233,-4.888901,-0.345217,-4.155992,-0.206451,-2.8039,-0.08094,-1.118736,0.062825,0.498557,0.232802,1.726703,0.433189,2.500259,0.631975,2.967898,0.762236,3.246433,0.780005,3.358054,0.662157,3.301451,0.477038,3.062292,0.348634,2.586404,0.345638,1.833339,0.419515,0.821953,0.472037,-0.364854,0.423755,-1.597919,0.238975,-2.7678,-0.036333,-3.765598,-0.3532,-4.499647,-0.689695,-4.924315,-1.022028,-4.929848,-1.302195,-4.41226,-1.419931,-3.324013,-1.295298,-1.778054,-0.972263,-0.135914,-0.540692,1.186906,-0.091974,2.012631,0.268194,2.411939,0.484619,2.524733,0.567044,2.453141,0.563197,2.282472,0.501478,2.053727,0.417811,1.826508,0.339212,1.629639,0.271888,1.43713,0.223569,1.252593,0.191383,1.067685,0.173667,0.884495,0.16842,0.713726,0.169887,0.569055,0.162518,0.450061,0.143536,0.369012,0.129937,0.313803,0.126389,0.270105,0.132095,0.214471,0.148902,0.14954,0.16334,0.082195,0.167085,0.035784,0.151835,0.028964,0.110438,0.050268
3,0.010429,0.205155,0.029186,0.24467,0.037009,0.29795,0.035406,0.348842,0.030064,0.380229,0.031596,0.386845,0.029629,0.363016,0.016117,0.318789,-0.007274,0.260392,-0.035639,0.204441,-0.060681,0.162269,-0.071469,0.129464,-0.060299,0.099848,-0.028586,0.070621,0.004568,0.039471,0.017605,-0.000629,0.001927,-0.045235,-0.042849,-0.090452,-0.106031,-0.13221,-0.170339,-0.181951,-0.227964,-0.243753,-0.267514,-0.333982,-0.266293,-0.491734,-0.195619,-0.750948,-0.015588,-1.143383,0.241385,-1.669501,0.486694,-2.2994,0.629841,-2.937724,0.615046,-3.500031,0.462205,-3.953593,0.252757,-4.275723,0.052918,-4.416192,-0.115466,-4.300004,-0.207883,-3.853645,-0.235117,-3.006305,-0.223052,-1.827983,-0.172266,-0.554503,-0.094901,0.565153,-0.004815,1.360343,0.097555,1.824587,0.191894,2.095643,0.244359,2.306823,0.236194,2.532738,0.196155,2.804581,0.148459,3.098844,0.086121,3.379162,0.024636,3.586625,-0.041511,3.675483,-0.114294,3.628412,-0.186988,3.440659,-0.252745,3.11308,-0.292421,2.655069,-0.280166,2.081918,-0.212026,1.418204,-0.075502,0.688187,0.132679,-0.077928,0.35556,-0.824961,0.525733,-1.488004,0.610677,-2.070282,0.620147,-2.609027,0.554676,-3.113985,0.436665,-3.612918,0.277071,-4.071323,0.098516,-4.43742,-0.083107,-4.676761,-0.263517,-4.7321,-0.401975,-4.473755,-0.488221,-3.794708,-0.538755,-2.7662,-0.574508,-1.637446,-0.583551,-0.609927,-0.564799,0.204111,-0.5229,0.779404,-0.453847,1.135006,-0.369275,1.340437,-0.294271,1.457449,-0.251281,1.509351,-0.219569,1.507344,-0.183809,1.473327,-0.141404,1.437727,-0.108918,1.414175,-0.114993,1.408282,-0.159954,1.402513,-0.219407,1.382484,-0.257724,1.329066,-0.265828,1.239636,-0.235191,1.11034,-0.173132,0.938442,-0.085934,0.744054,0.018542,0.552354,0.122092,0.380266,0.199589,0.232733,0.239519,0.114117,0.246426,0.017041,0.237939,-0.055176,0.219436,-0.09315,0.182576,-0.095265,0.132253,-0.074842,0.07968,-0.046269,0.03262,-0.013055
3,-0.007993,0.018695,0.005177,0.043115,0.020311,0.066671,0.025433,0.080705,0.025615,0.078303,0.020944,0.067582,0.014151,0.049646,0.004142,0.027317,-0.009884,0.009139,-0.024657,-0.002854,-0.032047,-0.008855,-0.031097,0.003559,-0.022952,0.026731,-0.013954,0.051843,-0.005638,0.070271,0.000792,0.076716,0.009089,0.071802,0.013274,0.06291,0.011909,0.049515,-0.000668,0.042364,-0.021007,0.038729,-0.042841,0.036951,-0.064233,0.036154,-0.080964,0.037912,-0.086453,0.04385,-0.082028,0.051071,-0.072788,0.056092,-0.061916,0.044022,-0.059975,0.009158,-0.056928,-0.052876,-0.019839,-0.168865,0.070903,-0.359705,0.207844,-0.656573,0.389322,-1.101704,0.587304,-1.705717,0.723261,-2.383853,0.740866,-3.059323,0.607867,-3.64976,0.351047,-4.063294,0.049571,-4.169826,-0.205221,-3.826436,-0.367102,-2.982355,-0.412321,-1.800025,-0.33976,-0.527235,-0.180192,0.581995,0.020389,1.382117,0.243372,1.900082,0.440351,2.270628,0.56427,2.587013,0.601953,2.913945,0.54961,3.247904,0.404905,3.535704,0.206212,3.711981,-0.013767,3.729195,-0.244582,3.582133,-0.469485,3.250807,-0.659664,2.752056,-0.766812,2.115535,-0.763888,1.35286,-0.654552,0.512823,-0.456301,-0.372118,-0.200929,-1.251546,0.050994,-2.092399,0.249133,-2.845177,0.356575,-3.474363,0.36126,-3.988361,0.289948,-4.391231,0.137833,-4.665358,-0.084788,-4.731162,-0.367616,-4.477828,-0.6765,-3.883506,-0.930983,-3.013079,-1.04634,-1.963663,-1.01117,-0.873437,-0.853231,0.086823,-0.614131,0.805582,-0.335855,1.261117,-0.085272,1.49733,0.072633,1.584128,0.147362,1.585485,0.160756,1.530629,0.129026,1.431933,0.091787,1.310049,0.070752,1.185171,0.068433,1.079019,0.082044,0.98669,0.090719,0.903516,0.078753,0.818741,0.059702,0.718062,0.045348,0.590606,0.052186,0.450494,0.077563,0.309556,0.122839,0.181237,0.183487,0.07418,0.245522,-0.00031,0.284748,-0.038935,0.283007,-0.046297,0.247047,-0.025633,0.191697,0.006626,0.135674,0.034979
3,-0.044623,0.014817,-0.035475,0.030509,-0.021379,0.033627,0.004571,0.02933,0.03012,0.02408,0.048415,0.02081,0.056418,0.031256,0.047591,0.061736,0.024653,0.115743,-0.0055,0.203218,-0.056948,0.313949,-0.106444,0.41422,-0.135665,0.477938,-0.15114,0.505783,-0.15587,0.48936,-0.147918,0.432644,-0.129945,0.35885,-0.102933,0.262754,-0.071902,0.165846,-0.047993,0.067108,-0.042552,-0.0519,-0.050403,-0.217368,-0.058103,-0.46213,-0.086391,-0.778894,-0.131405,-1.172292,-0.166559,-1.625192,-0.153937,-2.104451,-0.086977,-2.593002,0.033436,-3.042024,0.157701,-3.356382,0.208992,-3.469046,0.196295,-3.372612,0.13212,-3.033611,0.02862,-2.426883,-0.092889,-1.611208,-0.196228,-0.777123,-0.242032,-0.067622,-0.219201,0.45548,-0.127604,0.813129,0.026111,1.070055,0.208676,1.291726,0.342963,1.536087,0.400284,1.826237,0.40832,2.181635,0.37594,2.57935,0.284752,2.932013,0.139392,3.151714,-0.038202,3.191391,-0.201924,3.019571,-0.277401,2.624806,-0.234447,2.036251,-0.103845,1.293374,0.056184,0.470876,0.206872,-0.34783,0.299058,-1.106589,0.309764,-1.75353,0.23611,-2.273301,0.093018,-2.663377,-0.084029,-2.971234,-0.233476,-3.259127,-0.316744,-3.550899,-0.373056,-3.772894,-0.437511,-3.83244,-0.521924,-3.643564,-0.623004,-3.182999,-0.689844,-2.503919,-0.709537,-1.683932,-0.679377,-0.816956,-0.616956,-0.01317,-0.517772,0.648054,-0.364956,1.129792,-0.182012,1.463019,-0.02338,1.70495,0.080463,1.871509,0.130407,1.986138,0.135358,2.066333,0.110479,2.107018,0.067291,2.109322,0.014596,2.076097,-0.036477,2.005624,-0.077265,1.898625,-0.108207,1.756242,-0.120835,1.588813,-0.110633,1.422209,-0.084646,1.262038,-0.049861,1.117348,-0.015725,0.981905,-0.000396,0.848465,-0.004404,0.706392,-0.008938,0.561067,-0.001769,0.42126,0.012459,0.300185,0.030746,0.19494,0.040762,0.106667,0.03689,0.028545,0.024957,-0.042169,0.012523,-0.102002,-0.000223,-0.14286,-0.009725,-0.159394,-0.006264,-0.150261
3,0.081344,0.012892,0.08094,0.022237,0.056787,0.030581,0.020645,0.040896,-0.017229,0.04739,-0.047792,0.049452,-0.065983,0.050547,-0.061931,0.054458,-0.042424,0.053845,-0.016079,0.050253,0.008468,0.04516,0.030445,0.04468,0.046604,0.046757,0.050607,0.055418,0.044764,0.060359,0.031691,0.05458,0.02309,0.043285,0.019054,0.036934,0.01837,0.030233,0.015574,0.029161,0.009786,0.031793,0.00154,0.036726,-0.00871,0.044938,-0.019549,0.056959,-0.032886,0.071272,-0.055437,0.088571,-0.083614,0.10132,-0.106427,0.095086,-0.117819,0.07781,-0.113238,0.044009,-0.088745,-0.007974,-0.042079,-0.065097,0.01636,-0.14987,0.076753,-0.310259,0.15137,-0.582235,0.258443,-0.969718,0.364004,-1.48803,0.397009,-2.15497,0.357929,-2.95207,0.292005,-3.780657,0.19435,-4.454518,0.049636,-4.733205,-0.126006,-4.406754,-0.309626,-3.532465,-0.450697,-2.343546,-0.524735,-1.067019,-0.516286,0.070067,-0.417725,0.921196,-0.233956,1.507138,-0.035231,1.942857,0.122619,2.295695,0.233742,2.582926,0.29454,2.853064,0.296957,3.100584,0.24859,3.271671,0.159087,3.336969,0.049105,3.268745,-0.065255,3.039874,-0.147915,2.642585,-0.137722,2.085597,-0.039273,1.381179,0.113592,0.54525,0.300895,-0.381024,0.500124,-1.337063,0.639327,-2.243958,0.637472,-3.038482,0.482359,-3.699846,0.263248,-4.226001,0.042573,-4.583087,-0.197584,-4.706765,-0.455203,-4.503187,-0.701994,-3.893837,-0.887578,-2.902622,-0.953369,-1.688239,-0.868778,-0.459698,-0.661568,0.591373,-0.38419,1.345271,-0.109149,1.805951,0.091133,2.044997,0.195208,2.135388,0.243582,2.126968,0.273666,2.052339,0.298374,1.936484,0.304388,1.786846,0.287368,1.613214,0.236873,1.425667,0.166554,1.219442,0.074328,0.997947,-0.031066,0.756598,-0.098218,0.50141,-0.107849,0.25613,-0.071924,0.037239,-0.010326,-0.134261,0.053692,-0.251681,0.103354,-0.322982,0.138508,-0.350688,0.171417,-0.340008,0.176833,-0.293208,0.141642,-0.218868,0.083759,-0.125572
3,0.025534,0.040235,0.042963,0.048305,0.059792,0.043935,0.069227,0.030745,0.069273,0.010154,0.051652,-0.011282,0.022264,-0.0424,-0.030049,-0.096257,-0.153323,-0.216267,-0.384621,-0.435882,-0.716067,-0.750865,-1.109482,-1.13419,-1.500182,-1.530937,-1.834192,-1.900571,-2.077652,-2.210512,-2.2118,-2.471359,-2.236826,-2.683398,-2.178,-2.857273,-2.076301,-3.013333,-1.937441,-3.153065,-1.765223,-3.248642,-1.563774,-3.267081,-1.356393,-3.170226,-1.162848,-2.922426,-0.981995,-2.53078,-0.798375,-2.028413,-0.606299,-1.464137,-0.386887,-0.857982,-0.136132,-0.228065,0.134027,0.410131,0.394083,1.033181,0.628483,1.606928,0.838747,2.100779,1.027485,2.484545,1.202852,2.758722,1.364546,2.916698,1.499648,2.934336,1.594391,2.801701,1.629063,2.516863,1.588045,2.106081,1.448073,1.601935,1.199738,1.038512,0.85666,0.471439,0.435207,-0.072482,-0.029878,-0.592364,-0.490328,-1.090385,-0.914848,-1.559471,-1.258991,-1.98604,-1.511278,-2.363353,-1.665849,-2.668846,-1.755419,-2.891239,-1.789895,-3.024313,-1.774509,-3.077223,-1.69598,-3.054682,-1.552614,-2.948256,-1.340412,-2.745161,-1.068501,-2.418311,-0.753919,-1.946589,-0.416756,-1.341992,-0.088169,-0.649311,0.202042,0.081727,0.443665,0.802998,0.626928,1.480007,0.763481,2.096915,0.87292,2.628171,0.987908,3.05746,1.12643,3.364808,1.298713,3.538477,1.493145,3.597183,1.684699,3.56207,1.846058,3.446528,1.952479,3.267399,1.996153,3.038289,1.974184,2.762706,1.884371,2.453257,1.735976,2.123789,1.547716,1.784681,1.333385,1.450528,1.105715,1.131005,0.873054,0.832053,0.641744,0.562437,0.419124,0.318092,0.204648,0.107437,0.006432,-0.074461,-0.170752,-0.221782,-0.320666,-0.340834,-0.426447,-0.431588,-0.488611,-0.495424,-0.505814,-0.528155,-0.489255,-0.52731,-0.448473,-0.489693,-0.391282,-0.417921,-0.320224,-0.322004,-0.232548,-0.220725,-0.139003,-0.124932,-0.046052,-0.037663,0.039273,0.038872,0.107903,0.103792,0.15287,0.147921,0.168498,0.170554
3,0.026548,0.029564,0.021356,0.028022,0.008576,0.024914,-0.004124,0.01706,-0.016381,0.010645,-0.019572,0.002966,-0.016564,-0.005075,-0.010322,-0.007816,-0.000896,-0.002874,0.010413,0.003059,0.020781,0.008493,0.023614,0.009963,0.025099,0.007122,0.022681,0.009446,0.022071,0.017515,0.017694,0.023619,0.010071,0.024441,0.003467,0.021,-0.00499,0.014199,-0.013409,0.005018,-0.020353,-0.006999,-0.026877,-0.015207,-0.030028,-0.025271,-0.030292,-0.036243,-0.025379,-0.043312,-0.020915,-0.051807,-0.024483,-0.063308,-0.033145,-0.081105,-0.047395,-0.10426,-0.080645,-0.15068,-0.15818,-0.231517,-0.307223,-0.381273,-0.537745,-0.608595,-0.825919,-0.91342,-1.153612,-1.285789,-1.477052,-1.689012,-1.737595,-2.081733,-1.910131,-2.413037,-1.996216,-2.667233,-2.003342,-2.82372,-1.924175,-2.854686,-1.757053,-2.704951,-1.517741,-2.351978,-1.220585,-1.836881,-0.883034,-1.246521,-0.511831,-0.624959,-0.123394,-0.002175,0.257265,0.590895,0.603579,1.140156,0.902346,1.628445,1.153922,2.042593,1.362051,2.355615,1.521734,2.540648,1.624911,2.568969,1.647022,2.4236,1.559101,2.114508,1.350321,1.667095,1.023372,1.127331,0.610831,0.536448,0.14264,-0.074432,-0.359505,-0.693076,-0.851343,-1.297095,-1.284726,-1.864495,-1.623653,-2.370353,-1.843058,-2.790858,-1.942413,-3.099113,-1.937084,-3.268428,-1.834434,-3.270435,-1.646976,-3.090308,-1.412502,-2.717128,-1.142398,-2.175968,-0.829597,-1.514379,-0.45861,-0.762634,-0.0529,0.042956,0.337096,0.847867,0.673823,1.590643,0.940898,2.230396,1.151199,2.734218,1.32797,3.090954,1.482752,3.287748,1.608503,3.320944,1.697469,3.204939,1.734973,2.956594,1.703079,2.623738,1.595019,2.248488,1.42243,1.866611,1.208037,1.498482,0.979744,1.157911,0.751926,0.846043,0.545153,0.556802,0.359087,0.291734,0.199816,0.0626,0.058729,-0.126981,-0.066694,-0.278271,-0.182835,-0.391138,-0.276671,-0.462067,-0.339034,-0.483823,-0.364384,-0.452335,-0.354779,-0.379989,-0.315582,-0.292063
3,0.050229,0.099295,0.04356,0.091756,0.036927,0.073277,0.027469,0.053252,0.024131,0.044019,0.027857,0.057031,0.03593,0.09071,0.044519,0.125809,0.050816,0.149825,0.056006,0.156149,0.05661,0.146556,0.0561,0.127872,0.050021,0.103749,0.037908,0.072774,0.013964,0.023336,-0.037392,-0.049352,-0.131323,-0.157329,-0.270705,-0.316728,-0.452099,-0.521033,-0.673453,-0.767137,-0.93898,-1.052951,-1.21821,-1.381971,-1.487809,-1.732996,-1.730458,-2.08362,-1.919621,-2.409312,-2.04976,-2.69023,-2.106561,-2.900917,-2.079348,-3.00102,-1.961593,-2.957578,-1.754338,-2.728819,-1.468466,-2.311279,-1.114935,-1.734986,-0.71863,-1.071079,-0.311543,-0.37653,0.085067,0.29852,0.440749,0.915933,0.736949,1.456535,0.969352,1.910802,1.152024,2.25877,1.304788,2.487132,1.426027,2.581095,1.499015,2.523278,1.50126,2.311065,1.417442,1.963176,1.22829,1.512598,0.944383,1.008766,0.593734,0.489624,0.211467,-0.031249,-0.174276,-0.54867,-0.548133,-1.049207,-0.893204,-1.532337,-1.185928,-1.984046,-1.414032,-2.386683,-1.580499,-2.725215,-1.694824,-2.976849,-1.751033,-3.127493,-1.744072,-3.153437,-1.661175,-3.023739,-1.49786,-2.718383,-1.264518,-2.242031,-0.942234,-1.614812,-0.553726,-0.873676,-0.144494,-0.084541,0.237663,0.697172,0.569473,1.432003,0.845867,2.086432,1.072001,2.64003,1.271353,3.074926,1.454128,3.382394,1.632342,3.553993,1.804433,3.593771,1.94994,3.50176,2.049255,3.287436,2.079604,2.969426,2.026458,2.580291,1.890705,2.141946,1.681566,1.697132,1.408006,1.279629,1.093123,0.90386,0.762656,0.575212,0.440562,0.293486,0.158274,0.055315,-0.08009,-0.147986,-0.273382,-0.329898,-0.417779,-0.472373,-0.512476,-0.564494,-0.561026,-0.60952,-0.568723,-0.614573,-0.54763,-0.58773,-0.494312,-0.529868,-0.414508,-0.444733,-0.315645,-0.345391,-0.202934,-0.227165,-0.093576,-0.098426,0.004305,0.02374,0.090726,0.129593,0.156095,0.202571,0.199721,0.241907,0.218729,0.245999,0.214583,0.222403
3,0.010351,0.030741,0.010427,0.036943,0.008537,0.029658,0.004507,0.011266,-0.005201,-0.007972,-0.010403,-0.015943,-0.015844,-0.012962,-0.015929,-0.004385,-0.01158,0.009254,-0.000716,0.018078,0.013913,0.020473,0.023886,0.013968,0.027422,0.003693,0.021602,-0.009576,0.004046,-0.025971,-0.018265,-0.042654,-0.042023,-0.058955,-0.068967,-0.084553,-0.098658,-0.118042,-0.14517,-0.169009,-0.223538,-0.251594,-0.355223,-0.383341,-0.540551,-0.564694,-0.766187,-0.777123,-0.992954,-1.001584,-1.192163,-1.226071,-1.336612,-1.439743,-1.419538,-1.633272,-1.436927,-1.802278,-1.409896,-1.930946,-1.354789,-2.007653,-1.284431,-2.0174,-1.205882,-1.943475,-1.11663,-1.785532,-1.025001,-1.54455,-0.912006,-1.237978,-0.770039,-0.888833,-0.579597,-0.514746,-0.336914,-0.112507,-0.057497,0.312754,0.235299,0.740906,0.516749,1.138102,0.77133,1.505294,0.98017,1.837287,1.139842,2.094948,1.263325,2.26049,1.356616,2.324962,1.423723,2.287449,1.449536,2.132892,1.418026,1.864053,1.299175,1.499866,1.083757,1.074186,0.772115,0.617614,0.382679,0.150067,-0.050378,-0.311518,-0.4935,-0.759238,-0.906137,-1.190727,-1.253083,-1.607699,-1.516924,-2.009638,-1.700976,-2.376843,-1.809231,-2.693189,-1.864472,-2.944645,-1.879724,-3.124209,-1.855707,-3.225588,-1.778071,-3.221298,-1.639643,-3.072345,-1.454726,-2.764261,-1.231374,-2.297359,-0.960467,-1.708327,-0.649494,-1.065684,-0.305189,-0.373233,0.047059,0.32277,0.380849,0.972645,0.659775,1.566859,0.884267,2.075697,1.058318,2.50318,1.202918,2.841051,1.335112,3.079318,1.46402,3.210923,1.589334,3.237351,1.701344,3.162297,1.784709,2.99819,1.820889,2.746211,1.792679,2.431564,1.685461,2.083477,1.510423,1.722785,1.284423,1.365595,1.031519,1.031415,0.773682,0.736386,0.525278,0.469639,0.304406,0.224642,0.112231,0.015074,-0.05072,-0.159238,-0.187646,-0.30363,-0.303702,-0.409774,-0.391542,-0.470982,-0.448266,-0.495299,-0.470069,-0.490414,-0.456981,-0.463327,-0.41212,-0.415392
3,0.01648,-0.002182,0.024014,0.003815,0.022749,0.011806,0.013719,0.016169,0.001085,0.018277,-0.010962,0.009453,-0.023223,-0.007045,-0.032748,-0.031893,-0.038521,-0.060687,-0.055846,-0.103061,-0.094438,-0.161476,-0.168851,-0.260541,-0.293183,-0.40525,-0.460655,-0.591278,-0.655664,-0.808158,-0.855696,-1.045639,-1.042109,-1.293364,-1.211859,-1.538985,-1.357813,-1.773296,-1.480711,-1.984957,-1.569623,-2.173287,-1.617716,-2.33708,-1.625604,-2.464744,-1.591888,-2.526416,-1.527438,-2.492926,-1.428641,-2.347192,-1.28821,-2.101574,-1.104077,-1.757116,-0.878954,-1.319077,-0.60662,-0.806361,-0.291075,-0.237513,0.047928,0.35064,0.378671,0.951657,0.663206,1.535526,0.901369,2.03142,1.093636,2.430596,1.245143,2.714543,1.365564,2.868629,1.457883,2.884002,1.507641,2.741246,1.494378,2.459206,1.405275,2.06476,1.234307,1.593376,0.989065,1.077919,0.674702,0.538235,0.297191,-0.000608,-0.118953,-0.524779,-0.541676,-1.020534,-0.942358,-1.489062,-1.284403,-1.925221,-1.548163,-2.315905,-1.719676,-2.63758,-1.815424,-2.892139,-1.84115,-3.06641,-1.804041,-3.142701,-1.704424,-3.084449,-1.544018,-2.873351,-1.323013,-2.508801,-1.041155,-1.980159,-0.713977,-1.323577,-0.345884,-0.591395,0.039964,0.162871,0.402479,0.910558,0.706403,1.640379,0.949293,2.276861,1.133118,2.814203,1.285987,3.223313,1.432539,3.489435,1.581229,3.623435,1.724821,3.61918,1.845821,3.490356,1.930734,3.241859,1.962578,2.914004,1.930047,2.537339,1.820888,2.131641,1.639573,1.72077,1.400921,1.329627,1.121161,0.971692,0.821128,0.650908,0.521551,0.367733,0.241987,0.122949,-0.00943,-0.087748,-0.221813,-0.272971,-0.391849,-0.427735,-0.513318,-0.544273,-0.587244,-0.620696,-0.621211,-0.657197,-0.614648,-0.649739,-0.574672,-0.598306,-0.505388,-0.516387,-0.410009,-0.411666,-0.295027,-0.295986,-0.173495,-0.170119,-0.056076,-0.046736,0.047199,0.06269,0.130681,0.149642,0.18988,0.205553,0.220344,0.22749,0.222877,0.223957,0.205107,0.196557
3,0.025135,0.016005,0.017306,0.008485,0.004491,0.002854,-0.008899,-0.001869,-0.021391,-0.006019,-0.028248,-0.009121,-0.027103,-0.010927,-0.021876,-0.01518,-0.013056,-0.017143,-0.006769,-0.013144,0.001389,-0.004162,0.005221,0.009633,0.006365,0.021712,0.00719,0.032321,0.006549,0.043257,0.010567,0.050843,0.01981,0.054176,0.027116,0.062562,0.029281,0.065153,0.028091,0.063098,0.023533,0.056404,0.016875,0.037074,0.004932,0.008141,-0.020834,-0.040799,-0.072761,-0.120077,-0.18525,-0.260636,-0.390411,-0.490181,-0.701649,-0.813142,-1.100316,-1.217215,-1.509475,-1.655602,-1.858248,-2.072377,-2.09541,-2.430899,-2.200752,-2.728362,-2.190208,-2.973514,-2.080065,-3.144686,-1.894359,-3.21283,-1.65913,-3.146837,-1.413102,-2.940266,-1.164086,-2.610937,-0.901174,-2.162281,-0.619965,-1.615752,-0.320986,-0.942109,-0.019436,-0.206327,0.27452,0.551352,0.545763,1.278884,0.777111,1.9211,0.964774,2.450444,1.115862,2.846237,1.246181,3.096699,1.36383,3.185061,1.444403,3.106598,1.462464,2.848375,1.389744,2.421495,1.216895,1.860894,0.952128,1.229307,0.630638,0.591359,0.290588,-0.008836,-0.036844,-0.542849,-0.334691,-0.991185,-0.590381,-1.350247,-0.793335,-1.627895,-0.934473,-1.836646,-1.022894,-1.980618,-1.061963,-2.063855,-1.048127,-2.07823,-0.985648,-2.01377,-0.876735,-1.857029,-0.735844,-1.597421,-0.567387,-1.247036,-0.388933,-0.838068,-0.19925,-0.410921,-0.002615,0.006643,0.176975,0.394613,0.333743,0.740743,0.459028,1.032304,0.558857,1.277441,0.641625,1.477332,0.71685,1.645052,0.786684,1.773895,0.854545,1.853548,0.925602,1.881687,0.986517,1.856147,1.033644,1.77376,1.057442,1.642498,1.057147,1.482391,1.024942,1.306847,0.957906,1.12816,0.862239,0.953581,0.738463,0.783897,0.59458,0.624159,0.442621,0.475409,0.295938,0.341619,0.169508,0.224134,0.071063,0.119465,-0.007688,0.026856,-0.064364,-0.056945,-0.104467,-0.127232,-0.129292,-0.179959,-0.14183,-0.206824,-0.140174,-0.205084
3,0.008702,0.042008,0.016305,0.04976,0.022232,0.048636,0.026405,0.046308,0.030266,0.04633,0.034417,0.047821,0.033262,0.049554,0.027981,0.049788,0.020052,0.048243,0.014189,0.045541,0.00836,0.035172,0.005167,0.026593,0.008125,0.026018,0.01638,0.029011,0.024337,0.034354,0.027886,0.036718,0.025549,0.036397,0.019978,0.031347,0.015019,0.013909,0.004444,-0.008551,-0.009094,-0.034254,-0.025876,-0.06468,-0.050593,-0.108112,-0.089063,-0.16726,-0.143668,-0.251735,-0.231611,-0.381375,-0.368516,-0.568318,-0.562686,-0.823174,-0.808865,-1.132512,-1.077317,-1.464197,-1.32341,-1.791722,-1.528172,-2.092169,-1.675026,-2.355303,-1.760023,-2.576729,-1.782455,-2.730452,-1.733156,-2.790589,-1.621679,-2.720144,-1.467098,-2.517344,-1.268251,-2.210871,-1.020347,-1.808015,-0.741947,-1.321487,-0.439422,-0.745299,-0.122199,-0.12968,0.191013,0.487975,0.477512,1.077831,0.717532,1.608764,0.907972,2.050457,1.055031,2.387136,1.172619,2.620152,1.27018,2.743108,1.338213,2.739149,1.362016,2.608331,1.328635,2.344084,1.221036,1.944455,1.022202,1.439265,0.740209,0.873541,0.393014,0.281821,0.006239,-0.313399,-0.399622,-0.889589,-0.790251,-1.421069,-1.120986,-1.879622,-1.377611,-2.265921,-1.560626,-2.595676,-1.675786,-2.87055,-1.720609,-3.075679,-1.693772,-3.183838,-1.602346,-3.158859,-1.459854,-2.968051,-1.263585,-2.597528,-0.995404,-2.066988,-0.651266,-1.418557,-0.272409,-0.684551,0.093777,0.126564,0.424563,0.916841,0.710987,1.648388,0.937843,2.283833,1.11724,2.799975,1.2635,3.188537,1.39063,3.433703,1.51971,3.542125,1.632321,3.518068,1.713798,3.370506,1.759959,3.105907,1.753182,2.76101,1.68993,2.369042,1.575473,1.966562,1.409664,1.583404,1.194882,1.228469,0.952098,0.909611,0.695856,0.628044,0.44362,0.380902,0.21015,0.159792,0.007266,-0.034244,-0.163168,-0.196539,-0.295019,-0.325689,-0.385108,-0.414037,-0.433954,-0.466879,-0.444343,-0.482196,-0.426357,-0.468548,-0.382948,-0.431629
3,-0.005311,-0.003544,0.00443,-0.004721,0.010037,-0.003539,0.010921,-0.00295,0.006789,-0.000591,0.001181,0.002066,-0.002949,0.004429,-0.004125,0.010038,-0.004707,0.018599,-0.005883,0.024208,-0.008538,0.026277,-0.011787,0.025393,-0.01002,0.022734,-0.005298,0.019485,0.000898,0.015938,0.005915,0.014163,0.008573,0.012093,0.011229,0.010021,0.012124,0.014444,0.008306,0.022122,0.000954,0.031285,-0.009349,0.037215,-0.019669,0.043143,-0.018195,0.042843,-0.011435,0.034559,-0.004981,0.01713,-0.004151,-0.009142,-0.016318,-0.042767,-0.046494,-0.08965,-0.096984,-0.161647,-0.178095,-0.273735,-0.296371,-0.436554,-0.46276,-0.653537,-0.67822,-0.91783,-0.938569,-1.232754,-1.199858,-1.583466,-1.431379,-1.924649,-1.609971,-2.231589,-1.725409,-2.488466,-1.770126,-2.681178,-1.744172,-2.77694,-1.654417,-2.739558,-1.516437,-2.571374,-1.328225,-2.285451,-1.10005,-1.889355,-0.835222,-1.406717,-0.533447,-0.856442,-0.214027,-0.260795,0.100834,0.360582,0.386191,0.971337,0.629926,1.534247,0.83169,2.025404,0.996163,2.422631,1.140575,2.715376,1.262198,2.879342,1.356834,2.8963,1.390856,2.738256,1.334419,2.405972,1.161063,1.907712,0.859181,1.278306,0.456227,0.568765,-0.003108,-0.158257,-0.457734,-0.85563,-0.86522,-1.489357,-1.193566,-2.026911,-1.43954,-2.459126,-1.602689,-2.792967,-1.693061,-3.035993,-1.715669,-3.166036,-1.674051,-3.169178,-1.566866,-3.034733,-1.393583,-2.742744,-1.147524,-2.289539,-0.810406,-1.700895,-0.403753,-0.972422,0.017478,-0.157125,0.409646,0.668147,0.73566,1.429005,0.972612,2.073885,1.121379,2.572488,1.21258,2.925447,1.278527,3.11829,1.330876,3.148853,1.352947,3.031029,1.337092,2.776691,1.268498,2.411563,1.15371,1.977292,1.001368,1.523468,0.823613,1.095059,0.629784,0.71533,0.42991,0.394648,0.23688,0.131465,0.058191,-0.078919,-0.09684,-0.242927,-0.223137,-0.361001,-0.308066,-0.43159,-0.34779,-0.452928,-0.349241,-0.43371,-0.31542,-0.390478,-0.252191,-0.322897
3,-0.045287,0.009407,-0.087883,0.004945,-0.113559,0.002564,-0.112526,0.002407,-0.094688,0.010245,-0.059378,0.032887,-0.008861,0.075407,0.043859,0.132749,0.097492,0.181521,0.144521,0.212151,0.173773,0.215588,0.174156,0.190948,0.136031,0.145665,0.070442,0.089697,0.008888,0.056225,-0.02604,0.056507,-0.029296,0.081912,-0.020692,0.113103,-0.008936,0.139533,0.006081,0.150359,0.032274,0.154867,0.077876,0.155804,0.131194,0.151624,0.167682,0.134004,0.180572,0.109236,0.171952,0.077795,0.148849,0.047706,0.115807,0.028705,0.075377,0.019285,0.032829,0.015104,0.002797,0.013549,-0.017083,0.004302,-0.025569,-0.013577,-0.030795,-0.042764,-0.031812,-0.088449,-0.02419,-0.17468,-0.007961,-0.321968,-0.002838,-0.530575,-0.022312,-0.816602,-0.045967,-1.196123,-0.090965,-1.632477,-0.167036,-2.06401,-0.245834,-2.474128,-0.304418,-2.870029,-0.338066,-3.252867,-0.323904,-3.588725,-0.26956,-3.799828,-0.180845,-3.77467,-0.051828,-3.38381,0.095505,-2.561727,0.206601,-1.376623,0.264145,-0.022315,0.308068,1.259171,0.374629,2.253877,0.432686,2.865429,0.439671,3.11868,0.375371,3.077008,0.264729,2.797422,0.145214,2.33134,0.053687,1.738344,0.015007,1.068362,0.032689,0.368696,0.083649,-0.298717,0.09933,-0.910077,0.042989,-1.506806,-0.073661,-2.115526,-0.228185,-2.712232,-0.373627,-3.256457,-0.477731,-3.652001,-0.519994,-3.796859,-0.471456,-3.648243,-0.316772,-3.197605,-0.077307,-2.453103,0.177629,-1.419253,0.356114,-0.195434,0.423238,0.999413,0.411377,1.951485,0.357149,2.580743,0.280399,2.902903,0.203154,2.987135,0.143633,2.906631,0.111373,2.734465,0.116965,2.517369,0.155027,2.259438,0.208781,1.967483,0.251392,1.661167,0.267009,1.366447,0.23752,1.089079,0.183994,0.838241,0.127731,0.625536,0.086444,0.44614,0.061467,0.284887,0.036688,0.128046,0.015937,-0.029353,0.002283,-0.183823,-0.005387,-0.314117,-0.01106,-0.394937,-0.029134,-0.41171,-0.060928,-0.378474,-0.094903,-0.321869
3,0.003283,0.20436,0.012829,0.197025,0.031365,0.169434,0.054253,0.133831,0.072267,0.102949,0.077909,0.092934,0.062353,0.113405,0.03317,0.155717,-0.001434,0.206972,-0.027425,0.248642,-0.041977,0.268187,-0.045156,0.264529,-0.038236,0.241825,-0.023639,0.211595,0.000533,0.174133,0.022094,0.14171,0.027294,0.111323,0.005984,0.078265,-0.03597,0.032343,-0.080034,-0.018716,-0.118175,-0.076937,-0.15293,-0.13939,-0.173993,-0.22163,-0.186754,-0.377346,-0.20862,-0.655998,-0.252031,-1.135561,-0.265489,-1.543991,-0.275792,-1.946587,-0.254397,-2.287512,-0.165984,-2.585952,-0.035601,-2.887551,0.110767,-3.1732,0.26696,-3.38478,0.385623,-3.485229,0.438756,-3.418506,0.404877,-3.15018,0.304638,-2.686541,0.180321,-2.057525,0.073507,-1.301713,0.018375,-0.475117,0.009913,0.37027,0.029114,1.164766,0.079834,1.837137,0.150073,2.355195,0.220752,2.71227,0.276821,2.922297,0.311154,3.018877,0.33373,3.020571,0.341113,2.923935,0.318431,2.723429,0.272299,2.419786,0.207902,2.050471,0.142949,1.636786,0.099728,1.192286,0.067904,0.735911,0.047265,0.283261,0.026855,-0.168629,-0.02029,-0.644374,-0.114423,-1.146218,-0.226199,-1.681093,-0.292651,-2.242882,-0.276784,-2.816594,-0.186972,-3.376631,-0.066812,-3.889367,0.062749,-4.310724,0.185406,-4.555303,0.264282,-4.507489,0.279635,-4.136847,0.264542,-3.461778,0.243349,-2.507962,0.228666,-1.369157,0.222028,-0.184805,0.207417,0.897799,0.176812,1.776486,0.1486,2.407825,0.111622,2.76006,0.06439,2.857001,0.021726,2.754233,-0.001228,2.530045,0.014788,2.262331,0.068285,2.010023,0.151326,1.781951,0.232059,1.568445,0.2777,1.370353,0.28104,1.192914,0.241055,1.033191,0.176508,0.882409,0.112417,0.742715,0.055309,0.617448,0.015356,0.501304,-0.010532,0.380753,-0.026197,0.249433,-0.04469,0.111014,-0.071984,-0.019443,-0.096381,-0.157186,-0.113289,-0.273648,-0.121311,-0.333439,-0.10881,-0.348266,-0.079255,-0.320653,-0.053014,-0.265328
3,0.050425,0.186042,0.038819,0.190179,0.03491,0.177435,0.041954,0.15382,0.050607,0.121847,0.055438,0.092382,0.048556,0.077974,0.02919,0.077365,0.009825,0.082206,-0.014177,0.077473,-0.047661,0.054591,-0.074064,0.017859,-0.081631,-0.020566,-0.087932,-0.048931,-0.083118,-0.072991,-0.075982,-0.097669,-0.074259,-0.133182,-0.087272,-0.18688,-0.114509,-0.260897,-0.177597,-0.413053,-0.275516,-0.658425,-0.439138,-1.137218,-0.594722,-1.595102,-0.757493,-2.071444,-0.886412,-2.512394,-0.992335,-2.893605,-1.086169,-3.181316,-1.161722,-3.324617,-1.19669,-3.288243,-1.172051,-3.075012,-1.082407,-2.74218,-0.92664,-2.307279,-0.70069,-1.7742,-0.440195,-1.164785,-0.15517,-0.498031,0.130965,0.215418,0.374432,0.935384,0.558322,1.604091,0.683283,2.171141,0.753117,2.618297,0.788086,2.920245,0.807949,3.082277,0.821174,3.131948,0.828961,3.096748,0.835237,2.985477,0.842531,2.83447,0.844363,2.65212,0.830424,2.426124,0.785022,2.155807,0.708117,1.848016,0.601188,1.500346,0.466431,1.103481,0.308392,0.671114,0.134681,0.221201,-0.041261,-0.234134,-0.226389,-0.687767,-0.426297,-1.13938,-0.625251,-1.580383,-0.830664,-2.035866,-1.043689,-2.526768,-1.237839,-3.058083,-1.390473,-3.607109,-1.491574,-4.069431,-1.527944,-4.349755,-1.500572,-4.401902,-1.433995,-4.221004,-1.31885,-3.831297,-1.129949,-3.247214,-0.895832,-2.52223,-0.62644,-1.682969,-0.357755,-0.763125,-0.100563,0.174051,0.129814,0.997272,0.322842,1.595315,0.460791,1.941672,0.549673,2.075165,0.604493,2.062082,0.644241,1.962878,0.677192,1.832621,0.710099,1.698522,0.746578,1.57658,0.780025,1.46168,0.792814,1.339634,0.773032,1.218121,0.71902,1.110542,0.636873,1.009866,0.538446,0.900251,0.441381,0.776135,0.354942,0.644846,0.284453,0.508186,0.227732,0.371173,0.181584,0.232284,0.131744,0.10589,0.069178,-0.010781,0.002293,-0.098125,-0.056889,-0.129763,-0.092194,-0.110122,-0.098109,-0.061156,-0.09129,-0.003487,-0.077578,0.04661
3,0.027868,0.031754,0.0505,0.071266,0.065168,0.10743,0.07097,0.130539,0.065037,0.136101,0.059326,0.131027,0.05578,0.126203,0.057397,0.140249,0.060965,0.165223,0.061938,0.203773,0.063562,0.256301,0.064714,0.303471,0.066436,0.335763,0.069216,0.350999,0.075741,0.344138,0.080942,0.311402,0.088385,0.247915,0.096933,0.145004,0.092794,0.012822,0.056515,-0.137033,-0.016044,-0.307157,-0.128311,-0.530144,-0.288528,-1.013734,-0.693182,-1.894679,-0.977807,-2.59697,-1.212139,-3.387995,-1.372931,-4.015758,-1.464383,-4.386731,-1.529804,-4.456609,-1.535008,-4.215437,-1.447397,-3.681077,-1.266871,-2.921916,-0.968952,-2.032083,-0.613379,-1.075421,-0.235679,-0.134456,0.101635,0.711858,0.356318,1.414681,0.51917,1.968384,0.606066,2.379084,0.657327,2.64375,0.701845,2.768655,0.746711,2.789023,0.804506,2.746562,0.871844,2.668936,0.926945,2.559961,0.957968,2.41796,0.969532,2.256173,0.957631,2.079839,0.919276,1.890583,0.844736,1.695527,0.743755,1.494767,0.628633,1.285806,0.511367,1.074041,0.407821,0.84836,0.317486,0.611615,0.2347,0.376671,0.152497,0.14757,0.068447,-0.081296,-0.022968,-0.305531,-0.119142,-0.510933,-0.215383,-0.694616,-0.317064,-0.875826,-0.44912,-1.111436,-0.618786,-1.472647,-0.81901,-2.093628,-0.972728,-2.71384,-1.13728,-3.330766,-1.30026,-3.851402,-1.432064,-4.196764,-1.52851,-4.318677,-1.535613,-4.196362,-1.455543,-3.821444,-1.282259,-3.21357,-0.986136,-2.420441,-0.63326,-1.5072,-0.287283,-0.553534,0.021103,0.353346,0.265312,1.109601,0.429405,1.665402,0.534637,2.026803,0.60273,2.201929,0.643701,2.224375,0.670597,2.138473,0.68322,1.979188,0.690889,1.775769,0.68675,1.542521,0.647406,1.29584,0.582267,1.049339,0.494695,0.819335,0.393175,0.603834,0.292445,0.409869,0.202235,0.24725,0.122736,0.125291,0.060887,0.048357,0.017159,0.000219,-0.013935,-0.031954,-0.040192,-0.06116,-0.074066,-0.106318,-0.119302,-0.162666,-0.162077,-0.218998
3,0.043364,0.243258,0.056556,0.212762,0.064208,0.184777,0.057541,0.160376,0.045277,0.137458,0.031685,0.11652,0.018088,0.104148,0.000319,0.099793,-0.021166,0.099227,-0.039504,0.090422,-0.048408,0.075274,-0.048128,0.055939,-0.036,0.02849,-0.014622,-0.00305,0.009018,-0.026695,0.024995,-0.025572,0.03127,-0.008557,0.031354,0.021602,0.024708,0.060492,0.015338,0.094694,0.002603,0.114393,-0.013427,0.112051,-0.036237,0.082768,-0.057994,0.026486,-0.071738,-0.042915,-0.068809,-0.109887,-0.048266,-0.167378,-0.043534,-0.223263,-0.069384,-0.289499,-0.144947,-0.545546,-0.245416,-0.920189,-0.32209,-1.687074,-0.361664,-2.321659,-0.400772,-2.793247,-0.395707,-3.131599,-0.344027,-3.349817,-0.269081,-3.403299,-0.194391,-3.259635,-0.138242,-2.942381,-0.103537,-2.505827,-0.076085,-1.98961,-0.053344,-1.411758,-0.025196,-0.762773,0.016172,-0.039735,0.063414,0.691024,0.108038,1.352142,0.151776,1.88347,0.180386,2.269744,0.191753,2.515212,0.202408,2.650838,0.213959,2.70156,0.218879,2.67164,0.2139,2.553467,0.20769,2.353749,0.210052,2.083938,0.219555,1.762819,0.235828,1.40338,0.250164,1.012442,0.256284,0.599597,0.247122,0.178029,0.213664,-0.26773,0.140836,-0.732119,0.058957,-1.222574,0.028819,-1.753834,0.056608,-2.31576,0.125326,-2.846399,0.215074,-3.27841,0.302207,-3.565327,0.367841,-3.677328,0.381771,-3.600365,0.340475,-3.315332,0.261873,-2.790449,0.166572,-2.046279,0.095246,-1.138221,0.077223,-0.16543,0.108458,0.753918,0.157918,1.525241,0.192371,2.100044,0.185432,2.467864,0.150925,2.648849,0.116759,2.656413,0.100766,2.538861,0.11277,2.35619,0.149345,2.140573,0.198105,1.90763,0.246225,1.675914,0.274933,1.451218,0.266184,1.216786,0.211437,0.968651,0.122176,0.71356,0.036578,0.472685,-0.026422,0.274043,-0.05096,0.105589,-0.046537,-0.03674,-0.029893,-0.159552,-0.027359,-0.266624,-0.031732,-0.360457,-0.028265,-0.419441,-0.029104,-0.421377,-0.032788,-0.388534
3,0.037891,0.119603,0.034795,0.089724,0.032921,0.066869,0.031016,0.044029,0.028016,0.017519,0.019717,-0.006182,0.011599,-0.02315,0.00741,-0.031128,0.008896,-0.025097,0.016682,-0.007082,0.027021,0.020645,0.032242,0.046816,0.031972,0.069055,0.023443,0.08202,0.013197,0.078862,-0.000958,0.063294,-0.015934,0.036259,-0.027611,-0.000981,-0.037575,-0.050068,-0.051474,-0.107221,-0.074905,-0.15862,-0.103149,-0.208411,-0.133269,-0.258953,-0.175237,-0.317038,-0.23812,-0.409316,-0.337026,-0.681238,-0.504873,-1.196773,-0.653329,-1.634106,-0.806494,-2.117218,-0.944,-2.508061,-1.054242,-2.770413,-1.132896,-2.898273,-1.157872,-2.905215,-1.124428,-2.801183,-1.028663,-2.579024,-0.86995,-2.234878,-0.664017,-1.805496,-0.431592,-1.313403,-0.188989,-0.766009,0.031832,-0.174414,0.210843,0.413678,0.355634,0.967693,0.485442,1.462117,0.612555,1.876642,0.728463,2.19428,0.822255,2.418631,0.899825,2.542149,0.948087,2.575599,0.973773,2.536634,0.973989,2.425876,0.953772,2.254882,0.910996,2.007941,0.838627,1.678158,0.730118,1.29379,0.582851,0.878875,0.404638,0.460079,0.198475,0.057219,-0.025026,-0.333244,-0.263495,-0.704776,-0.517898,-1.06299,-0.763243,-1.424534,-0.975296,-1.805965,-1.139691,-2.197715,-1.237329,-2.560487,-1.263284,-2.854699,-1.224364,-3.029042,-1.135263,-3.057338,-1.026526,-2.931268,-0.889844,-2.665903,-0.721211,-2.275109,-0.528025,-1.768145,-0.309837,-1.180367,-0.091159,-0.531618,0.112114,0.125524,0.280569,0.721467,0.394793,1.215941,0.463995,1.590624,0.510967,1.829054,0.544282,1.945401,0.567387,1.960468,0.580523,1.898466,0.589955,1.784654,0.579727,1.642488,0.536437,1.50257,0.46977,1.356117,0.407218,1.191395,0.356513,1.037979,0.326355,0.902139,0.300133,0.76913,0.265169,0.631813,0.230907,0.493062,0.197923,0.354272,0.160777,0.219173,0.110476,0.110329,0.048128,0.031639,-0.015566,-0.018156,-0.072424,-0.043343,-0.117408,-0.052718,-0.142599,-0.054013,-0.149786,-0.04875
3,0.056501,0.23189,0.040512,0.237472,0.020112,0.230804,0.005488,0.211343,0.003111,0.184171,0.012115,0.155735,0.02685,0.126654,0.042132,0.107622,0.056633,0.099379,0.071352,0.106565,0.081028,0.124419,0.081051,0.149582,0.077524,0.171623,0.067739,0.184285,0.057353,0.182525,0.046051,0.162995,0.03558,0.131634,0.035264,0.09089,0.048457,0.053686,0.06061,0.02054,0.064634,-0.007096,0.061427,-0.041058,0.043733,-0.083168,0.015448,-0.13563,-0.021256,-0.211058,-0.074089,-0.305852,-0.150934,-0.415308,-0.261332,-0.56421,-0.404755,-0.99347,-0.702354,-1.671907,-0.913521,-2.245835,-1.090267,-2.813922,-1.246059,-3.08645,-1.338484,-3.086962,-1.392327,-2.918065,-1.391264,-2.635717,-1.312915,-2.238033,-1.131399,-1.760197,-0.848482,-1.243016,-0.505186,-0.700424,-0.146226,-0.129935,0.173393,0.42332,0.42501,0.920859,0.62164,1.348317,0.771207,1.674713,0.860654,1.883117,0.891935,1.988383,0.903792,2.007369,0.901902,1.954191,0.90266,1.858443,0.90767,1.731086,0.906181,1.577916,0.893782,1.411545,0.853124,1.228634,0.777949,1.022751,0.670659,0.78931,0.53041,0.538408,0.323913,0.243768,0.037415,-0.159595,-0.291329,-0.661527,-0.618908,-1.181296,-0.909871,-1.685301,-1.150869,-2.13885,-1.339344,-2.492203,-1.482555,-2.744915,-1.562967,-2.903049,-1.550049,-2.940185,-1.446402,-2.84555,-1.274365,-2.627558,-1.049402,-2.308401,-0.798612,-1.896372,-0.527933,-1.379575,-0.228704,-0.778514,0.084463,-0.144033,0.347725,0.482912,0.541636,1.065816,0.675275,1.529268,0.761084,1.872843,0.799442,2.081111,0.805821,2.170771,0.794251,2.148881,0.770858,2.031034,0.743053,1.845785,0.705094,1.623054,0.666649,1.396418,0.632293,1.18897,0.58753,0.997489,0.527893,0.824594,0.461215,0.663795,0.376933,0.513044,0.280422,0.362078,0.177556,0.217014,0.083201,0.09156,0.011908,-0.009326,-0.034551,-0.074313,-0.066042,-0.104256,-0.09022,-0.108526,-0.105045,-0.096382,-0.114425,-0.074226,-0.117419,-0.050813
