4,-0.019179,0.041766,-0.011054,0.018681,-0.009947,-0.010243,-0.006568,-0.032748,0.00428,-0.034597,0.025928,-0.019051,0.040247,0.007507,0.041913,0.040913,0.040514,0.073236,0.034938,0.09836,0.019524,0.113171,0.011082,0.114678,0.019557,0.106461,0.043598,0.092592,0.077784,0.075783,0.115712,0.04921,0.14951,0.009999,0.179831,-0.046332,0.210735,-0.127538,0.244521,-0.246619,0.264494,-0.410864,0.265072,-0.613137,0.248695,-0.882203,0.203665,-1.24956,0.114936,-1.706797,-0.022072,-2.182378,-0.244213,-2.572953,-0.576757,-2.816918,-1.030425,-2.871021,-1.549756,-2.703781,-2.051335,-2.274342,-2.5008,-1.614161,-2.840153,-0.865175,-2.983549,-0.105368,-2.873469,0.641222,-2.517185,1.352191,-1.983209,1.976643,-1.34215,2.431313,-0.665609,2.712197,-0.024284,2.855922,0.543922,2.906082,1.024594,2.87394,1.402486,2.734116,1.633915,2.458003,1.699537,2.030651,1.621809,1.460181,1.446534,0.810661,1.232233,0.145256,1.045388,-0.503378,0.942724,-1.124716,0.909639,-1.746494,0.916469,-2.368882,0.977311,-2.968778,1.052435,-3.487664,1.102824,-3.88485,1.153529,-4.08074,1.220622,-4.000097,1.361271,-3.609636,1.584422,-2.966152,1.794974,-2.099234,1.916964,-1.045268,1.892314,0.0904,1.708071,1.144825,1.403559,2.004507,1.059102,2.653881,0.755147,3.106442,0.545288,3.383536,0.418161,3.522021,0.356524,3.534075,0.336099,3.435519,0.318498,3.231506,0.25101,2.919817,0.071068,2.509055,-0.21826,2.020747,-0.538877,1.475299,-0.813349,0.926561,-1.000123,0.41224,-1.114301,-0.056403,-1.198545,-0.501434,-1.302558,-0.92293,-1.403491,-1.296828,-1.432091,-1.613304,-1.358224,-1.845578,-1.183586,-1.959776,-0.946161,-1.934847,-0.691748,-1.786849,-0.471099,-1.545841,-0.324786,-1.250359,-0.26193,-0.947608,-0.261924,-0.661734,-0.270025,-0.410685,-0.239432,-0.19951,-0.170294,-0.026492,-0.082224,0.116651,-0.006185,0.220506,0.039266,0.284323,0.059759,0.311032,0.071321,0.316958,0.081167,0.311096,0.086692,0.298168
4,0.035473,0.077374,0.023865,0.064718,0.01525,0.049674,0.012151,0.048707,0.019231,0.064502,0.031719,0.091056,0.045224,0.117948,0.047551,0.124353,0.037679,0.103199,0.02033,0.060531,0.004711,-0.000677,-0.006663,-0.07741,-0.015998,-0.165961,-0.03021,-0.278811,-0.060238,-0.409687,-0.108853,-0.563123,-0.166668,-0.792288,-0.222484,-1.120147,-0.282093,-1.457628,-0.354641,-1.790026,-0.4402,-2.11957,-0.536143,-2.417041,-0.66712,-2.605479,-0.86948,-2.584071,-1.158644,-2.314377,-1.511011,-1.822054,-1.891586,-1.182807,-2.24963,-0.493421,-2.504555,0.170537,-2.587095,0.827632,-2.463621,1.480139,-2.173946,2.152298,-1.764545,2.79033,-1.279949,3.305332,-0.776358,3.634478,-0.309644,3.715879,0.120162,3.554727,0.516105,3.198237,0.881325,2.731042,1.20822,2.233782,1.448497,1.725089,1.587166,1.214367,1.619883,0.735563,1.577269,0.278662,1.501717,-0.189429,1.439727,-0.676288,1.399534,-1.1721,1.368029,-1.668149,1.351335,-2.145435,1.382746,-2.605314,1.435496,-3.036103,1.458612,-3.395587,1.460391,-3.618856,1.438211,-3.689036,1.379543,-3.601304,1.322811,-3.336818,1.296922,-2.907119,1.289552,-2.297383,1.276391,-1.504923,1.209922,-0.591493,1.083276,0.335617,0.908308,1.161104,0.71452,1.819247,0.555229,2.303527,0.446928,2.650292,0.366319,2.908722,0.299388,3.105299,0.227989,3.244403,0.129917,3.322888,-0.011332,3.289458,-0.192725,3.116415,-0.366028,2.805621,-0.476535,2.365122,-0.55728,1.826258,-0.626912,1.229658,-0.680027,0.613336,-0.714328,0.04312,-0.752647,-0.468614,-0.837176,-0.934037,-0.962194,-1.373933,-1.088737,-1.805309,-1.182391,-2.206529,-1.219326,-2.526704,-1.175203,-2.698691,-1.038952,-2.677107,-0.844449,-2.463826,-0.646709,-2.100807,-0.496207,-1.62532,-0.400843,-1.115737,-0.34346,-0.637376,-0.303269,-0.212927,-0.243401,0.128973,-0.153051,0.340099,-0.055093,0.432702,0.018257,0.442507,0.059119,0.417468,0.080752,0.408072,0.085711,0.429417,0.076037,0.459815,0.055926,0.477191
4,0.062644,0.108118,0.064735,0.093252,0.061759,0.069169,0.056542,0.037765,0.053929,0.001552,0.05218,-0.04112,0.043356,-0.082608,0.026301,-0.130927,0.004548,-0.194843,-0.030048,-0.276633,-0.064736,-0.380567,-0.08501,-0.533647,-0.083369,-0.784296,-0.086426,-1.123585,-0.127215,-1.529052,-0.232078,-1.958962,-0.43312,-2.334185,-0.752853,-2.56526,-1.19737,-2.589373,-1.742284,-2.353758,-2.311681,-1.847281,-2.76562,-1.173479,-3.025324,-0.440882,-3.059807,0.306575,-2.861972,1.046408,-2.449765,1.690442,-1.895622,2.179956,-1.295488,2.531177,-0.712766,2.860066,-0.18119,3.109115,0.253338,3.232512,0.593626,3.222802,0.845219,3.094726,1.029805,2.849675,1.178187,2.499913,1.289236,2.087641,1.35722,1.650542,1.393703,1.207897,1.42413,0.750243,1.457347,0.260059,1.496893,-0.277268,1.534228,-0.829629,1.556181,-1.343878,1.550306,-1.794455,1.51411,-2.181182,1.44173,-2.533054,1.344219,-2.840056,1.23249,-3.088726,1.110205,-3.261836,1.000959,-3.348889,0.941,-3.312965,0.96006,-3.104722,1.066542,-2.710425,1.216336,-2.162091,1.332263,-1.517077,1.368362,-0.845803,1.32684,-0.190124,1.226138,0.43957,1.077493,1.040357,0.889767,1.594454,0.706233,2.072636,0.556497,2.468435,0.437818,2.777981,0.347279,3.002135,0.286275,3.135949,0.223744,3.173561,0.117731,3.105747,-0.058223,2.926161,-0.286124,2.617062,-0.512439,2.194852,-0.669595,1.715641,-0.746069,1.230123,-0.768825,0.777601,-0.761405,0.376817,-0.747702,0.033395,-0.759897,-0.28289,-0.815965,-0.598403,-0.889124,-0.924129,-0.948048,-1.25121,-0.967968,-1.568723,-0.961819,-1.849054,-0.965456,-2.074239,-1.001464,-2.2126,-1.039477,-2.247585,-1.06249,-2.15777,-1.019273,-1.941056,-0.897493,-1.63251,-0.731187,-1.287794,-0.566148,-0.940992,-0.417539,-0.606091,-0.273944,-0.304739,-0.141051,-0.060414,-0.029787,0.127466,0.04939,0.26614,0.094309,0.36404,0.109042,0.425609,0.112278,0.459579,0.112328,0.475216,0.116037,0.477281,0.124657,0.460591
4,0.003368,0.00412,0.008229,-0.015503,0.017531,-0.035114,0.037744,-0.054162,0.070398,-0.070015,0.114653,-0.092797,0.158717,-0.132078,0.202222,-0.198874,0.232094,-0.285679,0.232949,-0.423934,0.206636,-0.631573,0.156284,-0.921006,0.059439,-1.216592,-0.084861,-1.493394,-0.258698,-1.732507,-0.460012,-1.905036,-0.702812,-1.986536,-1.004075,-1.96763,-1.348594,-1.822808,-1.72607,-1.501084,-2.137227,-0.982274,-2.523349,-0.328303,-2.805391,0.33611,-2.924806,0.955599,-2.850999,1.519797,-2.60659,2.030477,-2.214919,2.471195,-1.678952,2.820463,-1.078813,3.060679,-0.493801,3.179841,0.043116,3.172515,0.521823,3.051743,0.924499,2.834642,1.232581,2.541101,1.413012,2.197417,1.449042,1.826276,1.380741,1.451847,1.254314,1.102324,1.115612,0.780493,1.003289,0.484017,0.942168,0.206266,0.914352,-0.084838,0.897253,-0.414502,0.869684,-0.755682,0.847985,-1.095594,0.859805,-1.447894,0.908687,-1.821689,0.977266,-2.223623,1.073767,-2.655035,1.210174,-3.078838,1.357295,-3.426061,1.493024,-3.589621,1.588888,-3.515212,1.635141,-3.189656,1.662156,-2.69161,1.703742,-2.14721,1.720572,-1.609321,1.645093,-1.090569,1.470892,-0.598814,1.222944,-0.112892,0.941039,0.388975,0.676658,0.921375,0.465037,1.446313,0.322273,1.894453,0.240084,2.226207,0.203905,2.441186,0.174043,2.548025,0.101908,2.542545,-0.039142,2.437925,-0.213141,2.255651,-0.367548,2.027298,-0.458251,1.769756,-0.490882,1.494959,-0.493432,1.211581,-0.506777,0.930586,-0.552381,0.648749,-0.624175,0.372051,-0.716896,0.109197,-0.828954,-0.155393,-0.928086,-0.419554,-0.985634,-0.677282,-1.002844,-0.933613,-0.996288,-1.16682,-0.969685,-1.340991,-0.917501,-1.422927,-0.835994,-1.402042,-0.712294,-1.274803,-0.556385,-1.069962,-0.396299,-0.83725,-0.257459,-0.615181,-0.15648,-0.423728,-0.104096,-0.25594,-0.091629,-0.108446,-0.099494,0.006364,-0.112464,0.089561,-0.114589,0.147894,-0.096466,0.187822,-0.068963,0.209187,-0.041852,0.217494,-0.016175,0.213562
4,0.063563,0.139258,0.052088,0.127731,0.047813,0.10039,0.040203,0.073315,0.0331,0.052973,0.031251,0.051455,0.036756,0.078039,0.046521,0.131952,0.052206,0.193617,0.057944,0.246486,0.066575,0.279175,0.067501,0.285795,0.049768,0.274745,0.018601,0.250723,-0.015906,0.217242,-0.040296,0.1731,-0.048058,0.114357,-0.04474,0.036412,-0.043916,-0.05955,-0.063416,-0.163469,-0.075744,-0.269153,-0.044038,-0.391045,0.02143,-0.546405,0.077481,-0.769416,0.071578,-1.097991,-0.006781,-1.551263,-0.186091,-1.954253,-0.451453,-2.280527,-0.792792,-2.486238,-1.200711,-2.531929,-1.650542,-2.365744,-2.105867,-1.939192,-2.494987,-1.279039,-2.769823,-0.468658,-2.870714,0.353077,-2.775778,1.093933,-2.46489,1.710218,-1.947164,2.215574,-1.277507,2.636342,-0.558967,2.947744,0.111803,3.119891,0.67425,3.161691,1.126195,3.089374,1.466098,2.911164,1.66783,2.616762,1.726254,2.187705,1.66555,1.671273,1.528034,1.122626,1.364148,0.58451,1.243598,0.079642,1.178968,-0.40203,1.125078,-0.859321,1.049763,-1.28862,0.980599,-1.676726,0.943486,-2.038974,0.933311,-2.37358,0.932826,-2.680854,0.938198,-2.961504,0.94671,-3.215006,0.952297,-3.391863,0.952934,-3.405344,0.991464,-3.147766,1.102941,-2.617011,1.265163,-1.903351,1.411268,-1.10391,1.491507,-0.283991,1.458991,0.510965,1.318011,1.203608,1.09213,1.744109,0.842139,2.106951,0.624933,2.301999,0.46601,2.353716,0.342774,2.31707,0.248615,2.228193,0.15733,2.104135,0.042131,1.961008,-0.096913,1.798031,-0.234928,1.617516,-0.333126,1.422876,-0.384579,1.219833,-0.409345,1.019468,-0.431244,0.824978,-0.442989,0.628866,-0.443359,0.43474,-0.448298,0.260463,-0.468255,0.109405,-0.499492,-0.00749,-0.530231,-0.094052,-0.536627,-0.16223,-0.516945,-0.216122,-0.491861,-0.257228,-0.473382,-0.297812,-0.457191,-0.337546,-0.429372,-0.37516,-0.396321,-0.399817,-0.353877,-0.409862,-0.302929,-0.41191,-0.244718,-0.405003,-0.19412,-0.38182,-0.164376,-0.348197
4,0.028593,0.195546,0.041066,0.201993,0.053861,0.211801,0.054841,0.212071,0.050636,0.189115,0.044042,0.140362,0.043089,0.073313,0.049839,-0.010471,0.055964,-0.112045,0.0572,-0.235826,0.038,-0.363906,-0.003417,-0.493568,-0.073221,-0.660618,-0.167009,-0.899123,-0.263991,-1.233806,-0.371163,-1.651996,-0.542686,-2.129311,-0.803784,-2.558325,-1.099527,-2.807395,-1.367965,-2.784558,-1.592093,-2.494793,-1.794563,-1.970842,-1.991037,-1.259122,-2.202982,-0.439487,-2.411378,0.371618,-2.53902,1.084585,-2.491683,1.638471,-2.264589,2.060699,-1.913569,2.396534,-1.429019,2.666058,-0.819572,2.898489,-0.160767,3.11307,0.477773,3.273926,1.042796,3.26722,1.451475,2.975619,1.639738,2.428987,1.643013,1.804196,1.550993,1.231956,1.428587,0.744696,1.344136,0.328175,1.301386,-0.115246,1.249328,-0.65843,1.198305,-1.236233,1.177498,-1.77475,1.184914,-2.255879,1.234483,-2.6781,1.312883,-3.028089,1.372896,-3.284329,1.38388,-3.462834,1.310874,-3.538767,1.185915,-3.484901,1.098695,-3.275037,1.089592,-2.886445,1.095816,-2.278331,1.044743,-1.38644,1.007504,-0.328301,1.062374,0.638948,1.183046,1.353423,1.274934,1.861226,1.266008,2.295005,1.168538,2.704726,1.038422,3.019929,0.868781,3.171715,0.626942,3.183162,0.316691,3.111755,0.005573,2.992395,-0.25035,2.79015,-0.436328,2.493948,-0.607198,2.110809,-0.75741,1.699707,-0.839426,1.316622,-0.839592,0.999041,-0.788283,0.741071,-0.744019,0.492724,-0.753795,0.217555,-0.829289,-0.110942,-0.929975,-0.485356,-0.975966,-0.867789,-0.927112,-1.210193,-0.82561,-1.483131,-0.732805,-1.662379,-0.662586,-1.721464,-0.598247,-1.665464,-0.538296,-1.53781,-0.492489,-1.37673,-0.458978,-1.217067,-0.441725,-1.083785,-0.434556,-0.977255,-0.425591,-0.850664,-0.406783,-0.665318,-0.386584,-0.44067,-0.351719,-0.231391,-0.2788,-0.094201,-0.189383,-0.04553,-0.118093,-0.052391,-0.074982,-0.064698,-0.057008,-0.042309,-0.06233,0.019617,-0.082437,0.092408,-0.11037,0.155772
4,0.138564,0.038097,0.137214,-0.056407,0.144519,-0.157538,0.14495,-0.251722,0.135625,-0.337573,0.110109,-0.434303,0.073894,-0.632645,0.016264,-0.993396,-0.074272,-1.432361,-0.202889,-1.907726,-0.424543,-2.286476,-0.742498,-2.464797,-1.082117,-2.423681,-1.410274,-2.181334,-1.753573,-1.784317,-2.109756,-1.315628,-2.458393,-0.84017,-2.748865,-0.353473,-2.890665,0.148453,-2.802697,0.653783,-2.44955,1.161907,-1.895,1.689518,-1.249264,2.214559,-0.604516,2.661929,-0.027904,2.981175,0.43164,3.170453,0.778901,3.235662,1.041188,3.173275,1.207047,2.940907,1.254387,2.537514,1.209228,2.052739,1.146703,1.549958,1.126524,1.042151,1.149912,0.558984,1.177891,0.103914,1.175135,-0.354492,1.138073,-0.812393,1.069104,-1.252994,0.985211,-1.660512,0.919327,-2.044749,0.898918,-2.423413,0.934214,-2.781996,0.998213,-3.07587,1.031662,-3.27657,1.040154,-3.37199,1.062999,-3.360032,1.10101,-3.221517,1.153626,-2.931764,1.209409,-2.484401,1.236828,-1.891018,1.192715,-1.157048,1.082539,-0.358301,0.90613,0.401089,0.697857,1.037466,0.489435,1.534549,0.345954,1.946253,0.314458,2.320497,0.369999,2.617118,0.46037,2.784662,0.540265,2.816898,0.591185,2.739964,0.591031,2.576263,0.519693,2.369217,0.369011,2.151067,0.132013,1.91349,-0.143159,1.655531,-0.365023,1.403688,-0.489882,1.195446,-0.530722,1.027368,-0.513271,0.863167,-0.453606,0.657187,-0.386846,0.408985,-0.341281,0.144789,-0.333675,-0.125732,-0.375658,-0.381628,-0.44918,-0.593858,-0.508481,-0.747215,-0.513639,-0.839515,-0.47674,-0.881852,-0.435581,-0.910733,-0.401604,-0.9392,-0.379167,-0.97054,-0.387819,-0.991843,-0.433756,-1.000432,-0.49527,-1.014783,-0.544445,-1.033927,-0.561809,-1.021812,-0.539613,-0.9379,-0.480857,-0.774998,-0.401979,-0.56449,-0.330242,-0.353115,-0.270172,-0.166497,-0.221868,-0.032987,-0.173617,0.039269,-0.099757,0.058998,-0.032978,0.054398,0.008572,0.054672,0.03165,0.072348,0.042928,0.098082,0.036493,0.129329
4,0.04229,-0.032505,0.051793,-0.02001,0.060977,0.010805,0.063347,0.052373,0.063883,0.101792,0.074477,0.146386,0.09503,0.173229,0.124784,0.171719,0.169998,0.139886,0.22591,0.073276,0.294666,-0.01651,0.37558,-0.120819,0.46969,-0.233839,0.572619,-0.367795,0.672113,-0.555759,0.73624,-0.817988,0.744089,-1.183334,0.68189,-1.712418,0.525359,-2.335226,0.254291,-2.950056,-0.122247,-3.479374,-0.594677,-3.825634,-1.15159,-3.920695,-1.784739,-3.733403,-2.480722,-3.297603,-3.166834,-2.669724,-3.730644,-1.906262,-4.064103,-1.06409,-4.112101,-0.169527,-3.876658,0.743057,-3.335035,1.59958,-2.494836,2.328202,-1.493811,2.917254,-0.501977,3.390213,0.384353,3.751181,1.122918,3.933197,1.694621,3.885691,2.086806,3.599431,2.28147,3.097591,2.32014,2.421038,2.268014,1.626335,2.175706,0.733425,2.053465,-0.238281,1.951192,-1.248661,1.899767,-2.249809,1.885279,-3.217895,1.905304,-4.104255,1.939343,-4.838362,1.971223,-5.301086,2.040558,-5.367313,2.150342,-4.984568,2.22565,-4.178169,2.220473,-3.069826,2.137341,-1.797229,1.943754,-0.48229,1.679029,0.748105,1.367477,1.807929,1.082099,2.672329,0.849895,3.293987,0.687828,3.655309,0.585655,3.785626,0.509639,3.752193,0.388058,3.591532,0.170121,3.304526,-0.131561,2.899384,-0.473377,2.397931,-0.795321,1.853629,-1.04773,1.307866,-1.224782,0.790719,-1.349097,0.312143,-1.424806,-0.108278,-1.472477,-0.463358,-1.515069,-0.738978,-1.562006,-0.932172,-1.605141,-1.062354,-1.649129,-1.155058,-1.679343,-1.246819,-1.662527,-1.35796,-1.567831,-1.456625,-1.39578,-1.483492,-1.16005,-1.394595,-0.896058,-1.185109,-0.632151,-0.880804,-0.386367,-0.519851,-0.178073,-0.149169,-0.020184,0.171961,0.084997,0.402927,0.14791,0.533265,0.173127,0.572712,0.174639,0.543738,0.170059,0.471282,0.158855,0.377457,0.13799,0.269635,0.120526,0.165263,0.098972,0.070787,0.063815,-0.016772,0.016597,-0.087944,-0.032041,-0.135719,-0.076208,-0.149538,-0.101746,-0.125347
4,0.164879,0.213116,0.171934,0.069289,0.226302,-0.07627,0.259941,-0.26103,0.281052,-0.451013,0.300882,-0.624786,0.313078,-0.787556,0.284988,-0.978348,0.193038,-1.20209,0.025186,-1.46745,-0.21235,-1.767239,-0.523523,-2.048845,-0.919493,-2.295137,-1.37372,-2.499207,-1.860846,-2.614149,-2.35631,-2.587869,-2.827015,-2.371527,-3.22565,-1.940016,-3.517976,-1.298667,-3.66725,-0.476025,-3.637933,0.457989,-3.363444,1.435703,-2.79746,2.374544,-2.024366,3.162122,-1.182543,3.777404,-0.358756,4.201203,0.379866,4.407884,0.987102,4.396492,1.450784,4.187939,1.746928,3.811242,1.883553,3.307595,1.879794,2.704999,1.771428,2.041867,1.604063,1.36543,1.406381,0.718165,1.204233,0.117398,1.036659,-0.453824,0.929668,-1.01077,0.870968,-1.571125,0.853133,-2.164739,0.914062,-2.77862,1.100554,-3.395511,1.430932,-4.002544,1.831707,-4.539696,2.215818,-4.925883,2.506159,-5.077211,2.688615,-4.950163,2.771443,-4.561298,2.755162,-3.948946,2.651332,-3.128753,2.471908,-2.135085,2.209663,-1.047735,1.8654,0.029114,1.453918,1.006682,0.997981,1.851703,0.562883,2.562073,0.226823,3.094553,0.002801,3.451217,-0.146043,3.660755,-0.234187,3.735714,-0.306267,3.657646,-0.403384,3.427055,-0.562478,3.065007,-0.770663,2.601559,-0.988441,2.079719,-1.17213,1.519854,-1.310619,0.961354,-1.402721,0.433666,-1.451981,-0.040314,-1.459487,-0.459368,-1.457745,-0.823015,-1.450159,-1.137917,-1.423536,-1.426764,-1.370889,-1.682964,-1.331865,-1.878366,-1.320454,-1.977262,-1.310865,-1.950875,-1.279181,-1.799347,-1.211137,-1.535989,-1.120703,-1.180844,-1.016396,-0.769687,-0.889162,-0.349354,-0.708436,0.029284,-0.476543,0.344616,-0.225876,0.575157,0.025692,0.711932,0.241905,0.75555,0.400469,0.73461,0.477,0.671271,0.467253,0.578097,0.378423,0.469687,0.24637,0.35118,0.095467,0.223702,-0.05325,0.100519,-0.186377,-0.002733,-0.275354,-0.071011,-0.301002,-0.101366,-0.263875,-0.104866,-0.177943,-0.086227,-0.068921,-0.052158
4,0.054668,0.128495,0.046837,0.128066,0.05161,0.120489,0.079276,0.107887,0.120165,0.095636,0.187991,0.081753,0.290746,0.053865,0.417737,0.003004,0.548252,-0.067391,0.65634,-0.267264,0.79149,-0.461872,0.873342,-0.659399,0.859091,-0.849439,0.65672,-1.10842,0.214668,-1.508768,-0.380775,-2.044826,-1.024523,-2.631799,-1.668441,-3.112667,-2.305882,-3.368081,-2.924267,-3.307036,-3.493224,-2.874033,-4.00345,-2.087859,-4.375226,-1.053367,-4.506605,0.078264,-4.304804,1.178065,-3.751166,2.181096,-2.901797,3.023506,-1.826864,3.650881,-0.646942,4.034666,0.469814,4.184673,1.384138,4.139688,2.023976,3.927526,2.387726,3.582408,2.504474,3.146017,2.427536,2.64846,2.224369,2.102396,1.970047,1.520049,1.728447,0.897492,1.541428,0.240389,1.432058,-0.454361,1.387749,-1.170251,1.397511,-1.897617,1.443034,-2.5891,1.506159,-3.208629,1.590026,-3.760027,1.701154,-4.23861,1.838891,-4.572108,2.043655,-4.71902,2.312588,-4.674879,2.596277,-4.418804,2.852864,-3.938369,3.009895,-3.239943,2.983085,-2.351174,2.741954,-1.33291,2.325555,-0.266329,1.811249,0.739481,1.272123,1.614519,0.79564,2.332577,0.438314,2.898658,0.2087,3.288754,0.077698,3.516966,-0.010184,3.608927,-0.084578,3.601969,-0.171547,3.475425,-0.280523,3.227348,-0.414125,2.880898,-0.573167,2.470996,-0.743385,2.039268,-0.895496,1.613047,-1.013242,1.204448,-1.091886,0.818692,-1.135439,0.448929,-1.144316,0.118568,-1.109509,-0.17685,-1.033641,-0.435786,-0.929139,-0.651167,-0.825874,-0.826335,-0.751909,-0.972624,-0.715232,-1.082943,-0.72297,-1.15271,-0.781823,-1.173878,-0.877985,-1.137932,-0.993677,-1.04613,-1.098745,-0.910919,-1.165138,-0.748945,-1.177689,-0.574651,-1.127498,-0.406677,-1.005775,-0.24937,-0.816011,-0.103666,-0.5952,0.030449,-0.379416,0.142591,-0.190677,0.226975,-0.046865,0.282877,0.034321,0.306934,0.055117,0.297402,0.025347,0.257582,-0.037603,0.19839,-0.113857,0.129848,-0.185687,0.065934,-0.233462,0.011922
4,0.169752,-0.002858,0.105405,-0.015613,0.025355,-0.036641,-0.046674,-0.064,-0.080702,-0.08542,-0.076339,-0.09656,-0.039313,-0.089328,0.009563,-0.057549,0.072404,-0.01433,0.150017,0.026441,0.233581,0.051959,0.307954,0.060611,0.357176,0.063146,0.37106,0.053002,0.328859,-0.000606,0.223738,-0.223391,0.089899,-0.469778,-0.169591,-0.837719,-0.593118,-1.293155,-1.16683,-1.797882,-1.839466,-2.273062,-2.497345,-2.58253,-2.995928,-2.628234,-3.222079,-2.332283,-3.196729,-1.698531,-3.046254,-0.795282,-2.828176,0.248594,-2.502829,1.29146,-2.063694,2.223942,-1.570949,2.963123,-1.034431,3.484382,-0.451132,3.80254,0.139856,3.918588,0.6633,3.876713,1.074006,3.679226,1.361917,3.338707,1.525309,2.878853,1.583246,2.335171,1.572579,1.77403,1.516175,1.225048,1.451679,0.685671,1.403274,0.115297,1.384253,-0.522803,1.403952,-1.242831,1.45148,-2.008649,1.533067,-2.748732,1.616725,-3.379287,1.669822,-3.874114,1.67897,-4.235429,1.699272,-4.473125,1.799804,-4.584247,1.977379,-4.475714,2.215983,-4.080004,2.491283,-3.403179,2.716229,-2.495676,2.795634,-1.454694,2.695952,-0.398298,2.438388,0.575122,2.087563,1.406206,1.690764,2.075653,1.282082,2.576183,0.914814,2.887704,0.611662,3.0366,0.363208,3.038037,0.121632,2.92411,-0.139254,2.717108,-0.401171,2.426206,-0.654056,2.074734,-0.902798,1.703357,-1.139435,1.343675,-1.340799,1.029695,-1.456759,0.788586,-1.471252,0.622255,-1.395432,0.506429,-1.256237,0.417901,-1.110857,0.333153,-1.000818,0.241644,-0.954222,0.13288,-0.965807,0.004172,-1.009719,-0.12064,-1.063803,-0.236627,-1.100491,-0.333782,-1.094275,-0.411518,-1.051565,-0.480284,-0.969131,-0.550453,-0.840462,-0.614168,-0.690853,-0.664963,-0.54171,-0.677395,-0.40583,-0.644382,-0.284303,-0.556216,-0.192861,-0.41905,-0.145127,-0.253716,-0.140106,-0.081538,-0.167077,0.069247,-0.217321,0.176741,-0.262216,0.240796,-0.278702,0.265508,-0.244664,0.26274,-0.153483,0.236079,-0.027037,0.189682
4,-0.000135,0.004255,0.010671,-0.000716,0.013755,0.002597,0.010148,0.014202,-0.011928,0.034704,-0.047694,0.048179,-0.085249,0.049543,-0.097606,0.034604,-0.059623,-0.001154,0.030015,-0.073897,0.150869,-0.223862,0.274661,-0.491627,0.361898,-0.800917,0.396092,-1.113418,0.380652,-1.437608,0.265527,-1.763988,0.048544,-2.092071,-0.255861,-2.387237,-0.623979,-2.586548,-1.043096,-2.660426,-1.489892,-2.551275,-1.944893,-2.211884,-2.385482,-1.631956,-2.769216,-0.833805,-3.020672,0.09684,-3.065048,1.069065,-2.851097,1.999624,-2.442306,2.773523,-1.917099,3.3771,-1.300593,3.815182,-0.642209,4.045443,0.020789,4.058584,0.614947,3.843988,1.090739,3.415691,1.429824,2.823873,1.631242,2.124203,1.698681,1.375666,1.6726,0.609589,1.626324,-0.138242,1.612089,-0.84796,1.639722,-1.507653,1.677831,-2.10718,1.742689,-2.66833,1.864225,-3.204257,2.016565,-3.723916,2.188427,-4.202699,2.395361,-4.586368,2.607961,-4.762661,2.7474,-4.578734,2.783215,-3.968905,2.722244,-2.990144,2.577501,-1.751291,2.353845,-0.369669,2.05526,1.009342,1.699947,2.239585,1.361909,3.26554,1.114738,4.025207,0.968054,4.46248,0.888186,4.605321,0.806178,4.498262,0.655072,4.229625,0.422332,3.870947,0.10732,3.42749,-0.292855,2.920358,-0.759682,2.343055,-1.222976,1.714642,-1.630154,1.079625,-1.973873,0.469888,-2.25739,-0.098645,-2.497262,-0.620218,-2.703718,-1.095431,-2.865354,-1.539906,-2.951027,-1.981923,-2.925339,-2.434249,-2.789693,-2.894439,-2.60412,-3.313827,-2.371397,-3.601031,-2.089104,-3.681655,-1.780308,-3.489875,-1.478023,-2.994052,-1.22537,-2.211369,-1.019846,-1.232913,-0.813525,-0.200718,-0.58222,0.707118,-0.336253,1.345738,-0.088489,1.684684,0.1353,1.736118,0.310651,1.540377,0.432233,1.175001,0.48894,0.733735,0.486606,0.321595,0.418702,0.005796,0.303325,-0.203231,0.165486,-0.307569,0.029902,-0.335114,-0.094108,-0.305709,-0.186537,-0.235569,-0.23571,-0.146961,-0.238314,-0.055456,-0.202486,0.01783
4,0.031677,0.049939,0.008029,0.073185,-0.009267,0.095123,-0.019679,0.100838,-0.022956,0.097774,-0.01035,0.094101,0.010809,0.093324,0.042963,0.102868,0.074444,0.123132,0.104375,0.157243,0.137811,0.198646,0.171239,0.238962,0.207404,0.270773,0.241451,0.283822,0.285097,0.273527,0.337694,0.239837,0.414215,0.173777,0.504316,0.07731,0.586769,-0.037441,0.635361,-0.16887,0.629155,-0.300441,0.566864,-0.424225,0.461052,-0.593966,0.286812,-0.855898,0.001756,-1.205833,-0.438867,-1.65123,-1.080762,-2.087376,-1.891981,-2.335427,-2.728008,-2.295459,-3.425568,-1.915827,-3.912539,-1.200598,-4.17329,-0.250117,-4.151091,0.804236,-3.812775,1.781775,-3.211289,2.578786,-2.40721,3.20417,-1.426465,3.65376,-0.326074,3.856014,0.750087,3.791583,1.649371,3.459388,2.298824,2.909854,2.697433,2.238725,2.859185,1.544591,2.832942,0.87969,2.688469,0.250029,2.487736,-0.366992,2.287388,-1.021458,2.133119,-1.725362,2.05482,-2.462311,2.055218,-3.232192,2.132535,-4.002575,2.321044,-4.676223,2.5996,-5.135912,2.90508,-5.269334,3.084141,-4.900872,3.001312,-3.999207,2.683432,-2.686501,2.24363,-1.106764,1.762946,0.57908,1.302481,2.1787,0.978113,3.543175,0.871461,4.541188,0.927283,5.151865,1.032304,5.460163,1.106308,5.482051,1.133052,5.232648,1.067925,4.697122,0.836745,3.895438,0.407909,2.932816,-0.153011,1.919497,-0.729482,0.946945,-1.21414,0.10178,-1.586302,-0.592203,-1.856016,-1.175512,-2.059641,-1.687377,-2.216652,-2.155858,-2.316854,-2.55945,-2.371239,-2.893755,-2.395525,-3.135891,-2.384459,-3.19847,-2.274461,-3.011412,-2.049713,-2.577126,-1.744633,-1.964254,-1.384059,-1.260781,-1.010113,-0.574521,-0.647015,0.002086,-0.339983,0.410915,-0.115756,0.636764,0.028025,0.694452,0.086641,0.628593,0.07302,0.480441,0.033526,0.29616,0.007064,0.128648,-0.007397,0.025222,-0.024552,-0.011694,-0.037674,-0.002976,-0.037547,0.021634,-0.03673,0.041883,-0.036119,0.059996,-0.043712,0.082062
4,0.045102,0.168134,0.027104,0.157406,0.021345,0.133218,0.028361,0.106288,0.048592,0.08625,0.074828,0.079846,0.105799,0.083944,0.14027,0.095405,0.189457,0.105459,0.252202,0.083558,0.328516,0.01683,0.382067,-0.153621,0.426088,-0.371569,0.401121,-0.644226,0.274502,-0.915895,0.010853,-1.193562,-0.405459,-1.463082,-0.962031,-1.703458,-1.620116,-1.877369,-2.327727,-1.908905,-2.956533,-1.728022,-3.392268,-1.313297,-3.559103,-0.678997,-3.441083,0.121157,-3.054494,1.03767,-2.427987,1.966679,-1.638744,2.813154,-0.788915,3.48791,0.020322,3.91907,0.75319,4.075277,1.378773,3.957682,1.875657,3.599751,2.212211,3.037187,2.348834,2.333177,2.303836,1.549271,2.138337,0.736018,1.933952,-0.06175,1.755033,-0.820209,1.623209,-1.539829,1.539096,-2.212157,1.522241,-2.83313,1.610966,-3.422693,1.806041,-3.970016,2.034709,-4.428603,2.24742,-4.749916,2.397111,-4.839671,2.495195,-4.597266,2.534238,-3.988321,2.486483,-3.088779,2.328492,-1.969728,2.073405,-0.697013,1.753611,0.623661,1.415099,1.83305,1.127385,2.860054,0.940032,3.658035,0.858797,4.199485,0.867643,4.500467,0.917606,4.56668,0.915331,4.403749,0.798508,4.05196,0.519292,3.540926,0.084101,2.927302,-0.459403,2.268519,-1.012352,1.601845,-1.481501,0.952199,-1.832774,0.350871,-2.04762,-0.211326,-2.151194,-0.762581,-2.18111,-1.288675,-2.161071,-1.759538,-2.092184,-2.162836,-1.986901,-2.474142,-1.878212,-2.687405,-1.783951,-2.780957,-1.721306,-2.773758,-1.696257,-2.653394,-1.668185,-2.395943,-1.600986,-2.015054,-1.475564,-1.523337,-1.290971,-0.973997,-1.056178,-0.418692,-0.80116,0.080018,-0.540954,0.471433,-0.29062,0.733306,-0.06328,0.872235,0.128116,0.908861,0.26902,0.867351,0.338782,0.776737,0.332432,0.657027,0.275402,0.530455,0.209219,0.415731,0.154861,0.315625,0.105191,0.241622,0.05301,0.188024,0.006664,0.140384,-0.029761,0.097328,-0.039277,0.057507,-0.01208,0.036186,0.043954,0.028461,0.103569,0.038387
4,0.01852,0.032177,0.030683,0.065722,0.032261,0.099731,0.042129,0.125871,0.060074,0.140939,0.080434,0.142056,0.099287,0.139125,0.122947,0.148838,0.148217,0.171324,0.188418,0.195355,0.243469,0.215504,0.295308,0.233612,0.345805,0.244286,0.397675,0.244744,0.436372,0.224624,0.408936,0.04571,0.375829,-0.164616,0.287227,-0.445566,0.165794,-0.841205,-0.032374,-1.349402,-0.365884,-1.903328,-0.868108,-2.374878,-1.517985,-2.66134,-2.245306,-2.70988,-2.905307,-2.476061,-3.394785,-1.948785,-3.64379,-1.158609,-3.671027,-0.193399,-3.485118,0.869354,-3.039028,1.937843,-2.335516,2.896087,-1.473002,3.681486,-0.536141,4.252769,0.388645,4.585351,1.212714,4.636256,1.870402,4.395345,2.305885,3.875129,2.519707,3.148555,2.535641,2.292897,2.400374,1.360861,2.198311,0.405136,1.992717,-0.509606,1.800444,-1.344853,1.636938,-2.120195,1.544187,-2.868646,1.566055,-3.630258,1.692374,-4.377168,1.873523,-5.042603,2.042275,-5.521661,2.224256,-5.638382,2.448858,-5.26247,2.628681,-4.400734,2.639626,-3.137038,2.498025,-1.645113,2.252578,-0.107665,1.946289,1.315545,1.622662,2.522066,1.3405,3.510384,1.127263,4.250957,0.969899,4.669474,0.840638,4.81167,0.72304,4.739724,0.55039,4.415611,0.258681,3.841486,-0.212228,3.054443,-0.833388,2.087177,-1.438774,1.017099,-1.923921,-0.027628,-2.287805,-0.912828,-2.55182,-1.552626,-2.715107,-1.959512,-2.765308,-2.199272,-2.687219,-2.306807,-2.477666,-2.298422,-2.179556,-2.171418,-1.875084,-1.908656,-1.629838,-1.507316,-1.455597,-1.012386,-1.320988,-0.482678,-1.182739,0.030482,-1.021635,0.467939,-0.817844,0.779306,-0.577982,0.940686,-0.327522,0.95762,-0.072604,0.844624,0.173583,0.645975,0.377603,0.421857,0.505481,0.225339,0.547794,0.093538,0.507056,0.039801,0.410531,0.049114,0.283793,0.095602,0.12985,0.149123,-0.021872,0.189509,-0.148046,0.201195,-0.224129,0.180556,-0.253812,0.138535,-0.253465,0.073922,-0.224481,-0.002828,-0.167333,-0.059657
4,0.008116,-0.060743,0.046329,-0.050848,0.072575,-0.036081,0.080626,-0.014988,0.074947,0.008139,0.058968,0.029238,0.042503,0.048243,0.035355,0.065139,0.039728,0.084894,0.062791,0.120106,0.100518,0.163003,0.140714,0.203282,0.184847,0.227563,0.253083,0.218538,0.355463,0.17656,0.493832,0.088875,0.644142,-0.032183,0.763445,-0.176812,0.818187,-0.362733,0.799495,-0.630832,0.709048,-1.026839,0.546946,-1.547872,0.285689,-2.131445,-0.093173,-2.67582,-0.534557,-3.116372,-1.023911,-3.347416,-1.532103,-3.331888,-2.099445,-3.073882,-2.700894,-2.600912,-3.2672,-1.93246,-3.740687,-1.099594,-4.009386,-0.201652,-3.981644,0.67406,-3.612417,1.474852,-2.893373,2.164853,-1.883078,2.668839,-0.73076,3.002977,0.397817,3.17103,1.349902,3.208478,2.037154,3.116978,2.44065,2.88738,2.596277,2.510718,2.573501,1.963029,2.463037,1.245565,2.316399,0.397619,2.189427,-0.550901,2.110899,-1.490483,2.05519,-2.319373,2.012217,-3.027104,1.999888,-3.657378,2.037307,-4.170698,2.095313,-4.498742,2.130713,-4.492918,2.113118,-4.10239,2.023214,-3.352313,1.883835,-2.306082,1.685916,-1.101797,1.451998,0.090408,1.218143,1.155663,1.007003,2.036309,0.853465,2.708903,0.75721,3.118869,0.690676,3.322733,0.628216,3.395034,0.518375,3.374693,0.313841,3.266182,0.017832,3.052061,-0.307427,2.726135,-0.628807,2.300996,-0.93035,1.801854,-1.19598,1.210048,-1.430336,0.519486,-1.629373,-0.266683,-1.762993,-1.063122,-1.819548,-1.784476,-1.815077,-2.352301,-1.787879,-2.698133,-1.721399,-2.80047,-1.588599,-2.67859,-1.396305,-2.361217,-1.188765,-1.886168,-0.984162,-1.267422,-0.778611,-0.580393,-0.561688,0.082851,-0.320443,0.602132,-0.051201,0.906643,0.204204,1.004547,0.398282,0.951454,0.502762,0.797752,0.501827,0.588398,0.408355,0.372362,0.257967,0.197968,0.097479,0.073594,-0.048228,-0.007626,-0.160396,-0.052274,-0.224136,-0.071838,-0.245296,-0.073832,-0.238288,-0.070604,-0.210298,-0.075945,-0.170961,-0.089158
4,0.002008,0.042853,0.04,0.074688,0.074495,0.096687,0.092003,0.103522,0.097095,0.092295,0.084945,0.070069,0.053455,0.049427,0.029436,0.029337,0.018283,0.010255,0.020099,-0.008732,0.033559,-0.035065,0.052771,-0.082064,0.075551,-0.183103,0.103045,-0.354124,0.121382,-0.611024,0.143595,-0.986843,0.14437,-1.480939,0.092821,-2.07739,-0.049975,-2.74414,-0.294106,-3.431924,-0.671073,-4.008984,-1.160555,-4.354472,-1.721028,-4.381684,-2.30606,-4.066517,-2.842988,-3.441694,-3.256887,-2.545898,-3.548544,-1.362979,-3.629753,-0.045949,-3.457249,1.244514,-3.025081,2.386334,-2.35989,3.287997,-1.488421,3.920566,-0.501649,4.272274,0.492287,4.354139,1.409102,4.183007,2.147695,3.791546,2.626711,3.251788,2.820822,2.568316,2.755442,1.755736,2.529196,0.88133,2.262269,0.025307,2.013367,-0.782446,1.792966,-1.573457,1.611994,-2.367076,1.477668,-3.174236,1.42202,-3.956555,1.468972,-4.653146,1.581223,-5.171696,1.70072,-5.416844,1.764132,-5.294208,1.714303,-4.739709,1.555883,-3.806129,1.331461,-2.611805,1.108329,-1.27619,0.978647,0.080672,0.950343,1.344831,1.00177,2.469015,1.134842,3.440357,1.369504,4.23221,1.670588,4.79965,1.922724,5.148758,2.040703,5.294395,1.995794,5.250406,1.776076,5.017255,1.410861,4.582724,0.952116,3.981596,0.446531,3.24657,-0.075452,2.404101,-0.599333,1.486019,-1.115176,0.510475,-1.606789,-0.510896,-2.050294,-1.525967,-2.425853,-2.443907,-2.693587,-3.208684,-2.810654,-3.797579,-2.751708,-4.186996,-2.535195,-4.30802,-2.176843,-4.110704,-1.73339,-3.578536,-1.281168,-2.76081,-0.868043,-1.82283,-0.529543,-0.856998,-0.25761,0.034881,-0.032898,0.712987,0.152204,1.112116,0.302497,1.266789,0.410179,1.234211,0.458445,1.063568,0.446743,0.81877,0.399042,0.548097,0.334337,0.299219,0.255203,0.086532,0.169252,-0.067686,0.079921,-0.161987,0.007361,-0.201232,-0.043266,-0.194856,-0.072833,-0.147234,-0.081247,-0.073267,-0.063572,0.006177,-0.046405,0.07818
4,0.030393,-0.025837,0.008761,-0.045116,-0.017769,-0.058428,-0.046849,-0.067669,-0.078018,-0.077116,-0.09882,-0.093159,-0.09295,-0.128122,-0.054053,-0.201387,-0.005224,-0.316232,0.041912,-0.540303,0.04488,-0.926257,-0.028526,-1.413178,-0.211419,-1.990207,-0.503268,-2.565001,-0.883153,-3.081534,-1.323946,-3.450039,-1.799563,-3.589396,-2.300989,-3.429858,-2.797342,-2.948502,-3.25125,-2.184544,-3.629103,-1.212667,-3.883656,-0.122971,-3.960804,0.979543,-3.761218,2.023971,-3.221378,2.966742,-2.402932,3.739364,-1.421335,4.290646,-0.378047,4.588222,0.621161,4.592791,1.489781,4.307701,2.159305,3.826563,2.627762,3.232863,2.924826,2.587854,3.047474,1.90101,2.961183,1.168286,2.655494,0.375706,2.211834,-0.462119,1.739736,-1.304994,1.337001,-2.113476,1.022994,-2.852502,0.817554,-3.527529,0.75345,-4.155626,0.863186,-4.707053,1.142062,-5.052581,1.541428,-5.042133,1.89856,-4.588762,2.096934,-3.731647,2.100021,-2.573998,1.945023,-1.216884,1.726871,0.228769,1.542588,1.624721,1.435909,2.834737,1.420913,3.780948,1.499542,4.451166,1.62427,4.874025,1.721085,5.137158,1.753043,5.330997,1.716575,5.450927,1.638497,5.453092,1.547255,5.298081,1.45534,4.974613,1.331784,4.484897,1.13628,3.801465,0.825168,2.931261,0.39824,1.951676,-0.113533,0.960153,-0.659142,0.032101,-1.197695,-0.776419,-1.730334,-1.479366,-2.23204,-2.128339,-2.662818,-2.729344,-2.988406,-3.282624,-3.18859,-3.768452,-3.268823,-4.172444,-3.256692,-4.431629,-3.145273,-4.45533,-2.885047,-4.18052,-2.476683,-3.646257,-1.943459,-2.961962,-1.365162,-2.233084,-0.790586,-1.491266,-0.273803,-0.771594,0.142186,-0.172557,0.434541,0.264138,0.610559,0.551416,0.68576,0.731432,0.683923,0.802989,0.627656,0.779831,0.536658,0.683716,0.430021,0.548333,0.329854,0.411724,0.242662,0.289771,0.170204,0.182993,0.096381,0.10221,0.019365,0.055756,-0.039079,0.05237,-0.060926,0.075646,-0.060326,0.108925,-0.04675,0.141507,-0.022969,0.159137
4,0.002615,0.158776,0.001563,0.166182,0.011256,0.172684,0.022574,0.183689,0.033514,0.196859,0.051474,0.20348,0.081641,0.188205,0.123587,0.140358,0.165688,0.054075,0.194338,-0.078915,0.198712,-0.307531,0.143379,-0.676028,0.00938,-1.117906,-0.225117,-1.677694,-0.592047,-2.334669,-1.068728,-2.986993,-1.559109,-3.513862,-2.069331,-3.795772,-2.612701,-3.756678,-3.165789,-3.357829,-3.645741,-2.629983,-3.984411,-1.642575,-4.139217,-0.493513,-4.048262,0.710412,-3.665588,1.889378,-2.985807,2.985187,-2.029434,3.890427,-0.906653,4.515602,0.201592,4.85755,1.171237,4.954319,1.930681,4.837279,2.464012,4.539949,2.784881,4.084208,2.927034,3.528441,2.915628,2.878105,2.73718,2.134016,2.400241,1.303353,1.950933,0.415396,1.464458,-0.487775,1.004138,-1.375947,0.650605,-2.251653,0.46315,-3.095027,0.457498,-3.872205,0.643362,-4.546591,0.998798,-5.081004,1.484377,-5.433156,2.001681,-5.532065,2.42062,-5.306997,2.655751,-4.71372,2.721818,-3.746315,2.633463,-2.493176,2.427315,-1.080902,2.184384,0.325864,1.967671,1.601098,1.788847,2.702851,1.679543,3.613064,1.68192,4.2851,1.739442,4.700808,1.781798,4.928229,1.749843,5.052972,1.590702,5.092241,1.28136,5.01546,0.88596,4.791312,0.469563,4.400754,0.070041,3.824098,-0.303925,3.05056,-0.654298,2.136693,-0.982043,1.203282,-1.284345,0.33345,-1.579681,-0.44824,-1.863565,-1.140758,-2.144057,-1.780603,-2.421149,-2.394065,-2.643266,-3.011915,-2.743357,-3.583794,-2.693988,-4.009775,-2.509764,-4.218885,-2.252334,-4.182908,-1.972467,-3.910222,-1.68188,-3.41108,-1.376866,-2.697335,-1.053511,-1.865591,-0.73101,-1.018612,-0.416873,-0.246466,-0.127455,0.352427,0.115482,0.70077,0.293305,0.823717,0.395279,0.797537,0.426161,0.688595,0.408689,0.543766,0.358819,0.396395,0.287633,0.269851,0.202489,0.182097,0.110093,0.138853,0.024507,0.116821,-0.04119,0.097509,-0.076368,0.076028,-0.072341,0.052831,-0.039481,0.050105,0.006829,0.062932
4,0.125651,0.098175,0.145271,0.09196,0.146982,0.088881,0.129357,0.090894,0.102824,0.100025,0.084432,0.117286,0.09138,0.137166,0.11668,0.150867,0.152903,0.152661,0.198387,0.129214,0.239169,0.063623,0.253939,-0.046184,0.201008,-0.366504,0.002801,-1.040896,-0.285211,-1.810225,-0.6838,-2.708239,-1.156888,-3.556982,-1.664637,-4.186071,-2.196694,-4.438755,-2.767601,-4.226663,-3.33412,-3.520621,-3.769478,-2.363662,-3.925659,-0.909971,-3.711595,0.630371,-3.212464,2.085097,-2.588391,3.352499,-1.907074,4.306334,-1.203758,4.879025,-0.495606,5.094673,0.220085,4.996637,0.943547,4.61979,1.609174,4.003403,2.104057,3.208787,2.366284,2.342856,2.425015,1.513826,2.332227,0.769509,2.130695,0.102531,1.895523,-0.555183,1.703998,-1.284039,1.574805,-2.082187,1.500851,-2.895643,1.49555,-3.672045,1.567999,-4.357327,1.736128,-4.888889,1.974619,-5.161685,2.226042,-5.077941,2.436898,-4.631269,2.51613,-3.892614,2.420869,-2.888261,2.202857,-1.6358,1.966766,-0.284124,1.785126,1.017312,1.64134,2.232058,1.553485,3.306934,1.551663,4.12177,1.582609,4.620871,1.592868,4.848099,1.549994,4.921257,1.426773,4.930726,1.190803,4.876032,0.874563,4.689568,0.513955,4.35614,0.159968,3.903964,-0.130813,3.369365,-0.343606,2.777115,-0.493979,2.134405,-0.622031,1.466702,-0.747674,0.777747,-0.921429,0.083445,-1.177069,-0.60441,-1.512514,-1.26202,-1.903038,-1.881106,-2.323745,-2.465438,-2.693943,-3.047064,-2.938707,-3.627169,-3.024199,-4.119948,-2.905177,-4.399381,-2.596738,-4.385651,-2.144874,-4.063635,-1.608464,-3.446445,-1.082758,-2.603085,-0.639432,-1.651394,-0.28455,-0.68402,-0.013895,0.162581,0.183766,0.735951,0.31486,1.008129,0.377908,1.046858,0.377489,0.953182,0.334675,0.7827,0.274884,0.57471,0.205182,0.36685,0.134047,0.186308,0.06236,0.039698,-0.001348,-0.055293,-0.055678,-0.090577,-0.090639,-0.075156,-0.104231,-0.027948,-0.091096,0.032611,-0.055146,0.091838,-0.006187,0.131857
4,0.066134,0.142257,0.069986,0.139699,0.058831,0.120027,0.041084,0.094798,0.027188,0.071488,0.029528,0.053584,0.046095,0.040733,0.070025,0.029464,0.095063,0.01852,0.125508,-0.007429,0.163837,-0.06407,0.204467,-0.153706,0.252951,-0.280786,0.256264,-0.633139,0.06755,-1.423618,-0.259838,-2.239103,-0.709531,-3.029045,-1.220884,-3.567123,-1.775667,-3.766371,-2.401662,-3.618861,-3.095104,-3.134421,-3.753235,-2.328029,-4.263989,-1.232138,-4.516438,0.04401,-4.357161,1.310684,-3.69531,2.402516,-2.583336,3.217891,-1.301244,3.694606,-0.077905,3.864321,1.060614,3.777546,2.080749,3.554283,2.946887,3.306895,3.478656,2.865922,3.658477,2.314947,3.509612,1.726407,3.103158,1.14241,2.555108,0.559654,1.992105,-0.067087,1.459541,-0.757071,0.99767,-1.49897,0.663107,-2.290753,0.497897,-3.121313,0.547548,-3.921062,0.846227,-4.625823,1.296737,-5.131098,1.758548,-5.272447,2.105156,-4.910007,2.231443,-4.046701,2.13916,-2.821554,1.914939,-1.408764,1.667433,0.051664,1.465121,1.436742,1.321659,2.652534,1.282301,3.625536,1.357961,4.308532,1.494126,4.710199,1.62787,4.883649,1.706147,4.887149,1.671579,4.752832,1.473479,4.508173,1.150817,4.140992,0.766665,3.655773,0.317447,3.028723,-0.143378,2.282569,-0.543999,1.48009,-0.879452,0.634347,-1.17739,-0.189086,-1.441296,-0.922058,-1.666107,-1.513751,-1.871001,-1.983904,-2.086757,-2.379963,-2.282784,-2.741101,-2.402534,-3.045918,-2.427528,-3.27196,-2.368118,-3.384601,-2.233749,-3.334927,-2.016233,-3.106918,-1.727787,-2.721609,-1.378589,-2.203221,-1.005872,-1.58492,-0.664712,-0.946995,-0.372751,-0.338995,-0.133558,0.192337,0.051232,0.575413,0.191855,0.79961,0.298681,0.879779,0.367894,0.862478,0.392923,0.782815,0.389541,0.671193,0.391695,0.544188,0.390798,0.428463,0.377071,0.332421,0.346134,0.247514,0.29999,0.164804,0.255358,0.079034,0.218715,-0.010663,0.17456,-0.089672,0.119123,-0.134698,0.062477,-0.146208,0.010124,-0.123407
4,0.046796,-0.005478,0.070601,-0.004634,0.107188,-0.007415,0.157121,-0.030969,0.216339,-0.080515,0.272133,-0.152569,0.307579,-0.240216,0.309666,-0.349866,0.274746,-0.485543,0.20923,-0.733932,0.035775,-1.204539,-0.184819,-1.722283,-0.469911,-2.32883,-0.808482,-2.891227,-1.124923,-3.327126,-1.409936,-3.544728,-1.674183,-3.454899,-1.965828,-2.982221,-2.314838,-2.134842,-2.710834,-1.01076,-3.068175,0.251065,-3.273585,1.49645,-3.187289,2.587732,-2.756896,3.439193,-2.079476,4.01321,-1.29535,4.319614,-0.483695,4.418157,0.293506,4.350851,0.984024,4.13864,1.548889,3.804322,1.944183,3.368078,2.151347,2.826316,2.188568,2.180495,2.091518,1.452248,1.88468,0.692903,1.603528,-0.032645,1.321831,-0.725062,1.109588,-1.416283,0.994379,-2.099568,0.979456,-2.740545,1.073778,-3.346046,1.278122,-3.908063,1.555287,-4.386412,1.828545,-4.698309,2.039996,-4.772751,2.156279,-4.554559,2.170189,-4.014838,2.069163,-3.148324,1.85414,-1.991721,1.581997,-0.63817,1.331825,0.753724,1.15889,2.013045,1.104252,3.025737,1.190786,3.745912,1.348377,4.210355,1.498099,4.490212,1.568829,4.654902,1.498512,4.758055,1.290097,4.789922,0.986206,4.699242,0.637805,4.453074,0.28432,4.05705,-0.058111,3.521447,-0.374565,2.87259,-0.656444,2.134153,-0.905246,1.371051,-1.121449,0.626217,-1.341292,-0.085209,-1.585997,-0.771234,-1.836882,-1.433394,-2.085043,-2.073757,-2.290342,-2.653776,-2.401533,-3.185786,-2.396966,-3.646847,-2.266806,-3.96833,-2.031543,-4.085134,-1.766981,-3.987031,-1.526092,-3.682333,-1.324619,-3.234992,-1.180197,-2.709832,-1.075892,-2.099686,-0.978592,-1.399942,-0.853752,-0.700087,-0.680791,-0.079387,-0.468988,0.393399,-0.249119,0.68715,-0.04313,0.808894,0.121723,0.791721,0.241357,0.682401,0.301074,0.529135,0.294645,0.369701,0.250004,0.213056,0.181761,0.082126,0.101077,-0.006766,0.019949,-0.048602,-0.050314,-0.049378,-0.103391,-0.013738,-0.136821,0.037298,-0.151301,0.08716,-0.146825,0.117094
4,0.099103,-0.059304,0.083191,-0.078417,0.053535,-0.069749,0.015281,-0.034678,-0.016384,0.021784,-0.041297,0.083113,-0.046298,0.128271,-0.037396,0.142365,-0.015436,0.121353,0.011976,0.073804,0.035109,0.008753,0.041854,-0.082834,0.037375,-0.222847,0.055966,-0.399849,0.092979,-0.629517,0.129778,-0.913444,0.166218,-1.278899,0.178268,-1.737206,0.136032,-2.247561,0.022078,-2.73059,-0.193764,-3.09798,-0.516889,-3.260203,-0.922745,-3.181748,-1.386418,-2.873432,-1.863905,-2.35736,-2.320535,-1.657186,-2.716439,-0.827017,-2.993667,0.087182,-3.090653,1.039168,-2.975531,1.964209,-2.625774,2.779752,-2.098016,3.407794,-1.478127,3.822328,-0.813723,4.007463,-0.132861,3.937785,0.52097,3.61456,1.097402,3.038349,1.557969,2.264467,1.908463,1.364075,2.148684,0.42566,2.296497,-0.471264,2.381313,-1.308368,2.37658,-2.102419,2.341942,-2.838995,2.317759,-3.467432,2.337363,-4.023972,2.376225,-4.472604,2.422849,-4.666959,2.515655,-4.492321,2.621427,-3.889999,2.659462,-2.894334,2.619051,-1.672077,2.501102,-0.415983,2.292704,0.778887,2.015064,1.904257,1.733907,2.921211,1.456968,3.781966,1.203512,4.455457,1.013728,4.895978,0.884079,5.052255,0.761124,4.918653,0.610643,4.558885,0.388993,4.062217,0.073832,3.485478,-0.256452,2.847401,-0.58932,2.183007,-0.971524,1.419929,-1.337857,0.530878,-1.644144,-0.412553,-1.881033,-1.318395,-2.04531,-2.144365,-2.15366,-2.880909,-2.22208,-3.520551,-2.287893,-4.033727,-2.35188,-4.385326,-2.385755,-4.535779,-2.381348,-4.348613,-2.288553,-3.801985,-2.064564,-2.997906,-1.703628,-2.055079,-1.243403,-1.10557,-0.754429,-0.235709,-0.320312,0.482806,0.00824,1.011727,0.215301,1.343656,0.310859,1.471138,0.31229,1.411052,0.254734,1.203943,0.173774,0.909679,0.084667,0.587051,0.001915,0.27934,-0.065722,0.024987,-0.116797,-0.159752,-0.152424,-0.268909,-0.176093,-0.308029,-0.192359,-0.308064,-0.208782,-0.272062,-0.230349,-0.211766,-0.252683,-0.137591,-0.264766,-0.07019
4,0.046187,-0.062468,0.045863,-0.038911,0.034939,-0.02053,0.022593,0.003418,0.032211,0.03164,0.04714,0.054463,0.05223,0.067344,0.044972,0.059285,0.02988,0.040282,0.028324,0.035195,0.042736,0.049728,0.065772,0.081262,0.099355,0.098377,0.144359,0.080459,0.190771,0.014537,0.21521,-0.104897,0.213041,-0.289865,0.199282,-0.549296,0.205025,-0.892941,0.220882,-1.350179,0.224102,-1.970872,0.164953,-2.768227,-8.9e-05,-3.701552,-0.276907,-4.688118,-0.625257,-5.597536,-0.976672,-6.307298,-1.328242,-6.664087,-1.804607,-6.469105,-2.430561,-5.655026,-3.075635,-4.360738,-3.601985,-2.770028,-3.939056,-1.00562,-4.009828,0.755517,-3.765678,2.287153,-3.22962,3.488055,-2.458732,4.370392,-1.50242,4.94291,-0.470669,5.19972,0.473062,5.209036,1.25205,5.042504,1.847215,4.66475,2.239263,3.986156,2.356545,2.902329,2.175957,1.472104,1.796738,-0.000458,1.467573,-1.313911,1.405871,-2.498858,1.605316,-3.572103,1.935822,-4.472653,2.337388,-5.201597,2.750599,-5.768714,3.029768,-6.061734,3.051069,-5.911313,2.82049,-5.179457,2.461403,-3.843632,2.086597,-2.043536,1.793362,-0.098549,1.631736,1.705373,1.57646,3.274098,1.566036,4.612564,1.569949,5.704898,1.563713,6.523437,1.478453,7.046689,1.262755,7.27181,0.96065,7.18787,0.628976,6.807014,0.324362,6.145061,0.070712,5.168629,-0.137823,3.846255,-0.327116,2.252007,-0.526723,0.567239,-0.728081,-1.038369,-0.938351,-2.469556,-1.177589,-3.698086,-1.441996,-4.704474,-1.745616,-5.498068,-2.079719,-6.050536,-2.361792,-6.202013,-2.554969,-5.808784,-2.628814,-4.932124,-2.513556,-3.728331,-2.154857,-2.344907,-1.604381,-0.991628,-0.960162,0.07002,-0.351624,0.739698,0.121977,1.049533,0.420635,1.095378,0.574638,0.975201,0.608912,0.760074,0.542293,0.510875,0.406074,0.284742,0.254884,0.119187,0.114734,0.014821,-0.005932,-0.056252,-0.099311,-0.108618,-0.158148,-0.143346,-0.170148,-0.157619,-0.139177,-0.158788,-0.08444,-0.149161,-0.039364,-0.122385
4,-0.046519,0.026032,-0.076694,0.028389,-0.098521,0.051949,-0.105118,0.084823,-0.100156,0.123395,-0.086807,0.157605,-0.073689,0.181264,-0.063132,0.184823,-0.046967,0.167572,-0.018927,0.135289,0.009828,0.089165,0.03841,0.028623,0.072017,-0.025689,0.10586,-0.061499,0.135386,-0.072845,0.153972,-0.076311,0.16303,-0.101215,0.165583,-0.176968,0.159813,-0.324612,0.130643,-0.583789,0.065598,-0.975501,-0.051714,-1.477871,-0.250333,-2.067094,-0.516015,-2.694555,-0.835051,-3.272222,-1.20353,-3.69575,-1.62832,-3.86704,-2.066078,-3.715133,-2.488203,-3.247259,-2.856283,-2.544548,-3.174942,-1.660933,-3.395005,-0.625214,-3.39593,0.492038,-3.085371,1.6253,-2.471602,2.702059,-1.670434,3.62884,-0.795738,4.317962,0.047078,4.704563,0.778747,4.788363,1.354064,4.607109,1.755036,4.179475,1.984242,3.501791,2.054151,2.539839,1.960147,1.292341,1.737345,-0.084642,1.47311,-1.415642,1.284312,-2.614332,1.289388,-3.652214,1.490183,-4.505311,1.814736,-5.152516,2.162412,-5.557401,2.421454,-5.64169,2.517526,-5.28269,2.470517,-4.47978,2.359791,-3.407784,2.196673,-2.183754,1.959116,-0.83001,1.701809,0.575602,1.525172,1.884591,1.461394,3.035223,1.474513,3.997514,1.508211,4.691311,1.509372,5.070375,1.418571,5.171803,1.218141,5.039991,0.906822,4.692453,0.45664,4.143981,-0.113043,3.414898,-0.692336,2.525292,-1.123663,1.492367,-1.331357,0.422261,-1.348764,-0.555773,-1.290643,-1.359085,-1.273006,-1.991307,-1.360213,-2.470177,-1.564628,-2.798731,-1.882314,-2.98086,-2.259546,-3.006043,-2.546174,-2.836418,-2.595325,-2.453937,-2.391789,-1.897282,-2.008898,-1.265308,-1.517882,-0.659609,-0.986929,-0.133724,-0.490386,0.280889,-0.087939,0.569208,0.188178,0.725451,0.368203,0.754779,0.470922,0.689362,0.498449,0.578355,0.456106,0.457418,0.359571,0.351239,0.237361,0.255313,0.11819,0.17345,0.019623,0.106571,-0.057443,0.053494,-0.107207,0.00383,-0.126928,-0.040819,-0.119654,-0.064593,-0.08184,-0.072447
4,0.073056,0.013315,0.069939,0.035791,0.04105,0.063356,-0.001196,0.093281,-0.047676,0.121592,-0.077971,0.143166,-0.074765,0.146884,-0.03742,0.125473,0.024512,0.085314,0.108811,0.035394,0.19253,-0.020091,0.252367,-0.084069,0.285535,-0.158885,0.292725,-0.258498,0.232366,-0.463415,0.057113,-0.824942,-0.221632,-1.326054,-0.590861,-1.904104,-1.002815,-2.509537,-1.416223,-3.062854,-1.760153,-3.446462,-2.028935,-3.580122,-2.260755,-3.419624,-2.493953,-2.992421,-2.74309,-2.331213,-2.991282,-1.42251,-3.182532,-0.284638,-3.197034,0.961408,-2.920291,2.168662,-2.362534,3.245616,-1.625713,4.116654,-0.818439,4.705379,-0.005627,4.983042,0.746276,4.942331,1.357634,4.60451,1.802551,3.996332,2.078135,3.171171,2.184071,2.167008,2.119496,1.062549,1.924372,-0.016518,1.656203,-0.935191,1.372519,-1.703367,1.13023,-2.423201,0.983506,-3.141031,1.0167,-3.809204,1.235696,-4.387071,1.555574,-4.825116,1.883159,-4.994262,2.14223,-4.730493,2.327124,-4.020907,2.462341,-3.060184,2.523628,-2.01142,2.457676,-0.872323,2.25267,0.387543,1.972099,1.691763,1.723329,2.875648,1.562254,3.836784,1.47093,4.545615,1.391231,4.993867,1.315825,5.193016,1.23434,5.163682,1.10338,4.933526,0.86759,4.549459,0.518759,4.040471,0.102334,3.39609,-0.27523,2.614032,-0.527059,1.742986,-0.646895,0.859468,-0.689698,0.063304,-0.707225,-0.61587,-0.766791,-1.201277,-0.895448,-1.704827,-1.099744,-2.134604,-1.383668,-2.503878,-1.690139,-2.847614,-1.946814,-3.176945,-2.120471,-3.443663,-2.18332,-3.553472,-2.114577,-3.434805,-1.9232,-3.11895,-1.64372,-2.689378,-1.30028,-2.214749,-0.930058,-1.730314,-0.590741,-1.239999,-0.335166,-0.748626,-0.1847,-0.290347,-0.102424,0.083059,-0.063899,0.3448,-0.049025,0.486916,-0.048221,0.529009,-0.036281,0.496171,-0.006426,0.41411,0.028402,0.30353,0.03983,0.190402,0.023727,0.089064,-0.017214,0.004172,-0.071282,-0.050128,-0.110761,-0.062646,-0.114492,-0.032474,-0.089016,0.022542
4,0.003909,0.116694,0.028622,0.153251,0.045665,0.167756,0.055327,0.153345,0.055495,0.115515,0.048513,0.066213,0.035121,0.022747,0.01818,-0.008324,0.001686,-0.02506,-0.00257,-0.031501,0.012175,-0.027384,0.040181,-0.017406,0.075205,-0.013762,0.122093,-0.023469,0.170088,-0.051748,0.22572,-0.105828,0.2755,-0.175082,0.324705,-0.266287,0.353214,-0.413805,0.307819,-0.772886,0.142978,-1.438078,-0.045078,-2.201501,-0.244582,-2.969232,-0.485259,-3.498385,-0.78749,-3.774504,-1.194489,-3.826429,-1.725215,-3.639758,-2.356218,-3.176873,-3.010266,-2.404623,-3.570798,-1.36087,-3.909851,-0.153485,-3.961559,1.091076,-3.692546,2.254996,-3.104215,3.263451,-2.239676,4.048269,-1.21195,4.596729,-0.156552,4.89416,0.794532,4.941438,1.547761,4.75326,2.087347,4.306859,2.454944,3.553464,2.66203,2.475579,2.675346,1.151496,2.473319,-0.203843,2.119966,-1.358609,1.724972,-2.291971,1.389582,-3.092797,1.21495,-3.78082,1.246701,-4.344543,1.42762,-4.790321,1.67238,-5.041414,1.930969,-5.014397,2.187983,-4.67165,2.403516,-4.016734,2.455149,-3.114961,2.31625,-2.036712,2.04801,-0.860536,1.736839,0.298104,1.49623,1.352266,1.374809,2.256582,1.345796,3.012614,1.344417,3.603384,1.337587,4.02246,1.293514,4.281014,1.195758,4.390515,1.040982,4.336826,0.814794,4.110598,0.485594,3.738282,0.073504,3.248306,-0.342979,2.658867,-0.671918,1.985959,-0.885222,1.284688,-0.998066,0.633329,-1.059371,0.075904,-1.103595,-0.38687,-1.166543,-0.767757,-1.261878,-1.062741,-1.374158,-1.283213,-1.453424,-1.455908,-1.453708,-1.614661,-1.392438,-1.755883,-1.30962,-1.851129,-1.241072,-1.850604,-1.190353,-1.752659,-1.151165,-1.588759,-1.117551,-1.397834,-1.054276,-1.202499,-0.931021,-0.986561,-0.743335,-0.749364,-0.54338,-0.506501,-0.365246,-0.277215,-0.230871,-0.072099,-0.131765,0.094563,-0.038753,0.221921,0.057056,0.301575,0.146687,0.334124,0.216648,0.325231,0.258247,0.292178,0.251113,0.244516,0.195964,0.204285
4,0.291856,0.30784,0.333933,0.291619,0.371634,0.262605,0.409869,0.223317,0.415903,0.178469,0.383859,0.137483,0.34865,0.078176,0.324994,-0.031259,0.313623,-0.201021,0.315432,-0.424026,0.333029,-0.683318,0.355345,-0.962643,0.353432,-1.265522,0.310445,-1.618746,0.194293,-2.040064,-0.049968,-2.535118,-0.443238,-3.088429,-0.948844,-3.618459,-1.472745,-3.988526,-1.936161,-4.073561,-2.342123,-3.852525,-2.710779,-3.411201,-3.017515,-2.818005,-3.252931,-2.095816,-3.403527,-1.25966,-3.455574,-0.367375,-3.393431,0.527082,-3.19712,1.380127,-2.849216,2.140061,-2.384199,2.703432,-1.833022,3.012923,-1.112351,3.26303,-0.341808,3.409889,0.32936,3.438538,0.888923,3.340589,1.340612,3.132679,1.683207,2.83279,1.884854,2.463614,1.953712,2.040429,1.916025,1.575873,1.800777,1.088433,1.6394,0.60906,1.469727,0.147143,1.331187,-0.315698,1.239063,-0.771957,1.175326,-1.20823,1.12533,-1.640442,1.090414,-2.093857,1.097788,-2.587853,1.176127,-3.109029,1.310627,-3.586748,1.459889,-3.967214,1.62654,-4.200216,1.807306,-4.228139,1.91262,-3.991943,1.866454,-3.491176,1.727075,-2.789831,1.562883,-1.955181,1.387226,-1.002573,1.196076,0.040435,1.02692,1.062242,0.931237,1.978398,0.912736,2.760826,0.956197,3.362778,1.025653,3.752665,1.071845,3.949512,1.037175,4.020942,0.905072,3.987843,0.700005,3.810119,0.466227,3.444619,0.2269,2.893625,-0.001109,2.206291,-0.20576,1.458333,-0.373456,0.71038,-0.536756,0.020015,-0.717508,-0.583255,-0.946165,-1.081298,-1.195348,-1.443605,-1.421732,-1.661942,-1.597315,-1.758054,-1.689932,-1.780894,-1.690133,-1.752424,-1.605185,-1.683341,-1.446598,-1.585291,-1.258031,-1.479909,-1.077832,-1.384519,-0.914444,-1.289606,-0.750999,-1.169815,-0.581891,-1.0053,-0.409306,-0.778065,-0.257286,-0.497703,-0.152628,-0.21114,-0.100595,0.025831,-0.087838,0.181474,-0.084883,0.255508,-0.069487,0.266823,-0.034003,0.234497,0.015459,0.167293,0.064042,0.084896,0.104508,0.006437
4,0.163064,0.152012,0.134628,0.062072,0.096194,-0.053337,0.066525,-0.19139,0.03861,-0.339055,0.005955,-0.505697,-0.024263,-0.702036,-0.065147,-0.96776,-0.164666,-1.339088,-0.338888,-1.871514,-0.569329,-2.429226,-0.852754,-3.001855,-1.20204,-3.546858,-1.616872,-3.97236,-2.08373,-4.12819,-2.537023,-3.981332,-2.900921,-3.568112,-3.140127,-2.916645,-3.241614,-2.03549,-3.190529,-0.975832,-2.973475,0.166987,-2.584354,1.283935,-2.055193,2.258674,-1.434473,3.032486,-0.766289,3.624588,-0.071374,4.052924,0.584297,4.334706,1.124529,4.459794,1.503635,4.448516,1.710711,4.305216,1.772825,4.027452,1.728482,3.61251,1.610224,3.08105,1.454016,2.450153,1.309901,1.760817,1.196953,1.063035,1.121251,0.408765,1.045698,-0.185417,0.927866,-0.738161,0.771997,-1.291727,0.593402,-1.867317,0.414257,-2.418813,0.275678,-2.917395,0.236398,-3.375616,0.329268,-3.826076,0.527652,-4.260803,0.812005,-4.657704,1.192797,-4.913074,1.605972,-4.946564,1.971743,-4.77359,2.2423,-4.428607,2.373034,-3.880509,2.367877,-3.080671,2.265186,-2.055163,2.09355,-0.868257,1.908928,0.417089,1.723021,1.715044,1.558945,2.826274,1.439552,3.652024,1.350523,4.21687,1.318609,4.548368,1.2857,4.650478,1.173815,4.559485,0.961415,4.323739,0.673235,3.968274,0.342664,3.501913,0.006954,2.93913,-0.294295,2.307141,-0.553317,1.64758,-0.77582,1.015072,-0.954063,0.474198,-1.089857,0.059632,-1.186874,-0.256098,-1.24101,-0.481847,-1.240519,-0.622302,-1.199088,-0.730268,-1.132994,-0.861231,-1.067391,-1.041057,-1.040018,-1.267556,-1.052618,-1.501193,-1.08734,-1.699067,-1.144085,-1.861499,-1.215438,-1.986018,-1.275446,-2.05671,-1.28651,-2.028033,-1.222961,-1.862034,-1.105479,-1.570598,-0.957137,-1.208731,-0.796664,-0.841535,-0.635296,-0.498481,-0.471997,-0.203143,-0.302643,0.007184,-0.135855,0.113274,0.004481,0.136151,0.096992,0.119912,0.127281,0.085376,0.09154,0.04913,0.008996,0.024374,-0.089527,0.003866,-0.161659,-0.019462
4,0.371815,-0.220408,0.350897,-0.537945,0.286724,-0.941916,0.147548,-1.496636,-0.110164,-2.110949,-0.509066,-2.835771,-1.057275,-3.606523,-1.688577,-4.231057,-2.268526,-4.52424,-2.764734,-4.432879,-3.183944,-4.003534,-3.538992,-3.277581,-3.842137,-2.260608,-4.010047,-1.022407,-3.908885,0.270968,-3.450063,1.481459,-2.657522,2.509743,-1.663996,3.264279,-0.637065,3.730069,0.2879,4.009502,1.033052,4.207664,1.570597,4.358896,1.912069,4.407405,2.083133,4.276903,2.110799,3.937146,2.023488,3.412726,1.859663,2.760318,1.67198,2.061601,1.492553,1.403035,1.324512,0.830151,1.176832,0.348289,1.024054,-0.096382,0.855535,-0.585293,0.694539,-1.167227,0.567465,-1.81625,0.531804,-2.467888,0.61791,-3.103088,0.851851,-3.718786,1.197566,-4.286049,1.599902,-4.721923,1.963736,-4.92995,2.231867,-4.873957,2.406443,-4.569439,2.505772,-4.069259,2.514718,-3.383991,2.390903,-2.484835,2.120538,-1.370228,1.760411,-0.15767,1.400939,1.004336,1.104264,2.039941,0.896077,2.937404,0.799852,3.684909,0.784652,4.267067,0.814456,4.685428,0.816319,4.908131,0.723534,4.902037,0.522048,4.634713,0.239035,4.130963,-0.036005,3.487283,-0.242216,2.787021,-0.378013,2.102023,-0.456245,1.477042,-0.503903,0.950108,-0.558619,0.547276,-0.636185,0.275827,-0.749,0.099408,-0.872249,-0.039369,-0.960832,-0.180168,-0.985747,-0.334361,-0.941701,-0.493598,-0.849049,-0.652176,-0.744292,-0.801582,-0.665411,-0.929607,-0.640419,-1.036587,-0.671995,-1.132382,-0.732966,-1.21588,-0.796404,-1.293988,-0.837048,-1.35331,-0.838457,-1.37504,-0.814236,-1.37083,-0.798546,-1.374021,-0.79771,-1.405975,-0.797091,-1.442621,-0.777936,-1.452544,-0.741275,-1.417122,-0.695237,-1.337981,-0.632416,-1.220426,-0.560193,-1.061228,-0.50668,-0.866968,-0.480372,-0.645551,-0.460598,-0.390162,-0.413129,-0.11138,-0.344896,0.1497,-0.27756,0.341752,-0.200063,0.434299,-0.097912,0.447917,0.018878,0.421404,0.10752,0.394471,0.14897,0.3789,0.136288,0.374755
4,0.201483,0.116198,0.230301,0.030382,0.275163,-0.089732,0.343199,-0.234565,0.427736,-0.398499,0.509435,-0.61087,0.554671,-0.876243,0.533163,-1.183798,0.421244,-1.526705,0.205294,-1.891858,-0.096533,-2.239064,-0.479682,-2.534701,-0.939224,-2.760657,-1.468001,-2.893334,-2.024776,-2.907831,-2.547883,-2.7867,-2.952784,-2.657916,-3.153519,-2.501516,-3.169502,-2.293236,-3.088762,-1.998628,-2.957548,-1.58549,-2.755612,-1.054067,-2.438006,-0.418526,-1.964312,0.283779,-1.398277,1.051266,-0.87595,1.83307,-0.415468,2.585558,-0.024822,3.240351,0.320301,3.715414,0.689227,3.958373,1.097971,3.989424,1.481791,3.829227,1.740815,3.481169,1.863845,2.985863,1.872951,2.396329,1.807694,1.694275,1.694761,0.914594,1.568019,0.078256,1.430914,-0.779391,1.307018,-1.602453,1.206143,-2.371206,1.127697,-3.112247,1.154846,-3.952486,1.304377,-4.684076,1.317455,-5.068666,1.258539,-5.034142,1.205442,-4.724763,1.157262,-4.217175,1.112965,-3.550118,1.040546,-2.737872,0.932239,-1.73605,0.792773,-0.614452,0.695946,0.480806,0.735635,1.374358,0.934869,2.018264,1.242672,2.475673,1.560932,2.828248,1.799907,3.105045,1.884364,3.325859,1.809975,3.482368,1.61188,3.551285,1.311608,3.523881,0.974113,3.332692,0.658522,3.025591,0.420476,2.628024,0.21149,2.183782,-0.002629,1.712631,-0.252651,1.221109,-0.558291,0.670408,-0.892408,0.071552,-1.217837,-0.528056,-1.528242,-1.110088,-1.83686,-1.657545,-2.170566,-2.245244,-2.464741,-2.906862,-2.681608,-3.565434,-2.785907,-4.116123,-2.723502,-4.441783,-2.465256,-4.409941,-2.083389,-3.951802,-1.690893,-3.102458,-1.30412,-1.914614,-0.816325,-0.523041,-0.339816,0.740942,-0.025836,1.529004,0.166813,1.795134,0.319974,1.715244,0.451343,1.452424,0.523494,1.097373,0.538307,0.721031,0.486837,0.368373,0.36184,0.073323,0.17572,-0.149666,-0.027769,-0.302098,-0.196118,-0.385021,-0.299321,-0.404992,-0.330331,-0.382877,-0.311287,-0.324685,-0.252883,-0.244804,-0.162822,-0.163438
4,0.183928,-0.049784,0.170016,-0.172444,0.146158,-0.327116,0.098658,-0.515422,0.016338,-0.746965,-0.105005,-1.018394,-0.275005,-1.32596,-0.522825,-1.658806,-0.886917,-1.986742,-1.351641,-2.259778,-1.817155,-2.404211,-2.146612,-2.38986,-2.349811,-2.216503,-2.458716,-1.87524,-2.460613,-1.399774,-2.317508,-0.749328,-2.170048,-0.051963,-2.031429,0.682121,-1.953542,1.42413,-1.990129,2.084815,-2.025825,2.607465,-1.894583,3.045365,-1.568921,3.42179,-1.131338,3.679708,-0.620564,3.819336,-0.075982,3.878277,0.498357,3.848862,1.038301,3.667681,1.487503,3.27044,1.799058,2.659788,1.94337,1.93737,1.931795,1.127549,1.830601,0.236782,1.712,-0.693409,1.612657,-1.579852,1.554409,-2.38156,1.550118,-3.105903,1.626462,-3.699348,1.740925,-4.140877,1.797872,-4.388678,1.776853,-4.366114,1.681484,-4.09674,1.538294,-3.730177,1.513512,-3.503385,1.662413,-3.405185,1.655881,-3.021498,1.498069,-2.242553,1.260409,-1.2819,0.960374,-0.24123,0.681336,0.61435,0.531325,1.130251,0.530119,1.374716,0.647298,1.504155,0.814787,1.623485,0.965135,1.79779,1.018888,2.059229,0.937213,2.35556,0.740236,2.623657,0.495731,2.831809,0.260496,2.992879,0.087744,3.061918,0.000952,3.030933,-0.008219,2.898039,0.010933,2.651604,0.027334,2.295101,-0.010846,1.836603,-0.116858,1.297392,-0.281749,0.696216,-0.478558,0.085237,-0.657335,-0.492702,-0.816473,-1.011922,-0.959837,-1.445094,-1.114851,-1.787723,-1.302676,-2.098432,-1.535382,-2.421761,-1.793599,-2.752652,-2.014386,-3.049357,-2.088007,-3.298462,-1.956147,-3.454624,-1.645593,-3.408568,-1.232188,-3.055567,-0.813811,-2.327458,-0.443288,-1.292249,-0.148007,-0.189056,0.033158,0.672383,0.128461,1.143453,0.205892,1.269713,0.268956,1.162846,0.286191,0.923553,0.255512,0.629861,0.179452,0.330233,0.082658,0.069594,-0.026114,-0.118239,-0.133101,-0.21665,-0.219965,-0.240732,-0.262409,-0.208387,-0.25201,-0.144848,-0.19514,-0.066926,-0.113972,0.00831,-0.034757,0.05919
4,0.063004,-0.236711,-0.069976,-0.459392,-0.262919,-0.736995,-0.501449,-1.059108,-0.749252,-1.412375,-1.006978,-1.738744,-1.327715,-1.96662,-1.761695,-2.079717,-2.225884,-2.058983,-2.64548,-1.924433,-2.935838,-1.678997,-2.925158,-1.356062,-2.640773,-1.009227,-2.14025,-0.656909,-1.668606,-0.3048,-1.378594,0.100061,-1.272367,0.584669,-1.268869,1.143013,-1.256204,1.745549,-1.143473,2.373307,-0.906052,2.975892,-0.548274,3.43592,-0.064333,3.702894,0.545355,3.814878,1.169198,3.831496,1.7248,3.786469,2.176767,3.632577,2.488771,3.268363,2.5967,2.747374,2.526261,2.116586,2.24433,1.361403,1.779765,0.535835,1.274983,-0.299682,0.869484,-1.073666,0.609686,-1.797546,0.496819,-2.497474,0.53479,-3.179933,0.695329,-3.82969,0.918331,-4.384244,1.112956,-4.791168,1.193524,-5.058643,1.210068,-5.19364,1.020737,-4.906284,0.729658,-4.106437,0.417272,-2.918967,0.153719,-1.414802,0.054265,0.958742,0.284786,1.314606,0.620318,1.621728,0.9681,1.740407,1.30257,1.827582,1.571128,1.940274,1.708477,2.102739,1.700386,2.331401,1.556098,2.654328,1.271798,3.042384,0.889025,3.404106,0.498695,3.63321,0.186683,3.644805,-0.002669,3.429583,-0.078646,3.043347,-0.095321,2.53863,-0.090361,1.981366,-0.081008,1.422175,-0.092184,0.913893,-0.145743,0.459797,-0.251419,0.050522,-0.393962,-0.322294,-0.566846,-0.686836,-0.762734,-1.092507,-0.985235,-1.560104,-1.231748,-2.084042,-1.481628,-2.70147,-1.696024,-3.440197,-1.899401,-4.133954,-2.082608,-4.465284,-2.208722,-4.313264,-2.269657,-3.784168,-2.260574,-3.100277,-2.103321,-2.357927,-1.770063,-1.578486,-1.290815,-0.812449,-0.694871,-0.097346,-0.16668,0.445999,0.182963,0.806739,0.376473,0.997764,0.450218,1.029778,0.474435,0.959834,0.476687,0.814833,0.427963,0.637208,0.331136,0.467442,0.217764,0.311487,0.116558,0.158228,0.037757,0.012378,-0.022661,-0.117801,-0.06863,-0.213021,-0.105135,-0.251656,-0.122982,-0.240293,-0.128528,-0.181079,-0.109069,-0.085361
4,-0.809047,-1.155986,-1.170865,-1.442487,-1.429408,-1.719154,-1.729136,-1.970572,-2.006536,-2.104113,-2.1648,-2.058363,-2.223964,-1.859483,-2.181329,-1.532271,-1.966699,-1.090752,-1.591641,-0.556281,-1.138681,0.086022,-0.769435,0.832273,-0.650644,1.639916,-0.709231,2.454474,-0.857118,3.142894,-0.996908,3.644098,-1.046092,3.930943,-0.951977,4.045297,-0.694667,4.008499,-0.264286,3.900961,0.272291,3.722163,0.824197,3.473212,1.323788,3.156872,1.717204,2.771748,1.961838,2.302175,2.013242,1.747516,1.917302,1.110602,1.737292,0.4216,1.532729,-0.303798,1.356924,-1.045165,1.207869,-1.840776,1.065791,-2.662238,0.934832,-3.439176,0.851916,-4.076115,0.821285,-4.50203,0.843853,-4.673952,0.927708,-4.537638,1.046721,-4.143843,1.147558,-3.57704,1.151379,-2.918664,1.044292,-2.235245,0.888969,-1.561227,0.768914,-0.895219,0.728506,-0.248945,0.77937,0.348307,0.89576,0.851917,1.024976,1.276267,1.16058,1.653981,1.302181,1.957978,1.432573,2.159416,1.498784,2.2937,1.472954,2.41776,1.369991,2.547729,1.222706,2.666933,1.023098,2.749793,0.793252,2.794687,0.563617,2.785999,0.352861,2.676693,0.167752,2.433545,-0.016039,2.064122,-0.216313,1.591044,-0.478551,1.098502,-0.712985,0.694535,-0.886748,0.435119,-0.985532,0.249095,-1.040208,0.057819,-1.09499,-0.218238,-1.182924,-0.624818,-1.278987,-1.151346,-1.323532,-1.766909,-1.293051,-2.433729,-1.233705,-3.103426,-1.15532,-3.683054,-1.049589,-4.075391,-0.948162,-4.212424,-0.937721,-4.122179,-1.018429,-3.776431,-1.079038,-3.107882,-1.058471,-2.190378,-0.953808,-1.214599,-0.761849,-0.333517,-0.516304,0.365442,-0.238398,0.870315,-0.009427,1.194676,0.158367,1.338032,0.293368,1.313355,0.40226,1.170321,0.463185,0.956287,0.462284,0.719386,0.403234,0.513891,0.297915,0.358424,0.161767,0.233899,0.031808,0.120909,-0.06489,0.010328,-0.114582,-0.087654,-0.122312,-0.158337,-0.107387,-0.195157,-0.083134,-0.209527,-0.05508,-0.20178,-0.025528,-0.164679
4,-0.135344,-0.745623,-0.268071,-0.992633,-0.436108,-1.282139,-0.609492,-1.617798,-0.801528,-2.007222,-1.027315,-2.392272,-1.315252,-2.659735,-1.665148,-2.728912,-2.039044,-2.563604,-2.342408,-2.130893,-2.477394,-1.467601,-2.408124,-0.608861,-2.2265,0.208845,-1.974799,0.961374,-1.709374,1.576834,-1.465584,2.095349,-1.291058,2.512223,-1.17152,2.789001,-1.022218,2.986602,-0.790396,3.163373,-0.500835,3.318739,-0.149305,3.386607,0.270208,3.285211,0.714995,3.022665,1.144524,2.66217,1.533402,2.255539,1.827062,1.801247,1.977796,1.292383,1.968878,0.714989,1.854843,0.069377,1.682362,-0.617583,1.487839,-1.27405,1.317258,-1.881911,1.166514,-2.477715,1.05026,-3.022058,0.992722,-3.485399,0.983108,-3.785215,0.998215,-3.866169,0.997977,-3.698155,0.97108,-3.295232,0.915931,-2.753589,0.853461,-2.11781,0.810234,-1.363707,0.816685,-0.514914,0.875594,0.305636,0.954375,0.984813,1.046783,1.510981,1.14568,1.916224,1.227895,2.252858,1.246716,2.523533,1.166914,2.702288,0.998262,2.804187,0.787386,2.842943,0.59201,2.825416,0.415856,2.749437,0.287758,2.597483,0.217588,2.400071,0.205227,2.196133,0.224152,2.004477,0.255763,1.809826,0.246749,1.582952,0.152874,1.315461,-0.023843,0.993124,-0.265746,0.670977,-0.516573,0.373685,-0.750547,0.087139,-0.928904,-0.216533,-1.044735,-0.577128,-1.122843,-1.00431,-1.1767,-1.4704,-1.222276,-1.963578,-1.284892,-2.502046,-1.397483,-3.147295,-1.547032,-3.86675,-1.651733,-4.463582,-1.510226,-4.599989,-1.117798,-4.169627,-0.604729,-3.216661,-0.143416,-1.88235,0.160997,-0.431019,0.25929,0.757407,0.151713,1.414827,-0.034922,1.539033,-0.163035,1.309134,-0.196791,0.921761,-0.16292,0.501232,-0.094275,0.107258,-0.047922,-0.233141,-0.069111,-0.454687,-0.126547,-0.500922,-0.157195,-0.392189,-0.144149,-0.206825,-0.090168,-0.016942,-0.016007,0.124509,0.044087,0.189638,0.074807,0.182116,0.070784,0.125993,0.047105,0.05608,0.003944,-0.011073,-0.046016,-0.064589
4,-2.141084,-2.052418,-2.381799,-1.953487,-2.513931,-1.658344,-2.550221,-1.256073,-2.370603,-0.743447,-2.085916,-0.196212,-1.886613,0.307482,-1.830654,0.699173,-1.773222,1.007616,-1.552478,1.304582,-1.159533,1.621035,-0.73117,1.959121,-0.383154,2.306433,-0.091677,2.635474,0.134794,2.899183,0.287491,3.047528,0.496583,3.056968,0.821964,2.99058,1.212353,2.8698,1.613759,2.666139,1.939032,2.415261,2.145535,2.136838,2.210776,1.776591,2.113047,1.256661,1.847896,0.568903,1.453021,-0.223847,1.033542,-0.970861,0.685854,-1.607351,0.458366,-2.160444,0.359994,-2.668791,0.309127,-3.133209,0.239149,-3.535454,0.191517,-3.825448,0.162683,-3.981269,0.149998,-4.012604,0.208688,-3.882854,0.420985,-3.552305,0.777912,-3.067044,1.185833,-2.475715,1.530941,-1.784887,1.676043,-0.850878,1.444831,0.764044,1.444443,1.146426,1.252444,1.738425,1.098629,2.265519,1.044641,2.694309,1.096443,2.99438,1.175274,3.15205,1.227934,3.170705,1.176572,3.09198,1.02818,2.953635,0.839805,2.765236,0.662034,2.561069,0.49011,2.342233,0.326781,2.123589,0.198786,1.917266,0.134779,1.699395,0.086925,1.444587,0.010216,1.170772,-0.111906,0.900564,-0.246545,0.634807,-0.42098,0.375397,-0.55735,0.142612,-0.649283,-0.098399,-0.719207,-0.436428,-0.786533,-0.876946,-0.874808,-1.402125,-0.925966,-2.004819,-0.935152,-2.636444,-0.940626,-3.206513,-0.970857,-3.586515,-1.044826,-3.683592,-1.17394,-3.473556,-1.346892,-3.037899,-1.510375,-2.501701,-1.638136,-2.025421,-1.704401,-1.664125,-1.624882,-1.300911,-1.357715,-0.885627,-0.962777,-0.45171,-0.541141,-0.051886,-0.153005,0.29179,0.167628,0.568131,0.382635,0.766991,0.502088,0.891816,0.541309,0.941076,0.523646,0.918513,0.46646,0.844285,0.389246,0.730644,0.307028,0.601167,0.239639,0.466592,0.183114,0.328783,0.134336,0.191028,0.091066,0.069971,0.046327,-0.031482,-0.00843,-0.099442,-0.063734,-0.117824,-0.092631,-0.095922,-0.087744,-0.054414,-0.051709,-0.012953
4,0.411174,0.282064,0.492911,0.286845,0.558425,0.255461,0.613811,0.177737,0.676491,0.071052,0.70611,-0.126012,0.684063,-0.436529,0.573269,-0.883854,0.445103,-1.362416,0.300072,-1.874082,0.092525,-2.387465,-0.185128,-2.854976,-0.540841,-3.231401,-1.018893,-3.475112,-1.622641,-3.518883,-2.239286,-3.350225,-2.737131,-2.968153,-3.076816,-2.432358,-3.248632,-1.83008,-3.218752,-1.248397,-3.028931,-0.685597,-2.783435,-0.161819,-2.510844,0.344702,-2.243938,0.836163,-1.980342,1.28827,-1.650279,1.679379,-1.155209,2.091033,-0.533972,2.457238,0.060567,2.717559,0.581643,2.83554,1.0843,2.855864,1.531642,2.786224,1.883158,2.624094,2.142943,2.382198,2.306805,2.035367,2.376662,1.567169,2.339852,1.017733,2.197041,0.461316,1.989177,-0.07455,1.77553,-0.609155,1.579541,-1.170224,1.398852,-1.784836,1.290501,-2.475531,1.228552,-3.193688,1.134613,-3.779031,1.007771,-4.119388,0.866315,-4.138366,0.727679,-3.821882,0.615071,-3.175335,0.555108,-2.248482,0.58017,-1.119545,0.680882,0.029855,0.797903,1.003174,0.941406,1.693765,1.125366,2.146413,1.360439,2.464093,1.615329,2.697405,1.852552,2.871636,2.021765,3.010566,2.054875,3.086668,1.916219,3.088972,1.623718,2.964344,1.256592,2.7115,0.872938,2.373795,0.501425,2.000342,0.1384,1.621489,-0.239373,1.217347,-0.61539,0.79502,-0.938383,0.396682,-1.196009,0.034738,-1.409761,-0.331852,-1.59139,-0.700521,-1.768335,-1.054772,-1.963349,-1.414115,-2.108529,-1.798518,-2.157435,-2.217533,-2.082602,-2.614861,-1.87761,-2.889384,-1.648315,-3.033505,-1.515686,-3.141224,-1.42472,-3.126894,-1.27474,-2.832017,-1.045373,-2.246933,-0.803847,-1.480869,-0.576623,-0.677772,-0.35079,0.000674,-0.134894,0.453344,0.044255,0.666776,0.181466,0.698406,0.290624,0.614251,0.378227,0.480774,0.425043,0.341009,0.408444,0.232438,0.334966,0.177255,0.228605,0.161068,0.121714,0.150808,0.032727,0.135785,-0.019776,0.105055,-0.041225,0.065745,-0.051541,0.028066
4,-0.034906,-0.721697,-0.128134,-1.008046,-0.233858,-1.329857,-0.368229,-1.646758,-0.560354,-1.920285,-0.811273,-2.122216,-1.121329,-2.259901,-1.51238,-2.233567,-1.9492,-1.997468,-2.324656,-1.617717,-2.596288,-1.182917,-2.75313,-0.720524,-2.784388,-0.254488,-2.702895,0.214739,-2.475579,0.66017,-2.096888,1.077122,-1.617392,1.503628,-1.163086,1.921631,-0.863739,2.271446,-0.658741,2.493963,-0.444254,2.623884,-0.143236,2.716773,0.210861,2.778242,0.566979,2.808001,0.92769,2.764731,1.295477,2.615884,1.644458,2.351989,1.923174,1.95927,2.118312,1.419049,2.230807,0.744211,2.242066,0.020369,2.138086,-0.70168,1.969675,-1.441171,1.780464,-2.13614,1.591777,-2.765032,1.473795,-3.324966,1.446314,-3.809536,1.439364,-4.238581,1.367121,-4.472365,1.182559,-4.3565,0.90393,-3.919611,0.648002,-3.231191,0.517318,-2.279975,0.502984,-1.07199,0.583285,0.127414,0.724334,1.071715,0.899337,1.676587,1.100079,2.000843,1.308634,2.189042,1.506934,2.394879,1.646002,2.665514,1.618436,2.953991,1.437015,3.180746,1.190049,3.246362,0.914111,3.161048,0.601661,2.928936,0.345619,2.606942,0.192711,2.279722,0.111021,1.920648,0.057414,1.519038,0.005016,1.087908,-0.095484,0.644115,-0.260645,0.202711,-0.507728,-0.226899,-0.815321,-0.651443,-1.099787,-1.044034,-1.326483,-1.347213,-1.482161,-1.570603,-1.583648,-1.782124,-1.662284,-2.029613,-1.740931,-2.318488,-1.81159,-2.651579,-1.888731,-2.988755,-1.942658,-3.273417,-1.852937,-3.280507,-1.569874,-2.942765,-1.17392,-2.391256,-0.821172,-1.708409,-0.547663,-0.904135,-0.346392,-0.132866,-0.192199,0.468589,-0.071022,0.838738,0.027782,1.00215,0.122821,1.014177,0.24234,0.922242,0.384127,0.762123,0.511515,0.57023,0.586908,0.375335,0.585888,0.209914,0.528694,0.096426,0.435766,0.051699,0.30427,0.061031,0.148432,0.099143,0.001807,0.134746,-0.099031,0.147854,-0.150425,0.133979,-0.159312,0.095914,-0.156754,0.044917,-0.144221,-0.000367,-0.12455,-0.036015
4,0.170146,0.113304,0.181507,0.047016,0.187747,-0.037867,0.178875,-0.135497,0.140594,-0.23441,0.071215,-0.355042,-0.02147,-0.526817,-0.13346,-0.77061,-0.273662,-1.076218,-0.411386,-1.429093,-0.600846,-1.766621,-0.824383,-2.094889,-1.117312,-2.240286,-1.489857,-2.237685,-1.910359,-2.087663,-2.315126,-1.707036,-2.596076,-1.096922,-2.682859,-0.355672,-2.5885,0.404618,-2.29399,1.082965,-1.915699,1.632164,-1.603959,2.088697,-1.396826,2.473766,-1.219887,2.798026,-1.001507,3.014204,-0.700872,3.12248,-0.307949,3.162614,0.173795,3.111372,0.65919,2.949896,1.101771,2.720905,1.483907,2.435556,1.788437,2.005804,1.956388,1.452166,2.017399,0.809392,2.002174,0.155569,1.915725,-0.481046,1.73896,-1.060518,1.507275,-1.580059,1.278051,-2.064731,1.06317,-2.513797,0.903215,-2.910252,0.805883,-3.218455,0.748238,-3.409051,0.712732,-3.484455,0.661961,-3.439256,0.543531,-3.213203,0.368862,-2.751044,0.225527,-2.067212,0.187779,-1.174771,0.324561,-0.199644,0.603669,0.616654,0.950033,1.205654,1.292475,1.629764,1.552752,1.984193,1.713531,2.312248,1.788721,2.598475,1.819421,2.80441,1.778916,2.926038,1.628188,2.972088,1.357049,2.923677,1.005355,2.786308,0.652479,2.598235,0.326098,2.382815,0.030804,2.125087,-0.234176,1.81342,-0.462758,1.457533,-0.645409,1.069667,-0.793816,0.651914,-0.93413,0.199537,-1.085907,-0.300564,-1.238184,-0.850811,-1.381337,-1.410037,-1.512564,-1.963306,-1.605161,-2.516391,-1.609641,-3.02746,-1.517278,-3.384904,-1.369275,-3.484583,-1.200447,-3.297878,-1.004858,-2.85618,-0.814801,-2.300728,-0.694194,-1.829214,-0.636089,-1.412346,-0.624252,-0.942572,-0.624717,-0.437065,-0.575171,0.027828,-0.443888,0.383413,-0.257695,0.604506,-0.053906,0.6911,0.117942,0.655116,0.233891,0.533852,0.297597,0.367013,0.33509,0.192807,0.319494,0.043961,0.253653,-0.07005,0.184391,-0.139336,0.114677,-0.147807,0.048045,-0.110402,-0.008477,-0.056158,-0.042095,0.000674,-0.058195,0.049492
4,0.203544,0.328127,0.239045,0.315669,0.290122,0.27933,0.336621,0.218207,0.378441,0.132285,0.376921,-0.04532,0.310312,-0.356483,0.049605,-0.914416,-0.261781,-1.34073,-0.601189,-1.66782,-0.927065,-1.920486,-1.268215,-2.087153,-1.668714,-2.18356,-2.13289,-2.138303,-2.575137,-1.947766,-2.873423,-1.504134,-2.954482,-0.764049,-2.869784,0.137339,-2.732588,0.989085,-2.578856,1.641666,-2.3554,2.055159,-2.070006,2.263765,-1.637905,2.311871,-1.010802,2.332592,-0.268952,2.40645,0.460305,2.478259,1.070354,2.499075,1.511679,2.403681,1.80541,2.136002,1.993714,1.913546,2.144918,1.691747,2.232134,1.334831,2.144097,0.928638,1.904622,0.527317,1.581574,0.098945,1.251044,-0.396052,0.992513,-0.919119,0.872892,-1.435216,0.869301,-1.943327,0.942776,-2.446021,1.059826,-2.910807,1.159184,-3.273403,1.174907,-3.454582,1.083024,-3.413161,0.841661,-3.146355,0.517206,-2.742665,0.313192,-2.321387,0.398078,-1.799671,0.695732,-1.028915,1.030572,-0.143454,1.292645,0.610119,1.488024,1.077834,1.606373,1.297087,1.618294,1.384053,1.555393,1.49449,1.474999,1.659497,1.411151,1.900255,1.367259,2.187484,1.273853,2.460155,1.045135,2.658004,0.708315,2.740498,0.367971,2.708823,0.057182,2.588128,-0.228393,2.383652,-0.444756,2.094911,-0.561497,1.773352,-0.598908,1.438912,-0.59737,1.091626,-0.595795,0.714879,-0.618022,0.286369,-0.692565,-0.21181,-0.823647,-0.764746,-0.972558,-1.334179,-1.081661,-1.901562,-1.127332,-2.43983,-1.12473,-2.910894,-1.134096,-3.274735,-1.206562,-3.532508,-1.333824,-3.652951,-1.481131,-3.488443,-1.584653,-2.955661,-1.575382,-2.181054,-1.429708,-1.292259,-1.134943,-0.403922,-0.735593,0.309987,-0.319654,0.736142,0.034507,0.880423,0.280462,0.823392,0.432669,0.658651,0.496249,0.515995,0.49469,0.424423,0.465475,0.365047,0.423542,0.323173,0.368866,0.282007,0.291789,0.235409,0.197123,0.175842,0.10393,0.104576,0.032362,0.03386,-0.013046,-0.037213,-0.054078,-0.103175
4,0.09044,0.020803,0.098274,-0.011793,0.101532,-0.049346,0.084193,-0.175592,0.053327,-0.396341,-0.009964,-0.604575,-0.100451,-0.822014,-0.229356,-1.05378,-0.440972,-1.286815,-0.725752,-1.462679,-0.98203,-1.594491,-1.208797,-1.640371,-1.435876,-1.542086,-1.647561,-1.251103,-1.831593,-0.813981,-1.983274,-0.351597,-2.038256,0.069975,-1.942558,0.446633,-1.763133,0.788879,-1.582991,1.137626,-1.453699,1.487714,-1.352667,1.812678,-1.22661,2.04023,-0.994964,2.219687,-0.680386,2.402056,-0.317129,2.561435,0.056339,2.668088,0.412276,2.688313,0.745336,2.588603,1.037544,2.376692,1.304858,2.064868,1.517844,1.686671,1.674139,1.236263,1.783669,0.685607,1.8385,0.045516,1.811084,-0.611445,1.69876,-1.16117,1.534782,-1.557489,1.345581,-1.843984,1.155915,-2.113133,1.002261,-2.422485,0.897499,-2.764724,0.8173,-3.056605,0.707743,-3.189278,0.540982,-3.081497,0.320361,-2.694112,0.135257,-2.092132,0.1823,-1.390207,0.527332,-0.675569,1.049308,-0.02369,1.537473,0.492485,1.834289,0.874746,1.908167,1.168914,1.830352,1.411713,1.681857,1.637271,1.541986,1.873357,1.475633,2.104524,1.449253,2.31009,1.370971,2.474883,1.142781,2.539964,0.781064,2.477805,0.342911,2.315403,-0.118341,2.096574,-0.524267,1.857592,-0.800572,1.615586,-0.930954,1.365681,-0.974267,1.065116,-0.978216,0.70566,-0.990066,0.290253,-1.035312,-0.170566,-1.112865,-0.661653,-1.195734,-1.178802,-1.248947,-1.727612,-1.242056,-2.325552,-1.183998,-2.897237,-1.115639,-3.341927,-1.082034,-3.558807,-1.101775,-3.469049,-1.147467,-3.082241,-1.170738,-2.537683,-1.148996,-1.990901,-1.035849,-1.549267,-0.844835,-1.142221,-0.636699,-0.558495,-0.440189,0.14749,-0.263505,0.707935,-0.133732,0.975181,-0.055966,0.964747,0.034427,0.794864,0.137189,0.585729,0.224153,0.385863,0.273421,0.187907,0.280866,0.010279,0.237929,-0.10428,0.161466,-0.14312,0.070704,-0.117928,-0.011014,-0.0644,-0.0682,-0.00691,-0.096839,0.047235,-0.101315,0.087096
4,0.064897,0.122964,0.090169,0.113759,0.096796,0.109839,0.087817,0.096251,0.074338,0.071886,0.073269,0.041287,0.076115,0.003313,0.07417,-0.040731,0.069232,-0.094997,0.068105,-0.148511,0.056936,-0.195652,0.017495,-0.253077,-0.060947,-0.335986,-0.170788,-0.467077,-0.292878,-0.648231,-0.431969,-0.843823,-0.593202,-1.002936,-0.781931,-1.084704,-1.006114,-1.079556,-1.292035,-0.993063,-1.627249,-0.837499,-1.955292,-0.614687,-2.187795,-0.304543,-2.254114,0.088561,-2.143546,0.486009,-1.931886,0.841972,-1.697403,1.119747,-1.467596,1.316436,-1.221824,1.474961,-0.951159,1.656682,-0.662432,1.868271,-0.352662,2.113264,-9e-05,2.366771,0.342571,2.543866,0.661798,2.590061,0.958699,2.491088,1.250577,2.246603,1.526856,1.888017,1.770997,1.470597,1.962602,1.025107,2.081052,0.569468,2.098319,0.114644,1.988904,-0.364257,1.739367,-0.856992,1.439696,-1.330395,1.179339,-1.768784,0.956313,-2.149852,0.789035,-2.461425,0.69729,-2.707478,0.701501,-2.899233,0.787195,-3.006435,0.922008,-2.968723,1.076507,-2.759778,1.212568,-2.390357,1.329063,-1.891826,1.43612,-1.288733,1.473392,-0.615959,1.414534,0.100928,1.332962,0.799528,1.319387,1.432977,1.37993,1.963096,1.491844,2.373267,1.609857,2.647516,1.669199,2.772289,1.595123,2.760281,1.381572,2.658095,1.063472,2.494426,0.699949,2.281055,0.337279,2.033832,-0.006957,1.748139,-0.316933,1.418214,-0.595299,1.058169,-0.853677,0.683931,-1.090531,0.284995,-1.293637,-0.144412,-1.460441,-0.577684,-1.584161,-0.991789,-1.687201,-1.398424,-1.762679,-1.829677,-1.783297,-2.259506,-1.772797,-2.621264,-1.772652,-2.874044,-1.790164,-3.004387,-1.783334,-2.978876,-1.682886,-2.77568,-1.466331,-2.427916,-1.158012,-1.989648,-0.830837,-1.514857,-0.555155,-1.061111,-0.371435,-0.660875,-0.269552,-0.331753,-0.210918,-0.073068,-0.146345,0.133412,-0.058269,0.281701,0.039691,0.349309,0.130192,0.33877,0.199848,0.275108,0.233125,0.191594,0.237135,0.131511,0.214914,0.116796
4,0.080448,0.105217,0.08961,0.12792,0.098607,0.158722,0.102025,0.187193,0.107657,0.19871,0.121165,0.189846,0.131584,0.155815,0.126537,0.088961,0.099002,-0.002108,0.055374,-0.113017,0.001633,-0.226677,-0.078071,-0.348272,-0.185135,-0.474987,-0.321773,-0.60465,-0.488759,-0.721462,-0.696929,-0.808163,-0.964585,-0.852154,-1.285941,-0.846581,-1.61735,-0.764978,-1.875618,-0.610428,-2.004297,-0.392226,-1.997896,-0.108572,-1.930076,0.248449,-1.862851,0.647469,-1.787541,1.059803,-1.673867,1.459846,-1.495514,1.817311,-1.255698,2.089226,-0.959826,2.280493,-0.610835,2.434464,-0.177078,2.574924,0.314739,2.664265,0.779857,2.640084,1.164054,2.481052,1.464167,2.208604,1.700961,1.857586,1.902657,1.453745,2.048694,0.979993,2.11469,0.442906,2.091537,-0.141526,1.96717,-0.735039,1.768697,-1.25937,1.526848,-1.682048,1.226745,-2.054148,0.880487,-2.416533,0.529102,-2.752195,0.220988,-2.989674,0.019726,-3.085732,-0.050697,-3.004211,-0.01042,-2.759498,0.148599,-2.434272,0.494585,-2.104724,1.033759,-1.773115,1.645719,-1.433656,2.158577,-1.03059,2.307627,-0.134572,2.209578,0.748386,2.130833,0.90644,1.968616,1.284705,1.77178,1.764917,1.601334,2.173888,1.481334,2.445737,1.356216,2.598052,1.15263,2.620399,0.842175,2.526299,0.476793,2.38833,0.09137,2.228975,-0.292106,2.052865,-0.598406,1.891585,-0.801481,1.728729,-0.934356,1.531648,-1.045878,1.278409,-1.142781,0.933447,-1.215445,0.483126,-1.242207,-0.031557,-1.237514,-0.55819,-1.216756,-1.025913,-1.209118,-1.420083,-1.23132,-1.756176,-1.25922,-2.037763,-1.258043,-2.279932,-1.229423,-2.482929,-1.177817,-2.612428,-1.125481,-2.641155,-1.078422,-2.524719,-1.014831,-2.234825,-0.928544,-1.794204,-0.802288,-1.253529,-0.645898,-0.699185,-0.50647,-0.266088,-0.408265,-0.002142,-0.341552,0.145261,-0.265191,0.243417,-0.162362,0.335259,-0.037941,0.413463,0.089391,0.469926,0.192593,0.486009,0.257362,0.471507,0.27176,0.431,0.233378,0.367858
4,0.118847,-0.175467,0.036536,-0.297948,-0.084125,-0.465865,-0.251073,-0.682687,-0.469135,-0.9414,-0.75205,-1.197432,-1.116544,-1.424149,-1.558387,-1.589366,-2.017682,-1.666493,-2.425478,-1.63424,-2.710538,-1.458023,-2.806376,-1.167261,-2.712659,-0.758428,-2.477494,-0.228038,-2.14435,0.394955,-1.746523,1.035623,-1.327718,1.598192,-0.936705,2.041541,-0.607113,2.381805,-0.286237,2.686342,0.037811,2.965415,0.341475,3.140751,0.596656,3.137999,0.803282,2.983784,0.983604,2.730602,1.163531,2.401179,1.341719,2.039792,1.494995,1.652003,1.585477,1.225508,1.624643,0.756639,1.61807,0.233674,1.555372,-0.347466,1.454319,-0.937953,1.313817,-1.486791,1.166263,-1.965392,1.039221,-2.384153,0.928404,-2.768196,0.833747,-3.106149,0.780183,-3.383438,0.761405,-3.578823,0.751993,-3.615934,0.724395,-3.437417,0.670572,-3.024209,0.639392,-2.434345,0.715584,-1.745005,0.903506,-1.004379,1.140836,-0.298308,1.362911,0.32651,1.525707,0.876429,1.59288,1.369607,1.576651,1.802726,1.503432,2.166873,1.42579,2.478278,1.346297,2.710121,1.255989,2.840758,1.109647,2.851491,0.905755,2.733569,0.692221,2.518106,0.5039,2.270275,0.341537,1.999453,0.16235,1.709904,-0.049915,1.41237,-0.276546,1.12812,-0.482377,0.841172,-0.653938,0.513771,-0.811904,0.124883,-0.943221,-0.308333,-1.056512,-0.745768,-1.163091,-1.123148,-1.269608,-1.439108,-1.382535,-1.72227,-1.483292,-1.968639,-1.54255,-2.172797,-1.523557,-2.313825,-1.418356,-2.374239,-1.247255,-2.336324,-1.042609,-2.200597,-0.844139,-1.989449,-0.664403,-1.718607,-0.489172,-1.388227,-0.314061,-1.020605,-0.162128,-0.651856,-0.05725,-0.288802,0.008105,0.06724,0.043768,0.402509,0.069413,0.659111,0.091356,0.794577,0.127168,0.791719,0.179483,0.678022,0.230542,0.500205,0.264556,0.308147,0.272566,0.143198,0.238045,0.032222,0.172675,-0.019139,0.094157,-0.026844,0.012131,-0.007897,-0.054089,0.012127,-0.082917,0.02357,-0.079006,0.025668,-0.055502,0.026693
4,0.074822,0.104808,0.07035,0.075178,0.062009,0.022093,0.053377,-0.056958,0.057375,-0.166045,0.071932,-0.302423,0.089935,-0.47408,0.092907,-0.687074,0.062404,-0.963543,-0.012262,-1.332129,-0.150843,-1.836285,-0.389313,-2.38188,-0.764882,-2.803345,-1.26957,-2.955093,-1.842657,-2.77341,-2.345026,-2.301277,-2.659751,-1.620642,-2.750123,-0.776059,-2.688552,0.167153,-2.549096,1.104213,-2.365844,1.916019,-2.135852,2.501535,-1.855344,2.824119,-1.549766,2.915815,-1.204344,2.859521,-0.808101,2.717947,-0.38989,2.520705,0.01688,2.29941,0.399985,2.03599,0.76778,1.708319,1.130565,1.313272,1.4472,0.882869,1.725195,0.425789,1.992569,-0.059068,2.245065,-0.547493,2.44666,-1.057284,2.545925,-1.621582,2.572339,-2.219655,2.520292,-2.79585,2.363194,-3.253496,2.101355,-3.57166,1.798739,-3.697899,1.513421,-3.551988,1.279086,-3.126645,1.107995,-2.515712,1.041615,-1.836808,1.066086,-1.163011,1.161155,-0.505849,1.281307,0.155824,1.34541,0.819751,1.367741,1.463141,1.381464,2.03273,1.366603,2.540339,1.28537,2.985097,1.171508,3.329911,0.989096,3.529837,0.718736,3.558347,0.405544,3.399293,0.073926,3.093215,-0.268802,2.682525,-0.623124,2.217427,-0.931265,1.74898,-1.169748,1.320075,-1.327766,0.927758,-1.399294,0.539267,-1.411714,0.102561,-1.387833,-0.395377,-1.310464,-0.949974,-1.151606,-1.523357,-0.959716,-2.120787,-0.804497,-2.705895,-0.711253,-3.207645,-0.688279,-3.609281,-0.733623,-3.860361,-0.826496,-3.863679,-0.889245,-3.532828,-0.843334,-2.884819,-0.697723,-2.080169,-0.493788,-1.270397,-0.262732,-0.53967,-0.039046,0.065386,0.151252,0.573119,0.287243,0.989951,0.370391,1.266747,0.447552,1.38624,0.519586,1.34838,0.547119,1.180446,0.532857,0.950617,0.48267,0.726103,0.397468,0.540417,0.29694,0.39159,0.196865,0.257414,0.098111,0.117745,0.01625,-0.029181,-0.036044,-0.142725,-0.05164,-0.196238,-0.039761,-0.193162,-0.025249,-0.157297,-0.022307,-0.122185,-0.040579,-0.100642
4,-0.053229,-0.246046,-0.079144,-0.452384,-0.137728,-0.642003,-0.255891,-0.832378,-0.439332,-1.051619,-0.694594,-1.340771,-1.014269,-1.636332,-1.389176,-1.90249,-1.796678,-2.096049,-2.205302,-2.090476,-2.566286,-1.84181,-2.774141,-1.453889,-2.854477,-0.86615,-2.784797,-0.098224,-2.575684,0.695134,-2.308663,1.332395,-1.994483,1.820284,-1.654379,2.175169,-1.308378,2.432632,-0.960621,2.633675,-0.612576,2.828375,-0.223442,3.012693,0.219247,3.151009,0.656021,3.194609,0.995086,3.130679,1.209103,2.932861,1.276724,2.567314,1.22289,2.087788,1.161968,1.569111,1.156861,1.042253,1.223685,0.532964,1.361132,0.013049,1.513534,-0.517445,1.617377,-1.030696,1.648834,-1.518222,1.634269,-2.011812,1.630802,-2.524149,1.618953,-3.015028,1.57834,-3.432168,1.505888,-3.739787,1.40623,-3.857717,1.318998,-3.730007,1.260116,-3.332373,1.260543,-2.734415,1.311794,-2.076605,1.392126,-1.432293,1.480865,-0.841244,1.515043,-0.267152,1.475262,0.299679,1.400545,0.831037,1.329761,1.321933,1.256892,1.776168,1.163506,2.159835,1.066844,2.461679,0.995697,2.687927,0.904845,2.828837,0.732523,2.877574,0.519374,2.82816,0.280144,2.722291,-0.005102,2.608194,-0.352733,2.476896,-0.793588,2.285574,-1.257946,1.996125,-1.602593,1.579964,-1.74005,1.076053,-1.6844,0.530106,-1.533299,-0.093586,-1.359139,-0.719342,-1.195544,-1.314881,-1.080936,-1.894141,-1.03368,-2.461276,-1.041316,-2.989334,-1.077235,-3.453897,-1.072254,-3.754771,-1.019556,-3.765653,-0.935784,-3.424575,-0.844361,-2.805518,-0.770399,-2.026371,-0.65003,-1.163098,-0.439147,-0.351886,-0.20712,0.235556,0.008346,0.569554,0.20882,0.733847,0.393371,0.824778,0.525262,0.882247,0.562503,0.913161,0.513476,0.915436,0.408069,0.879917,0.279936,0.797414,0.169467,0.666375,0.08304,0.493573,0.016216,0.293033,-0.024932,0.086275,-0.043461,-0.079592,-0.036554,-0.169363,-0.009185,-0.171292,0.018125,-0.119359,0.034941,-0.04397,0.038499,0.028082,0.023494,0.074668
4,-0.451481,-2.672481,-0.743157,-3.078923,-1.000471,-3.475854,-1.209595,-3.815712,-1.358573,-3.961493,-1.460629,-3.832161,-1.568376,-3.510839,-1.729297,-3.056072,-1.954792,-2.516399,-2.147054,-1.920279,-2.218564,-1.257318,-2.252665,-0.507471,-2.342685,0.283563,-2.41802,1.057849,-2.362505,1.765259,-2.150475,2.335106,-1.816528,2.768421,-1.421128,3.09998,-1.02782,3.334814,-0.636726,3.469839,-0.231,3.515862,0.18518,3.444432,0.584509,3.2609,0.95849,3.008228,1.30221,2.728793,1.564884,2.445939,1.69444,2.133872,1.675166,1.731387,1.540988,1.231259,1.394644,0.64911,1.287508,-0.013538,1.223278,-0.708183,1.175413,-1.391936,1.148312,-2.067725,1.186822,-2.684652,1.266513,-3.220986,1.364251,-3.603499,1.46632,-3.794185,1.550811,-3.777306,1.594844,-3.569739,1.588822,-3.206684,1.588953,-2.769024,1.677091,-2.34417,1.886232,-1.938797,2.097298,-1.504,2.173434,-1.00709,2.051453,-0.421127,1.768699,0.247906,1.44235,0.960544,1.166845,1.649722,1.000236,2.281246,0.945834,2.822814,0.943558,3.221335,0.955024,3.50259,0.985142,3.665308,1.000939,3.702573,1.001292,3.623654,0.934859,3.435059,0.782854,3.182549,0.543203,2.867116,0.250775,2.518267,-0.076785,2.145828,-0.4312,1.722938,-0.785306,1.207214,-1.089468,0.619654,-1.305834,0.025121,-1.438619,-0.53368,-1.528253,-1.054223,-1.598621,-1.528388,-1.641208,-1.986147,-1.623591,-2.455278,-1.497958,-2.928692,-1.26692,-3.347857,-0.986833,-3.614217,-0.71137,-3.698241,-0.461295,-3.575838,-0.266091,-3.245175,-0.183114,-2.768671,-0.206862,-2.238396,-0.2836,-1.715208,-0.344775,-1.22255,-0.355788,-0.739456,-0.30796,-0.258504,-0.228195,0.178509,-0.143887,0.538112,-0.068095,0.783694,0.007505,0.904213,0.073025,0.904386,0.120657,0.798502,0.147609,0.61956,0.156558,0.411331,0.145314,0.230278,0.11295,0.109028,0.064198,0.0487,0.017504,0.043756,-0.000587,0.077803,0.011906,0.10518,0.034049,0.097801,0.057841,0.056263,0.081901,0.002891
4,-0.96427,-2.108758,-1.135941,-2.258852,-1.267078,-2.247247,-1.385751,-2.048012,-1.554723,-1.683331,-1.781936,-1.223462,-2.019765,-0.766004,-2.269045,-0.313813,-2.50067,0.08796,-2.625492,0.41846,-2.623616,0.67147,-2.497432,0.89811,-2.299478,1.126872,-2.058577,1.40308,-1.798863,1.708594,-1.525575,2.00386,-1.205675,2.298606,-0.837399,2.562627,-0.42587,2.771141,-0.025132,2.758488,0.385281,2.667058,0.852329,2.549928,1.382879,2.375551,1.910148,2.150823,2.330408,1.881562,2.62628,1.596277,2.774863,1.303733,2.708511,0.950289,2.386442,0.469357,1.911968,-0.090798,1.435524,-0.664892,1.06155,-1.233922,0.805883,-1.836241,0.633284,-2.472447,0.557883,-3.089056,0.619352,-3.603369,0.820861,-3.961286,1.057681,-4.114789,1.253682,-3.969308,1.312015,-3.471743,1.228446,-2.753343,1.118562,-1.962375,1.125911,-1.190883,1.249227,-0.457748,1.435665,0.11355,1.645645,0.573923,1.782489,0.995555,1.814489,1.484544,1.76727,2.031864,1.721274,2.508368,1.634574,2.85611,1.501019,3.093387,1.331734,3.223182,1.101162,3.264668,0.834133,3.236785,0.56949,3.124589,0.313313,2.948275,0.079654,2.748875,-0.130038,2.530023,-0.327023,2.273405,-0.498149,1.958203,-0.638514,1.580475,-0.75922,1.156332,-0.873463,0.71345,-1.008067,0.256875,-1.156103,-0.219181,-1.327598,-0.692279,-1.500178,-1.154281,-1.643548,-1.610683,-1.722791,-2.039548,-1.725478,-2.412437,-1.654208,-2.743292,-1.51362,-3.026508,-1.343652,-3.203416,-1.194529,-3.256339,-1.101226,-3.216577,-1.018345,-3.086593,-0.954952,-2.886256,-0.871176,-2.638514,-0.760031,-2.306551,-0.64523,-1.72018,-0.535268,-0.942795,-0.459513,-0.122068,-0.417733,0.592756,-0.388718,1.027867,-0.318223,1.214096,-0.179668,1.195641,0.011121,1.020492,0.221626,0.781223,0.397548,0.552489,0.486714,0.376957,0.463199,0.255205,0.361645,0.167285,0.236651,0.100701,0.108977,0.054724,-0.005161,0.042268,-0.089862,0.056635,-0.136304,0.084316,-0.146468,0.10035,-0.138743,0.086043
4,0.083331,-0.890148,0.008579,-1.182749,-0.220453,-1.392789,-0.595381,-1.44796,-1.083706,-1.379045,-1.577503,-1.298707,-2.040795,-1.155631,-2.361636,-1.013072,-2.487623,-0.861028,-2.45236,-0.663699,-2.340827,-0.392598,-2.254955,-0.060708,-2.18742,0.276025,-2.059063,0.547591,-1.893563,0.761578,-1.734953,1.019583,-1.581596,1.305874,-1.424825,1.611437,-1.199938,1.910983,-0.86365,2.224568,-0.433353,2.542707,0.043867,2.805757,0.536496,2.974574,1.00253,2.989384,1.469701,2.859509,1.95458,2.662798,2.42917,2.380445,2.845611,2.064506,3.104805,1.732274,3.110635,1.362115,2.864667,0.902368,2.431387,0.305623,1.910736,-0.360206,1.411749,-1.01137,0.985072,-1.636924,0.650582,-2.236531,0.421476,-2.740136,0.305121,-3.112708,0.274726,-3.399469,0.339241,-3.611311,0.460704,-3.676825,0.587303,-3.545124,0.728559,-3.268112,0.866821,-2.8558,0.968546,-2.358209,1.063863,-1.848744,1.163744,-1.321714,1.235493,-0.767134,1.232719,-0.17067,1.162702,0.466426,1.111578,1.124941,1.117602,1.780542,1.16493,2.382441,1.242229,2.881382,1.292426,3.248115,1.279384,3.456419,1.273833,3.535861,1.232829,3.521422,1.065352,3.401761,0.777702,3.15232,0.463352,2.833243,0.184765,2.488313,-0.064326,2.147421,-0.297454,1.810409,-0.518088,1.439179,-0.725349,1.025138,-0.908781,0.590392,-1.06777,0.143443,-1.190246,-0.305732,-1.263367,-0.752149,-1.273149,-1.209455,-1.217876,-1.653136,-1.128867,-2.083249,-1.032682,-2.489682,-0.938926,-2.811847,-0.873781,-3.006464,-0.847816,-3.044935,-0.835436,-2.89631,-0.828317,-2.646888,-0.842616,-2.413835,-0.955563,-2.246197,-1.018282,-1.97095,-0.91749,-1.409243,-0.735214,-0.668362,-0.589598,0.065175,-0.437179,0.625833,-0.250547,0.920492,-0.076375,0.989642,0.074068,0.890729,0.213189,0.690413,0.314078,0.448038,0.355386,0.226132,0.344092,0.073654,0.288646,0.003703,0.198371,-0.003221,0.081941,0.034447,-0.031975,0.069381,-0.117531,0.079664,-0.157169,0.049887,-0.156472,-0.007925
4,-1.280779,-1.477119,-1.587441,-1.422274,-1.751712,-1.339496,-1.834575,-1.24589,-1.954233,-1.112937,-2.147721,-0.895531,-2.368295,-0.606906,-2.595259,-0.1877,-2.798052,0.188687,-2.922543,0.645657,-2.876447,1.10007,-2.679293,1.550715,-2.360106,1.980282,-1.878325,2.351815,-1.271184,2.647781,-0.624069,2.857762,-0.00337,2.952071,0.542619,2.927247,0.965076,2.816552,1.267108,2.674159,1.476232,2.533943,1.622934,2.392692,1.791189,2.252695,2.010522,2.0842,2.186743,1.861435,2.247302,1.51661,2.137938,1.063516,1.911691,0.518871,1.619254,-0.080511,1.311642,-0.682596,1.052009,-1.258109,0.899089,-1.835427,0.876728,-2.458192,0.964887,-3.093242,1.106999,-3.645317,1.212176,-4.014587,1.21525,-4.128603,1.102871,-3.983407,0.9822,-3.60921,0.929035,-3.063234,0.962857,-2.440836,1.13229,-1.819141,1.454886,-1.236122,1.846664,-0.716421,2.171035,-0.251431,2.325377,0.219365,2.247931,0.727736,2.00162,1.246748,1.698707,1.726607,1.424727,2.128895,1.212003,2.450326,1.034429,2.725949,0.846016,2.964605,0.64503,3.137348,0.440506,3.217476,0.273462,3.194654,0.123264,3.080947,0.004738,2.930521,-0.092633,2.768713,-0.230105,2.59976,-0.422832,2.396005,-0.652021,2.109898,-0.880269,1.743774,-1.066922,1.307644,-1.174738,0.846333,-1.205735,0.408591,-1.136933,-0.001011,-1.016405,-0.373475,-0.890783,-0.7291,-0.808475,-1.089103,-0.783522,-1.478283,-0.784317,-1.939052,-0.808468,-2.490454,-0.881379,-3.104492,-0.995667,-3.663009,-1.113343,-4.03023,-1.210299,-4.067981,-1.257855,-3.752841,-1.248362,-3.178088,-1.164297,-2.522675,-1.04988,-1.870405,-0.959804,-1.316627,-0.781993,-0.771043,-0.473756,-0.173704,-0.176042,0.381286,0.060231,0.781068,0.238991,0.971286,0.335431,0.972421,0.361894,0.841516,0.342476,0.643197,0.27647,0.431852,0.18309,0.231297,0.086625,0.060647,0.000139,-0.07275,-0.076807,-0.155698,-0.132195,-0.196983,-0.172231,-0.198511,-0.184618,-0.168437,-0.174638,-0.120795,-0.140442,-0.072258
4,-2.0968,-1.587432,-2.352041,-1.337338,-2.535752,-0.945896,-2.599317,-0.435002,-2.554276,0.166896,-2.442768,0.761439,-2.316042,1.312387,-2.159014,1.744491,-1.862796,2.074776,-1.483542,2.381274,-1.032054,2.654992,-0.535498,2.844533,-0.036899,2.939195,0.427561,2.95225,0.847758,2.851233,1.192785,2.628704,1.490563,2.342087,1.733459,2.015137,1.944067,1.69303,2.091747,1.328114,2.127948,0.864061,2.02938,0.325863,1.816762,-0.229595,1.525983,-0.774467,1.2198,-1.302912,0.97938,-1.792589,0.834047,-2.227902,0.779458,-2.607752,0.827015,-2.916421,0.938024,-3.101086,1.087588,-3.187732,1.183196,-3.170928,1.198696,-3.056449,1.169659,-2.869137,1.139566,-2.628186,1.133025,-2.355368,1.172125,-2.051054,1.218764,-1.605362,1.213562,-0.905487,1.04836,-0.030896,0.772119,0.848615,0.502033,1.596807,0.322636,2.181982,0.272694,2.601073,0.357163,2.836018,0.541067,2.954813,0.741378,3.014054,0.899286,3.02177,0.954869,2.960736,0.896248,2.844466,0.775895,2.700962,0.645795,2.518048,0.515595,2.299728,0.395055,2.058825,0.274564,1.790381,0.123928,1.504871,-0.050728,1.222016,-0.223549,0.975193,-0.363233,0.794635,-0.452061,0.673889,-0.486795,0.581712,-0.472752,0.481726,-0.418972,0.346863,-0.345229,0.17089,-0.282949,-0.043846,-0.257806,-0.282174,-0.282141,-0.537525,-0.371376,-0.811613,-0.504152,-1.086307,-0.648201,-1.379863,-0.76672,-1.714948,-0.845809,-2.09807,-0.904935,-2.514234,-0.978322,-2.947328,-1.09016,-3.327864,-1.207104,-3.606844,-1.298545,-3.734793,-1.379866,-3.590428,-1.365689,-3.216495,-1.252495,-2.663578,-1.090286,-1.942556,-0.886037,-1.115468,-0.624804,-0.306668,-0.367171,0.36028,-0.118127,0.802572,0.071061,1.000085,0.182062,0.987932,0.254952,0.849922,0.296675,0.672607,0.296576,0.508059,0.255254,0.363817,0.190725,0.237229,0.108619,0.135055,0.007284,0.061155,-0.086954,0.011164,-0.149215,-0.019099,-0.180078,-0.038148,-0.182189,-0.055633,-0.159655,-0.073808,-0.124605,-0.085827
4,0.046572,0.247784,0.067055,0.284487,0.111415,0.353425,0.162438,0.426839,0.207388,0.466452,0.254259,0.44924,0.291428,0.358813,0.316354,0.189148,0.338786,-0.039665,0.35157,-0.319999,0.313917,-0.655661,0.198349,-1.080864,-0.002247,-1.621034,-0.277381,-2.291683,-0.624112,-3.061655,-1.089135,-3.883491,-1.646806,-4.6192,-2.239947,-5.037449,-2.805474,-5.048595,-3.306817,-4.654158,-3.71388,-3.937591,-3.907441,-3.049763,-3.871607,-1.98427,-3.691268,-0.763994,-3.409199,0.403735,-3.035328,1.370527,-2.605494,2.14727,-2.124603,2.816446,-1.588079,3.430295,-1.003599,3.978293,-0.374671,4.400705,0.28416,4.651692,0.869099,4.680366,1.334233,4.443779,1.678168,3.940424,1.920866,3.234127,2.02903,2.412648,2.015132,1.551349,1.926414,0.728813,1.801419,-0.02449,1.673436,-0.763281,1.618976,-1.511822,1.690421,-2.284518,1.856133,-3.137644,2.048945,-4.071759,2.170771,-4.994135,2.162411,-5.747433,2.00966,-6.172405,1.731797,-6.075343,1.413692,-5.405558,1.180284,-4.250623,1.135217,-2.821924,1.205029,-1.29205,1.298682,0.213252,1.367019,1.572115,1.411165,2.722381,1.46957,3.69317,1.558131,4.50395,1.643035,5.137844,1.687881,5.568163,1.669004,5.734366,1.582056,5.620879,1.487714,5.265261,1.353669,4.669051,1.136736,3.904463,0.841113,3.046833,0.465555,2.169598,0.09578,1.386077,-0.223164,0.783829,-0.46882,0.354455,-0.662758,-0.018391,-0.858474,-0.445079,-1.0904,-0.994133,-1.348736,-1.661028,-1.627376,-2.362118,-1.922309,-3.014868,-2.207158,-3.585487,-2.443924,-4.015476,-2.573608,-4.232811,-2.46384,-4.117574,-2.111283,-3.636125,-1.591792,-2.873095,-1.007565,-1.917311,-0.493623,-0.988313,-0.140454,-0.288799,0.062819,0.148201,0.179253,0.392863,0.241304,0.509044,0.245286,0.542852,0.175643,0.501622,0.058138,0.404278,-0.0604,0.281068,-0.147585,0.144587,-0.190319,0.014621,-0.174885,-0.084686,-0.107666,-0.142661,-0.022025,-0.155598,0.045728,-0.12376,0.070047,-0.072716,0.058218,-0.017337
4,0.016788,0.345165,0.069463,0.401806,0.120069,0.459977,0.163897,0.517389,0.200038,0.566535,0.244353,0.600935,0.300011,0.603866,0.358921,0.51431,0.394198,0.275556,0.369343,-0.096645,0.300186,-0.613992,0.154534,-1.281904,-0.052624,-2.00528,-0.327251,-2.635007,-0.685969,-3.080997,-1.16343,-3.32076,-1.773741,-3.368931,-2.442762,-3.260206,-3.032998,-2.981446,-3.395216,-2.522421,-3.475968,-1.822958,-3.357229,-0.883311,-3.143222,0.142446,-2.848652,1.10438,-2.481793,1.930066,-2.027048,2.632697,-1.494235,3.18461,-0.901067,3.585354,-0.28927,3.826261,0.285734,3.919538,0.802662,3.874925,1.251988,3.70911,1.621617,3.392846,1.908124,2.910674,2.088684,2.285718,2.148104,1.554001,2.078535,0.761785,1.893397,-0.045739,1.651168,-0.843372,1.413874,-1.616775,1.25141,-2.349493,1.228969,-3.053851,1.358962,-3.76635,1.593221,-4.452454,1.849321,-4.967659,1.991846,-5.161917,1.956616,-4.917988,1.74173,-4.184135,1.437907,-2.984244,1.212162,-1.534123,1.125671,-0.102247,1.151281,1.133962,1.23005,2.147625,1.302496,2.961749,1.368337,3.606285,1.439522,4.10032,1.520963,4.464175,1.595263,4.68685,1.590855,4.750667,1.438676,4.626124,1.162181,4.316345,0.839263,3.873294,0.515814,3.341994,0.197465,2.763122,-0.113385,2.176342,-0.399739,1.623505,-0.65337,1.105693,-0.865096,0.597126,-1.048159,0.054427,-1.242873,-0.566348,-1.475293,-1.293537,-1.723728,-2.088316,-1.988171,-2.917516,-2.278262,-3.763902,-2.567068,-4.512228,-2.779281,-5.055544,-2.788714,-5.252251,-2.53318,-4.913084,-2.076554,-4.041812,-1.496496,-2.863899,-0.913966,-1.675627,-0.460413,-0.632321,-0.200721,0.198332,-0.085263,0.746126,-0.036009,1.066213,0.011234,1.204449,0.066109,1.197027,0.110091,1.081474,0.131507,0.882611,0.142324,0.640395,0.143226,0.393602,0.121031,0.178127,0.081935,0.01657,0.026651,-0.080466,-0.033071,-0.124906,-0.084322,-0.135366,-0.117945,-0.120013,-0.137534,-0.079274,-0.13697,-0.013008,-0.118158,0.069639
4,0.031186,0.091692,0.050271,0.062642,0.064743,0.012636,0.070816,-0.062065,0.065456,-0.142868,0.023113,-0.282488,-0.103201,-0.559079,-0.31298,-0.978445,-0.589985,-1.426859,-0.94587,-1.843944,-1.422762,-2.188786,-2.031979,-2.435093,-2.688093,-2.525782,-3.232149,-2.372339,-3.580207,-1.89553,-3.670311,-1.120272,-3.502851,-0.179744,-3.092,0.806616,-2.525634,1.735918,-1.916449,2.501943,-1.34794,3.050937,-0.825517,3.422287,-0.310668,3.700207,0.200125,3.884589,0.69282,3.927215,1.144003,3.755717,1.550179,3.374605,1.877892,2.839191,2.131356,2.188544,2.307683,1.474802,2.35637,0.732189,2.262996,-0.017382,2.038595,-0.767895,1.737033,-1.49631,1.431109,-2.193761,1.216462,-2.870311,1.184698,-3.536021,1.319885,-4.15072,1.555933,-4.656746,1.788781,-4.972182,1.879571,-5.017807,1.79216,-4.769046,1.601161,-4.19794,1.41441,-3.276005,1.337374,-2.102686,1.430572,-0.784411,1.598278,0.611276,1.685935,1.956876,1.65811,3.110789,1.590935,3.946757,1.564898,4.45983,1.567465,4.706574,1.562814,4.765992,1.517186,4.68958,1.422449,4.552283,1.229729,4.326662,0.955408,4.004467,0.701724,3.625056,0.497562,3.191162,0.340891,2.697295,0.188526,2.183084,0.011345,1.712142,-0.195323,1.312517,-0.396268,0.969201,-0.567169,0.660278,-0.715354,0.354019,-0.854073,0.018141,-0.992644,-0.381082,-1.113376,-0.853736,-1.219465,-1.397478,-1.340755,-1.998953,-1.52937,-2.66828,-1.786018,-3.412175,-2.053977,-4.153317,-2.169379,-4.709471,-2.07195,-4.832284,-1.800699,-4.518196,-1.407073,-3.87421,-0.959664,-2.984803,-0.538971,-1.98968,-0.215765,-1.005465,-0.01936,-0.133801,0.065353,0.575263,0.109933,1.051237,0.147467,1.277134,0.170866,1.299988,0.163256,1.18297,0.146068,0.980247,0.116895,0.737179,0.080762,0.505733,0.040673,0.308082,0.004684,0.145319,-0.027012,0.015265,-0.055834,-0.084043,-0.090328,-0.145145,-0.118141,-0.16319,-0.134196,-0.13878,-0.134458,-0.099249,-0.134567,-0.066157,-0.133132,-0.04609
4,0.524834,-0.712949,0.422229,-1.114386,0.230731,-1.527719,-0.036719,-1.944701,-0.384192,-2.396916,-0.816365,-2.863454,-1.337276,-3.293177,-1.959995,-3.558892,-2.665193,-3.572151,-3.339613,-3.293406,-3.797374,-2.755066,-3.920569,-1.942292,-3.807041,-0.871253,-3.539626,0.374117,-3.171275,1.567453,-2.74201,2.574938,-2.291757,3.347607,-1.834086,3.894376,-1.366459,4.213893,-0.852687,4.35685,-0.274515,4.351587,0.321692,4.202686,0.880346,3.905374,1.328877,3.48352,1.650542,2.977315,1.845579,2.42612,1.928807,1.859222,1.907247,1.294602,1.82357,0.726545,1.747812,0.148682,1.724736,-0.432218,1.722813,-1.028584,1.694266,-1.650772,1.624013,-2.291825,1.562581,-2.969551,1.608852,-3.675416,1.761251,-4.395021,1.897825,-5.04532,1.947017,-5.476556,1.89776,-5.579712,1.867617,-5.202919,2.017603,-4.317843,2.343203,-3.112889,2.583396,-1.741715,2.4746,-0.215182,2.031886,1.345535,1.436004,2.726984,0.86635,3.835458,0.471863,4.618622,0.299358,5.091558,0.296651,5.267736,0.353404,5.18689,0.407095,4.912973,0.437452,4.502459,0.466484,3.976912,0.47982,3.342634,0.439181,2.698969,0.366149,2.108547,0.272211,1.605487,0.158185,1.213385,0.016575,0.90564,-0.16614,0.645546,-0.383739,0.39965,-0.625422,0.135283,-0.849685,-0.158693,-1.02654,-0.5195,-1.13503,-0.963611,-1.201337,-1.462953,-1.262903,-2.004912,-1.357533,-2.54753,-1.505251,-3.072549,-1.64246,-3.492408,-1.66801,-3.682957,-1.511688,-3.600176,-1.205552,-3.247814,-0.855708,-2.725871,-0.56426,-2.161884,-0.37806,-1.630073,-0.283956,-1.171418,-0.245889,-0.775984,-0.21981,-0.419641,-0.186165,-0.108761,-0.136153,0.141062,-0.071283,0.331148,-0.005495,0.470121,0.068209,0.567199,0.15458,0.626914,0.226854,0.64014,0.270584,0.614718,0.291372,0.544743,0.283482,0.434922,0.236472,0.289516,0.154395,0.127252,0.050121,-0.021989,-0.056448,-0.1218,-0.137264,-0.174315,-0.185823,-0.197444,-0.208377,-0.203572,-0.202124,-0.192731,-0.166667,-0.163696
4,0.211454,0.123721,0.219837,0.101202,0.257497,0.063931,0.328829,0.001765,0.42707,-0.09894,0.533111,-0.243086,0.609351,-0.443173,0.61875,-0.723331,0.554644,-1.124308,0.408687,-1.661792,0.187431,-2.286929,-0.097546,-2.921724,-0.447877,-3.501501,-0.882379,-3.951545,-1.40562,-4.247418,-2.023956,-4.349713,-2.693165,-4.179355,-3.260068,-3.757683,-3.684326,-2.989078,-3.990019,-1.885877,-4.180658,-0.60691,-4.186397,0.611257,-3.970078,1.62413,-3.493088,2.436231,-2.814275,3.144505,-2.029597,3.796309,-1.195358,4.322965,-0.337614,4.678869,0.469112,4.826558,1.12727,4.730443,1.584498,4.395267,1.837214,3.841275,1.90332,3.116177,1.788958,2.280095,1.538457,1.397782,1.308749,0.529358,1.242397,-0.255729,1.335366,-0.986431,1.547317,-1.698793,1.883999,-2.417677,2.312244,-3.178081,2.782961,-3.931481,3.197718,-4.607383,3.423684,-5.132064,3.384989,-5.38992,3.116293,-5.299125,2.748634,-4.822633,2.343379,-4.014136,1.949504,-2.921007,1.629423,-1.589433,1.361611,-0.162993,1.144268,1.197717,1.00664,2.373881,0.994573,3.329517,1.068052,4.106564,1.141227,4.729723,1.186304,5.223145,1.180694,5.555225,1.114493,5.655957,1.025039,5.445338,0.882327,4.897027,0.572621,4.096167,0.109916,3.19983,-0.4066,2.342296,-0.852807,1.57805,-1.163233,0.917893,-1.356154,0.336075,-1.502944,-0.216382,-1.642898,-0.803154,-1.745798,-1.443625,-1.810459,-2.099995,-1.809032,-2.755185,-1.735571,-3.382057,-1.662129,-3.929249,-1.608026,-4.349428,-1.513021,-4.549743,-1.352596,-4.457699,-1.163715,-4.042796,-0.958362,-3.326801,-0.743864,-2.409967,-0.52626,-1.45935,-0.341156,-0.62621,-0.204071,0.028234,-0.096914,0.475897,-0.017388,0.726895,0.030289,0.818017,0.060564,0.799528,0.100356,0.722101,0.139381,0.619533,0.162664,0.502645,0.161118,0.379116,0.13561,0.25045,0.090965,0.130319,0.049205,0.041929,0.017334,-0.00956,-0.013648,-0.044641,-0.05279,-0.075248,-0.081965,-0.099271,-0.096451,-0.1109,-0.096709,-0.099305
4,0.214927,0.510951,0.277236,0.572155,0.346714,0.598461,0.41609,0.57407,0.486362,0.489503,0.529957,0.358353,0.536885,0.135952,0.493567,-0.217493,0.383268,-0.760004,0.24193,-1.343965,0.025026,-1.978776,-0.242095,-2.604336,-0.595596,-3.136376,-1.118475,-3.495282,-1.783338,-3.630175,-2.478704,-3.562301,-3.095075,-3.303672,-3.589153,-2.838126,-3.945915,-2.105674,-4.152112,-1.165583,-4.170295,-0.19959,-3.974588,0.689961,-3.57339,1.458903,-3.064291,2.058679,-2.528807,2.480311,-2.002723,2.756346,-1.439851,2.945742,-0.83301,3.062315,-0.201712,3.155807,0.394903,3.265092,0.918552,3.328169,1.348834,3.28708,1.682218,3.089745,1.923939,2.765293,2.089125,2.340724,2.205255,1.827822,2.273466,1.22444,2.29396,0.520202,2.249805,-0.268745,2.143144,-1.084543,2.01085,-1.884605,1.900117,-2.66087,1.8749,-3.414649,1.989985,-4.133615,2.196797,-4.75523,2.427611,-5.148787,2.633763,-5.194067,2.651971,-4.830334,2.477535,-4.096704,2.195505,-3.06918,1.944875,-1.854146,1.769396,-0.587278,1.614939,0.63231,1.44993,1.755501,1.293474,2.75014,1.197941,3.57971,1.179697,4.212255,1.198854,4.638551,1.214869,4.860979,1.16593,4.889826,1.019776,4.740598,0.818934,4.442572,0.595755,3.989725,0.32946,3.394997,0.055778,2.713931,-0.217349,1.994146,-0.513713,1.272273,-0.800484,0.590484,-1.063176,-0.013263,-1.316346,-0.570036,-1.556188,-1.106844,-1.774832,-1.622456,-1.976605,-2.117599,-2.169505,-2.59836,-2.354061,-3.063366,-2.526552,-3.488505,-2.60639,-3.832353,-2.554827,-4.020903,-2.340246,-4.013093,-2.018505,-3.694121,-1.624493,-3.04824,-1.19491,-2.171839,-0.77958,-1.185395,-0.406269,-0.231725,-0.120627,0.510208,0.046882,0.938871,0.129887,1.058842,0.204192,0.969153,0.279297,0.770885,0.325353,0.587993,0.328216,0.473847,0.293037,0.427888,0.247082,0.407688,0.209474,0.382059,0.183229,0.332941,0.157316,0.250836,0.138767,0.152384,0.131458,0.059621,0.131771,0.006631,0.128092,-0.012181
4,0.107305,-0.003444,0.142179,-0.092829,0.165719,-0.190994,0.157556,-0.351785,0.103277,-0.63785,0.015542,-1.096556,-0.096055,-1.605682,-0.243955,-2.117866,-0.450529,-2.620701,-0.759401,-3.037862,-1.182658,-3.257814,-1.663382,-3.255433,-2.172094,-3.034297,-2.677667,-2.562518,-3.130663,-1.804209,-3.490857,-0.861376,-3.666925,0.109471,-3.611294,0.995895,-3.352669,1.764914,-2.958512,2.404144,-2.511725,2.924217,-2.048627,3.328939,-1.598068,3.679264,-1.165589,3.954777,-0.730593,4.121362,-0.243058,4.17674,0.318954,4.115237,0.925816,3.885361,1.496578,3.451249,1.954062,2.847819,2.262843,2.159923,2.436974,1.45794,2.477305,0.787375,2.412396,0.146787,2.282393,-0.485349,2.123981,-1.122245,1.987365,-1.742151,1.938906,-2.356166,1.983563,-2.989814,2.070937,-3.629344,2.21781,-4.223254,2.313185,-4.651042,2.368746,-4.816825,2.341609,-4.676626,2.1784,-4.244614,1.874372,-3.63127,1.546961,-2.948237,1.369403,-2.207367,1.365035,-1.346909,1.480724,-0.341756,1.627355,0.760777,1.730785,1.826404,1.761524,2.728404,1.731615,3.430062,1.635932,3.926524,1.478499,4.236311,1.276626,4.374654,1.071062,4.342481,0.81448,4.140296,0.481295,3.80675,0.118992,3.399778,-0.2113,2.952574,-0.496086,2.46817,-0.726597,1.970042,-0.893221,1.502885,-1.005937,1.067328,-1.088608,0.623859,-1.180731,0.153526,-1.30865,-0.346462,-1.455029,-0.852184,-1.591982,-1.345325,-1.730555,-1.816755,-1.851096,-2.27467,-1.957268,-2.70333,-2.047242,-3.044459,-2.070837,-3.241455,-2.012095,-3.264115,-1.882464,-3.122334,-1.697623,-2.81649,-1.459727,-2.343724,-1.140936,-1.753114,-0.765896,-1.141471,-0.413522,-0.582283,-0.116401,-0.130022,0.099855,0.190708,0.213984,0.394176,0.237522,0.511046,0.197611,0.568654,0.143101,0.585623,0.110847,0.54815,0.110422,0.465785,0.13441,0.372767,0.177467,0.285189,0.223243,0.203727,0.252386,0.138332,0.256888,0.093708,0.24189,0.075869,0.209988,0.075789,0.163069,0.078452,0.113931,0.068674
4,0.122155,-0.278432,0.101038,-0.500877,0.02485,-0.87734,-0.045018,-1.349851,-0.103493,-1.949419,-0.226312,-2.559452,-0.495187,-3.094441,-0.927433,-3.487857,-1.501766,-3.695471,-2.172532,-3.695671,-2.867682,-3.470267,-3.494025,-2.965945,-3.98716,-2.146183,-4.294399,-1.07635,-4.38059,0.113889,-4.244299,1.283726,-3.868279,2.359541,-3.295846,3.223841,-2.620103,3.870082,-1.917089,4.377035,-1.25054,4.746282,-0.653157,4.95238,-0.131337,4.997915,0.318422,4.82843,0.706545,4.422505,1.061016,3.835331,1.368442,3.166704,1.618758,2.475545,1.813933,1.813635,1.961218,1.167319,2.045277,0.548899,2.079533,-0.055274,2.088497,-0.670769,2.09179,-1.295427,2.068832,-1.91483,2.025914,-2.554595,1.98483,-3.209557,1.95002,-3.812943,1.948028,-4.293996,1.965734,-4.617099,1.965727,-4.790273,1.943034,-4.817178,1.909478,-4.687197,1.90151,-4.387396,1.98887,-3.906576,2.164064,-3.198046,2.333626,-2.216219,2.429868,-1.005037,2.378306,0.412285,2.209296,1.784738,1.970992,3.079345,1.7769,4.037034,1.669016,4.660739,1.618644,4.999835,1.587065,5.124126,1.537845,5.075065,1.405846,4.879997,1.160455,4.581485,0.849883,4.190223,0.509645,3.711382,0.135762,3.161044,-0.224877,2.583882,-0.548009,2.014446,-0.874964,1.47596,-1.183896,0.964966,-1.411847,0.472159,-1.557033,-0.026812,-1.650095,-0.558729,-1.727967,-1.116096,-1.813946,-1.673356,-1.915491,-2.225849,-2.036945,-2.76261,-2.156582,-3.263736,-2.231334,-3.685849,-2.232467,-4.002061,-2.152114,-4.196911,-1.958866,-4.196564,-1.690533,-3.916995,-1.390443,-3.353777,-1.098095,-2.561806,-0.833453,-1.619078,-0.587,-0.68765,-0.357252,0.081549,-0.151075,0.600165,0.031509,0.872748,0.183797,0.955825,0.283462,0.918339,0.328793,0.828146,0.332609,0.721926,0.315192,0.608422,0.278653,0.485615,0.245696,0.363231,0.220366,0.2355,0.185678,0.116425,0.143153,0.020935,0.092236,-0.035908,0.036235,-0.057534,-0.02208,-0.062014,-0.071712,-0.053257,-0.090349,-0.045184
4,-0.035872,-0.24704,-0.037631,-0.39706,-0.035997,-0.623959,-0.05738,-0.919063,-0.125193,-1.260429,-0.250913,-1.631495,-0.450189,-1.981555,-0.721891,-2.252037,-1.061835,-2.379492,-1.474963,-2.312751,-1.946968,-2.042404,-2.431731,-1.534047,-2.853438,-0.811931,-3.144567,0.032682,-3.262118,0.900891,-3.183461,1.705364,-2.895734,2.397042,-2.461981,2.919461,-1.956433,3.315055,-1.439738,3.618114,-0.931049,3.787057,-0.446595,3.789148,0.029318,3.627968,0.516436,3.317472,1.020097,2.880954,1.498098,2.339988,1.878903,1.747259,2.144213,1.156309,2.290768,0.602096,2.34412,0.052634,2.336095,-0.501775,2.284398,-1.049077,2.209739,-1.574228,2.127381,-2.086619,2.049268,-2.625673,2.009609,-3.165058,2.005362,-3.659784,2.047938,-4.067761,2.011389,-4.25276,1.867727,-4.143829,1.659664,-3.758423,1.474778,-3.159717,1.409067,-2.391478,1.476718,-1.525603,1.582131,-0.629132,1.631711,0.252824,1.657452,1.068076,1.69796,1.796722,1.744743,2.427793,1.825297,2.957616,1.913741,3.390581,1.921565,3.698084,1.771487,3.844127,1.486086,3.836109,1.137874,3.704797,0.719166,3.471564,0.208413,3.173508,-0.346267,2.862207,-0.90083,2.553902,-1.404968,2.243757,-1.794343,1.917794,-2.000063,1.565298,-1.98469,1.197095,-1.829911,0.775087,-1.661827,0.271419,-1.529376,-0.299805,-1.421154,-0.902928,-1.348618,-1.482343,-1.291169,-2.041307,-1.231505,-2.60446,-1.180745,-3.142135,-1.132269,-3.607089,-1.074461,-3.956405,-0.993712,-4.104624,-0.92287,-4.004598,-0.894339,-3.658291,-0.934225,-3.093176,-0.986003,-2.324058,-0.985423,-1.452897,-0.890299,-0.640653,-0.701414,0.001346,-0.447187,0.437749,-0.178645,0.706818,0.055286,0.865355,0.211632,0.950472,0.286837,0.975033,0.304788,0.952488,0.287052,0.879959,0.257614,0.752253,0.223108,0.573533,0.178742,0.367489,0.116705,0.162963,0.056639,-0.003286,0.011421,-0.105728,-0.021512,-0.150848,-0.044421,-0.158437,-0.059494,-0.150684,-0.065173,-0.143964,-0.058199,-0.134726,-0.044936,-0.115099
4,0.106205,0.075296,0.1026,0.037679,0.085722,-0.009022,0.061775,-0.055743,0.036626,-0.109157,0.023971,-0.174395,0.038487,-0.271611,0.088981,-0.438248,0.156959,-0.717455,0.208127,-1.134455,0.211969,-1.634089,0.100871,-2.149687,-0.180958,-2.590758,-0.623909,-2.87083,-1.187064,-2.937861,-1.783842,-2.772415,-2.301164,-2.397874,-2.682439,-1.838375,-2.88702,-1.11718,-2.921006,-0.275552,-2.807173,0.615278,-2.609254,1.459627,-2.323301,2.194468,-1.919919,2.810992,-1.406202,3.322748,-0.897199,3.765332,-0.454298,4.103683,-0.022796,4.253128,0.435488,4.177778,0.892885,3.877055,1.30084,3.383838,1.626093,2.742956,1.850269,2.026203,1.993201,1.279965,2.078016,0.535147,2.105866,-0.212743,2.073978,-0.971111,1.989797,-1.697826,1.854497,-2.400811,1.698746,-3.090642,1.511257,-3.717157,1.305354,-4.218792,1.099809,-4.611431,0.951473,-4.77029,0.784132,-4.642459,0.70485,-4.186267,0.780621,-3.38493,1.07302,-2.327457,1.568226,-1.165329,2.06666,0.008419,2.391127,1.14478,2.499228,2.179649,2.441739,3.043869,2.28422,3.70579,2.042719,4.186074,1.748979,4.488991,1.423834,4.583725,1.065171,4.416417,0.685214,3.962071,0.239063,3.297196,-0.253192,2.592196,-0.725896,1.963181,-1.116619,1.476384,-1.40925,1.126136,-1.635202,0.858835,-1.82235,0.599925,-2.001321,0.276095,-2.198226,-0.180772,-2.380705,-0.753676,-2.489631,-1.404209,-2.500712,-2.099931,-2.409546,-2.797182,-2.173574,-3.406669,-1.732888,-3.881912,-1.167135,-4.122681,-0.675224,-4.02206,-0.321521,-3.603277,-0.115716,-2.981467,-0.086484,-2.277054,-0.20488,-1.526472,-0.371626,-0.785988,-0.473365,-0.122752,-0.460905,0.398042,-0.376084,0.762626,-0.247339,0.976695,-0.107347,1.059677,0.026605,1.043571,0.135881,0.955611,0.211744,0.809767,0.248562,0.613841,0.240573,0.389908,0.199958,0.166873,0.131508,-0.016627,0.036819,-0.142682,-0.069662,-0.203657,-0.16844,-0.206015,-0.23736,-0.169807,-0.263798,-0.119348,-0.25297,-0.080566,-0.215003,-0.068846
4,0.591448,-0.320984,0.588316,-0.702386,0.532212,-1.091021,0.464943,-1.477512,0.370079,-1.84113,0.232357,-2.159688,0.035776,-2.431348,-0.232005,-2.624205,-0.572146,-2.68668,-1.014625,-2.587419,-1.557092,-2.286194,-2.096941,-1.768169,-2.525892,-1.062907,-2.753354,-0.232004,-2.803973,0.641387,-2.774723,1.438111,-2.74325,2.083093,-2.689789,2.586991,-2.576736,2.977771,-2.37378,3.269025,-2.114252,3.470135,-1.777347,3.553554,-1.274473,3.479889,-0.612897,3.272888,0.131034,2.955664,0.9019,2.569041,1.619421,2.123423,2.224055,1.64834,2.657376,1.144473,2.893495,0.604208,2.930544,0.036678,2.800693,-0.555872,2.530946,-1.105049,2.208378,-1.538703,1.895913,-1.904835,1.610855,-2.275076,1.337945,-2.657242,1.077574,-3.028416,0.826337,-3.357418,0.534317,-3.626728,0.256977,-3.945646,-0.013978,-4.105515,-0.1251,-4.044188,-0.021352,-3.775975,0.342804,-3.303084,0.922616,-2.657025,1.623848,-1.851762,2.303781,-0.901985,2.863456,0.094981,3.189872,1.033342,3.251124,1.861419,3.107842,2.530913,2.797042,3.020832,2.374224,3.335423,1.902895,3.464104,1.400319,3.371856,0.917093,3.104747,0.490763,2.778291,0.111553,2.501636,-0.262775,2.303507,-0.665631,2.134721,-1.040672,1.938024,-1.328821,1.69917,-1.528199,1.430166,-1.66401,1.135432,-1.782962,0.808862,-1.917039,0.434899,-2.064369,0.003942,-2.170491,-0.489249,-2.127914,-1.036335,-1.882818,-1.594978,-1.498596,-2.118341,-1.097038,-2.594346,-0.850002,-2.964838,-0.831914,-3.145252,-0.99371,-3.078988,-1.233699,-2.778169,-1.398867,-2.278071,-1.353109,-1.64288,-1.10292,-0.972606,-0.751877,-0.357785,-0.432006,0.117808,-0.205893,0.418909,-0.069854,0.56606,-0.019148,0.630437,-0.03652,0.676274,-0.076401,0.722774,-0.093519,0.740387,-0.074259,0.702349,-0.044594,0.600066,-0.027968,0.445105,-0.022921,0.268094,-0.017079,0.084447,-0.012758,-0.087844,-0.010558,-0.223562,-0.01764,-0.292587,-0.041967,-0.289686,-0.072239,-0.240047,-0.098529,-0.165942,-0.117364,-0.094723
4,0.087581,0.140112,0.118324,0.141563,0.1452,0.127751,0.169174,0.099185,0.183175,0.051035,0.187104,-0.008913,0.186645,-0.060224,0.18188,-0.095198,0.18311,-0.119826,0.184992,-0.129978,0.189244,-0.132169,0.199671,-0.137932,0.226574,-0.164744,0.28404,-0.23779,0.377658,-0.394447,0.506764,-0.674364,0.641756,-1.041221,0.715606,-1.447557,0.64155,-1.829179,0.382136,-2.128761,-0.032505,-2.317776,-0.560702,-2.37596,-1.127032,-2.30064,-1.65867,-2.070661,-2.130756,-1.62784,-2.538125,-0.938504,-2.901493,-0.073224,-3.229703,0.829737,-3.464028,1.650223,-3.547171,2.315401,-3.463235,2.85774,-3.21087,3.287902,-2.82015,3.598157,-2.322823,3.827053,-1.729185,4.000301,-1.016334,4.083553,-0.208135,3.982644,0.625661,3.679674,1.406617,3.216785,2.07138,2.658381,2.578977,2.034357,2.903902,1.366828,3.040507,0.681605,2.999817,-0.014848,2.80794,-0.730299,2.500192,-1.391073,2.181013,-1.938713,1.958487,-2.411538,1.835791,-2.879677,1.756385,-3.353216,1.699421,-3.803868,1.5881,-4.127725,1.36687,-4.208093,1.105734,-4.032441,1.072771,-3.633852,1.231768,-2.890655,1.668303,-1.907959,2.257252,-0.872314,2.78328,0.135169,3.112013,1.066598,3.2147,1.91724,3.102583,2.657098,2.788172,3.264051,2.275111,3.786111,1.65386,4.237186,1.072875,4.541215,0.574391,4.631348,0.095683,4.508865,-0.427792,4.174254,-0.959654,3.643998,-1.451885,2.963657,-1.875626,2.192551,-2.187578,1.438147,-2.329895,0.792149,-2.316237,0.240734,-2.185395,-0.30095,-1.966567,-0.884642,-1.674862,-1.475263,-1.363454,-2.038518,-1.07306,-2.560039,-0.832,-3.010251,-0.66547,-3.378677,-0.597995,-3.654076,-0.643506,-3.805278,-0.763613,-3.766734,-0.888034,-3.476414,-0.968724,-2.93208,-0.980836,-2.187726,-0.881401,-1.367492,-0.684236,-0.615726,-0.447871,-0.060776,-0.225466,0.259481,-0.050376,0.399028,0.075016,0.435217,0.142316,0.426676,0.167028,0.407901,0.163942,0.389953,0.148589,0.349725,0.117701,0.267722,0.07258,0.141241
4,0.124468,-0.458272,0.127531,-0.789695,0.075134,-1.132485,-0.046988,-1.499675,-0.233756,-1.86878,-0.470059,-2.188481,-0.759832,-2.427806,-1.113475,-2.619114,-1.521116,-2.757152,-1.94162,-2.781443,-2.312677,-2.613093,-2.601706,-2.204265,-2.834811,-1.526827,-3.053983,-0.667424,-3.226671,0.184708,-3.264335,0.931495,-3.095233,1.606522,-2.714017,2.243581,-2.142854,2.864556,-1.429338,3.464159,-0.63611,3.9835,0.15814,4.349904,0.873738,4.503227,1.486273,4.443717,1.969716,4.203751,2.326438,3.814874,2.528351,3.249227,2.543887,2.511679,2.394257,1.687069,2.132024,0.871591,1.800905,0.104759,1.470045,-0.589836,1.222014,-1.228596,1.068071,-1.876049,0.983241,-2.544898,1.00787,-3.21542,1.147556,-3.876545,1.335925,-4.44886,1.541508,-4.857408,1.71504,-5.050727,1.79686,-4.966989,1.790203,-4.527081,1.723857,-3.761398,1.627754,-2.821552,1.567453,-1.885544,1.595754,-1.02858,1.670403,-0.214066,1.684404,0.629663,1.567616,1.506351,1.335754,2.35545,1.096477,3.101014,0.928975,3.684649,0.819271,4.110176,0.726072,4.368528,0.642578,4.442811,0.53044,4.356989,0.342763,4.152155,0.089169,3.863639,-0.167231,3.508845,-0.387383,3.102695,-0.578495,2.645117,-0.737948,2.131244,-0.846318,1.573245,-0.893913,1.008311,-0.89721,0.467968,-0.909478,-0.031338,-0.959937,-0.511656,-1.043379,-1.019291,-1.14059,-1.518829,-1.253588,-1.976168,-1.361104,-2.394499,-1.398196,-2.737131,-1.336216,-2.965238,-1.237489,-3.100356,-1.174226,-3.16469,-1.162682,-3.15001,-1.173159,-3.033382,-1.178624,-2.809149,-1.147774,-2.435825,-1.013099,-1.910681,-0.76045,-1.287072,-0.431175,-0.641754,-0.10506,-0.076317,0.140011,0.344999,0.271875,0.587797,0.301808,0.689232,0.279834,0.694206,0.24403,0.647089,0.211697,0.582429,0.194757,0.521594,0.182045,0.462519,0.15329,0.394227,0.112397,0.294554,0.059403,0.163484,-0.00216,0.02949,-0.048475,-0.087404,-0.069806,-0.169173,-0.067106,-0.208732,-0.05326,-0.209791,-0.030268,-0.190306
4,0.244665,-1.006552,0.066015,-1.323481,-0.18994,-1.64467,-0.510135,-1.998426,-0.893532,-2.384081,-1.308639,-2.752716,-1.740614,-3.052011,-2.195785,-3.1859,-2.618166,-3.029183,-2.916703,-2.529968,-3.069737,-1.757915,-3.09647,-0.821154,-2.97954,0.185726,-2.718591,1.147314,-2.354742,1.980772,-1.947462,2.679549,-1.52216,3.279228,-1.097168,3.815125,-0.712146,4.253142,-0.35021,4.560994,-0.002158,4.692935,0.346576,4.641549,0.711726,4.39891,1.075761,3.971008,1.412479,3.401227,1.673955,2.76851,1.826347,2.142171,1.880958,1.542318,1.855284,0.962853,1.773495,0.385926,1.665783,-0.193952,1.535241,-0.807057,1.411351,-1.437505,1.327034,-2.040386,1.287845,-2.583683,1.306779,-3.053857,1.392091,-3.456037,1.512546,-3.797505,1.628012,-4.086418,1.75624,-4.318205,1.898624,-4.428593,2.021262,-4.320934,2.119902,-3.932365,2.147878,-3.262058,2.090961,-2.399194,2.004341,-1.515549,1.907408,-0.681197,1.790242,0.068934,1.627749,0.778145,1.413221,1.461217,1.193021,2.097769,1.01603,2.673077,0.890125,3.151725,0.783794,3.540405,0.673778,3.840532,0.523372,4.042261,0.322042,4.091006,0.094706,3.953837,-0.13474,3.626647,-0.34978,3.164263,-0.517874,2.634159,-0.644603,2.099434,-0.735074,1.605711,-0.779051,1.145935,-0.783654,0.727888,-0.79256,0.32483,-0.832916,-0.10942,-0.906372,-0.59496,-1.012984,-1.094502,-1.133885,-1.584754,-1.260875,-2.086901,-1.400639,-2.603182,-1.551055,-3.101863,-1.688926,-3.501036,-1.751831,-3.693557,-1.672316,-3.59172,-1.423298,-3.211904,-1.082685,-2.630476,-0.727705,-1.932059,-0.40664,-1.228477,-0.165949,-0.629422,-0.029346,-0.195434,0.021473,0.083512,0.034093,0.253068,0.033565,0.374763,0.029076,0.48632,0.042517,0.581792,0.08755,0.63572,0.150982,0.628094,0.212927,0.557498,0.25388,0.44357,0.248709,0.308956,0.192805,0.176455,0.120164,0.055634,0.05373,-0.038957,-0.007804,-0.103653,-0.038758,-0.136377,-0.022192,-0.127739,0.018834,-0.088445,0.039174,-0.042262
4,0.049828,-0.46046,0.024439,-0.703454,-0.008655,-1.092332,-0.072375,-1.596874,-0.162739,-2.146732,-0.304775,-2.625173,-0.512148,-2.967035,-0.781694,-3.122283,-1.091185,-3.103929,-1.436531,-2.936915,-1.838981,-2.589878,-2.276863,-1.993511,-2.692902,-1.246142,-3.022017,-0.492368,-3.21208,0.203853,-3.280902,0.862435,-3.238868,1.484517,-3.008012,1.999117,-2.537609,2.396194,-1.887151,2.720361,-1.17013,3.014415,-0.465671,3.285471,0.150658,3.507448,0.61807,3.624879,0.934091,3.60123,1.131042,3.417151,1.253289,3.107668,1.337256,2.726604,1.406927,2.321903,1.487173,1.942388,1.572152,1.635071,1.629375,1.376291,1.655714,1.100748,1.642225,0.753755,1.601573,0.364176,1.523034,-0.041279,1.417769,-0.468908,1.286467,-0.92097,1.141008,-1.393042,1.011711,-1.888047,0.928568,-2.422694,0.914752,-2.991096,0.979535,-3.56429,1.110573,-4.091895,1.279854,-4.481638,1.468878,-4.633189,1.645283,-4.49257,1.767051,-4.104993,1.854394,-3.54495,1.936185,-2.859962,1.999768,-2.060496,2.024778,-1.177539,1.997699,-0.28802,1.892562,0.599433,1.741118,1.496667,1.585263,2.387589,1.451776,3.171156,1.310885,3.757491,1.144465,4.145286,0.972355,4.324224,0.817237,4.266929,0.666728,3.982968,0.516062,3.530019,0.340242,3.015368,0.081637,2.513776,-0.248008,2.071807,-0.61386,1.669311,-0.94643,1.286536,-1.159439,0.9428,-1.246793,0.644301,-1.238636,0.383519,-1.18708,0.131299,-1.151174,-0.140289,-1.151901,-0.420103,-1.208263,-0.679812,-1.301562,-0.917512,-1.396781,-1.134717,-1.447908,-1.342439,-1.444506,-1.54242,-1.347855,-1.710213,-1.157355,-1.798293,-0.936262,-1.796834,-0.745467,-1.738422,-0.614709,-1.655269,-0.558948,-1.570028,-0.579902,-1.492865,-0.602841,-1.374979,-0.542589,-1.159996,-0.401795,-0.857104,-0.233191,-0.519426,-0.091709,-0.18865,-0.000878,0.08506,0.035475,0.272603,0.034154,0.37337,0.016267,0.403811,-0.006523,0.388739,-0.022189,0.342003,-0.014489,0.284552,0.007312,0.224896,0.03237,0.162847
4,0.059538,0.220803,0.074361,0.176108,0.096975,0.098764,0.133566,-0.018133,0.176404,-0.174424,0.216004,-0.349625,0.247419,-0.520344,0.259982,-0.726988,0.25225,-1.002418,0.217792,-1.345551,0.131895,-1.738522,-0.027875,-2.178088,-0.266796,-2.64678,-0.611826,-3.103218,-1.082265,-3.432031,-1.645447,-3.524401,-2.273584,-3.298148,-2.925239,-2.677021,-3.557949,-1.640918,-4.094314,-0.291761,-4.387809,1.115553,-4.313868,2.300896,-3.859092,3.118361,-3.082388,3.611465,-2.089271,3.862267,-1.011804,3.955351,0.00432,3.97916,0.841532,3.925581,1.453066,3.764303,1.824289,3.493653,1.982851,3.164261,1.988713,2.791336,1.904835,2.38292,1.7794,1.953551,1.621893,1.489247,1.41574,0.993175,1.165767,0.483689,0.9173,-0.008601,0.727843,-0.461518,0.636497,-0.859552,0.634392,-1.182864,0.671613,-1.427533,0.705982,-1.619351,0.731539,-1.78575,0.783325,-1.962664,0.870155,-2.176674,0.954215,-2.409256,1.00132,-2.643897,1.049997,-2.885201,1.169104,-3.116259,1.356902,-3.286599,1.533521,-3.317734,1.659436,-3.149298,1.760904,-2.770183,1.843741,-2.246561,1.868991,-1.621111,1.808777,-0.977695,1.680683,-0.431633,1.52455,-0.029988,1.386955,0.294929,1.270221,0.665751,1.144868,1.120266,1.013147,1.616445,0.891391,2.085088,0.792404,2.476623,0.699766,2.762851,0.601999,2.942182,0.456308,3.01931,0.252411,2.989744,-0.020959,2.867034,-0.32598,2.654522,-0.617545,2.312058,-0.8274,1.880412,-0.918784,1.3893,-0.89248,0.936807,-0.803661,0.58288,-0.71099,0.330292,-0.645706,0.156933,-0.623011,0.038035,-0.655935,-0.056169,-0.725963,-0.162497,-0.778093,-0.302872,-0.752125,-0.470902,-0.651339,-0.629804,-0.521865,-0.744688,-0.410006,-0.808491,-0.331597,-0.821376,-0.294706,-0.791747,-0.295505,-0.715675,-0.29633,-0.607304,-0.288948,-0.481091,-0.275541,-0.353567,-0.24626,-0.233693,-0.192035,-0.131428,-0.123473,-0.061679,-0.059436,-0.034891,-0.008195,-0.035975,0.028,-0.033617,0.050142,-0.015241,0.065198,0.022744
4,-0.051187,-0.117386,-0.083665,-0.288616,-0.09447,-0.479587,-0.071714,-0.721262,-0.017631,-1.029102,0.038992,-1.403743,0.060144,-1.851907,0.024589,-2.36741,-0.080055,-2.898619,-0.266692,-3.350781,-0.554113,-3.608578,-0.923825,-3.608326,-1.332128,-3.370817,-1.723962,-2.960321,-2.049254,-2.386448,-2.285808,-1.659259,-2.454334,-0.862844,-2.585612,-0.111001,-2.669801,0.56259,-2.675155,1.154532,-2.579186,1.684153,-2.348264,2.138057,-1.950332,2.495415,-1.414934,2.751975,-0.791223,2.929901,-0.127601,3.051636,0.519598,3.124452,1.094323,3.120725,1.540309,3.021369,1.826205,2.799434,1.969055,2.43502,2.015433,1.973722,2.011052,1.487111,1.989344,1.015319,1.920932,0.573765,1.78975,0.15497,1.588947,-0.278581,1.336522,-0.741065,1.073884,-1.220049,0.843903,-1.715587,0.679124,-2.269964,0.629587,-2.884905,0.721948,-3.493506,0.919259,-4.001925,1.172068,-4.294214,1.435167,-4.321477,1.655412,-4.110466,1.808862,-3.68344,1.903999,-3.093975,1.939582,-2.411684,1.915786,-1.675097,1.86479,-0.8784,1.779455,0.029773,1.696064,0.964157,1.55257,1.934646,1.374449,2.826784,1.191647,3.500016,1.000327,3.885344,0.798139,4.020097,0.597356,3.955318,0.393034,3.748954,0.132845,3.457658,-0.195863,3.130365,-0.534405,2.760738,-0.800638,2.331002,-0.950267,1.856232,-0.979751,1.376347,-0.936849,0.947628,-0.862589,0.594618,-0.792827,0.306801,-0.766739,0.049371,-0.804819,-0.176013,-0.900115,-0.349471,-1.029558,-0.475342,-1.135762,-0.571637,-1.177605,-0.659029,-1.133581,-0.759849,-1.000627,-0.879332,-0.816336,-1.003015,-0.627626,-1.113933,-0.474332,-1.178549,-0.371047,-1.182619,-0.334829,-1.134445,-0.364519,-1.06042,-0.435305,-1.002633,-0.506891,-0.981083,-0.545767,-0.957747,-0.535105,-0.881834,-0.474565,-0.728315,-0.375636,-0.517913,-0.258887,-0.309241,-0.149389,-0.145714,-0.069881,-0.049396,-0.028421,-0.010998,-0.020218,-0.007066,-0.028415,-0.01392,-0.039037,-0.008,-0.042326,0.016076,-0.038141,0.047754,-0.03168,0.080198
4,-0.013729,-2.179686,-0.222344,-2.558619,-0.478723,-2.881556,-0.812359,-3.114923,-1.24658,-3.212186,-1.75774,-3.1373,-2.283284,-2.862927,-2.799647,-2.374113,-3.291864,-1.692459,-3.707446,-0.88729,-3.929894,-0.086044,-3.876531,0.596873,-3.548389,1.165544,-3.000913,1.690714,-2.276281,2.277003,-1.441082,2.905803,-0.601935,3.493726,0.158413,3.938549,0.792168,4.18308,1.281447,4.228505,1.607356,4.091344,1.802737,3.815251,1.912611,3.45282,1.957512,3.034915,1.948926,2.572325,1.906049,2.076225,1.849608,1.578892,1.782506,1.099064,1.694238,0.640967,1.598424,0.209857,1.48332,-0.211956,1.343124,-0.663233,1.188413,-1.152229,1.036784,-1.660225,0.893655,-2.172641,0.774197,-2.711629,0.695698,-3.2858,0.66515,-3.83942,0.680424,-4.276288,0.755573,-4.513637,0.912919,-4.517275,1.159957,-4.309199,1.449304,-3.920965,1.730666,-3.305906,1.978502,-2.400997,2.157432,-1.278659,2.22787,-0.176322,2.190332,0.737569,2.056729,1.441855,1.84153,2.007798,1.633459,2.449582,1.476451,2.777355,1.336129,3.028803,1.167998,3.216441,0.982994,3.320538,0.793316,3.319608,0.593765,3.214428,0.372607,3.041736,0.097387,2.810496,-0.239861,2.522543,-0.59874,2.234212,-0.931478,1.975045,-1.210797,1.727314,-1.409407,1.481265,-1.512685,1.207361,-1.523878,0.888804,-1.452206,0.537651,-1.309969,0.191273,-1.136632,-0.116626,-0.971233,-0.364249,-0.830796,-0.530986,-0.723871,-0.622564,-0.652579,-0.647769,-0.616544,-0.647702,-0.589004,-0.666175,-0.545658,-0.748294,-0.479211,-0.878907,-0.408414,-1.015646,-0.361207,-1.110763,-0.33867,-1.14765,-0.330432,-1.141157,-0.327996,-1.11751,-0.335975,-1.090742,-0.348378,-1.068137,-0.347924,-1.049471,-0.313954,-1.020893,-0.253588,-0.975077,-0.19342,-0.902685,-0.15522,-0.769304,-0.138943,-0.586818,-0.134491,-0.403714,-0.142819,-0.257006,-0.160839,-0.158652,-0.179459,-0.119826,-0.163075,-0.12033,-0.113869,-0.128068,-0.043307,-0.10045,0.02926,-0.032647,0.074479,0.054433,0.081544,0.137524
4,0.243294,-0.265318,0.288339,-0.886385,0.302682,-1.511671,0.242565,-2.143912,0.093001,-2.60648,-0.117639,-2.867766,-0.348037,-2.99078,-0.621596,-3.000213,-0.960387,-2.922928,-1.36995,-2.770276,-1.779691,-2.53443,-2.141082,-2.127148,-2.497037,-1.412536,-2.880187,-0.404246,-3.232281,0.614537,-3.460551,1.449664,-3.522463,2.103546,-3.38921,2.664185,-3.062891,3.169124,-2.565603,3.613795,-1.957184,3.94286,-1.301401,4.100761,-0.617425,4.108962,0.067883,3.984803,0.726478,3.770148,1.313473,3.483605,1.778724,3.13099,2.066875,2.703069,2.186891,2.227784,2.181656,1.707098,2.100094,1.204643,1.977616,0.709052,1.828389,0.251392,1.652093,-0.15734,1.479891,-0.542933,1.330468,-0.931353,1.203993,-1.329046,1.087807,-1.744061,0.967409,-2.172301,0.838464,-2.608526,0.714036,-3.056246,0.642407,-3.515378,0.68224,-3.973551,0.869082,-4.346931,1.205735,-4.527744,1.573612,-4.452219,1.885301,-4.097872,2.105545,-3.469666,2.217431,-2.589454,2.224358,-1.589641,2.123166,-0.61999,1.936493,0.224812,1.715221,0.928687,1.477312,1.553161,1.234729,2.123573,1.03228,2.6222,0.886807,3.021806,0.802497,3.314482,0.749356,3.504063,0.670005,3.601268,0.508293,3.616795,0.261559,3.548594,-0.023453,3.387041,-0.317907,3.12851,-0.613775,2.789612,-0.860619,2.410168,-1.02259,2.020191,-1.095742,1.625727,-1.102094,1.252672,-1.06477,0.917639,-1.011912,0.611959,-0.975934,0.296772,-0.955855,-0.051645,-0.926581,-0.403848,-0.883015,-0.730667,-0.830004,-1.027602,-0.76974,-1.291384,-0.694768,-1.520382,-0.609303,-1.701007,-0.543646,-1.817995,-0.51409,-1.885041,-0.52376,-1.944566,-0.561592,-2.015168,-0.595757,-2.057851,-0.592536,-2.012618,-0.532037,-1.843905,-0.421657,-1.578937,-0.298704,-1.279352,-0.203902,-0.968746,-0.146725,-0.661234,-0.124726,-0.404518,-0.130608,-0.224217,-0.136572,-0.104405,-0.132327,-0.008191,-0.111796,0.086835,-0.090339,0.185273,-0.079652,0.266745,-0.07134,0.305591,-0.055086,0.29608,-0.017503,0.255417
4,0.196686,0.169145,0.177492,0.169867,0.141881,0.16404,0.101612,0.153712,0.07021,0.139578,0.05275,0.14151,0.044823,0.154862,0.033185,0.172101,0.025342,0.193039,0.015736,0.206008,0.006023,0.211256,-0.008827,0.207128,-0.031088,0.184795,-0.047981,0.145769,-0.054169,0.08644,-0.049671,0.01602,-0.036202,-0.068068,-0.021563,-0.174297,0.002579,-0.318774,0.042098,-0.471475,0.081931,-0.610834,0.10039,-0.739062,0.078995,-0.873505,0.006649,-1.096626,-0.100992,-1.433037,-0.200901,-1.890379,-0.301482,-2.351055,-0.466576,-2.750727,-0.780206,-3.01853,-1.299521,-3.073293,-1.970317,-2.869447,-2.622265,-2.402007,-3.126702,-1.652393,-3.413847,-0.677926,-3.487842,0.378643,-3.396051,1.374949,-3.162849,2.267483,-2.854726,3.006426,-2.369534,3.565554,-1.722359,3.933619,-0.993617,4.132351,-0.282065,4.176217,0.373106,4.096535,0.966637,3.932167,1.480367,3.706952,1.893627,3.403722,2.164915,2.994313,2.311152,2.455809,2.349124,1.809268,2.299628,1.112359,2.141272,0.31629,1.932002,-0.563799,1.749825,-1.467389,1.600621,-2.311323,1.486419,-3.072912,1.405114,-3.776344,1.352804,-4.421193,1.325588,-4.932041,1.305003,-5.24446,1.234592,-5.245351,1.13068,-4.87048,1.111504,-4.11694,1.24305,-3.044983,1.559509,-1.789293,2.018792,-0.558952,2.455538,0.508404,2.703758,1.430751,2.737383,2.265274,2.596012,2.963404,2.324633,3.494644,1.954735,3.835442,1.52296,3.994907,1.085627,3.985257,0.692893,3.809917,0.347028,3.491107,0.037808,3.099797,-0.236232,2.678898,-0.521611,2.22448,-0.782953,1.73778,-0.944799,1.198239,-0.978122,0.664169,-0.919014,0.225789,-0.826453,-0.079552,-0.721904,-0.284416,-0.624418,-0.409261,-0.545593,-0.474049,-0.513437,-0.495295,-0.507316,-0.50954,-0.473232,-0.525943,-0.384797,-0.514909,-0.273768,-0.471338,-0.179116,-0.388333,-0.119707,-0.272071,-0.08269,-0.137247,-0.068433,-0.010487,-0.081718,0.070222,-0.113081,0.086892,-0.126964,0.051027,-0.10322,0.004486,-0.05158,-0.031943
4,0.453433,0.46311,0.498776,0.437232,0.457379,0.369985,0.361598,0.254873,0.239114,0.09776,0.127916,-0.085203,0.054979,-0.279774,0.043018,-0.480087,0.077158,-0.688945,0.124237,-0.908874,0.171416,-1.148437,0.22307,-1.5333,0.21525,-2.101554,0.08503,-2.827737,-0.203374,-3.616611,-0.64709,-4.327649,-1.205893,-4.838089,-1.829865,-5.122072,-2.366203,-4.967041,-2.730275,-4.308406,-2.929164,-3.29423,-3.020633,-2.092656,-3.055956,-0.878243,-3.03822,0.212779,-2.957065,1.098305,-2.769516,1.825945,-2.464789,2.434732,-2.053122,2.944125,-1.580424,3.356297,-1.114726,3.655367,-0.670755,3.821073,-0.206613,3.859681,0.303931,3.758353,0.807439,3.519924,1.243508,3.145871,1.59463,2.616824,1.81578,1.993703,1.912783,1.352487,1.937145,0.738521,1.907536,0.109253,1.838484,-0.515965,1.743458,-1.166292,1.645609,-1.824229,1.605352,-2.495098,1.647351,-3.162856,1.717057,-3.752952,1.763738,-4.158824,1.782242,-4.275148,1.814546,-4.079443,1.907882,-3.625001,2.069135,-2.983991,2.278605,-2.24776,2.461543,-1.447093,2.539415,-0.505144,2.481956,0.555429,2.266306,1.637642,1.934004,2.609681,1.568791,3.351755,1.211796,3.874163,0.897137,4.217515,0.627688,4.354945,0.372308,4.277229,0.08276,4.051873,-0.255631,3.704355,-0.616984,3.190757,-0.948431,2.552194,-1.270201,1.868214,-1.548215,1.19496,-1.72543,0.58193,-1.789719,0.026286,-1.737989,-0.481333,-1.581741,-0.94103,-1.372545,-1.365772,-1.164485,-1.770289,-1.00666,-2.158147,-0.951238,-2.499377,-0.975779,-2.720838,-1.006068,-2.756298,-0.953639,-2.581881,-0.794098,-2.217144,-0.568706,-1.721359,-0.351262,-1.179901,-0.20099,-0.679173,-0.126408,-0.253564,-0.099923,0.105166,-0.083574,0.383856,-0.04764,0.54785,0.011062,0.617545,0.080835,0.618056,0.149112,0.569683,0.205786,0.488114,0.238429,0.39569,0.242954,0.315743,0.221638,0.245622,0.179333,0.175201,0.119922,0.097533,0.071906,0.019499,0.051419,-0.051156,0.057743,-0.114036,0.079778,-0.171263
4,-0.065245,0.127558,-0.089604,0.189238,-0.106029,0.223887,-0.11471,0.230978,-0.108838,0.225508,-0.081372,0.21439,-0.018575,0.207107,0.069103,0.207739,0.152695,0.20941,0.223774,0.191125,0.294774,0.117858,0.338494,-0.050624,0.297859,-0.357664,0.19379,-0.819827,0.071119,-1.440556,-0.076723,-2.196512,-0.275368,-2.998025,-0.582713,-3.727429,-1.083809,-4.244396,-1.775221,-4.406578,-2.376719,-4.230635,-2.886666,-3.75837,-3.236073,-3.059659,-3.270517,-2.121382,-3.065391,-0.955375,-2.768773,0.272378,-2.404179,1.347881,-2.001899,2.168867,-1.588146,2.739254,-1.136239,3.107019,-0.649585,3.310421,-0.13382,3.364839,0.408407,3.290314,0.930363,3.097,1.377339,2.809986,1.744531,2.449129,2.022727,2.020701,2.194404,1.517422,2.276823,0.945547,2.258547,0.288018,2.162789,-0.473982,2.023552,-1.319798,1.872013,-2.165823,1.752651,-3.004418,1.740838,-3.838597,1.832203,-4.571143,1.96851,-5.030977,2.01222,-5.071409,1.883255,-4.615697,1.668631,-3.733603,1.529804,-2.545602,1.532897,-1.21459,1.560347,0.072467,1.539613,1.234174,1.473539,2.203499,1.383903,2.914325,1.270222,3.347132,1.118584,3.54702,0.901498,3.597588,0.651399,3.549429,0.386972,3.386442,0.118701,3.109737,-0.157194,2.747669,-0.451966,2.32008,-0.767993,1.849434,-1.058944,1.354898,-1.275396,0.848725,-1.414175,0.311821,-1.505412,-0.262002,-1.569453,-0.863595,-1.586759,-1.461132,-1.555556,-2.031951,-1.501373,-2.531881,-1.488182,-2.89547,-1.496604,-3.057986,-1.437834,-2.958161,-1.276597,-2.610481,-1.064832,-2.090911,-0.854626,-1.482976,-0.681204,-0.86567,-0.530048,-0.302937,-0.373494,0.19289,-0.21184,0.584047,-0.057451,0.845926,0.074925,0.9957,0.190347,1.057194,0.279044,1.039114,0.347529,0.957001,0.391073,0.828893,0.407725,0.667541,0.384885,0.486607,0.333164,0.326424,0.26642,0.183991,0.193405,0.063121,0.129645,-0.044465,0.070091,-0.14817,0.021293,-0.244743,-0.005565,-0.313556,-0.033969,-0.352024,-0.069487,-0.366788
4,0.045247,0.14317,0.063295,0.15271,0.069077,0.146163,0.074813,0.131922,0.095987,0.121294,0.137951,0.118307,0.200393,0.124443,0.288142,0.126055,0.41517,0.093043,0.598588,0.045695,0.79237,0.009102,0.873046,-0.033753,0.845134,-0.164198,0.767907,-0.447524,0.652677,-0.873493,0.470801,-1.383503,0.237388,-1.929897,-0.042849,-2.463373,-0.325539,-2.911935,-0.587038,-3.214542,-0.86916,-3.310508,-1.244261,-3.203281,-1.72304,-3.000226,-1.962043,-1.426662,-2.429784,-1.655444,-2.638228,-1.115987,-2.417726,-0.587958,-2.179045,-0.125923,-2.283417,0.22515,-2.314567,0.540182,-2.208172,0.769208,-1.861029,1.063798,-1.411026,1.447267,-1.012781,1.868413,-0.679618,2.256357,-0.383785,2.570421,-0.084396,2.780082,0.224223,2.850867,0.570474,2.772225,0.966159,2.556756,1.412152,2.240444,1.881604,1.88906,2.281876,1.540975,2.514508,1.160028,2.530611,0.688277,2.382459,0.133246,2.127942,-0.49447,1.826145,-1.175299,1.489959,-1.940808,1.14686,-2.767707,0.839015,-3.528461,0.59801,-4.064796,0.609411,-4.381421,0.431464,-4.166441,0.230748,-3.823626,0.119586,-3.501799,0.140412,-3.087549,0.275067,-2.518254,0.48477,-1.75608,0.755798,-0.761858,1.063959,0.245443,1.358989,1.076486,1.656892,1.706625,1.903898,2.160414,2.065043,2.419206,2.116423,2.4754,1.970546,2.412045,1.647073,2.340288,1.26333,2.304379,0.887838,2.319766,0.563295,2.388616,0.315089,2.460362,0.106865,2.439844,-0.121325,2.257774,-0.358433,1.941886,-0.578086,1.529703,-0.776609,1.054079,-0.965675,0.538757,-1.186884,0.020795,-1.475345,-0.479189,-1.771382,-0.942692,-1.962758,-1.369943,-1.989445,-1.75859,-1.864108,-2.076309,-1.658127,-2.259519,-1.457328,-2.24963,-1.256163,-2.036865,-1.014063,-1.642201,-0.762013,-1.112822,-0.544196,-0.560932,-0.398908,-0.101351,-0.305228,0.22578,-0.217152,0.423092,-0.124246,0.498543,-0.045781,0.482917,0.023229,0.429109,0.094694,0.374938,0.153719,0.321886,0.18656,0.257917,0.195498,0.192899
4,0.079367,0.015723,0.069329,0.016696,0.056423,0.029475,0.041291,0.050274,0.028429,0.073566,0.017503,0.095984,0.013248,0.117726,0.032541,0.124228,0.092131,0.100903,0.181403,0.037324,0.288391,-0.064612,0.393596,-0.191209,0.462862,-0.3384,0.476392,-0.567052,0.442338,-0.90947,0.350136,-1.31971,0.162755,-1.776885,-0.204075,-2.261453,-2.804033,-2.702194,-2.709818,-1.734436,-2.441452,-0.601507,-2.024955,0.495237,-1.546765,1.458012,-1.165681,2.240604,-0.887264,2.868707,-0.568499,3.324913,-0.175718,3.632028,0.216315,3.81268,0.57702,3.860292,0.89766,3.7638,1.180661,3.536051,1.423244,3.167028,1.635892,2.659832,1.814561,2.072125,1.917906,1.440891,1.909379,0.761274,1.784918,0.067199,1.588758,-0.635414,1.356293,-1.328822,1.120302,-1.995149,0.952095,-2.61413,0.890648,-3.179167,0.943414,-3.662531,1.070507,-3.994438,1.195688,-4.108526,1.281638,-4.001688,1.354143,-3.735576,1.508445,-3.504061,1.5247,-3.242961,1.312086,-2.646847,1.032885,-1.589503,0.897186,-0.367004,0.988646,0.665641,1.174697,1.392599,1.3033,1.86972,1.332618,2.222969,1.356393,2.521892,1.375424,2.765033,1.363528,2.96226,1.29528,3.100441,1.161638,3.191267,0.924363,3.250345,0.608407,3.253545,0.260565,3.146744,-0.072345,2.897556,-0.373259,2.522422,-0.636409,2.055431,-0.834008,1.548265,-0.957271,1.01234,-1.031415,0.443172,-1.105285,-0.161636,-1.213859,-0.831106,-1.362856,-1.530697,-1.531511,-2.229774,-1.662573,-2.875791,-1.730903,-3.402046,-1.750289,-3.725218,-1.737952,-3.818679,-1.683636,-3.700939,-1.543222,-3.375903,-1.283394,-2.792967,-0.91744,-1.946806,-0.563282,-0.965505,-0.299511,-0.044478,-0.105281,0.670579,0.03609,1.084177,0.151608,1.225023,0.206626,1.145725,0.208451,0.932039,0.217802,0.66189,0.246256,0.393865,0.261528,0.166446,0.251329,0.000895,0.22968,-0.091987,0.196194,-0.117595,0.146878,-0.0752,0.084859,0.021807,0.012184,0.140598,-0.043317,0.243108,-0.062776,0.300029
4,-0.005502,-0.105558,-0.033227,-0.106684,-0.035661,-0.047797,-0.013284,-0.01928,0.02006,-0.000887,0.05262,0.005132,0.06988,-0.00547,0.07633,-0.028009,0.079171,-0.059546,0.084636,-0.083629,0.098904,-0.100619,0.125379,-0.116707,0.159994,-0.149357,0.194851,-0.210753,0.232142,-0.31369,0.265099,-0.472975,0.269441,-0.735696,0.170556,-1.281192,-0.061371,-2.197267,-0.341919,-3.10815,-0.728471,-4.006583,-1.129143,-4.694766,-1.498903,-5.221578,-1.854612,-5.551363,-2.224905,-5.51705,-2.618997,-5.045856,-2.949888,-4.155344,-3.073378,-2.886066,-2.923257,-1.336308,-2.496637,0.282658,-1.877542,1.695914,-1.184508,2.727258,1.556324,0.800105,1.121044,-0.091235,0.643971,-0.904347,0.180334,-1.629659,-0.485723,-2.113173,-0.597285,-2.89186,-0.734722,-3.583222,-0.73635,-4.254742,-0.581969,-4.926318,-0.283621,-5.534473,0.197725,-6.019585,0.82718,-6.272733,1.48073,-6.179333,2.071168,-5.722078,2.558559,-4.941621,2.895811,-3.845546,3.045757,-2.399614,2.998715,-0.713502,2.765023,1.016579,2.420793,2.551787,2.058909,3.705717,1.730126,4.431763,1.454799,4.785085,1.237855,4.895979,1.03855,4.8826,0.85006,4.804795,0.655593,4.655498,0.433181,4.445614,0.186742,4.193483,-0.060931,3.888761,-0.276501,3.517175,-0.486688,3.059553,-0.734249,2.488044,-1.022791,1.81962,-1.345068,1.080226,-1.665274,0.332348,-1.983637,-0.392328,-2.323385,-1.100405,-2.70817,-1.798728,-3.145752,-2.505825,-3.563048,-3.224037,-3.849374,-3.898826,-3.897078,-4.410699,-3.673245,-4.643167,-3.209791,-4.48047,-2.569627,-3.91245,-1.854974,-3.072354,-1.118266,-2.126469,-0.433228,-1.189785,0.135888,-0.34598,0.559436,0.361856,0.823896,0.897808,0.940341,1.245477,0.927975,1.388749,0.826411,1.338521,0.684522,1.1447,0.539337,0.866459,0.40729,0.566401,0.291303,0.30018,0.19404,0.084663,0.102081,-0.06861,0.018952,-0.161313,-0.051076,-0.204804,-0.102975,-0.195257,-0.142523,-0.152303,-0.176807,-0.091198,-0.189948,-0.036881,-0.172297,-0.003948
4,0.589234,0.632842,0.690911,0.561246,0.797597,0.440563,0.874805,0.248095,0.89998,-0.022531,0.845028,-0.410405,0.710861,-0.955534,0.442087,-1.746502,0.08896,-2.60909,-0.291021,-3.556203,-0.667461,-4.47864,-1.025109,-5.24944,-1.342512,-5.716187,-1.641689,-5.700433,-1.964138,-5.149378,-2.311936,-4.100647,-2.56909,-2.653923,-2.587167,-0.983105,-2.335469,0.690649,-1.883626,2.145536,-1.343053,3.235423,-0.791156,3.958835,-0.283348,4.397979,0.163751,4.626672,0.566942,4.673767,0.955466,4.534684,1.350982,4.233213,1.713014,3.830335,2.004331,3.409305,2.185708,3.03368,2.231594,2.71776,2.135317,2.399246,1.908387,2.004258,1.575965,1.498299,1.204761,0.859872,0.873765,0.113767,0.625923,-0.68537,0.479551,-1.48866,0.401655,-2.274513,0.368555,-2.994788,0.392103,-3.602272,0.50359,-4.138487,0.732484,-4.624874,1.0665,-5.01886,1.461894,-5.263236,1.867479,-5.250463,2.230567,-4.823556,2.505087,-3.891113,2.633832,-2.596539,2.568639,-1.135182,2.285935,0.34874,1.854224,1.727289,1.441738,2.866499,1.145521,3.69067,0.967559,4.206119,0.866391,4.495681,0.774664,4.655286,0.662118,4.720442,0.52684,4.671479,0.344704,4.502732,0.131175,4.199921,-0.095837,3.759597,-0.319154,3.182818,-0.55044,2.507833,-0.771906,1.769813,-0.956217,1.011039,-1.08596,0.260946,-1.166974,-0.450993,-1.235969,-1.127942,-1.335492,-1.766403,-1.487753,-2.371367,-1.714184,-2.95979,-2.033566,-3.549176,-2.38466,-4.107586,-2.648173,-4.5746,-2.732558,-4.787818,-2.58927,-4.600531,-2.270233,-4.010383,-1.840623,-3.150144,-1.36834,-2.213841,-0.935217,-1.334334,-0.592129,-0.504849,-0.372424,0.21192,-0.226359,0.754862,-0.087349,1.075038,0.059995,1.191244,0.18771,1.148907,0.269275,0.997648,0.289425,0.789927,0.263769,0.563283,0.211859,0.337495,0.148395,0.120811,0.076063,-0.069392,0.006548,-0.205721,-0.051604,-0.268922,-0.093115,-0.265395,-0.123172,-0.206137,-0.131822,-0.114314,-0.112484,-0.016534,-0.071493,0.068773
4,0.294068,-0.112485,0.340955,-0.221597,0.373289,-0.404673,0.352941,-0.782172,0.218147,-1.470137,-0.118108,-2.398878,-0.591104,-3.356745,-1.110669,-4.09958,-1.577307,-4.526731,-1.950882,-4.565871,-2.237209,-4.218122,-2.498732,-3.554877,-2.719927,-2.60946,-2.801481,-1.392496,-2.67853,-0.011422,-2.358107,1.394714,-1.867355,2.633309,-1.271467,3.511575,-0.672903,3.998971,-0.143823,4.183769,0.314761,4.202805,0.754942,4.170928,1.197687,4.137581,1.618708,4.086004,1.979646,3.966807,2.2311,3.750393,2.354184,3.434634,2.349162,3.011443,2.202399,2.4592,1.890196,1.789104,1.436196,1.028757,0.896052,0.219775,0.371067,-0.578488,-0.04769,-1.321723,-0.316392,-1.994779,-0.431919,-2.586054,-0.412304,-3.071498,-0.289579,-3.461916,-0.077709,-3.805039,0.210596,-4.151217,0.552381,-4.498469,0.905801,-4.808163,1.292168,-5.070065,1.769279,-5.261028,2.370961,-5.309173,3.051888,-5.055069,3.648391,-4.29501,3.922504,-2.955154,3.687469,-1.133054,2.953498,0.858057,1.934203,2.599378,0.954678,3.85527,0.287698,4.606017,0.014529,5.013227,-0.038583,5.180624,-0.025024,5.223978,-0.032002,5.248376,-0.090346,5.281051,-0.160154,5.259853,-0.164443,5.107136,-0.10181,4.763735,-0.012236,4.244928,0.049266,3.569114,0.047032,2.7918,-0.012382,1.989281,-0.130802,1.216386,-0.297794,0.501837,-0.495877,-0.161657,-0.741339,-0.81909,-1.017429,-1.51512,-1.2852,-2.255249,-1.52228,-3.008771,-1.749115,-3.740614,-2.000139,-4.391189,-2.314233,-4.92752,-2.69608,-5.275331,-3.077719,-5.337019,-3.353435,-5.043417,-3.417596,-4.396164,-3.167419,-3.444523,-2.618506,-2.328074,-1.89627,-1.242362,-1.150546,-0.334028,-0.483299,0.34383,0.03313,0.789001,0.3889,1.031207,0.582957,1.104966,0.645743,1.042013,0.621149,0.877527,0.534483,0.673566,0.410535,0.479188,0.259322,0.318822,0.102621,0.194607,-0.040892,0.100605,-0.149007,0.030343,-0.214847,-0.018557,-0.240634,-0.041193,-0.236018,-0.041672,-0.206241,-0.026515,-0.154832,-0.008184
4,0.808758,-2.586624,0.679506,-3.273942,0.44309,-3.938693,0.030243,-4.515521,-0.563335,-4.959679,-1.294021,-5.246767,-2.040465,-5.396095,-2.680691,-5.384597,-3.192019,-5.12149,-3.55431,-4.489898,-3.730788,-3.495942,-3.763839,-2.206701,-3.729616,-0.786057,-3.637321,0.612816,-3.437674,1.797258,-3.115783,2.667023,-2.671085,3.252557,-2.12583,3.627784,-1.493177,3.845798,-0.807216,3.938554,-0.132913,3.915565,0.503857,3.786587,1.078478,3.560806,1.568791,3.248013,1.951115,2.854311,2.215641,2.380663,2.377841,1.838194,2.467004,1.246662,2.50628,0.641733,2.485688,0.027729,2.384228,-0.615809,2.213255,-1.318621,2.064421,-2.050838,1.968663,-2.806239,1.91855,-3.569913,1.875647,-4.289769,1.828491,-4.896539,1.778304,-5.261287,1.703655,-5.289219,1.576348,-4.918774,1.447855,-4.153986,1.389532,-3.041313,1.385273,-1.695856,1.367382,-0.237674,1.293952,1.183536,1.199412,2.418633,1.153953,3.374483,1.178593,4.059574,1.233795,4.525734,1.282425,4.826689,1.325903,5.048573,0.388566,3.84358,0.611401,4.379827,0.83281,4.588537,0.951022,4.459405,0.98148,4.12795,0.971733,3.677615,0.872518,3.142282,0.672696,2.572432,0.383082,1.988038,0.031704,1.404282,-0.322148,0.817116,-0.600203,0.24208,-0.803468,-0.311831,-0.968114,-0.857418,-1.115949,-1.403216,-1.239834,-1.943421,-1.340906,-2.454395,-1.4411,-2.921872,-1.560367,-3.343542,-1.697454,-3.731124,-1.838977,-4.047409,-1.981208,-4.231927,-2.118797,-4.238868,-2.228348,-4.050972,-2.249024,-3.657973,-2.113311,-3.060283,-1.804624,-2.323855,-1.399319,-1.564173,-0.933371,-0.802127,-0.489733,-0.034205,-0.106712,0.634041,0.178452,1.135573,0.338411,1.408544,0.404678,1.461249,0.403907,1.355369,0.37207,1.169464,0.337268,0.955377,0.312535,0.755481,0.29125,0.579439,0.268129,0.432033,0.241325,0.288953,0.218822,0.163514,0.202579,0.068357,0.184451,0.009834,0.164332,-0.002623,0.137259,0.013721,0.104142,0.03055,0.061888,0.030921,0.027487,0.009392
4,0.176794,-1.319677,-0.001619,-1.95349,-0.315636,-2.701359,-0.817539,-3.361725,-1.434237,-3.780748,-2.098564,-3.919205,-2.750021,-3.78483,-3.258282,-3.368333,-3.537375,-2.619203,-3.55054,-1.503146,-3.358422,-0.154392,-3.041446,1.223983,-2.664956,2.464136,-2.24571,3.449667,-1.795277,4.149145,-1.309867,4.558541,-0.788715,4.722013,-0.261081,4.685831,0.221131,4.487708,0.624143,4.168198,0.935367,3.739362,1.142089,3.23015,1.275321,2.643581,1.373462,1.956282,1.461153,1.203895,1.528362,0.456718,1.567911,-0.235734,1.61639,-0.862075,1.676915,-1.440313,1.753171,-2.009968,1.827526,-2.622505,1.890363,-3.296359,1.913321,-3.969493,1.899638,-4.562214,1.863319,-5.005167,1.786003,-5.264165,1.678315,-5.303673,1.555677,-5.079508,1.511321,-4.549861,1.549487,-3.723918,1.585823,-2.604546,1.549474,-1.230495,1.426037,0.302103,1.231488,1.861543,1.037098,3.257533,0.946708,4.33077,0.979808,5.054941,1.099393,5.487422,1.21409,5.691172,1.244029,5.693734,1.20156,5.524028,1.123662,5.215654,1.017934,4.77698,0.892011,4.224565,0.733821,3.585103,0.557774,2.922523,0.393691,2.282869,0.2204,1.680565,0.015908,1.145479,-0.21758,0.677503,-0.443231,0.257118,-0.629227,-0.135138,-0.779603,-0.524701,-0.919851,-0.944164,-1.056724,-1.413952,-1.18206,-1.932931,-1.293084,-2.475058,-1.415457,-3.037713,-1.573397,-3.636442,-1.781274,-4.267865,-2.035724,-4.871716,-2.295985,-5.334718,-2.501523,-5.550113,-2.5544,-5.427262,-2.416762,-4.917591,-2.147538,-4.111429,-1.832699,-3.18242,-1.534606,-2.200683,-1.252553,-1.182427,-0.946011,-0.194455,-0.653242,0.705585,-0.392953,1.398966,-0.187297,1.827074,-0.045834,1.960612,0.071598,1.822059,0.183279,1.482469,0.248992,1.166852,0.270901,0.89867,0.260175,0.704615,0.228462,0.570414,0.199586,0.451902,0.194335,0.332908,0.212714,0.219559,0.233953,0.12233,0.252555,0.044526,0.264077,-0.005594,0.260481,-0.026537,0.22686,-0.021393,0.165983,-0.009952,0.101112,-0.006213
4,-0.192869,-2.433606,-0.485733,-2.919086,-0.902538,-3.276773,-1.451783,-3.441795,-2.118274,-3.373349,-2.829489,-3.050054,-3.471877,-2.516494,-3.912104,-1.855598,-4.104805,-1.055396,-4.063386,-0.127178,-3.829566,0.812433,-3.422148,1.617938,-2.90621,2.234015,-2.292769,2.7145,-1.594723,3.093344,-0.855345,3.377132,-0.114515,3.57351,0.584051,3.684891,1.187545,3.736922,1.649433,3.703756,1.952683,3.540287,2.131303,3.260894,2.228608,2.888709,2.285203,2.427404,2.288554,1.867079,2.214106,1.2332,2.085722,0.574892,1.929965,-0.050673,1.769459,-0.652861,1.631491,-1.264538,1.541126,-1.880651,1.510364,-2.509276,1.510889,-3.147742,1.53383,-3.741488,1.547573,-4.202569,1.570953,-4.438137,1.581607,-4.429844,1.559892,-4.165108,1.534128,-3.66442,1.536432,-2.992636,1.623752,-2.238843,1.769619,-1.445681,1.831877,-0.5534,1.759662,0.459646,1.603975,1.496948,1.438315,2.458171,1.330915,3.27122,1.31589,3.905297,1.385266,4.369304,1.463035,4.653972,1.445011,4.754679,1.324649,4.67992,1.112453,4.444472,0.863016,4.096996,0.604832,3.698656,0.366787,3.28085,0.165841,2.841523,-0.006241,2.386666,-0.162154,1.909875,-0.323517,1.407392,-0.489086,0.895988,-0.636536,0.387448,-0.771081,-0.118427,-0.917442,-0.634389,-1.084199,-1.157645,-1.255523,-1.664377,-1.402987,-2.126974,-1.495227,-2.509573,-1.526129,-2.804543,-1.498605,-2.986393,-1.425528,-3.034826,-1.33105,-2.958878,-1.236475,-2.81318,-1.151192,-2.649364,-1.088028,-2.492609,-1.030312,-2.308508,-0.933905,-2.04725,-0.768768,-1.686667,-0.544091,-1.24927,-0.325549,-0.795657,-0.161377,-0.359234,-0.049454,0.050934,0.104361,0.432338,0.291445,0.741822,0.474509,0.951457,0.632548,1.054001,0.731833,1.050009,0.757327,0.933127,0.69863,0.735837,0.60507,0.544657,0.47601,0.382586,0.33147,0.259848,0.179937,0.161729,0.034371,0.074935,-0.082914,-0.00964,-0.153743,-0.095068,-0.176683,-0.171671,-0.165395,-0.235373,-0.143737,-0.281026,-0.135079,-0.299927
4,0.090055,0.037618,0.132109,0.018896,0.192892,-0.005844,0.278789,-0.048076,0.380925,-0.143743,0.501476,-0.340698,0.645422,-0.653567,0.797326,-1.094972,0.912093,-1.639229,0.939234,-2.243316,0.874664,-2.887592,0.747551,-3.606201,0.591171,-4.371441,0.406439,-5.039903,0.188255,-5.442364,-0.098183,-5.448871,-0.561856,-5.041305,-1.30705,-4.247732,-2.310022,-3.09143,-3.357141,-1.706137,-4.141013,-0.280891,-4.436728,1.08534,-4.210048,2.363142,-3.636734,3.485693,-2.913545,4.367597,-2.218004,4.945406,-1.636847,5.223891,-1.194003,5.246142,-0.833689,5.02521,-0.436928,4.583824,0.098482,3.943096,0.759134,3.131787,1.418138,2.228986,1.917608,1.317912,2.165975,0.463803,2.211508,-0.31047,2.180258,-1.004441,2.206054,-1.599097,2.356672,-2.121578,2.64217,-2.600516,3.040772,-3.018114,3.453691,-3.385877,3.762721,-3.728765,3.898279,-4.025127,3.859797,-4.19758,3.627222,-4.195876,3.215976,-3.937607,2.668437,-3.355208,2.088004,-2.402824,1.551496,-1.101483,1.101762,0.429,0.769864,1.924966,0.539427,3.180292,0.398148,4.126687,0.310717,4.781259,0.22253,5.142284,0.089153,5.309866,-0.093027,5.375165,-0.294694,5.288843,-0.498479,4.996037,-0.695056,4.497759,-0.88516,3.858675,-1.059499,3.178165,-1.206406,2.496074,-1.304533,1.841426,-1.336421,1.229438,-1.296838,0.648706,-1.185942,0.100942,-1.022227,-0.455384,-0.854148,-1.05064,-0.706617,-1.652925,-0.627016,-2.234885,-0.623628,-2.793695,-0.694542,-3.274243,-0.78181,-3.625762,-0.785151,-3.818916,-0.655402,-3.804027,-0.45678,-3.520502,-0.264686,-3.000069,-0.123353,-2.34722,-0.044594,-1.6251,-0.007896,-0.89355,-0.003192,-0.229172,-0.01668,0.337719,-0.003627,0.756317,0.051066,0.991021,0.108949,1.06691,0.140037,1.015313,0.129583,0.857086,0.103438,0.618802,0.074977,0.344136,0.044816,0.085315,0.018662,-0.124006,0.002172,-0.261643,-0.004839,-0.327303,-0.002323,-0.319986,0.014006,-0.250626,0.03116,-0.13942,0.042693,-0.019498,0.037016,0.074786
4,0.364225,-1.402321,0.304706,-2.037591,0.264727,-2.662326,0.248799,-3.23968,0.245943,-3.764226,0.231274,-4.235934,0.118445,-4.611564,-0.212817,-4.776932,-0.794775,-4.645974,-1.561745,-4.209976,-2.410244,-3.4776,-3.255871,-2.485162,-3.969036,-1.333638,-4.401244,-0.122305,-4.46702,1.096387,-4.161175,2.277096,-3.586265,3.341981,-2.86469,4.224409,-2.090583,4.880335,-1.334613,5.281924,-0.665438,5.410795,-0.078587,5.295617,0.455792,4.987825,0.894911,4.33084,1.289916,3.523358,1.679906,2.711794,1.918385,1.831003,1.98276,0.934287,1.932159,0.104192,1.811433,-0.623556,1.685391,-1.273899,1.582107,-1.868662,1.501955,-2.407135,1.472154,-2.896353,1.544045,-3.355461,1.754486,-3.774163,2.101453,-4.117117,2.534654,-4.330403,2.973519,-4.390269,3.327499,-4.255825,3.50543,-3.846829,3.441366,-3.131032,3.165734,-2.143948,2.758482,-0.984296,2.271695,0.247595,1.788524,1.434959,1.362127,2.517303,1.013272,3.455852,0.737003,4.184872,0.525493,4.685469,0.328802,5.014506,0.134897,5.216608,-0.059668,5.28266,-0.260656,5.20255,-0.501321,4.958078,-0.769876,4.546247,-1.0146,3.95936,-1.18726,3.255684,-1.258305,2.50733,-1.244192,1.786046,-1.164337,1.154684,-1.066739,0.643828,-0.975822,0.244606,-0.92097,-0.090036,-0.930587,-0.414494,-0.979918,-0.751005,-1.043185,-1.130455,-1.114809,-1.576219,-1.174514,-2.119946,-1.218416,-2.76561,-1.267155,-3.412543,-1.321011,-3.968594,-1.320001,-4.388361,-1.225259,-4.680422,-1.05131,-4.825903,-0.85794,-4.724418,-0.703689,-4.270533,-0.598228,-3.497036,-0.52291,-2.495729,-0.434481,-1.398959,-0.32461,-0.380313,-0.186538,0.462811,-0.036676,1.086905,0.098989,1.494038,0.177447,1.702476,0.194425,1.744774,0.167695,1.648039,0.122632,1.433818,0.074471,1.133724,0.043844,0.786456,0.04297,0.444559,0.055878,0.150911,0.069859,-0.074336,0.080454,-0.2223,0.092422,-0.294625,0.104874,-0.301882,0.107807,-0.259163,0.09563,-0.189926,0.08059,-0.102881,0.071075,-0.013985
4,0.006653,-2.644984,-0.005151,-3.498599,0.006321,-4.185514,-0.026222,-4.590814,-0.175898,-4.69678,-0.48084,-4.558836,-1.020466,-4.240841,-1.875878,-3.697196,-2.997385,-2.832839,-4.086063,-1.641763,-4.787906,-0.271937,-4.945481,1.108983,-4.599984,2.4125,-3.954574,3.542497,-3.202657,4.448414,-2.446563,5.129702,-1.737119,5.612514,-1.094994,5.888893,-0.501836,5.951618,0.05691,5.806418,0.565021,5.450488,1.020968,4.89902,1.39637,4.188135,1.727086,3.358226,1.990286,2.452604,2.113775,1.548724,2.081773,0.684435,1.946382,-0.081345,1.777028,-0.745274,1.624209,-1.341818,1.529684,-1.940794,1.504397,-2.580541,1.540518,-3.244316,1.685637,-3.878772,1.918223,-4.44046,2.162673,-4.887307,2.403245,-5.19127,2.665573,-5.298213,2.897982,-5.211969,3.01041,-4.90302,2.958107,-4.282945,2.793452,-3.350869,2.584539,-2.211102,2.343112,-0.914206,2.068816,0.477919,1.756906,1.850304,1.373411,3.119175,0.938808,4.21379,0.548288,5.063169,0.234962,5.602303,-0.049184,5.860913,-0.325513,5.914481,-0.583753,5.816719,-0.817905,5.584017,-1.034079,5.177713,-1.228487,4.571714,-1.356129,3.817868,-1.368598,3.03462,-1.283732,2.308247,-1.123486,1.696941,-0.929106,1.218627,-0.762598,0.838746,-0.646286,0.517087,-0.591036,0.189873,-0.584941,-0.203424,-0.593315,-0.669881,-0.611213,-1.172542,-0.643366,-1.682095,-0.674473,-2.193492,-0.718107,-2.74991,-0.790303,-3.376426,-0.888467,-4.034657,-0.982927,-4.682757,-1.045497,-5.228669,-1.010165,-5.526835,-0.82414,-5.388784,-0.558059,-4.797733,-0.339495,-3.888319,-0.24939,-2.755396,-0.280267,-1.438939,-0.375812,-0.056509,-0.434918,1.210078,-0.382857,2.161658,-0.244832,2.699413,-0.084225,2.842283,0.053987,2.694603,0.156482,2.352051,0.23114,1.874714,0.253234,1.31111,0.21857,0.733566,0.132449,0.2175,0.036281,-0.168349,-0.064284,-0.389398,-0.145231,-0.462768,-0.187681,-0.442917,-0.186625,-0.379835,-0.143453,-0.288556,-0.080241,-0.1731,-0.025654,-0.057398,0.020168,0.023069
4,0.412929,-0.169485,0.448774,-0.568577,0.402179,-1.123308,0.274442,-1.788153,0.102526,-2.475303,-0.024954,-3.10453,-0.090982,-3.677495,-0.151361,-4.193685,-0.317746,-4.570961,-0.705274,-4.650134,-1.360716,-4.348398,-2.260043,-3.672889,-3.294715,-2.658041,-4.293637,-1.360558,-5.010164,0.101159,-5.240861,1.486079,-4.956261,2.638586,-4.237631,3.544101,-3.285536,4.209617,-2.248875,4.660758,-1.221171,4.940576,-0.295026,5.09356,0.485576,5.102621,1.098883,4.951854,1.569721,4.614688,1.91929,4.068278,2.18754,3.343235,2.361086,2.508995,2.429917,1.669849,2.403775,0.842809,2.348519,-0.002219,2.238842,-0.757581,2.101105,-1.355264,1.96989,-1.864511,1.885649,-2.353446,1.892449,-2.842489,2.012847,-3.280656,2.185236,-3.676756,2.314529,-4.05924,2.411554,-4.391659,2.525153,-4.640879,2.689903,-4.715214,2.878445,-4.514068,3.031962,-3.985163,3.044451,-3.144865,2.816807,-2.057166,2.364395,-0.844676,1.79983,0.360777,1.246441,1.460425,0.790925,2.409474,0.475435,3.230556,0.294021,3.940261,0.182764,4.504376,0.054205,4.934946,-0.115211,5.247748,-0.29671,5.4152,-0.465016,5.414603,-0.618097,5.251787,-0.77391,4.949157,-0.930316,4.524363,-1.062211,3.961792,-1.142017,3.250108,-1.153588,2.402656,-1.107747,1.483484,-1.046586,0.570881,-0.999064,-0.237868,-0.952315,-0.922659,-0.896115,-1.545359,-0.814791,-2.193902,-0.735151,-2.817229,-0.744244,-3.349211,-0.919464,-3.823833,-1.260727,-4.237794,-1.642056,-4.583181,-1.903072,-4.795814,-1.911331,-4.709716,-1.626719,-4.181748,-1.142151,-3.294356,-0.661002,-2.225305,-0.345891,-1.135814,-0.189451,-0.238621,-0.071568,0.406855,0.060474,0.876617,0.178327,1.211976,0.242866,1.391245,0.257066,1.413597,0.23959,1.310673,0.228448,1.118946,0.233137,0.845155,0.240276,0.548044,0.228435,0.272628,0.202092,0.055744,0.163,-0.095579,0.112154,-0.184003,0.061064,-0.210686,0.014403,-0.186755,-0.01844,-0.138127,-0.02744,-0.092802,-0.024161,-0.042789,-0.018292,-0.006945
4,-0.086061,-0.173532,-0.095904,-0.184185,-0.081458,-0.266251,-0.057298,-0.427377,-0.038356,-0.66333,-0.040286,-0.956434,-0.066462,-1.278733,-0.101157,-1.61457,-0.119595,-1.995796,-0.120828,-2.455501,-0.14549,-3.001827,-0.264533,-3.568359,-0.562623,-3.999368,-1.116577,-4.178211,-1.906869,-4.034348,-2.841779,-3.56726,-3.76659,-2.769661,-4.430996,-1.684347,-4.664645,-0.464072,-4.451472,0.778096,-3.898175,2.023081,-3.192405,3.146697,-2.423594,4.001442,-1.623281,4.554744,-0.867517,4.873511,-0.217558,5.030312,0.284406,5.055312,0.647166,4.915398,0.907247,4.563524,1.089059,4.017755,1.219338,3.329559,1.323346,2.550785,1.400054,1.734691,1.455396,0.921156,1.54198,0.159392,1.721608,-0.492972,1.95716,-1.046134,2.210278,-1.552726,2.496669,-2.054359,2.810316,-2.585722,3.074528,-3.144304,3.204568,-3.688172,3.219972,-4.172042,3.215325,-4.557115,3.249309,-4.813929,3.313936,-4.820402,3.326475,-4.427079,3.150434,-3.616093,2.726638,-2.536197,2.115962,-1.314421,1.483012,-0.037245,0.993876,1.150684,0.692097,2.17412,0.479766,3.061474,0.324946,3.793059,0.230977,4.318209,0.145863,4.677039,0.015999,4.908216,-0.191752,5.019848,-0.480601,4.995657,-0.800011,4.810716,-1.093125,4.434745,-1.299043,3.880556,-1.411633,3.202839,-1.419118,2.461834,-1.34361,1.684106,-1.226324,0.88954,-1.117194,0.08225,-1.023859,-0.742377,-0.963963,-1.563039,-0.973061,-2.304552,-1.043134,-2.931751,-1.112912,-3.474415,-1.113022,-3.889171,-0.996601,-4.073249,-0.799832,-3.952581,-0.599137,-3.540577,-0.452668,-2.943777,-0.391754,-2.259586,-0.39679,-1.551285,-0.41738,-0.877923,-0.41498,-0.259224,-0.361751,0.278394,-0.255748,0.681752,-0.131255,0.911042,-0.044966,0.980404,-0.004907,0.950035,0.011945,0.860988,0.026266,0.724004,0.045297,0.55154,0.079369,0.356525,0.110271,0.157421,0.116899,-0.036001,0.089025,-0.209583,0.061018,-0.332343,0.038636,-0.380279,0.026227,-0.353697,0.017675,-0.292035,0.018771,-0.210568,0.020563,-0.123888
4,-0.067586,0.107121,-0.070855,0.117202,-0.06398,0.130404,-0.041711,0.14261,-0.014327,0.159835,0.017497,0.18346,0.056911,0.209017,0.090849,0.230879,0.119084,0.23547,0.128581,0.221758,0.119263,0.187625,0.100142,0.1401,0.076987,0.082789,0.062769,0.025612,0.069132,-0.027837,0.105928,-0.075558,0.170179,-0.125629,0.248459,-0.192628,0.313295,-0.346219,0.331974,-0.664194,0.260616,-1.306469,0.103972,-1.896713,-0.121758,-2.35771,-0.432591,-2.68585,-0.87129,-2.928653,-1.444892,-3.080499,-2.072141,-3.024448,-2.73003,-2.623918,-3.419171,-1.866068,-4.040892,-0.818164,-4.425488,0.39642,-4.427915,1.61512,-3.969748,2.681658,-3.11438,3.537879,-2.023722,4.195839,-0.869085,4.625141,0.196351,4.779406,1.090007,4.633832,1.774318,4.174607,2.248842,3.414704,2.528911,2.395489,2.565009,1.240377,2.410352,0.105199,2.239763,-0.921373,2.172005,-1.781848,2.223344,-2.499318,2.361783,-3.166395,2.563324,-3.851409,2.751376,-4.534268,2.913835,-5.084277,3.059091,-5.317636,3.138499,-5.056441,3.055806,-4.22352,2.737488,-2.972694,2.202765,-1.503044,1.609357,0.083964,1.124177,1.588289,0.823127,2.856519,0.667484,3.874306,0.594335,4.66392,0.516629,5.203482,0.328607,5.459866,0.03214,5.453159,-0.26405,5.199253,-0.498403,4.685717,-0.683982,3.940871,-0.868686,3.02738,-1.029869,2.026615,-1.149784,1.020253,-1.236189,0.039723,-1.27668,-0.909858,-1.248134,-1.827004,-1.163124,-2.641867,-1.081782,-3.276441,-1.050948,-3.697351,-1.150323,-3.899669,-1.403534,-3.872932,-1.723241,-3.623994,-1.927655,-3.144987,-1.848975,-2.40828,-1.505254,-1.489763,-0.97722,-0.531554,-0.407767,0.287332,0.101634,0.853483,0.455798,1.144798,0.601405,1.226713,0.580506,1.174009,0.452108,1.023235,0.275173,0.798566,0.088265,0.526513,-0.074151,0.252269,-0.168702,0.018028,-0.177621,-0.156281,-0.120683,-0.246628,-0.041144,-0.254282,0.018591,-0.202468,0.052429,-0.125122,0.064745,-0.042339,0.056445,0.027586,0.033233,0.058473
4,0.449464,-0.044847,0.420504,-0.581659,0.346698,-1.200053,0.239418,-1.88448,0.109378,-2.590955,-0.005061,-3.251848,-0.105491,-3.792373,-0.263329,-4.164182,-0.579401,-4.303372,-1.109483,-4.177869,-1.828997,-3.842557,-2.675624,-3.340592,-3.548439,-2.643851,-4.292881,-1.745468,-4.732169,-0.697756,-4.752883,0.379577,-4.340977,1.421274,-3.569896,2.340039,-2.601016,3.100407,-1.593508,3.6964,-0.677548,4.105485,0.068591,4.347863,0.62264,4.473254,0.97396,4.505047,1.164569,4.422535,1.225275,4.20246,1.196953,3.843625,1.131527,3.364662,1.053316,2.805642,0.989725,2.200328,0.949038,1.576739,0.936817,0.963094,0.957714,0.392384,1.027111,-0.113537,1.155314,-0.570654,1.323043,-0.99477,1.502407,-1.393073,1.661017,-1.769538,1.803502,-2.172949,1.950636,-2.646506,2.11839,-3.187514,2.302545,-3.723902,2.513935,-4.199333,2.804737,-4.553246,3.129047,-4.792264,3.381536,-4.892888,3.456508,-4.756972,3.229134,-4.207664,2.725445,-3.235318,2.095984,-2.011222,1.460942,-0.639769,0.950764,0.789836,0.626204,2.12062,0.428103,3.252234,0.314614,4.154299,0.252379,4.80674,0.160658,5.190036,-0.012584,5.323331,-0.25733,5.213105,-0.53637,4.84528,-0.789575,4.208675,-0.966657,3.36004,-1.03355,2.443884,-1.005437,1.61943,-0.928325,0.96718,-0.858024,0.45263,-0.808701,0.040186,-0.807467,-0.275999,-0.887232,-0.508086,-1.048499,-0.694342,-1.206144,-0.879469,-1.264154,-1.109186,-1.20793,-1.406697,-1.061695,-1.762095,-0.877742,-2.135584,-0.749127,-2.453419,-0.72325,-2.643545,-0.785458,-2.641884,-0.897829,-2.412777,-0.981517,-1.998993,-0.972571,-1.467147,-0.845744,-0.878835,-0.635194,-0.305727,-0.387137,0.155442,-0.134254,0.470025,0.094168,0.667586,0.25534,0.773991,0.310433,0.800901,0.276209,0.744753,0.185741,0.623097,0.080819,0.452262,-0.009551,0.261764,-0.072624,0.074981,-0.103622,-0.094089,-0.095322,-0.226606,-0.064442,-0.292349,-0.033193,-0.283122,0.004362,-0.207328,0.046094,-0.085059,0.07255,0.040867
4,0.116613,0.029458,0.213936,-0.023457,0.339568,-0.10143,0.493617,-0.262716,0.667,-0.659899,0.823722,-1.401007,0.828544,-2.202137,0.74135,-2.992569,0.566367,-3.689284,0.303811,-4.277903,-0.12801,-4.668488,-0.8177,-4.735014,-1.78401,-4.381831,-2.970095,-3.60148,-4.195015,-2.411787,-5.185433,-0.946315,-5.684879,0.59108,-5.552608,2.052255,-4.803469,3.294149,-3.654549,4.177609,-2.317933,4.676929,-0.986215,4.837377,0.196131,4.772051,1.124045,4.56204,1.765136,4.276492,2.142642,3.936647,2.284928,3.528487,2.251272,3.033185,2.117715,2.452667,1.92621,1.835698,1.723817,1.215613,1.558004,0.607171,1.458975,0.011833,1.390946,-0.548039,1.324389,-1.019339,1.275877,-1.40442,1.239384,-1.749912,1.218863,-2.092791,1.228086,-2.443383,1.322167,-2.82373,1.507154,-3.238065,1.730636,-3.656152,1.953818,-4.023017,2.184483,-4.300084,2.446109,-4.484202,2.703867,-4.499162,2.933025,-4.194225,3.111169,-3.485995,3.156847,-2.446362,2.973772,-1.162431,2.496663,0.307733,1.846918,1.749306,1.193664,2.933539,0.62004,3.814854,0.18592,4.383377,-0.091481,4.65638,-0.294741,4.688463,-0.495008,4.531467,-0.704428,4.178305,-0.861041,3.617085,-0.881642,2.895095,-0.787535,2.159379,-0.683478,1.559759,-0.63971,1.120089,-0.689394,0.787691,-0.796846,0.533884,-0.924024,0.355307,-1.041896,0.229387,-1.136373,0.122528,-1.157894,0.017527,-1.075605,-0.093889,-0.896938,-0.215842,-0.668024,-0.3266,-0.455684,-0.41242,-0.316186,-0.492144,-0.283737,-0.559392,-0.345279,-0.616368,-0.442778,-0.697263,-0.510742,-0.819173,-0.528004,-0.964767,-0.500631,-1.102638,-0.450475,-1.215462,-0.383696,-1.288508,-0.322701,-1.301155,-0.279432,-1.24541,-0.255409,-1.131326,-0.258352,-0.989882,-0.289168,-0.836004,-0.327755,-0.689139,-0.350521,-0.575074,-0.347776,-0.490813,-0.316239,-0.410726,-0.265139,-0.315929,-0.183905,-0.198249,-0.083374,-0.076265,0.005063,0.022958,0.060152,0.090261,0.083345,0.11959,0.090143,0.118342,0.075101,0.095128
4,0.02049,0.419849,0.046698,0.374623,0.068479,0.293335,0.107464,0.166167,0.191005,-0.021407,0.306689,-0.278447,0.440049,-0.624034,0.556842,-1.045531,0.60026,-1.485162,0.547086,-1.916536,0.453209,-2.331147,0.362868,-2.760753,0.275833,-3.207301,0.154924,-3.609173,-0.063022,-3.869861,-0.463725,-3.917143,-1.131303,-3.730993,-2.054847,-3.272952,-3.075772,-2.556896,-3.973262,-1.652655,-4.565321,-0.622789,-4.752778,0.401219,-4.4874,1.293521,-3.772659,2.017606,-2.75571,2.594737,-1.670916,3.01909,-0.741325,3.30612,-0.048751,3.485166,0.418845,3.590199,0.67954,3.605708,0.758229,3.529254,0.695885,3.400646,0.569114,3.235311,0.43195,3.016268,0.302744,2.746093,0.209903,2.446736,0.176023,2.130428,0.199603,1.811019,0.261811,1.448069,0.334338,1.009366,0.46733,0.611688,0.67127,0.280987,0.957854,-0.094573,1.34063,-0.532634,1.798766,-1.018487,2.300529,-1.529852,2.80427,-2.125663,3.299302,-2.893105,3.796337,-3.752621,4.324467,-4.513624,4.844529,-5.053178,5.31771,-5.377961,5.668415,-5.488599,5.61964,-5.313366,4.873084,-4.6081,3.569511,-3.393673,2.106117,-1.95196,0.788035,-0.43675,-0.165492,1.029087,-0.674255,2.299031,-0.8733,3.270335,-0.929105,3.914649,-0.941191,4.24908,-0.984992,4.412906,-1.080281,4.466036,-1.179292,4.385702,-1.25302,4.194251,-1.269731,3.941368,-1.234901,3.586301,-1.181102,3.101395,-1.160064,2.527357,-1.191139,1.974529,-1.281268,1.497713,-1.426633,1.079256,-1.584282,0.644848,-1.689013,0.137663,-1.696823,-0.453202,-1.598727,-1.066741,-1.4159,-1.614282,-1.191353,-2.033793,-0.986914,-2.347267,-0.848594,-2.593388,-0.807027,-2.784553,-0.883119,-2.859078,-1.014782,-2.743435,-1.102148,-2.411278,-1.103774,-1.930328,-1.018352,-1.374176,-0.868336,-0.811636,-0.685811,-0.336699,-0.484095,-0.008751,-0.283003,0.178862,-0.10356,0.262637,0.020712,0.278254,0.06737,0.268625,0.052955,0.24095,0.012769,0.201546,-0.03746,0.157969,-0.091327,0.121586,-0.125345,0.095025
4,0.290327,0.198978,0.380125,0.182014,0.476259,0.167893,0.599179,0.141806,0.74214,0.082985,0.896242,-0.069664,1.013271,-0.336622,1.061993,-0.73393,1.003287,-1.298495,0.84896,-2.015979,0.625027,-2.807842,0.360382,-3.5427,-0.019938,-4.108788,-0.609744,-4.417624,-1.372186,-4.42806,-2.243663,-4.087536,-3.206292,-3.334695,-4.152506,-2.234759,-4.870083,-0.917451,-5.154209,0.517421,-4.911043,1.938825,-4.189513,3.204082,-3.135391,4.218365,-1.927756,4.874677,-0.720963,5.166338,0.37473,5.158,1.254265,4.893493,1.861298,4.422388,2.194059,3.810752,2.255942,3.11972,2.068685,2.392216,1.703079,1.683986,1.278761,1.026652,0.931017,0.404961,0.76004,-0.214898,0.761948,-0.850575,0.879172,-1.473879,1.073401,-2.025369,1.339234,-2.520637,1.651847,-3.002366,2.008178,-3.493004,2.423463,-3.969162,2.86876,-4.364972,3.291352,-4.585083,3.603812,-4.5207,3.709459,-4.11901,3.552071,-3.417957,3.175955,-2.455309,2.640439,-1.269198,2.005863,0.047041,1.36675,1.337589,0.806202,2.508906,0.360337,3.508138,0.06758,4.27457,-0.162327,4.774284,-0.46474,5.109632,-0.881898,5.302669,-1.285624,5.297605,-1.549516,5.065917,-1.723108,4.551391,-1.846556,3.842108,-1.875201,3.082371,-1.784874,2.323147,-1.575434,1.5704,-1.258516,0.851339,-0.887053,0.234332,-0.568051,-0.237157,-0.396081,-0.57974,-0.384388,-0.86012,-0.490898,-1.154708,-0.65444,-1.511872,-0.81548,-1.944243,-0.918752,-2.408518,-0.900574,-2.812274,-0.757332,-3.118571,-0.545575,-3.276719,-0.338466,-3.28888,-0.202874,-3.167065,-0.167409,-2.912664,-0.223006,-2.481597,-0.34107,-1.887863,-0.475978,-1.223293,-0.564952,-0.595512,-0.550615,-0.063929,-0.434543,0.339321,-0.250995,0.609032,-0.048801,0.748251,0.125735,0.773616,0.238462,0.712256,0.265386,0.595997,0.22421,0.436798,0.15308,0.25492,0.086664,0.075391,0.038213,-0.070333,0.010015,-0.165498,0.001409,-0.210844,0.015341,-0.210114,0.044381,-0.175148,0.081199,-0.117829,0.118217,-0.051157
4,0.326971,0.201658,0.353603,0.145994,0.358185,0.065773,0.342598,-0.047783,0.342718,-0.253889,0.387079,-0.635875,0.42567,-1.226664,0.423347,-2.007222,0.354807,-2.911848,0.25103,-3.80875,0.161659,-4.556185,0.100209,-5.087561,-0.0066,-5.38846,-0.309528,-5.367475,-0.956485,-4.892206,-1.944061,-3.925196,-3.08371,-2.582034,-4.099032,-1.077873,-4.748961,0.424313,-4.885696,1.803773,-4.521671,2.925246,-3.789364,3.733771,-2.868112,4.219069,-1.941374,4.461851,-1.123893,4.589095,0.498733,4.590945,0.760069,4.393015,0.855685,3.931211,0.868166,3.400779,0.924945,2.942155,1.014828,2.43564,1.106906,1.827168,1.189361,1.217399,1.197283,0.691986,1.138905,0.274603,1.059636,-0.064328,0.985562,-0.341191,0.936233,-0.552734,0.915375,-0.720482,0.911827,-0.900851,0.923569,-1.128339,0.9593,-1.421256,1.019846,-1.802454,1.097478,-2.288738,1.207726,-2.875219,1.399609,-3.532022,1.682235,-4.203388,2.009407,-4.826169,2.391983,-5.310078,2.863905,-5.573596,3.35604,-5.553357,3.767352,-5.151228,3.964007,-4.195923,3.798818,-2.639131,3.24568,-0.778935,2.447016,1.019737,1.628883,2.493341,0.96172,3.550631,0.490292,4.23456,0.175687,4.582664,-0.029222,4.656842,-0.168708,4.556402,-0.310254,4.350437,-0.499631,4.065989,-0.72357,3.689632,-0.948016,3.236787,-1.116179,2.738898,-1.190344,2.227214,-1.178873,1.740072,-1.124586,1.307926,-1.046256,0.954067,-0.977604,0.674002,-0.956502,0.453746,-1.006058,0.270436,-1.112653,0.069772,-1.23419,-0.181285,-1.301888,-0.481842,-1.249504,-0.800638,-1.076583,-1.097141,-0.848143,-1.347814,-0.649253,-1.557424,-0.527492,-1.730765,-0.489808,-1.863723,-0.51554,-1.935137,-0.591786,-1.901618,-0.688295,-1.712201,-0.745275,-1.397262,-0.723273,-1.057533,-0.623281,-0.756397,-0.489102,-0.535321,-0.372141,-0.406111,-0.285639,-0.327455,-0.220291,-0.253724,-0.187344,-0.149828,-0.189573,-0.018759,-0.197689,0.107138,-0.192155,0.190899,-0.168744,0.210691,-0.124734,0.165345,-0.055682,0.083251
4,0.764875,0.494755,1.165889,0.42235,1.553527,0.412897,1.810567,0.420866,1.890873,0.421772,1.818181,0.389035,1.660522,0.281145,1.467661,0.069974,1.262481,-0.259153,1.052517,-0.723746,0.847719,-1.281669,0.640446,-1.871246,0.407351,-2.425015,0.131633,-2.902549,-0.209729,-3.32008,-0.653677,-3.628173,-1.253365,-3.733543,-2.022673,-3.61685,-2.942312,-3.204917,-3.953648,-2.486314,-4.909746,-1.621944,-5.68406,-0.719846,-6.154509,0.132436,-6.311176,0.999381,-6.199542,1.899113,-5.843025,2.72383,-5.200412,3.390613,-4.319947,3.866284,-3.368893,4.232533,-2.470029,4.546316,-1.584865,4.81334,-0.768186,4.783324,-0.108535,4.345543,0.466289,3.585583,0.984524,2.502974,1.442539,1.187692,1.89204,0.041641,2.290758,-0.825441,2.687643,-1.546526,3.095841,-2.291312,3.543202,-3.144186,4.029643,-4.056279,4.539081,-5.048856,5.039353,-5.938202,5.498116,-6.520825,5.920129,-6.727893,6.214075,-6.398211,6.297259,-5.452445,6.087224,-4.003282,5.489182,-2.369517,4.469152,-0.781394,3.094811,0.663171,1.564252,1.866813,0.172109,2.843044,-0.863165,3.561244,-1.39619,3.994096,-1.408433,4.21238,-1.085188,4.352307,-0.631913,4.546621,-0.230046,4.771944,0.018886,4.876534,0.079984,4.665469,-0.021118,4.112671,-0.223286,3.398693,-0.498171,2.690854,-0.865267,2.042291,-1.280788,1.391676,-1.661157,0.672418,-1.913511,-0.153871,-1.985262,-1.078958,-1.911063,-2.034296,-1.795168,-2.976512,-1.73575,-3.801752,-1.780496,-4.423552,-1.98051,-4.802928,-2.364725,-4.823096,-2.80658,-4.421006,-3.124262,-3.728419,-3.24611,-2.897982,-3.143646,-1.980134,-2.779482,-1.066136,-2.206744,-0.299924,-1.483385,0.262879,-0.716882,0.587485,-0.052379,0.7015,0.420442,0.683006,0.689346,0.599428,0.766883,0.509083,0.68593,0.45977,0.522704,0.431387,0.337775,0.378959,0.158658,0.28197,0.004654,0.149878,-0.097711,0.031356,-0.149438,-0.045344,-0.169763,-0.069281,-0.179664,-0.043103,-0.169281,0.023272,-0.127004,0.08687,-0.062439,0.110263
4,0.272208,-0.089449,0.354984,-0.238412,0.423749,-0.392057,0.465237,-0.591928,0.458444,-0.889195,0.400506,-1.318828,0.29737,-1.864023,0.138402,-2.471127,-0.068392,-3.029103,-0.289269,-3.461603,-0.531353,-3.743402,-0.893364,-3.836093,-1.449006,-3.659914,-2.192783,-3.15404,-3.060457,-2.354115,-3.95202,-1.383874,-4.731662,-0.397371,-5.223027,0.570106,-5.295516,1.489941,-4.981048,2.258027,-4.468799,2.878,-3.873118,3.430497,-3.230904,3.947084,-2.631048,4.300107,-2.129596,4.454803,-1.690028,4.42711,-1.186615,4.201473,-0.568757,3.722456,0.063397,3.018754,0.623362,2.314669,1.100924,1.763602,1.495849,1.342292,1.837487,0.944119,2.131962,0.499555,2.382258,-0.003366,2.613448,-0.580718,2.852149,-1.264614,3.097448,-2.021387,3.363729,-2.743869,3.648845,-3.347795,3.894616,-3.799988,4.069693,-4.113544,4.192094,-4.388953,4.316916,-4.707435,4.445327,-5.028817,4.527196,-5.170558,4.477707,-4.926501,4.256097,-4.172827,3.836398,-2.943104,3.240027,-1.382388,2.491431,0.294089,1.686016,1.81658,0.971628,2.988707,0.456543,3.763984,0.194241,4.129679,0.137104,4.100956,0.205047,3.860263,0.288982,3.686711,0.255319,3.697347,0.077169,3.922956,-0.138041,4.299907,-0.311,4.608632,-0.446458,4.552218,-0.572573,3.924642,-0.762746,2.807834,-1.047661,1.593314,-1.426915,0.62989,-1.839823,0.096437,-2.212199,-0.079119,-2.467885,-0.140715,-2.572641,-0.323479,-2.503222,-0.715954,-2.287056,-1.294196,-2.001384,-1.975601,-1.719903,-2.657172,-1.489041,-3.19778,-1.364035,-3.48587,-1.377829,-3.494185,-1.495613,-3.319046,-1.654657,-3.045287,-1.7907,-2.66546,-1.817107,-2.197517,-1.701284,-1.711663,-1.472501,-1.275509,-1.179666,-0.910784,-0.878428,-0.585216,-0.614362,-0.243581,-0.389305,0.11728,-0.181934,0.395045,-0.006869,0.502939,0.105345,0.459703,0.152143,0.334632,0.127866,0.192778,0.048062,0.077837,-0.054691,0.008517,-0.155933,-0.017686,-0.230317,0.00389,-0.257539,0.046065,-0.225994,0.077434,-0.140989,0.065335
4,0.028627,-0.051065,0.087017,0.011385,0.124703,0.062911,0.131395,0.085233,0.101314,0.071335,0.058081,0.016571,0.022717,-0.087741,0.004707,-0.241005,-0.003122,-0.424157,-0.010557,-0.611153,-0.016471,-0.825387,-0.024564,-1.115399,-0.079832,-1.4657,-0.252748,-1.799567,-0.632549,-1.991629,-1.255065,-1.924764,-2.108827,-1.579518,-3.084704,-1.057183,-3.995486,-0.481402,-4.649277,0.089044,-4.963718,0.674987,-4.94014,1.356383,-4.592786,2.131763,-4.037604,2.900407,-3.438668,3.530271,-2.893062,3.945637,-2.398712,4.149474,-1.933045,4.094292,-1.488566,3.810616,-1.013853,3.344343,-0.528841,2.66756,-0.07954,1.896634,0.326199,1.262368,0.697681,0.851402,1.082594,0.572338,1.466734,0.328976,1.771951,0.09745,1.973675,-0.13356,2.106453,-0.38438,2.221931,-0.632148,2.367835,-0.895193,2.597999,-1.235628,2.937176,-1.694711,3.364471,-2.241673,3.818449,-2.849496,4.239917,-3.540552,4.566441,-4.267024,4.758417,-4.907799,4.842066,-5.366933,4.876893,-5.595446,4.855923,-5.554241,4.668884,-5.165133,4.278199,-4.315363,3.651629,-3.079968,2.809103,-1.635501,1.793498,-0.178822,0.812267,1.139762,0.098379,2.233109,-0.190805,3.007927,-0.092343,3.465491,0.202324,3.684664,0.467392,3.741844,0.589326,3.724587,0.528917,3.667228,0.298267,3.591695,-0.017147,3.523835,-0.329492,3.458166,-0.585098,3.374939,-0.776296,3.196623,-0.921803,2.821507,-1.065406,2.226807,-1.241926,1.509464,-1.441265,0.803179,-1.648973,0.229397,-1.831636,-0.13518,-1.957522,-0.307148,-1.982653,-0.432118,-1.897285,-0.664475,-1.72197,-1.038813,-1.508828,-1.531504,-1.157206,-4.176969,-1.36961,-4.006314,-1.576771,-3.493737,-1.740814,-2.733006,-1.801607,-1.869999,-1.728193,-1.054565,-1.521344,-0.340537,-1.213993,0.255474,-0.857084,0.724115,-0.501999,1.016158,-0.201041,1.088887,0.020111,0.955828,0.141305,0.694814,0.149497,0.429403,0.065065,0.233587,-0.362817,0.217316,-0.349481,0.267891,-0.26714,0.263996,-0.143736,0.184876,-0.006015,0.080411
4,-0.037876,-0.042493,0.013767,-0.181139,0.081369,-0.359518,0.155022,-0.575697,0.228989,-0.832874,0.285499,-1.138393,0.309641,-1.516899,0.241685,-2.021702,0.006776,-2.672537,-0.42131,-3.392064,-1.007917,-4.001919,-1.746938,-4.24331,-2.534927,-3.99445,-3.2652,-3.391324,-3.892037,-2.579341,-4.380308,-1.695876,-4.715865,-0.738959,-4.953261,0.316943,-5.113235,1.4149,-5.124743,2.500892,-4.988527,3.59403,-4.643391,4.65121,-4.004827,5.50995,-3.120621,5.924242,-2.118018,5.734063,-1.169441,5.112504,-0.401635,4.327797,0.178142,3.62743,0.651185,3.11984,1.061838,2.77509,1.388168,2.492228,1.63672,2.145066,1.852036,1.591481,2.071867,0.803405,2.294393,-0.033234,2.505461,-0.728244,2.692418,-1.2236,2.862627,-1.547033,2.978147,-1.741047,3.08862,-1.899708,3.275758,-2.148645,3.546129,-2.563998,3.872381,-3.100935,4.291404,-3.662264,4.763126,-4.153728,5.202943,-4.517366,5.543246,-4.714241,5.72436,-4.709511,5.673617,-4.44198,5.346848,-3.854474,4.758606,-2.986163,4.001368,-1.973242,3.157237,-0.958093,2.297114,-0.017373,1.453099,0.826755,0.674577,1.612082,0.010703,2.326106,-0.472686,2.915583,-0.739439,3.358253,-0.849796,3.730761,-0.856391,4.087007,-0.782362,4.417723,-0.626138,4.598561,-0.425003,4.533307,-0.224636,4.157932,-0.114451,3.519752,-0.158864,2.787647,-0.384918,2.132478,-0.758664,1.647181,-1.173121,1.302961,-1.546093,0.959421,-1.805791,0.501933,-1.929553,-0.034751,-1.94593,-0.553592,-1.885692,-1.015476,-1.761162,-1.418439,-1.586139,-1.775224,-1.383466,-2.116078,-1.202506,-2.422994,-1.082842,-2.671062,-1.02871,-2.798733,-1.035585,-2.755505,-1.094314,-2.543285,-1.169497,-2.206466,-1.221679,-1.794219,-1.203169,-1.379467,-1.107191,-1.011121,-0.951461,-0.655696,-0.779812,-0.286551,-0.609682,0.068209,-0.431442,0.322098,-0.23792,0.420179,-0.061582,0.376851,0.078968,0.269045,0.166256,0.160411,0.20024,0.086841,0.197619,0.044675,0.158848,0.027109,0.087462,0.025,-0.001794,0.038329
4,0.116749,-0.05075,0.17991,-0.089713,0.244685,-0.166926,0.310339,-0.285573,0.372493,-0.436385,0.441788,-0.639785,0.52253,-0.901529,0.573042,-1.195936,0.570705,-1.557676,0.511924,-2.02779,0.365165,-2.578605,0.131604,-3.20555,-0.196209,-3.796384,-0.604909,-4.154732,-1.06002,-4.207346,-1.564201,-3.994151,-2.102895,-3.557992,-2.629993,-3.006615,-3.101047,-2.458127,-3.507384,-1.91069,-3.840772,-1.300764,-4.072691,-0.620087,-4.12865,0.070758,-3.986056,0.718004,-3.680273,1.311466,-3.199233,1.816246,-2.55031,2.21107,-1.759434,2.502157,-0.883442,2.721529,0.008741,2.862085,0.840441,2.917763,1.546023,2.888503,2.075786,2.784328,2.42164,2.584786,2.583958,2.281034,2.616113,1.878276,2.549962,1.3929,2.422889,0.847696,2.253088,0.251724,2.097757,-0.403519,2.006893,-1.10744,1.966354,-1.809532,1.976043,-2.473588,2.033508,-3.087481,2.14895,-3.63669,2.324284,-4.083741,2.523119,-4.330405,2.682898,-4.272616,2.840305,-3.958583,3.005999,-3.520503,3.079057,-2.929708,2.99842,-2.125057,2.728783,-1.156881,2.302024,-0.111086,1.847826,0.939447,1.4521,1.898161,1.166234,2.637279,1.015603,3.091894,0.956945,3.274403,0.928023,3.243474,0.872099,3.097894,0.75817,2.919713,0.574342,2.716369,0.332973,2.475797,0.045531,2.191275,-0.263736,1.868652,-0.571265,1.506123,-0.851229,1.103,-1.075596,0.666533,-1.250594,0.215895,-1.399274,-0.213169,-1.529978,-0.601457,-1.637851,-0.947712,-1.712719,-1.254407,-1.756906,-1.522522,-1.76121,-1.768495,-1.682492,-1.99397,-1.497339,-2.174476,-1.213975,-2.301396,-0.872562,-2.340856,-0.541665,-2.2877,-0.28008,-2.155333,-0.121859,-1.940382,-0.080612,-1.656987,-0.151382,-1.351232,-0.299637,-1.057243,-0.468259,-0.792122,-0.587194,-0.599314,-0.615028,-0.475588,-0.555823,-0.386714,-0.434253,-0.324665,-0.282455,-0.271482,-0.131045,-0.209605,-0.009071,-0.129977,0.079034,-0.051456,0.134461,0.0176,0.158192,0.062151,0.145035,0.080743,0.107513,0.080023,0.052845,0.069715
4,-0.02636,0.146537,-0.036585,0.155349,-0.035227,0.157006,-0.026443,0.147769,-0.010563,0.125283,0.010319,0.095585,0.026602,0.066462,0.022934,0.042457,0.00678,0.030852,-0.004581,0.027802,-0.002227,0.027539,0.013938,0.026722,0.04551,0.018069,0.093438,0.014448,0.148347,0.004525,0.198083,-0.0091,0.230275,-0.046842,0.25356,-0.145528,0.254015,-0.35467,0.1898,-0.728989,0.027586,-1.241071,-0.219582,-1.795933,-0.536831,-2.208389,-0.901639,-2.391301,-1.291369,-2.362373,-1.622886,-2.13124,-1.856738,-1.700805,-2.065501,-1.075724,-2.250904,-0.27992,-2.355539,0.667682,-2.337587,1.765512,-2.169358,2.8218,-1.875085,3.676095,-1.427117,4.234947,-0.844195,4.455633,-0.202002,4.338735,0.403618,3.853309,0.900005,3.055855,1.259082,2.073967,1.482127,1.033868,1.606804,0.051264,1.679816,-0.785957,1.748771,-1.464521,1.810334,-2.012066,1.874357,-2.457723,1.948586,-2.821312,2.060542,-3.089619,2.230092,-3.258131,2.410667,-3.30836,2.568784,-3.235862,2.685656,-3.017309,2.712309,-2.629263,2.590347,-2.089334,2.332518,-1.400049,1.952078,-0.601092,1.479118,0.255965,0.983817,1.179276,0.559342,2.098829,0.264603,2.879554,0.106955,3.43013,0.013029,3.747093,-0.078924,3.872723,-0.20473,3.843347,-0.370427,3.629866,-0.569063,3.244135,-0.804484,2.703485,-1.057167,2.025383,-1.256344,1.246356,-1.318768,0.439073,-1.246201,-0.321176,-1.07238,-1.011466,-0.856276,-1.617378,-0.65323,-2.126669,-0.523881,-2.538251,-0.478692,-2.861131,-0.510915,-3.082083,-0.598334,-3.168091,-0.706581,-3.075451,-0.819489,-2.762516,-0.935754,-2.26528,-1.045984,-1.651063,-1.128858,-0.995205,-1.154871,-0.347509,-1.089662,0.226408,-0.930712,0.668461,-0.689142,0.93222,-0.396534,1.004907,-0.096116,0.929316,0.154211,0.766671,0.317805,0.572415,0.378447,0.40116,0.359358,0.270973,0.299865,0.18842,0.208318,0.138167,0.109081,0.109005,0.02159,0.088673,-0.047848,0.081804,-0.10237,0.077543,-0.115206,0.065614,-0.085085,0.041871
4,0.077577,-0.055159,0.090804,-0.076867,0.116015,-0.095698,0.137769,-0.118705,0.136395,-0.141034,0.123279,-0.167572,0.10188,-0.195506,0.079759,-0.254203,0.051292,-0.371678,0.005513,-0.556278,-0.077916,-0.794517,-0.20351,-1.056896,-0.384938,-1.319347,-0.63375,-1.563939,-0.949823,-1.752043,-1.316911,-1.848902,-1.679395,-1.85343,-2.009068,-1.759889,-2.286988,-1.563742,-2.500541,-1.269531,-2.628666,-0.904509,-2.670514,-0.494206,-2.62467,-0.042725,-2.499184,0.426964,-2.292532,0.897325,-2.006197,1.355224,-1.662237,1.765351,-1.291481,2.116462,-0.920112,2.397465,-0.566062,2.611758,-0.228337,2.739855,0.088273,2.755456,0.371559,2.668337,0.600968,2.488868,0.762547,2.223207,0.856018,1.888294,0.895168,1.505464,0.894134,1.105745,0.875708,0.704769,0.871384,0.308703,0.903408,-0.079593,0.96485,-0.456514,1.065937,-0.849588,1.212263,-1.266016,1.377516,-1.666858,1.532678,-2.009706,1.683671,-2.283419,1.836396,-2.490403,1.953319,-2.623582,2.014697,-2.67875,2.037376,-2.644813,2.049043,-2.508747,2.046986,-2.290287,2.013251,-1.99435,1.957564,-1.630548,1.889526,-1.214279,1.791789,-0.755691,1.656325,-0.258895,1.47075,0.269952,1.249668,0.791652,1.017086,1.263873,0.810488,1.647906,0.645744,1.92351,0.507695,2.097075,0.369329,2.199585,0.223404,2.239491,0.062286,2.207882,-0.132121,2.105759,-0.358477,1.932265,-0.592411,1.703212,-0.777719,1.449553,-0.881315,1.201383,-0.919904,0.977094,-0.918778,0.762464,-0.898149,0.541794,-0.863576,0.309032,-0.831367,0.057984,-0.816194,-0.21701,-0.828825,-0.518532,-0.866192,-0.848327,-0.933155,-1.190278,-1.030699,-1.502827,-1.137455,-1.749694,-1.201816,-1.904328,-1.198879,-1.946689,-1.13857,-1.873293,-1.035339,-1.693648,-0.905177,-1.421912,-0.756487,-1.09306,-0.589005,-0.737384,-0.408837,-0.384505,-0.238697,-0.055903,-0.100938,0.212547,0.013581,0.394617,0.101615,0.481582,0.181398,0.498548,0.250426,0.470064,0.292234,0.414056,0.290468,0.33981,0.252833,0.253473
4,-1.299544,-1.874834,-1.839295,-1.738488,-2.325663,-1.525426,-2.665066,-1.232913,-2.80287,-0.851373,-2.738595,-0.409059,-2.498804,0.051074,-2.143971,0.518349,-1.731281,0.964367,-1.322259,1.378284,-0.953107,1.759432,-0.649345,2.094714,-0.41016,2.368621,-0.231706,2.589957,-0.090734,2.75139,0.046087,2.853656,0.197158,2.888398,0.363325,2.82739,0.520358,2.683711,0.649583,2.45916,0.762546,2.150327,0.868643,1.767173,0.939088,1.353566,0.962201,0.963185,0.944999,0.62016,0.918996,0.306549,0.910261,0.010355,0.922284,-0.299335,0.946698,-0.6497,0.997051,-1.063469,1.07199,-1.533003,1.157764,-2.01754,1.264433,-2.493247,1.408623,-2.955826,1.563497,-3.359897,1.702607,-3.669333,1.81948,-3.83466,1.904217,-3.8207,1.96853,-3.650031,1.996922,-3.382781,1.932781,-2.999645,1.778362,-2.389397,1.622099,-1.55213,1.511676,-0.563983,1.399062,0.498425,1.285554,1.523949,1.203196,2.396373,1.164816,3.030884,1.140487,3.382326,1.112165,3.471647,1.051085,3.368624,0.926208,3.130403,0.711287,2.819621,0.392874,2.489768,-0.00378,2.160852,-0.420839,1.840061,-0.790148,1.531751,-1.070075,1.239033,-1.271243,0.973199,-1.392937,0.732825,-1.427249,0.499293,-1.406776,0.280699,-1.35102,0.094112,-1.265302,-0.059648,-1.158929,-0.196954,-1.053572,-0.33014,-0.978487,-0.465622,-0.945546,-0.613624,-0.953193,-0.792918,-0.996735,-1.009365,-1.059461,-1.25814,-1.094715,-1.535051,-1.071497,-1.82867,-1.004629,-2.097988,-0.920564,-2.301829,-0.849094,-2.407218,-0.799617,-2.407138,-0.750565,-2.295142,-0.704068,-2.039792,-0.661942,-1.649698,-0.619449,-1.159593,-0.556771,-0.617303,-0.473998,-0.0884,-0.376008,0.350981,-0.273325,0.655107,-0.165533,0.816781,-0.064354,0.85475,0.042042,0.803718,0.150369,0.69668,0.229323,0.568104,0.257002,0.444315,0.228677,0.326731,0.179344,0.216121,0.115446,0.115493,0.037958,0.026941,-0.035883,-0.051745,-0.08973,-0.110454,-0.115525,-0.14895,-0.117588,-0.168106,-0.087186,-0.179423
4,0.047091,0.127933,0.050979,0.130038,0.062249,0.130894,0.080671,0.116113,0.110785,0.085486,0.146809,0.034288,0.182297,-0.055298,0.203926,-0.196499,0.199963,-0.418023,0.150621,-0.736421,0.06396,-1.130043,-0.064524,-1.588546,-0.235551,-2.070125,-0.446144,-2.543262,-0.721552,-2.95575,-1.119878,-3.21873,-1.684719,-3.245441,-2.306334,-2.974854,-2.882736,-2.485716,-3.316677,-1.873502,-3.532998,-1.145825,-3.565253,-0.336478,-3.481099,0.473444,-3.300925,1.199311,-3.002494,1.799094,-2.557491,2.286519,-1.950732,2.663715,-1.182853,2.902528,-0.317146,2.978879,0.576427,2.921307,1.430978,2.764378,2.157292,2.551118,2.675338,2.32261,2.965589,2.088824,3.057097,1.835503,2.987367,1.566687,2.800583,1.28254,2.54842,0.971501,2.272601,0.616337,1.988377,0.212209,1.704773,-0.246683,1.46343,-0.743015,1.317369,-1.266001,1.272678,-1.793556,1.284551,-2.280002,1.300246,-2.684308,1.290047,-3.021168,1.21733,-3.286549,1.058912,-3.415207,0.852765,-3.316888,0.693148,-2.987859,0.648795,-2.496589,0.72657,-1.904165,0.876046,-1.2527,1.018342,-0.589237,1.096655,0.060116,1.115686,0.685014,1.119456,1.274002,1.127138,1.808321,1.121782,2.235675,1.096197,2.541142,1.051668,2.723316,0.98544,2.797044,0.864999,2.7981,0.668613,2.756682,0.414721,2.656683,0.147627,2.493463,-0.094011,2.286069,-0.304751,2.04808,-0.472199,1.804051,-0.599935,1.549095,-0.706983,1.284757,-0.805603,1.019792,-0.890798,0.739396,-0.943988,0.422098,-0.959063,0.071931,-0.973919,-0.293983,-1.013255,-0.657236,-1.065628,-1.016298,-1.114941,-1.33868,-1.157531,-1.628106,-1.194397,-1.878818,-1.221511,-2.084583,-1.251392,-2.204969,-1.25839,-2.208354,-1.224493,-2.091488,-1.130344,-1.85834,-0.961816,-1.528898,-0.734502,-1.146808,-0.48943,-0.757982,-0.261921,-0.409489,-0.072405,-0.129364,0.063284,0.062018,0.139578,0.173708,0.175392,0.225826,0.191974,0.246634,0.184378,0.247325,0.156488,0.243545,0.115298,0.243908,0.070353,0.254899
4,0.556666,-1.637402,0.561049,-2.16306,0.493993,-2.760595,0.320393,-3.326802,0.004496,-3.757206,-0.485466,-3.931545,-1.121694,-3.789356,-1.797003,-3.350625,-2.365478,-2.659542,-2.711708,-1.777068,-2.866105,-0.770737,-2.90668,0.235072,-2.830158,1.106336,-2.59419,1.796851,-2.23895,2.385715,-1.839375,2.871824,-1.407507,3.195368,-0.953448,3.356109,-0.501842,3.435424,-0.087285,3.45763,0.280538,3.401908,0.61474,3.255104,0.956998,2.985974,1.304196,2.595677,1.618386,2.101577,1.851008,1.515073,1.974581,0.843336,1.97548,0.136077,1.886729,-0.564722,1.73322,-1.229638,1.542145,-1.869993,1.381421,-2.467965,1.318809,-2.988437,1.343317,-3.389755,1.411538,-3.628255,1.477583,-3.683109,1.554597,-3.578751,1.689322,-3.362497,1.91046,-3.070735,2.174461,-2.70673,2.396147,-2.187843,2.49303,-1.447191,2.439296,-0.533416,2.249997,0.459873,2.000645,1.425273,1.735946,2.253661,1.492194,2.871403,1.262617,3.284197,1.067471,3.520469,0.909066,3.642461,0.794698,3.716845,0.704975,3.757286,0.610087,3.737362,0.479141,3.640435,0.301042,3.477108,0.078473,3.251703,-0.172134,2.950193,-0.430302,2.553596,-0.676757,2.091602,-0.89909,1.590747,-1.087483,1.055016,-1.214404,0.475159,-1.275566,-0.140897,-1.291783,-0.767802,-1.275645,-1.378103,-1.259364,-1.939441,-1.276674,-2.442519,-1.329783,-2.907585,-1.391995,-3.342948,-1.421219,-3.717567,-1.385406,-3.986402,-1.280426,-4.111259,-1.138054,-4.043194,-0.986917,-3.742858,-0.821266,-3.224811,-0.629142,-2.533093,-0.437745,-1.752938,-0.29308,-0.982635,-0.208064,-0.289418,-0.172487,0.277557,-0.159431,0.681441,-0.138735,0.930991,-0.097401,1.052148,-0.043101,1.07211,0.015018,1.029221,0.074345,0.95043,0.132292,0.855364,0.180183,0.75049,0.203271,0.64802,0.203764,0.555065,0.17866,0.467653,0.134538,0.380069,0.086685,0.290084,0.037198,0.200084,-0.00582,0.114235,-0.022821,0.033488,-0.011544,-0.038287,0.018147,-0.097736,0.060156,-0.145101,0.092242,-0.17638
4,-0.370549,-2.181418,-0.695891,-2.430604,-1.165807,-2.574127,-1.734652,-2.579786,-2.281521,-2.446556,-2.720899,-2.169225,-3.011527,-1.712536,-3.150256,-1.09797,-3.131216,-0.399344,-2.944624,0.340584,-2.592684,1.057054,-2.10316,1.720535,-1.507885,2.318575,-0.870808,2.851268,-0.27281,3.296441,0.229767,3.630437,0.630253,3.846299,0.939237,3.951295,1.171209,3.920079,1.333475,3.751588,1.463159,3.497488,1.59488,3.18566,1.718998,2.794593,1.797009,2.308858,1.80311,1.733626,1.723435,1.093654,1.558453,0.423376,1.313712,-0.220359,1.027604,-0.82691,0.74371,-1.418291,0.488521,-2.023566,0.298661,-2.642434,0.231861,-3.24784,0.300954,-3.802792,0.50579,-4.255227,0.817798,-4.522078,1.16865,-4.519566,1.520405,-4.229666,1.848146,-3.710593,2.165337,-3.071326,2.475482,-2.40942,2.716071,-1.743203,2.779703,-1.004802,2.627914,-0.148061,2.316713,0.763447,1.932162,1.619678,1.569116,2.337988,1.285943,2.896446,1.088466,3.31146,0.967613,3.607819,0.886687,3.797162,0.830316,3.886806,0.776318,3.861953,0.660297,3.738541,0.445084,3.552741,0.143109,3.32195,-0.219498,3.044698,-0.602784,2.703217,-0.964374,2.302283,-1.266078,1.862327,-1.481508,1.400207,-1.61842,0.916781,-1.702036,0.413392,-1.762546,-0.106531,-1.805406,-0.635572,-1.826672,-1.154018,-1.821219,-1.651451,-1.777535,-2.14814,-1.711284,-2.65513,-1.636072,-3.173443,-1.535082,-3.637986,-1.397104,-3.979199,-1.241266,-4.15722,-1.094039,-4.122159,-0.943099,-3.845573,-0.790446,-3.348868,-0.649874,-2.716613,-0.510143,-2.032801,-0.386662,-1.343028,-0.287261,-0.687617,-0.208672,-0.112476,-0.146833,0.352657,-0.104722,0.697296,-0.069836,0.917109,-0.048222,1.011287,-0.023539,1.004626,0.004961,0.928419,0.040173,0.805753,0.070309,0.667078,0.101879,0.524195,0.125075,0.388039,0.151401,0.263812,0.168953,0.15978,0.16861,0.077649,0.141822,0.011943,0.103286,-0.038996,0.066801,-0.075237,0.041504,-0.097259,0.025617,-0.121184,0.023227,-0.143464
4,0.24314,-0.984392,0.114837,-1.379359,-0.078197,-1.788466,-0.337515,-2.176123,-0.713181,-2.499933,-1.198862,-2.685962,-1.722671,-2.649863,-2.203523,-2.399326,-2.591785,-1.968761,-2.87709,-1.407182,-3.064789,-0.759797,-3.10188,-0.047726,-2.934353,0.699866,-2.554424,1.471744,-1.995901,2.243252,-1.343005,2.96359,-0.674439,3.552983,-0.078189,3.956947,0.39503,4.173177,0.76622,4.221172,1.054452,4.135252,1.263999,3.954434,1.417979,3.703937,1.542398,3.405566,1.648396,3.060131,1.73296,2.632828,1.776854,2.083573,1.734451,1.425111,1.581981,0.715756,1.338366,0.023432,1.029047,-0.610537,0.705218,-1.185039,0.417314,-1.715328,0.186714,-2.2271,0.037047,-2.743134,-0.01691,-3.277267,0.064607,-3.836114,0.334699,-4.346062,0.781674,-4.681528,1.31386,-4.754407,1.852118,-4.526802,2.295327,-4.018349,2.576285,-3.305218,2.678053,-2.460485,2.597852,-1.504094,2.39615,-0.476198,2.138937,0.524177,1.858786,1.416444,1.557432,2.126957,1.249171,2.636625,0.953404,2.960093,0.709408,3.157307,0.545076,3.273196,0.435982,3.321697,0.356026,3.291989,0.268903,3.19116,0.141036,3.031171,-0.048782,2.808072,-0.2824,2.532633,-0.52694,2.207686,-0.74092,1.848339,-0.890587,1.458544,-0.977318,1.042518,-1.014597,0.621472,-1.018008,0.204418,-1.01094,-0.217658,-1.032399,-0.645088,-1.081879,-1.073003,-1.144032,-1.507718,-1.209194,-1.979696,-1.283449,-2.49233,-1.361953,-2.991779,-1.435557,-3.395981,-1.480339,-3.620876,-1.462317,-3.622505,-1.376792,-3.381197,-1.227093,-2.909742,-1.011594,-2.284809,-0.764745,-1.583073,-0.533597,-0.879856,-0.337254,-0.252826,-0.177373,0.244479,-0.060726,0.607277,0.016995,0.85304,0.064649,0.97967,0.102686,1.005128,0.142411,0.955488,0.183106,0.852583,0.20507,0.71593,0.199773,0.570254,0.174824,0.43317,0.137213,0.31737,0.100034,0.21772,0.072095,0.13399,0.059684,0.066629,0.049567,0.011448,0.042257,-0.030722,0.036136,-0.06831,0.03085,-0.106617,0.021751,-0.136234
4,-0.159716,-1.753848,-0.374516,-2.09256,-0.665838,-2.354964,-1.041099,-2.525685,-1.493968,-2.589232,-1.981202,-2.50803,-2.451463,-2.188614,-2.837741,-1.611934,-3.045287,-0.855273,-2.984308,-0.031458,-2.688859,0.760049,-2.257541,1.459079,-1.749723,2.053959,-1.226391,2.550176,-0.759366,2.978474,-0.391668,3.342684,-0.097186,3.620648,0.174077,3.780813,0.428541,3.82112,0.650196,3.753116,0.83843,3.582451,1.001998,3.324356,1.127957,2.986286,1.211181,2.589942,1.253339,2.15231,1.26999,1.681888,1.280077,1.180999,1.286533,0.647257,1.262407,0.07638,1.178328,-0.52828,1.046464,-1.151728,0.896374,-1.781372,0.738949,-2.390883,0.611781,-2.956224,0.560307,-3.472634,0.587041,-3.917969,0.675646,-4.241799,0.807588,-4.383622,0.957282,-4.351873,1.140719,-4.176142,1.390974,-3.867777,1.679085,-3.415087,1.923302,-2.773693,2.090443,-1.941872,2.150878,-1.019823,2.098013,-0.112668,1.950211,0.751166,1.725384,1.555149,1.47788,2.226992,1.246263,2.754745,1.072675,3.137225,0.972761,3.37205,0.916283,3.455112,0.858237,3.404438,0.773173,3.254403,0.646759,3.058825,0.453789,2.836336,0.195877,2.584977,-0.096824,2.292391,-0.355899,1.973822,-0.538437,1.6314,-0.655002,1.273026,-0.728683,0.912612,-0.777452,0.554527,-0.825026,0.192801,-0.884713,-0.167965,-0.961744,-0.525913,-1.055475,-0.877212,-1.146757,-1.212263,-1.206515,-1.537894,-1.234109,-1.867051,-1.233837,-2.19489,-1.222571,-2.499362,-1.235655,-2.738608,-1.278693,-2.857024,-1.34062,-2.827656,-1.385883,-2.624475,-1.34795,-2.234703,-1.196894,-1.709589,-0.965021,-1.151437,-0.703673,-0.626415,-0.471772,-0.179501,-0.281604,0.173865,-0.122091,0.434486,0.018792,0.615636,0.144073,0.714685,0.229603,0.737635,0.272104,0.7031,0.277111,0.631194,0.251981,0.541115,0.210715,0.450404,0.153924,0.365991,0.087646,0.289388,0.032994,0.212866,0.015877,0.131682,0.039763,0.055022,0.077512,-0.000465,0.106242,-0.033432,0.119073,-0.046208,0.106251,-0.050112
4,-0.381513,-2.532856,-0.698146,-2.879663,-1.181155,-2.997947,-1.724425,-2.881701,-2.193578,-2.55829,-2.518857,-2.081528,-2.653267,-1.518541,-2.579312,-0.900926,-2.313532,-0.239991,-1.929654,0.426116,-1.514627,1.068881,-1.124786,1.67142,-0.791828,2.221412,-0.518111,2.692163,-0.288129,3.052997,-0.095065,3.305211,0.104626,3.490144,0.333428,3.612884,0.592962,3.651651,0.863394,3.591853,1.120181,3.427991,1.319784,3.178955,1.449867,2.853098,1.525432,2.461936,1.561965,2.00264,1.554004,1.467794,1.500506,0.832377,1.410278,0.124189,1.279229,-0.603419,1.131332,-1.298728,0.998486,-1.920767,0.869009,-2.454267,0.771349,-2.912087,0.754818,-3.307453,0.827388,-3.65546,0.948922,-3.915776,1.103029,-4.048953,1.269146,-4.012301,1.428245,-3.79936,1.584957,-3.442698,1.710269,-2.943424,1.733501,-2.262184,1.641973,-1.412644,1.462161,-0.475116,1.269512,0.436907,1.099743,1.250853,0.965196,1.945005,0.861992,2.494927,0.803857,2.896992,0.788488,3.158671,0.801538,3.310224,0.821226,3.388184,0.817436,3.390253,0.752354,3.315817,0.611228,3.179016,0.413135,2.992059,0.196304,2.754722,-0.018758,2.464366,-0.219541,2.140381,-0.380772,1.801195,-0.502876,1.456782,-0.597764,1.100824,-0.676641,0.729253,-0.757631,0.330636,-0.849018,-0.09806,-0.966438,-0.544041,-1.072709,-1.025141,-1.137724,-1.553799,-1.16611,-2.106737,-1.19049,-2.657683,-1.260965,-3.154354,-1.384436,-3.541322,-1.539585,-3.760175,-1.689453,-3.74722,-1.788103,-3.488057,-1.796442,-2.98906,-1.660116,-2.326617,-1.371584,-1.600468,-0.980451,-0.920729,-0.556866,-0.360049,-0.194396,0.046421,0.040396,0.306188,0.135082,0.4635,0.137726,0.550292,0.089304,0.589726,0.039245,0.597807,0.016193,0.590186,0.026347,0.575364,0.064676,0.549832,0.108316,0.511062,0.13759,0.454629,0.135639,0.37552,0.1158,0.281028,0.091543,0.175986,0.072654,0.074831,0.059615,-0.005114,0.067025,-0.046759,0.084014,-0.051841,0.098035,-0.03965,0.101806,-0.019587
4,0.092431,0.20226,0.109842,0.22106,0.132465,0.206657,0.160187,0.148029,0.18983,0.047696,0.228597,-0.088429,0.258419,-0.262597,0.272299,-0.496352,0.239085,-0.786712,0.141573,-1.134609,-0.041818,-1.554995,-0.331123,-2.048969,-0.748196,-2.572613,-1.280316,-3.008037,-1.866582,-3.240143,-2.41535,-3.191335,-2.832863,-2.854856,-3.079959,-2.223615,-3.175809,-1.380032,-3.129597,-0.415149,-2.931205,0.562155,-2.594894,1.473181,-2.141755,2.20217,-1.603006,2.726537,-1.047564,3.066389,-0.536406,3.231638,-0.121193,3.249675,0.210557,3.17648,0.51002,3.04077,0.799642,2.85377,1.077565,2.603916,1.327696,2.27471,1.550203,1.8496,1.737585,1.322753,1.864136,0.727184,1.919253,0.121772,1.914953,-0.466892,1.90601,-1.036329,1.924998,-1.599012,1.974265,-2.168202,2.009336,-2.740845,2.004326,-3.297272,1.961419,-3.802158,1.872554,-4.168037,1.753478,-4.275304,1.597307,-4.030294,1.382617,-3.453966,1.166965,-2.643282,1.034089,-1.687531,1.041156,-0.623085,1.154884,0.497656,1.273099,1.607308,1.356341,2.571684,1.406334,3.311584,1.429409,3.810282,1.40009,4.089808,1.301533,4.156884,1.1294,4.002754,0.910458,3.65105,0.638067,3.173037,0.301589,2.635535,-0.065716,2.077589,-0.411438,1.533286,-0.670494,1.034541,-0.823793,0.596617,-0.897056,0.228688,-0.934239,-0.081497,-0.961414,-0.362477,-0.996692,-0.643156,-1.060738,-0.930105,-1.16311,-1.216974,-1.283969,-1.526372,-1.406634,-1.890524,-1.514581,-2.272053,-1.598869,-2.58533,-1.651522,-2.765697,-1.636889,-2.776304,-1.535951,-2.595746,-1.347996,-2.25377,-1.121664,-1.804359,-0.895674,-1.284893,-0.673146,-0.749175,-0.462611,-0.247274,-0.277759,0.142626,-0.125458,0.408583,0.004735,0.592322,0.119586,0.698509,0.211921,0.730843,0.25802,0.686022,0.254945,0.574323,0.209032,0.417015,0.147069,0.256354,0.082942,0.123884,0.020594,0.038467,-0.011569,0.002082,0.003265,-0.004202,0.04062,-0.008786,0.090885,-0.014427,0.139511,-0.009573,0.168298,-0.000686
4,0.062473,0.00353,0.065513,0.017143,0.052725,0.040573,0.031603,0.075253,0.011159,0.121168,-0.000309,0.171574,-0.001212,0.217476,0.008503,0.239321,0.02881,0.240119,0.060223,0.232719,0.107065,0.232379,0.178432,0.236442,0.28052,0.230436,0.407823,0.199854,0.561431,0.120131,0.745764,-0.033027,0.920522,-0.251749,1.049371,-0.533483,1.103588,-0.866383,1.041386,-1.229838,0.864581,-1.623744,0.59334,-2.07849,0.229328,-2.547987,-0.268176,-2.924306,-0.933022,-3.086144,-1.699277,-2.949664,-2.464793,-2.506531,-3.110689,-1.816893,-3.564265,-0.96011,-3.784604,-0.0007,-3.730857,1.023022,-3.421962,2.0283,-2.946995,2.887358,-2.378611,3.52534,-1.763958,3.908733,-1.132966,4.083216,-0.485875,4.096291,0.15993,3.980292,0.778658,3.727052,1.323123,3.312786,1.770543,2.772191,2.103255,2.166452,2.317008,1.538367,2.419871,0.917154,2.424186,0.308932,2.356973,-0.317924,2.25251,-0.989082,2.153507,-1.693111,2.099414,-2.412026,2.137481,-3.118957,2.28818,-3.783271,2.507858,-4.351279,2.752273,-4.744266,2.954988,-4.875822,3.059196,-4.649232,3.073074,-4.044344,2.994488,-3.119714,2.83223,-1.956884,2.595837,-0.631947,2.289485,0.714306,1.894684,1.893724,1.416516,2.785031,0.850637,3.39067,0.223636,3.777388,-0.408414,3.991989,-0.992661,4.072747,-1.481628,4.041908,-1.850889,3.905709,-2.058653,3.64518,-2.068372,3.246572,-1.903673,2.719318,-1.635358,2.087125,-1.343565,1.393116,-1.085047,0.670838,-0.893598,-0.048526,-0.759947,-0.731267,-0.659226,-1.365356,-0.563319,-1.950207,-0.453249,-2.508408,-0.364565,-2.980169,-0.321598,-3.27856,-0.351215,-3.373727,-0.452564,-3.253828,-0.603199,-2.916733,-0.761103,-2.416926,-0.871383,-1.825344,-0.921438,-1.20497,-0.900769,-0.628145,-0.810664,-0.18004,-0.66466,0.124973,-0.490124,0.316279,-0.303248,0.409229,-0.130538,0.429207,0.003046,0.400595,0.078388,0.343045,0.09362,0.278195,0.065149,0.211576,0.014811,0.148269,-0.034939,0.094394,-0.068162,0.052437
4,0.10915,0.384375,0.130737,0.409062,0.165691,0.394351,0.218969,0.319796,0.280794,0.173837,0.372634,-0.051349,0.504413,-0.358298,0.67422,-0.757679,0.842704,-1.247756,0.973364,-1.766306,1.046847,-2.269099,1.044788,-2.72046,0.896358,-3.070527,0.528633,-3.219581,-0.06296,-3.099601,-0.791796,-2.750003,-1.543405,-2.257957,-2.22518,-1.662405,-2.79689,-0.941905,-3.223516,-0.056303,-3.452202,0.924951,-3.472361,1.859681,-3.325941,2.656265,-3.071177,3.293768,-2.742228,3.795437,-2.32092,4.170391,-1.804783,4.377438,-1.197037,4.364474,-0.507949,4.111047,0.222651,3.655412,0.917666,3.060422,1.477527,2.386333,1.846077,1.69547,2.063039,1.026517,2.192985,0.407965,2.292188,-0.177843,2.396892,-0.769653,2.487562,-1.374832,2.52785,-2.001675,2.529584,-2.623428,2.525456,-3.207014,2.524314,-3.715745,2.54213,-4.098725,2.590411,-4.299397,2.644003,-4.314506,2.689225,-4.08333,2.709543,-3.550601,2.662854,-2.719274,2.537736,-1.644801,2.32427,-0.424925,2.023326,0.801479,1.657321,1.893534,1.24577,2.796977,0.778684,3.521068,0.278676,4.055121,-0.193902,4.356483,-0.601117,4.440036,-0.931839,4.348637,-1.180713,4.130804,-1.331301,3.798927,-1.362922,3.352017,-1.283967,2.799504,-1.146943,2.171511,-1.00668,1.515943,-0.910004,0.90367,-0.875651,0.364212,-0.867878,-0.115635,-0.83577,-0.578398,-0.760628,-1.047339,-0.664554,-1.517681,-0.575709,-1.956557,-0.501954,-2.345132,-0.439035,-2.657372,-0.399351,-2.88337,-0.416984,-3.045606,-0.49329,-3.122018,-0.600039,-3.028664,-0.711601,-2.707077,-0.834426,-2.195991,-0.963112,-1.603726,-1.064983,-1.017889,-1.090076,-0.479018,-1.020126,-0.020518,-0.859606,0.325238,-0.625475,0.559084,-0.344659,0.699166,-0.071689,0.752593,0.144155,0.738987,0.280123,0.68051,0.338267,0.592319,0.33554,0.477832,0.289737,0.357091,0.210546,0.244736,0.123009,0.150507,0.051233,0.077238,0.007687,0.025135,-0.005792,-0.00792,-0.003423,-0.029943,0.011578,-0.043706,0.03131,-0.054706
4,0.155725,-0.034078,0.218386,-0.206026,0.306588,-0.434208,0.396357,-0.714447,0.479544,-1.045588,0.535243,-1.394041,0.539202,-1.733553,0.443807,-2.073185,0.190235,-2.3894,-0.239616,-2.632989,-0.826095,-2.742753,-1.513541,-2.653225,-2.210452,-2.298488,-2.819897,-1.642404,-3.255478,-0.718619,-3.485781,0.3792,-3.503441,1.514083,-3.363506,2.540568,-3.105886,3.378783,-2.705999,3.958619,-2.19895,4.277024,-1.609226,4.368293,-0.974124,4.286488,-0.334459,4.063946,0.281061,3.722067,0.872104,3.289557,1.403574,2.785118,1.859172,2.231083,2.204604,1.649585,2.415428,1.046613,2.498819,0.409761,2.471666,-0.265579,2.365791,-0.973432,2.26063,-1.690408,2.208413,-2.409948,2.23932,-3.123487,2.357111,-3.778188,2.515143,-4.33194,2.623821,-4.726199,2.619566,-4.862201,2.557513,-4.633036,2.498017,-4.087557,2.479096,-3.324561,2.515163,-2.410894,2.567724,-1.354425,2.563305,-0.229341,2.420073,0.861194,2.066951,1.797004,1.539923,2.523494,0.897624,3.053519,0.214784,3.43568,-0.421751,3.695057,-0.949021,3.847121,-1.349414,3.905406,-1.629383,3.849051,-1.778456,3.646865,-1.787761,3.286883,-1.681833,2.790349,-1.509076,2.203688,-1.330371,1.586213,-1.18392,0.996372,-1.095131,0.468651,-1.056601,-0.00176,-1.036131,-0.438988,-1.000109,-0.858726,-0.93035,-1.278496,-0.838794,-1.701263,-0.772784,-2.115156,-0.752785,-2.512093,-0.778183,-2.887915,-0.838441,-3.204699,-0.911985,-3.428811,-0.984848,-3.537034,-1.03006,-3.495078,-1.053542,-3.278108,-1.075107,-2.908633,-1.10586,-2.40773,-1.128003,-1.822246,-1.127038,-1.19496,-1.088813,-0.538064,-1.004949,0.138166,-0.880976,0.766996,-0.734081,1.273443,-0.578606,1.61245,-0.407773,1.740153,-0.218942,1.655196,-0.023676,1.413689,0.148417,1.101859,0.277876,0.798004,0.358082,0.552446,0.38578,0.386775,0.363188,0.293924,0.296283,0.246379,0.198427,0.2039,0.094828,0.132859,0.005111,0.025848,-0.050323,-0.099913,-0.073009,-0.223585,-0.068479,-0.3243,-0.055325,-0.385159
4,0.045057,0.01533,0.085206,-0.019588,0.134753,-0.069193,0.189972,-0.125177,0.247357,-0.209608,0.309384,-0.369103,0.376154,-0.661116,0.449227,-1.044873,0.523879,-1.530611,0.547337,-2.025192,0.445346,-2.433096,0.133263,-2.647327,-0.41245,-2.61614,-1.173458,-2.393766,-2.025127,-2.012762,-2.820825,-1.437688,-3.447459,-0.65979,-3.817882,0.314863,-3.870463,1.395561,-3.62154,2.402183,-3.158657,3.198413,-2.568393,3.737719,-1.944166,4.01381,-1.319253,4.073398,-0.702046,3.974004,-0.113335,3.748362,0.442297,3.428044,0.961088,3.010373,1.434857,2.478879,1.847732,1.844786,2.175884,1.136964,2.398866,0.417881,2.508909,-0.230187,2.523619,-0.764354,2.47079,-1.19997,2.364139,-1.581983,2.234559,-1.977002,2.113034,-2.435726,2.026041,-2.972986,1.976581,-3.547544,1.934107,-4.087769,1.888159,-4.513721,1.832204,-4.744073,1.772467,-4.656341,1.733593,-4.217769,1.773863,-3.477929,1.925902,-2.519665,2.166479,-1.447534,2.407445,-0.33094,2.524819,0.765513,2.440012,1.753879,2.154268,2.568398,1.69699,3.21966,1.146752,3.72142,0.575788,4.06713,0.034485,4.25087,-0.438083,4.260408,-0.829455,4.077871,-1.111237,3.688522,-1.268956,3.105233,-1.316815,2.373956,-1.290123,1.596729,-1.26032,0.866342,-1.253639,0.292501,-1.269411,-0.129363,-1.259595,-0.461698,-1.188812,-0.768369,-1.068067,-1.08559,-0.923473,-1.419344,-0.799367,-1.773387,-0.744067,-2.129739,-0.780894,-2.456645,-0.910938,-2.700107,-1.092358,-2.80537,-1.285743,-2.721653,-1.450692,-2.43161,-1.547794,-1.972106,-1.548028,-1.412291,-1.433053,-0.842144,-1.216077,-0.323877,-0.926541,0.089911,-0.616173,0.361898,-0.326537,0.505882,-0.074639,0.559014,0.126978,0.548767,0.282518,0.501132,0.408028,0.421276,0.493279,0.31158,0.536814,0.188979,0.535482,0.084296,0.490086,0.024178,0.403489,0.009629,0.290493,0.025562,0.160503,0.059429,0.035096,0.107967,-0.065794,0.149382,-0.122949,0.162652,-0.149163,0.149382,-0.148229,0.111951,-0.135833,0.056375
4,0.022637,0.115328,0.055793,0.123558,0.104939,0.105851,0.166424,0.061229,0.233282,-0.029929,0.315882,-0.206943,0.441442,-0.5531,0.547523,-1.009141,0.608135,-1.544532,0.527476,-2.092609,0.252079,-2.521361,-0.265787,-2.762392,-1.012727,-2.786827,-1.863993,-2.547162,-2.667027,-2.015176,-3.294096,-1.220528,-3.661447,-0.257161,-3.452451,1.099656,-3.456025,1.910362,-1.902279,2.897043,-2.00651,3.544892,-1.885757,4.104774,-1.432444,4.436285,-0.749731,4.497916,-0.108042,4.30951,0.461292,3.95162,0.95609,3.438396,1.380659,2.791149,1.734552,2.07411,1.999566,1.391344,2.172931,0.797761,2.259562,0.290297,2.274593,-0.155534,2.236501,-0.609337,2.141844,-1.117531,2.007992,-1.696066,1.8495,-2.339681,1.694982,-2.983261,1.596273,-3.550033,1.573432,-4.015852,1.603016,-4.377503,1.659736,-4.555926,1.699699,-4.453013,1.716773,-4.005413,1.734723,-3.282049,1.752335,-2.444539,1.776678,-1.599217,1.829447,-0.78927,1.915499,0.000385,1.99001,0.8027,1.989253,1.57374,1.849197,2.28587,1.572058,2.911112,1.185459,3.410059,0.744496,3.767001,0.308683,3.985619,-0.074192,4.019351,-0.359711,3.804265,-0.52777,3.34116,-0.611902,2.699176,-0.680794,1.988959,-0.788745,1.340899,-0.946005,0.816951,-1.120556,0.422245,-1.28684,0.117204,-1.43365,-0.153287,-1.552564,-0.425598,-1.622694,-0.707135,-1.621739,-0.999653,-1.549515,-1.302198,-1.434173,-1.601954,-1.309844,-1.880123,-1.219296,-2.117468,-1.155957,-2.300389,-1.094314,-2.428401,-1.015786,-2.487437,-0.940147,-2.443774,-0.880879,-2.242941,-0.81696,-1.86324,-0.724346,-1.36641,-0.595628,-0.849951,-0.445554,-0.405754,-0.299969,-0.037176,-0.179416,0.299414,-0.088645,0.6109,-0.009869,0.844798,0.068783,0.951858,0.14171,0.933906,0.202662,0.80658,0.235755,0.614796,0.233977,0.426614,0.206487,0.291518,0.159073,0.21531,0.107719,0.176738,0.059001,0.157934,0.012435,0.144721,-0.025281,0.137502,-0.060084,0.139752,-0.075548,0.148937,-0.075993,0.157135
4,-0.063547,0.138515,-0.052096,0.129594,-0.037024,0.098587,-0.018603,0.056978,-0.00211,0.021812,0.01293,0.003744,0.026795,0.004266,0.044129,0.027865,0.056529,0.066124,0.060965,0.106605,0.075731,0.135963,0.101555,0.141769,0.133013,0.116597,0.171761,0.061658,0.229042,-0.02813,0.302916,-0.159419,0.383255,-0.333825,0.465732,-0.553073,0.526571,-0.814481,0.515855,-1.125244,0.354075,-1.494877,-0.030777,-1.882242,-0.621933,-2.210691,-1.329306,-2.419323,-2.057846,-2.452503,-2.710025,-2.223577,-3.224484,-1.675873,-3.528689,-0.861343,-3.570564,0.098118,-3.353684,1.051552,-2.93038,1.877102,-2.347271,2.516793,-1.691675,2.959857,-1.036178,3.220007,-0.415442,3.371445,0.169895,3.37659,0.700046,3.166946,1.150082,2.777232,1.49261,2.316375,1.70283,1.882158,1.792012,1.476043,1.775426,1.069188,1.729954,0.61797,1.721737,0.061725,1.755847,-0.591145,1.817318,-1.33899,1.91796,-2.151724,2.068145,-2.98149,2.257484,-3.758866,2.424009,-4.394639,2.464246,-4.753352,2.386013,-4.725266,2.310233,-4.346261,2.322705,-3.743082,2.458183,-2.992349,2.712713,-2.150165,2.919194,-1.158019,2.929983,-0.071418,2.74091,0.934125,2.389926,1.729586,1.896614,2.309362,1.292755,2.703714,0.624692,2.971064,-0.034236,3.163763,-0.608578,3.281701,-1.06466,3.342388,-1.402677,3.352926,-1.608287,3.283039,-1.675642,3.077313,-1.601184,2.694625,-1.449357,2.139167,-1.333679,1.484338,-1.297486,0.82452,-1.288258,0.230004,-1.243281,-0.274301,-1.169932,-0.705256,-1.084271,-1.123742,-1.011788,-1.555847,-0.986925,-1.985633,-1.042495,-2.36117,-1.14286,-2.591162,-1.222124,-2.603952,-1.25546,-2.408207,-1.24857,-2.074434,-1.2058,-1.699362,-1.126217,-1.343884,-1.012763,-1.006077,-0.868958,-0.677507,-0.712045,-0.36413,-0.548863,-0.091163,-0.38596,0.12786,-0.241466,0.292963,-0.126452,0.406788,-0.033978,0.470872,0.039425,0.492578,0.096269,0.474604,0.132138,0.428638,0.148942,0.378339,0.147174,0.327289,0.132845,0.277522
4,0.071513,0.018263,0.031245,-0.004996,0.008969,-0.001052,0.025417,0.034838,0.05671,0.0795,0.085109,0.124466,0.098171,0.178849,0.085812,0.23335,0.067128,0.265217,0.05545,0.25834,0.054268,0.202303,0.057257,0.110809,0.070807,0.007312,0.104349,-0.095637,0.1708,-0.206937,0.279052,-0.361351,0.415813,-0.605847,0.568479,-1.016935,0.693707,-1.532002,0.72885,-2.126732,0.602506,-2.648233,0.232936,-2.919277,-0.429703,-2.894163,-1.352811,-2.63785,-2.399792,-2.230012,-3.378715,-1.610476,-4.124518,-0.796481,-4.526663,0.141452,-4.529183,1.112401,-4.150137,1.999038,-3.452517,2.724633,-2.565122,3.258665,-1.588411,3.60658,-0.616523,3.816473,0.29839,3.864026,1.12862,3.703517,1.85282,3.269255,2.477672,2.578183,2.931727,1.711881,3.147124,0.791222,3.092908,-0.041742,2.81742,-0.711582,2.40771,-1.256491,1.947718,-1.777005,1.482377,-2.378425,1.015673,-3.081407,0.558929,-3.849428,0.146884,-4.587295,-0.119018,-5.090862,-0.15746,-5.089562,0.106828,-4.490182,0.637567,-3.431431,1.32804,-2.114218,2.073878,-0.725983,2.730176,0.5647,3.168873,1.679683,3.319317,2.611659,3.237904,3.332971,3.005017,3.780488,2.65189,3.937759,2.169422,3.827519,1.594137,3.455338,0.938789,2.867285,0.228523,2.197848,-0.477754,1.593133,-1.128277,1.148247,-1.707449,0.860739,-2.247097,0.677621,-2.733268,0.55442,-3.135489,0.415972,-3.427844,0.115711,-3.554855,-0.462199,-3.414099,-1.271453,-2.935341,-2.163165,-2.211716,-3.00994,-1.396096,-3.673006,-0.655584,-3.972974,-0.082705,-3.712661,0.275844,-2.883894,0.482487,-1.705345,0.513808,-0.381179,0.413465,0.892969,0.279162,1.841679,0.186193,2.33669,0.166626,2.450088,0.178979,2.291096,0.188241,1.954632,0.178764,1.514349,0.158134,1.049482,0.120911,0.658153,0.07084,0.400229,0.0232,0.286814,-0.040771,0.261124,-0.117418,0.253625,-0.189236,0.232298,-0.24647,0.186107,-0.297267,0.11711,-0.347619,0.059786,-0.398405,0.045379,-0.439455,0.086344
4,-0.205953,-0.636421,-0.197533,-0.659343,-0.192399,-0.530586,-0.18114,-0.31332,-0.151033,-0.083819,-0.085752,0.078127,-0.005056,0.146223,0.077432,0.124283,0.172174,0.047008,0.293866,-0.078466,0.459124,-0.260395,0.631119,-0.528488,0.754065,-0.94993,0.767811,-1.626725,0.652407,-2.285144,0.367236,-2.892545,-0.087122,-3.28765,-0.68917,-3.382494,-1.378803,-3.144897,-2.090392,-2.614331,-2.745133,-1.848752,-3.269542,-0.939347,-3.588857,0.021072,-3.624357,0.960663,-3.359191,1.804241,-2.846694,2.497466,-2.173216,3.012347,-1.43744,3.382267,-0.718191,3.675709,-0.043477,3.915057,0.568562,4.046169,1.072979,4.001672,1.453094,3.717971,1.741637,3.169586,1.952741,2.404531,2.093602,1.521335,2.135775,0.615703,2.027362,-0.256019,1.768211,-1.086512,1.452683,-1.862203,1.168535,-2.596868,0.967577,-3.282936,0.86426,-3.903773,0.82329,-4.451066,0.815603,-4.779626,0.897928,-4.700933,1.151747,-4.223692,1.541491,-3.57872,1.985278,-2.950059,2.379007,-2.263009,2.638507,-1.437756,2.746086,-0.593174,2.7158,0.14201,2.544765,0.799845,2.225261,1.481344,1.801086,2.21084,1.344227,2.920691,0.921835,3.53924,0.5697,4.03918,0.295266,4.416162,0.063347,4.648301,-0.128914,4.68846,-0.28747,4.481135,-0.459174,4.024464,-0.652705,3.385511,-0.845644,2.642488,-1.010155,1.842466,-1.123707,1.007693,-1.18247,0.192602,-1.217571,-0.591175,-1.248997,-1.3541,-1.298402,-2.10631,-1.34622,-2.85149,-1.368141,-3.51645,-1.394351,-3.972326,-1.45659,-4.129795,-1.55878,-3.98775,-1.684114,-3.624044,-1.798422,-3.11165,-1.846678,-2.472893,-1.795311,-1.745068,-1.629588,-0.984954,-1.378032,-0.271268,-1.069943,0.268974,-0.753632,0.601756,-0.452179,0.777031,-0.17268,0.842163,0.076279,0.809002,0.26832,0.701104,0.398159,0.565226,0.463933,0.442105,0.476353,0.347976,0.454297,0.278506,0.417702,0.230739,0.376245,0.189991,0.325839,0.153791,0.268443,0.115329,0.211219,0.066229,0.168299,0.00104,0.149152,-0.066993
4,0.186805,-0.096825,0.241727,-0.217706,0.264174,-0.388323,0.245544,-0.622835,0.198073,-0.93147,0.136189,-1.30967,0.048813,-1.72789,-0.093654,-2.129159,-0.317653,-2.435985,-0.620145,-2.607921,-0.991629,-2.63763,-1.429834,-2.538261,-1.922333,-2.294108,-2.442058,-1.910367,-2.938438,-1.408942,-3.368361,-0.826059,-3.674592,-0.188234,-3.817447,0.485315,-3.780908,1.160971,-3.563293,1.777052,-3.152349,2.297467,-2.56702,2.697665,-1.852293,2.980582,-1.065312,3.142915,-0.244746,3.167171,0.569083,3.039704,1.306087,2.766017,1.893221,2.376692,2.29917,1.896003,2.55687,1.378743,2.721189,0.850428,2.827095,0.337273,2.871253,-0.159059,2.862163,-0.655363,2.805109,-1.176654,2.713753,-1.724112,2.594859,-2.286136,2.486593,-2.838265,2.443597,-3.349768,2.454797,-3.7876,2.48072,-4.125805,2.51046,-4.267226,2.552244,-4.155589,2.586754,-3.767036,2.558117,-3.096524,2.426629,-2.18674,2.187294,-1.093413,1.860363,0.083999,1.488835,1.214755,1.120015,2.234193,0.809394,3.082489,0.604436,3.713262,0.473785,4.124239,0.371542,4.349083,0.274918,4.419799,0.162555,4.362726,0.014799,4.175466,-0.164349,3.870829,-0.370368,3.453036,-0.56763,2.928252,-0.749265,2.32036,-0.913664,1.651116,-1.0656,0.95478,-1.197945,0.276144,-1.310923,-0.388442,-1.424464,-1.026393,-1.53089,-1.619001,-1.631814,-2.168588,-1.728383,-2.680935,-1.818811,-3.162558,-1.894379,-3.55851,-1.960284,-3.771039,-2.015217,-3.755483,-2.052106,-3.517541,-2.065953,-3.089544,-2.036882,-2.514104,-1.914014,-1.85088,-1.698601,-1.178938,-1.423073,-0.54242,-1.120004,0.028781,-0.809611,0.487023,-0.507638,0.796455,-0.222791,0.952573,0.044268,0.979151,0.275074,0.911171,0.458219,0.781971,0.569951,0.61999,0.610275,0.444762,0.597463,0.279928,0.542403,0.149714,0.460316,0.059423,0.368511,-0.00301,0.274165,-0.047323,0.183771,-0.082232,0.091108,-0.115193,0.001853,-0.125583,-0.076469,-0.113019,-0.127402,-0.087717,-0.145127,-0.066704,-0.125498,-0.046823
4,0.139522,-0.080272,0.185534,-0.132094,0.222509,-0.207251,0.243853,-0.325906,0.259489,-0.521474,0.26732,-0.818191,0.235123,-1.231642,0.144523,-1.75732,0.007929,-2.371109,-0.164398,-3.021042,-0.394661,-3.609101,-0.68458,-4.041214,-1.027586,-4.229971,-1.386128,-4.124832,-1.767079,-3.745465,-2.184032,-3.135163,-2.632653,-2.358485,-3.038757,-1.464438,-3.286196,-0.480185,-3.266116,0.536703,-2.937999,1.515563,-2.38914,2.391013,-1.741195,3.105767,-1.070827,3.638723,-0.440382,3.991607,0.120663,4.180789,0.59885,4.218165,1.007554,4.105072,1.355756,3.832581,1.622491,3.409337,1.778776,2.850323,1.812998,2.160498,1.742052,1.340148,1.586861,0.412172,1.379352,-0.532102,1.173566,-1.482646,1.064448,-2.43768,1.101365,-3.336906,1.253547,-4.108696,1.502684,-4.70959,1.865449,-5.162012,2.283461,-5.418721,2.665991,-5.33797,2.92435,-4.837804,3.009301,-3.999498,2.921642,-3.004243,2.712051,-1.986467,2.404271,-0.979243,1.99138,0.036176,1.549342,0.998777,1.210427,1.845466,0.973041,2.574781,0.787173,3.193929,0.638944,3.64264,0.521653,3.908031,0.407805,4.036991,0.261433,4.069113,0.067295,4.021387,-0.180563,3.896684,-0.453148,3.685082,-0.712646,3.372453,-0.905106,2.955839,-1.008867,2.428872,-1.012993,1.81811,-0.941545,1.157625,-0.840177,0.444044,-0.735205,-0.296402,-0.673726,-1.02646,-0.66419,-1.679078,-0.685323,-2.239838,-0.734762,-2.702395,-0.816915,-3.047732,-0.94353,-3.252403,-1.115382,-3.295697,-1.309564,-3.172222,-1.465057,-2.898841,-1.528778,-2.501372,-1.481775,-2.031827,-1.342593,-1.542969,-1.121289,-1.071812,-0.850749,-0.629821,-0.563498,-0.236201,-0.281371,0.099137,-0.030711,0.368315,0.163571,0.555171,0.282737,0.669564,0.336837,0.715425,0.34741,0.702075,0.331456,0.651924,0.302276,0.572721,0.267322,0.470337,0.232551,0.350173,0.197467,0.226586,0.156705,0.121014,0.108711,0.042439,0.061485,-0.004656,0.019965,-0.02728,-0.010941,-0.030163,-0.025023,-0.012777,-0.023609,0.017221
4,0.083579,-0.800774,0.058597,-1.24036,0.045964,-1.705314,-0.003859,-2.172268,-0.136516,-2.616615,-0.376786,-2.97091,-0.747383,-3.152255,-1.241793,-3.136072,-1.831852,-2.942543,-2.449569,-2.559738,-3.009122,-1.973116,-3.40421,-1.22749,-3.550575,-0.394762,-3.450293,0.442305,-3.154679,1.229102,-2.732593,1.921748,-2.231244,2.511795,-1.653789,3.004653,-1.023248,3.398177,-0.383702,3.706635,0.235179,3.920779,0.778178,4.012975,1.236168,3.956311,1.608864,3.721224,1.900596,3.300324,2.120579,2.71791,2.282387,2.001173,2.354318,1.198853,2.313101,0.342603,2.18761,-0.513351,2.00622,-1.349179,1.79695,-2.189019,1.626516,-2.994598,1.541457,-3.746346,1.548948,-4.376209,1.628794,-4.788672,1.748762,-4.901378,1.893693,-4.677623,2.035888,-4.211647,2.161396,-3.553272,2.256272,-2.725872,2.319336,-1.751402,2.352857,-0.683968,2.349268,0.400048,2.289592,1.405687,2.131667,2.290157,1.873037,3.042876,1.584326,3.62722,1.287487,4.036368,0.993784,4.289124,0.721302,4.416219,0.472539,4.442994,0.240571,4.364361,0.019656,4.174929,-0.214508,3.86506,-0.485755,3.416051,-0.768071,2.843394,-0.999753,2.19185,-1.145594,1.517449,-1.196941,0.879907,-1.177473,0.316949,-1.119622,-0.152924,-1.07903,-0.564725,-1.101273,-0.960606,-1.183627,-1.356843,-1.290002,-1.751437,-1.397714,-2.142647,-1.515586,-2.549783,-1.652046,-2.955909,-1.773386,-3.286523,-1.821272,-3.445345,-1.761549,-3.393588,-1.601881,-3.14918,-1.391866,-2.787953,-1.183725,-2.354561,-1.002234,-1.849935,-0.850794,-1.278013,-0.712577,-0.685913,-0.557811,-0.149393,-0.371329,0.303741,-0.163742,0.659166,0.046149,0.912775,0.236407,1.072789,0.383578,1.15352,0.483204,1.156091,0.544503,1.084197,0.57729,0.948246,0.58034,0.778506,0.554301,0.603258,0.507124,0.446912,0.450784,0.31173,0.392902,0.193883,0.342909,0.093449,0.301403,0.019571,0.279038,-0.02478,0.274378,-0.052148,0.279825,-0.068259,0.275678,-0.057468,0.252871,-0.038975,0.217859,-0.026228
4,0.218107,-0.44199,0.195761,-0.860021,0.075226,-1.489795,-0.144523,-2.479295,-0.366775,-3.498769,-0.605111,-4.136872,-0.859019,-4.358533,-1.157297,-4.198461,-1.520881,-3.780189,-1.969185,-3.234022,-2.469891,-2.619825,-2.959816,-1.932878,-3.320397,-1.107172,-3.402309,-0.167634,-3.160879,0.777179,-2.675478,1.634887,-2.083873,2.37475,-1.460721,2.989951,-0.840619,3.47754,-0.260788,3.83119,0.253469,4.057662,0.686096,4.15245,1.049475,4.11234,1.339469,3.922234,1.554687,3.591598,1.703713,3.135987,1.801841,2.556155,1.84973,1.865549,1.864749,1.089255,1.844113,0.306973,1.775789,-0.444238,1.672489,-1.169134,1.551306,-1.901376,1.428802,-2.620677,1.340916,-3.260517,1.317823,-3.788265,1.369728,-4.188529,1.499155,-4.439185,1.703945,-4.494288,1.994076,-4.298925,2.405176,-3.85397,2.855316,-3.216597,3.169421,-2.427702,3.211093,-1.484723,2.986016,-0.429375,2.615188,0.579406,2.201544,1.423568,1.769192,2.10399,1.331018,2.660253,0.919261,3.083555,0.578127,3.3784,0.337113,3.596085,0.187206,3.769337,0.086474,3.888041,-0.012399,3.931036,-0.168208,3.861487,-0.399343,3.645464,-0.675672,3.282356,-0.941047,2.788823,-1.15208,2.195661,-1.279463,1.550111,-1.324086,0.878141,-1.302629,0.197698,-1.248011,-0.482638,-1.207665,-1.144998,-1.19821,-1.765172,-1.207118,-2.354911,-1.220585,-2.893546,-1.233516,-3.346133,-1.227658,-3.641062,-1.184814,-3.724756,-1.116034,-3.606854,-1.083418,-3.331149,-1.114823,-2.902959,-1.198913,-2.367953,-1.283797,-1.802276,-1.29925,-1.258792,-1.187335,-0.749495,-0.95068,-0.277683,-0.64111,0.135187,-0.319381,0.472003,-0.034345,0.715937,0.175909,0.866412,0.302716,0.946556,0.34761,0.972171,0.328579,0.951848,0.265416,0.893172,0.18233,0.811967,0.089367,0.714049,-0.001014,0.590023,-0.064392,0.427629,-0.08386,0.244252,-0.057155,0.06515,-0.008302,-0.089472,0.032459,-0.194782,0.052464,-0.233855,0.050236,-0.215365,0.031269,-0.166229,0.005089,-0.106965,-0.024483,-0.065971
4,-0.10205,-0.061998,-0.05319,-0.201257,0.004139,-0.401602,0.041479,-0.698037,0.029528,-1.286248,-0.087827,-2.314907,-0.258178,-3.119433,-0.535898,-3.705748,-0.919259,-3.76938,-1.39077,-3.378423,-1.878333,-2.784392,-2.325181,-2.122425,-2.672868,-1.398108,-2.853765,-0.570388,-2.822783,0.325583,-2.585157,1.200616,-2.221354,1.977427,-1.801433,2.626586,-1.348825,3.151526,-0.882024,3.560971,-0.423686,3.88717,0.000822,4.147564,0.369544,4.304673,0.685877,4.317367,0.981152,4.159138,1.261356,3.814586,1.510562,3.300563,1.717171,2.642218,1.870576,1.865177,1.97361,1.012384,1.999603,0.089123,1.959095,-0.856738,1.888392,-1.766562,1.816685,-2.614996,1.760962,-3.382128,1.734296,-4.045457,1.747554,-4.591288,1.8012,-5.046273,1.861224,-5.327667,1.941625,-5.280007,2.078998,-4.856678,2.280356,-4.144873,2.490198,-3.207005,2.60712,-2.092273,2.558372,-0.897309,2.343195,0.25722,2.027923,1.291966,1.700282,2.180612,1.393193,2.922461,1.104498,3.50915,0.849234,3.918733,0.633665,4.155734,0.448125,4.25726,0.272069,4.268198,0.093739,4.189022,-0.084061,4.007965,-0.285066,3.719737,-0.525916,3.313505,-0.767004,2.812388,-0.980808,2.244291,-1.141392,1.633419,-1.247226,1.009712,-1.322702,0.369944,-1.385077,-0.278556,-1.428108,-0.936012,-1.450238,-1.554333,-1.461583,-2.125118,-1.465747,-2.650523,-1.489752,-3.126753,-1.545925,-3.507397,-1.623154,-3.712532,-1.707592,-3.709927,-1.793353,-3.529649,-1.863799,-3.178812,-1.882869,-2.664459,-1.819205,-2.035521,-1.666545,-1.366108,-1.433886,-0.741885,-1.141948,-0.186766,-0.816122,0.298134,-0.484278,0.699667,-0.185755,0.99424,0.062064,1.176654,0.25747,1.260157,0.396192,1.261899,0.47997,1.207096,0.519816,1.113864,0.526225,0.982886,0.512254,0.820843,0.479371,0.635198,0.43235,0.448195,0.381932,0.278065,0.33282,0.128304,0.288525,-0.005094,0.245319,-0.121602,0.202829,-0.216307,0.177852,-0.276912,0.173095,-0.307046,0.183247,-0.307871,0.190163,-0.286528
