5,0.03665,0.015012,0.019466,0.029308,-0.002881,0.026191,-0.026564,0.010745,-0.048587,-0.016647,-0.065678,-0.046441,-0.077598,-0.080124,-0.077085,-0.109803,-0.057004,-0.132832,-0.03118,-0.142843,-0.009424,-0.145809,0.000148,-0.148991,-0.011534,-0.152197,-0.034045,-0.159256,-0.061426,-0.174638,-0.088092,-0.205164,-0.107754,-0.263529,-0.122312,-0.361512,-0.143948,-0.489729,-0.170311,-0.637512,-0.18655,-0.799641,-0.178586,-0.957004,-0.132644,-1.095467,-0.039771,-1.201859,0.099256,-1.252691,0.30517,-1.223784,0.591152,-1.081328,0.940276,-0.844884,1.432832,-0.436392,2.0095,0.15291,2.478824,0.869874,2.689004,1.544736,2.596241,2.093874,2.26637,2.503741,1.821289,2.797307,1.368222,2.988956,0.957267,3.074211,0.57587,3.045236,0.223883,2.936907,-0.112392,2.778107,-0.471069,2.59577,-0.865406,2.358901,-1.271696,2.034904,-1.666094,1.593235,-2.016911,1.047896,-2.286294,0.441053,-2.442744,-0.191935,-2.448081,-0.803506,-2.291997,-1.343292,-1.982287,-1.802794,-1.527401,-2.252312,-0.878445,-2.731751,-0.012642,-3.175007,0.945171,-3.491361,1.818177,-3.631229,2.458416,-3.611324,2.771641,-3.507022,2.788847,-3.455935,2.64894,-3.522774,2.477629,-3.691291,2.26163,-3.838027,1.9694,-3.801908,1.573359,-3.55578,1.036696,-3.155377,0.375399,-2.647291,-0.333545,-2.080555,-1.057579,-1.470664,-1.7488,-0.850072,-2.350414,-0.23661,-2.789811,0.322047,-3.001574,0.804995,-2.964446,1.235834,-2.692258,1.639947,-2.226223,1.983536,-1.648306,2.20313,-1.031154,2.294744,-0.427034,2.307334,0.1234,2.281996,0.590747,2.258866,0.944797,2.238412,1.180058,2.199001,1.32032,2.113884,1.374009,2.004344,1.350511,1.883712,1.274359,1.721816,1.175801,1.47468,1.061541,1.166641,0.927931,0.850897,0.758328,0.57356,0.551544,0.374707,0.337114,0.261943,0.14494,0.218766,-0.009662,0.211753,-0.138078,0.223604,-0.23507,0.22115,-0.292657,0.190689,-0.309944,0.141477,-0.285874,0.107353,-0.24597,0.105388,-0.203437,0.13044
5,-0.071392,-0.082605,-0.074128,-0.108223,-0.075587,-0.123447,-0.065489,-0.12324,-0.047521,-0.105429,-0.028946,-0.078097,-0.013465,-0.053898,-0.009223,-0.034153,-0.014387,-0.026117,-0.024449,-0.020086,-0.035404,-0.019717,-0.044709,-0.022827,-0.045986,-0.033227,-0.035039,-0.052201,-0.021109,-0.082877,0.003239,-0.104753,0.031484,-0.11157,0.046404,-0.111636,0.056029,-0.118475,0.068118,-0.144104,0.084517,-0.177158,0.103281,-0.206442,0.138121,-0.215049,0.215586,-0.194788,0.369758,-0.114369,0.620221,0.045804,0.902407,0.297745,1.163386,0.654022,1.390269,1.101961,1.548758,1.596137,1.603837,2.088567,1.526312,2.563329,1.324298,2.973745,1.016039,3.242762,0.620935,3.291601,0.221461,3.178353,-0.188789,2.945791,-0.613233,2.611035,-1.025832,2.124229,-1.399005,1.479943,-1.75334,0.642547,-2.093362,-0.193798,-2.378247,-0.82252,-2.507674,-1.244414,-2.48346,-1.661616,-2.277713,-2.092651,-1.86069,-2.509449,-1.20994,-2.86101,-0.336201,-3.116726,0.66547,-3.251119,1.64971,-3.271031,2.425356,-3.269396,2.874812,-3.323331,2.979986,-3.369034,2.864409,-3.322051,2.702374,-3.183583,2.592297,-3.042899,2.522226,-2.985552,2.400772,-2.971323,2.128214,-2.917222,1.660842,-2.72534,1.065784,-2.373131,0.46209,-1.957611,-0.098324,-1.584367,-0.654527,-1.266413,-1.262415,-0.96918,-1.905379,-0.670901,-2.518063,-0.320144,-3.024716,0.086008,-3.361905,0.500147,-3.48212,0.861585,-3.415375,1.133056,-3.092848,1.427269,-2.527388,1.808734,-1.746663,2.212825,-0.821739,2.530411,0.073782,2.703926,0.813559,2.736273,1.364366,2.674986,1.740106,2.552168,1.946838,2.366446,1.998925,2.115751,1.928949,1.831453,1.771336,1.556911,1.556918,1.304405,1.329388,1.079205,1.113472,0.883335,0.9224,0.702137,0.747135,0.528473,0.588143,0.360116,0.440887,0.212266,0.308653,0.111368,0.201273,0.076233,0.12192,0.098258,0.073638,0.157063,0.044416,0.228544,0.016823,0.280714,-0.017143,0.304349,-0.061335,0.314189,-0.104045,0.308004
5,-0.049921,-0.012071,-0.034106,-0.012086,-0.014447,-0.019788,-0.001821,-0.029989,0.008444,-0.039906,0.012615,-0.048589,0.013055,-0.056329,0.009061,-0.061112,0.002939,-0.059866,-0.004232,-0.055597,-0.012748,-0.050666,-0.022256,-0.046078,-0.035082,-0.044891,-0.048213,-0.046053,-0.05788,-0.05391,-0.065738,-0.070177,-0.06145,-0.085642,-0.051751,-0.100361,-0.039045,-0.114001,-0.028002,-0.125978,-0.016874,-0.141304,0.008501,-0.170834,0.071259,-0.210742,0.192759,-0.238411,0.385466,-0.216919,0.645906,-0.113241,0.963631,0.083209,1.283749,0.366248,1.532292,0.730581,1.676625,1.163021,1.71842,1.641057,1.646226,2.104949,1.453317,2.511834,1.139513,2.861624,0.754309,3.11686,0.342761,3.234654,-0.079404,3.16688,-0.530357,2.921704,-1.01235,2.505689,-1.487907,1.956285,-1.921046,1.299047,-2.268537,0.590501,-2.499267,-0.120786,-2.586603,-0.812299,-2.4993,-1.460721,-2.216408,-2.036754,-1.738243,-2.537766,-1.09408,-2.960387,-0.342064,-3.295676,0.476446,-3.496829,1.306395,-3.565219,2.032583,-3.553968,2.590292,-3.532428,2.964164,-3.572772,3.135928,-3.70531,3.097451,-3.827279,2.849797,-3.811304,2.486264,-3.593673,2.102902,-3.254559,1.727667,-2.914432,1.348209,-2.620772,0.918368,-2.331096,0.421233,-1.989058,-0.12363,-1.601352,-0.693134,-1.210669,-1.259616,-0.859537,-1.778139,-0.545898,-2.207703,-0.235562,-2.517687,0.101937,-2.693872,0.468041,-2.738259,0.860426,-2.651391,1.248283,-2.429855,1.575969,-2.065587,1.833611,-1.561203,2.01982,-0.969247,2.117441,-0.352083,2.132363,0.206714,2.063976,0.670381,1.943507,1.014091,1.800696,1.241731,1.646855,1.370645,1.477048,1.41183,1.302794,1.380626,1.135713,1.294582,0.983265,1.179862,0.833522,1.03408,0.677799,0.871641,0.526565,0.693144,0.4004,0.514656,0.294656,0.34049,0.215401,0.171616,0.147971,0.023362,0.089408,-0.092981,0.053504,-0.169111,0.045079,-0.198066,0.06396,-0.18451,0.094093,-0.138369,0.137195,-0.082286,0.184715,-0.047057,0.227696
5,-0.043205,-0.081508,-0.023017,-0.08573,-0.008335,-0.093408,-0.00827,-0.104861,-0.024996,-0.117515,-0.044093,-0.129981,-0.05942,-0.143179,-0.057816,-0.160954,-0.021076,-0.182678,0.048074,-0.203652,0.15914,-0.19035,0.329805,-0.113458,0.571617,0.033519,0.88018,0.258002,1.214629,0.573341,1.511189,0.972513,1.708505,1.414975,1.768349,1.85396,1.674159,2.239532,1.43552,2.56406,1.088288,2.801818,0.715792,2.95992,0.316752,3.04477,-0.077231,3.05217,-0.462787,2.941411,-0.84,2.671171,-1.22096,2.239313,-1.63395,1.687408,-2.026237,1.081558,-2.332952,0.489059,-2.547155,-0.076027,-2.661286,-0.628363,-2.621669,-1.170552,-2.379076,-1.680165,-1.929989,-2.131172,-1.284485,-2.508492,-0.537342,-2.82024,0.198006,-3.071824,0.83247,-3.249674,1.371793,-3.36347,1.857354,-3.417753,2.3052,-3.447849,2.645465,-3.49273,2.842334,-3.555288,2.925434,-3.60989,2.947366,-3.637854,2.902306,-3.61407,2.755816,-3.437787,2.498263,-3.107161,2.14565,-2.734169,1.707766,-2.413713,1.200496,-2.16255,0.631801,-1.924893,-0.000823,-1.62711,-0.685651,-1.254299,-1.386109,-0.859695,-2.029146,-0.496364,-2.543442,-0.153895,-2.896556,0.204379,-3.079217,0.582209,-3.08883,0.96635,-2.899709,1.324782,-2.512414,1.633926,-1.956901,1.898841,-1.301786,2.125185,-0.604798,2.310168,0.078742,2.430217,0.681808,2.438616,1.161528,2.328399,1.503609,2.119408,1.708815,1.859704,1.757723,1.619709,1.652151,1.440962,1.417908,1.338554,1.109526,1.287374,0.790076,1.233303,0.50926,1.158167,0.296633,1.05582,0.167999,0.928779,0.094625,0.787955,0.052129,0.642846,0.029809,0.503813,0.017556,0.391797,0.017749,0.334153,0.023709,0.34249,0.022993,0.399188,0.010744,0.466848,-0.001935,0.513154,-0.017805,0.531109,-0.023613,0.513906,-0.032964,0.454538,-0.052669,0.35388,-0.069854,0.239781,-0.08457,0.134068,-0.084118,0.06493,-0.060194,0.043837,-0.004898,0.066118,0.058347,0.099766,0.112202,0.117573,0.147443,0.110998
5,0.025655,-0.03463,0.017117,-0.028263,-0.005707,-0.026052,-0.037417,-0.027544,-0.064728,-0.028905,-0.078279,-0.031832,-0.073988,-0.035081,-0.060216,-0.036612,-0.042673,-0.035888,-0.026579,-0.037795,-0.020697,-0.042712,-0.025623,-0.048598,-0.041646,-0.054438,-0.062801,-0.054084,-0.079748,-0.049216,-0.087879,-0.051692,-0.093689,-0.065688,-0.099778,-0.08981,-0.099812,-0.126588,-0.091155,-0.169714,-0.067038,-0.219326,-0.023944,-0.257584,0.045551,-0.264331,0.160624,-0.218594,0.337777,-0.110228,0.569312,0.057361,0.842548,0.292339,1.132835,0.605609,1.40114,1.00043,1.593542,1.456508,1.66933,1.934168,1.616602,2.396855,1.446248,2.780473,1.168363,3.031418,0.799702,3.132874,0.376225,3.086947,-0.075924,2.892727,-0.552956,2.540148,-1.060328,2.077914,-1.571755,1.554639,-2.018708,1.01239,-2.345926,0.481522,-2.544601,-0.038835,-2.63722,-0.541405,-2.596512,-1.038199,-2.371982,-1.533865,-1.985174,-1.99217,-1.480015,-2.39029,-0.862391,-2.721162,-0.096166,-2.980191,0.714902,-3.169217,1.48841,-3.189283,2.146082,-3.154616,2.644706,-3.175344,2.93962,-3.293406,3.039245,-3.46715,3.019655,-3.630082,2.92402,-3.687734,2.742773,-3.540078,2.47317,-3.222206,2.155956,-2.870703,1.81035,-2.578436,1.412574,-2.33959,0.953211,-2.083353,0.473149,-1.771529,-0.021506,-1.409367,-0.573667,-1.028062,-1.19594,-0.651251,-1.810005,-0.301487,-2.334557,0.018538,-2.729154,0.346276,-2.965243,0.705804,-3.03035,1.075856,-2.90363,1.413013,-2.588498,1.682811,-2.114725,1.850044,-1.493302,1.914312,-0.774756,1.889935,-0.052177,1.820771,0.574186,1.723883,1.06096,1.617373,1.404307,1.49588,1.617513,1.367827,1.690489,1.249852,1.641632,1.131926,1.503124,1.004981,1.301026,0.878771,1.05506,0.769398,0.796611,0.664106,0.55182,0.562837,0.350811,0.474366,0.193181,0.406659,0.054092,0.349464,-0.077372,0.30797,-0.196267,0.291478,-0.307071,0.293716,-0.400387,0.304393,-0.463391,0.307135,-0.479738,0.288956,-0.436927,0.262238
5,-0.03088,-0.027651,-0.039199,-0.029499,-0.048432,-0.037002,-0.059051,-0.048081,-0.068965,-0.062287,-0.071603,-0.074877,-0.067666,-0.082725,-0.065845,-0.081202,-0.067013,-0.076001,-0.072785,-0.069659,-0.078073,-0.065422,-0.074308,-0.062507,-0.059668,-0.059344,-0.038802,-0.054719,-0.016471,-0.051836,-0.001696,-0.049535,-0.001467,-0.050571,-0.016737,-0.05079,-0.038483,-0.051364,-0.056231,-0.059759,-0.068095,-0.088758,-0.05648,-0.147469,-0.017118,-0.223837,0.058947,-0.293414,0.186343,-0.360466,0.3989,-0.405472,0.690582,-0.377974,1.012063,-0.204452,1.30529,0.097155,1.524317,0.498647,1.614702,0.960716,1.570723,1.445065,1.410166,1.924168,1.153965,2.378458,0.816018,2.811189,0.440933,3.195212,0.069477,3.463386,-0.276565,3.531442,-0.607381,3.378407,-0.946936,3.019038,-1.319141,2.480631,-1.717531,1.807845,-2.105237,1.06638,-2.464869,0.322541,-2.759101,-0.405433,-2.925417,-1.111532,-2.880812,-1.794304,-2.594462,-2.411611,-2.043882,-2.920089,-1.243184,-3.30449,-0.286083,-3.557801,0.680228,-3.684749,1.51375,-3.7099,2.175383,-3.623889,2.652192,-3.394047,2.958851,-3.052047,3.117669,-2.7026,3.195646,-2.455813,3.225706,-2.33791,3.154665,-2.289296,2.927836,-2.204521,2.544579,-2.034176,2.046904,-1.803367,1.491267,-1.595062,0.910157,-1.475673,0.310515,-1.431689,-0.303646,-1.412818,-0.959049,-1.396914,-1.62893,-1.352423,-2.251977,-1.249929,-2.77012,-1.077688,-3.134988,-0.846829,-3.301558,-0.563003,-3.236388,-0.199448,-2.950692,0.258143,-2.441142,0.780167,-1.750812,1.279143,-0.947279,1.692092,-0.15445,1.994681,0.517078,2.2,0.998185,2.303728,1.286575,2.29766,1.426926,2.194128,1.446792,2.016153,1.351302,1.779074,1.159172,1.511653,0.907848,1.232968,0.645846,0.981418,0.424497,0.759836,0.270255,0.586341,0.17396,0.464359,0.115232,0.378595,0.073271,0.309373,0.044075,0.246512,0.010784,0.189735,-0.023533,0.145157,-0.035736,0.11209,-0.013598,0.095025,0.031039,0.094706,0.073923,0.113504
5,-0.010058,0.077218,-0.022945,0.065957,-0.03983,0.047406,-0.062166,0.028866,-0.086388,0.019702,-0.110815,0.016976,-0.133354,0.021159,-0.152746,0.031455,-0.174813,0.039212,-0.196037,0.037535,-0.20942,0.023291,-0.195177,-0.005437,-0.14681,-0.031114,-0.075735,-0.044502,-0.000277,-0.041326,0.060674,-0.03102,0.088391,-0.023185,0.081252,-0.020412,0.043654,-0.028124,-0.014659,-0.046319,-0.079799,-0.07421,-0.144278,-0.105934,-0.199513,-0.146516,-0.243519,-0.189265,-0.26586,-0.236883,-0.249889,-0.283402,-0.187615,-0.332579,-0.077473,-0.346749,0.080304,-0.298316,0.29622,-0.166257,0.572395,0.045655,0.922945,0.330398,1.323628,0.662108,1.671511,1.041935,1.885199,1.400298,1.939252,1.717018,1.832241,1.999712,1.584702,2.25407,1.241448,2.475705,0.842326,2.631449,0.388191,2.684145,-0.111351,2.60357,-0.60247,2.386679,-1.08073,2.065915,-1.554662,1.660992,-2.005176,1.209778,-2.4182,0.743963,-2.797574,0.269225,-3.089974,-0.223522,-3.153976,-0.752677,-2.875313,-1.297823,-2.299733,-1.799132,-1.51921,-2.20797,-0.599954,-2.504745,0.396023,-2.692349,1.370967,-2.76894,2.257537,-2.793231,2.989614,-2.858459,3.483978,-2.932979,3.702151,-2.898428,3.650182,-2.740511,3.385985,-2.548931,2.994754,-2.409037,2.541896,-2.349969,2.033989,-2.298039,1.458455,-2.162719,0.845167,-1.930087,0.226231,-1.652745,-0.403526,-1.359794,-1.075359,-1.065077,-1.745276,-0.781751,-2.307554,-0.511074,-2.691226,-0.230211,-2.863707,0.072658,-2.837911,0.383967,-2.628563,0.709594,-2.226457,1.053828,-1.667699,1.388113,-1.023186,1.694437,-0.381968,1.944448,0.193138,2.106323,0.655623,2.179164,1.00515,2.186683,1.259717,2.135207,1.408853,2.028572,1.435085,1.858006,1.34655,1.608267,1.167441,1.291185,0.915193,0.959525,0.63684,0.659803,0.371979,0.408869,0.14605,0.210098,-0.033949,0.075869,-0.164952,0.013328,-0.235147,0.00701,-0.239346,0.035619,-0.198398,0.071286,-0.127889,0.110269,-0.046897,0.156854,0.03029,0.207133
5,0.005454,0.01824,-0.040853,0.011231,-0.07262,0.001354,-0.088975,-0.010156,-0.08992,-0.023289,-0.081211,-0.042259,-0.069736,-0.058592,-0.055651,-0.07126,-0.039651,-0.076066,-0.026865,-0.068473,-0.016244,-0.054754,-0.014359,-0.046874,-0.027602,-0.051396,-0.044839,-0.076074,-0.062319,-0.111596,-0.074626,-0.146155,-0.08132,-0.169964,-0.08192,-0.179689,-0.076962,-0.177678,-0.066137,-0.177932,-0.056395,-0.183827,-0.029999,-0.191177,0.015409,-0.188606,0.071978,-0.169712,0.139598,-0.128993,0.227967,-0.066598,0.32949,0.016563,0.437399,0.14713,0.565386,0.346645,0.714216,0.598129,0.889822,0.883078,1.081662,1.21037,1.227509,1.568072,1.255566,1.922866,1.149005,2.264363,0.922523,2.547089,0.609488,2.756354,0.239744,2.880405,-0.143789,2.914047,-0.551472,2.814667,-0.968059,2.57418,-1.395269,2.202709,-1.817526,1.744189,-2.209617,1.195946,-2.548965,0.565605,-2.823391,-0.086832,-3.00004,-0.724077,-2.972856,-1.341805,-2.628242,-1.925246,-1.960248,-2.437249,-1.056129,-2.832646,-0.037445,-3.06868,0.963374,-3.139638,1.843637,-3.092594,2.529744,-3.014712,2.964094,-2.980516,3.161821,-3.005011,3.189314,-3.046472,3.129182,-3.026694,3.015482,-2.930475,2.822275,-2.82111,2.522761,-2.742806,2.117503,-2.690673,1.620056,-2.619378,1.040684,-2.45415,0.407939,-2.182389,-0.243219,-1.865797,-0.926325,-1.52313,-1.626964,-1.187375,-2.259655,-0.876972,-2.746117,-0.580534,-3.038392,-0.274829,-3.120292,0.050684,-2.982119,0.407063,-2.617958,0.790873,-2.039774,1.180343,-1.325046,1.548387,-0.558257,1.880004,0.165042,2.14797,0.755954,2.310703,1.186891,2.351036,1.471395,2.293722,1.641951,2.175834,1.701654,2.018754,1.661396,1.843293,1.53186,1.647364,1.336735,1.42731,1.087637,1.193187,0.819773,0.955858,0.556964,0.713232,0.330491,0.479023,0.143989,0.267439,0.01007,0.086238,-0.080125,-0.053301,-0.136284,-0.141881,-0.153586,-0.180559,-0.13936,-0.16995,-0.099206,-0.1221,-0.056589,-0.039784,-0.024777,0.055656
5,-0.18818,0.104994,-0.140744,0.038808,-0.108109,0.020977,-0.083282,0.014279,-0.068215,-0.021428,-0.082584,-0.074314,-0.102658,-0.12345,-0.109236,-0.163812,-0.107429,-0.189689,-0.100223,-0.192784,-0.096113,-0.181398,-0.112623,-0.173468,-0.143534,-0.172702,-0.187276,-0.171925,-0.236126,-0.175245,-0.280306,-0.183948,-0.299458,-0.195604,-0.286218,-0.20168,-0.235816,-0.203103,-0.164156,-0.206775,-0.08814,-0.218456,-0.03336,-0.240906,-0.0137,-0.287904,-0.028222,-0.377082,-0.057787,-0.496432,-0.071523,-0.617797,-0.034211,-0.710795,0.062713,-0.768241,0.237539,-0.782528,0.509259,-0.716537,0.884397,-0.519223,1.2966,-0.182594,1.676657,0.246138,1.976784,0.722785,2.157039,1.220911,2.185971,1.719045,2.072213,2.172013,1.826442,2.516558,1.457189,2.717768,0.988534,2.798835,0.437208,2.784539,-0.181072,2.680176,-0.833112,2.471543,-1.457917,2.154098,-1.981269,1.748291,-2.344866,1.289903,-2.579123,0.775054,-2.68857,0.185638,-2.654401,-0.473004,-2.45876,-1.161462,-2.076086,-1.831135,-1.484306,-2.414032,-0.714087,-2.840766,0.117027,-3.085899,0.904335,-3.212212,1.632201,-3.299027,2.25218,-3.436158,2.692728,-3.652238,2.895363,-3.851399,2.859363,-3.926737,2.652416,-3.846441,2.334724,-3.653319,1.923436,-3.416435,1.393611,-3.153972,0.790483,-2.835657,0.193841,-2.465547,-0.358792,-2.050319,-0.866386,-1.593166,-1.365106,-1.123193,-1.876907,-0.669546,-2.36055,-0.239077,-2.710239,0.165718,-2.855495,0.5555,-2.714113,0.943648,-2.264889,1.310517,-1.577122,1.619477,-0.790444,1.857015,-0.043172,2.001358,0.549161,2.041817,0.947039,2.000419,1.197264,1.914867,1.351385,1.816262,1.427873,1.725305,1.423818,1.671822,1.339659,1.648725,1.194651,1.583473,0.990875,1.416109,0.752244,1.15123,0.524168,0.840602,0.330903,0.54495,0.177127,0.303416,0.061897,0.134271,-0.02826,0.028927,-0.102557,-0.011817,-0.152708,0.004103,-0.171538,0.060268,-0.155873,0.12366,-0.106098,0.170458,-0.032578,0.192962,0.034288,0.200786
5,-0.19318,-0.168883,-0.179573,-0.196977,-0.16727,-0.215215,-0.15138,-0.223415,-0.131288,-0.221719,-0.110092,-0.216899,-0.080811,-0.222316,-0.04568,-0.238195,-0.013892,-0.253756,0.00454,-0.26254,0.00449,-0.265893,-0.011872,-0.269416,-0.020525,-0.303879,-0.012905,-0.334813,0.045847,-0.353714,0.179219,-0.348659,0.387728,-0.294369,0.656358,-0.196188,0.943108,-0.082817,1.242924,0.013975,1.558256,0.093809,1.891098,0.225651,2.191963,0.44577,2.419866,0.725782,2.581184,1.018201,2.672281,1.277459,2.633227,1.481065,2.37852,1.65205,1.969829,1.789341,1.473789,1.898591,0.897635,1.979118,0.260442,2.03041,-0.417642,2.059065,-1.088434,2.02513,-1.708763,1.887497,-2.242718,1.608819,-2.669868,1.221598,-2.95432,0.756238,-3.069498,0.224946,-3.027354,-0.349408,-2.868839,-0.9715,-2.605475,-1.632797,-2.200504,-2.239258,-1.617691,-2.639316,-0.890073,-2.787638,-0.143023,-2.753712,0.498236,-2.639415,0.966273,-2.511676,1.280697,-2.421123,1.487439,-2.438944,1.630694,-2.566335,1.692318,-2.718613,1.666785,-2.855366,1.493966,-2.937626,1.164459,-2.935628,0.756739,-2.850389,0.262777,-2.682508,-0.272738,-2.472518,-0.723901,-2.27,-1.022938,-2.080187,-1.212586,-1.868224,-1.361271,-1.613404,-1.498282,-1.23836,-1.608867,-0.722907,-1.662293,-0.154806,-1.620528,0.382112,-1.496183,0.823371,-1.301899,1.195856,-1.08848,1.526998,-0.876904,1.817783,-0.642111,2.048327,-0.370373,2.201033,-0.060436,2.260274,0.265664,2.211616,0.575046,2.065217,0.854123,1.850917,1.092467,1.595,1.271315,1.31538,1.395682,1.030037,1.491557,0.764783,1.566658,0.522866,1.609806,0.305917,1.610936,0.118394,1.558933,-0.022975,1.456486,-0.10077,1.308916,-0.110311,1.118918,-0.073226,0.903522,-0.018583,0.689444,0.049918,0.512867,0.109849,0.378612,0.146896,0.276064,0.152339,0.184522,0.125336,0.102167,0.065851,0.020971,-0.004214,-0.051081,-0.067728,-0.108498,-0.11224,-0.155692,-0.142139,-0.192899,-0.158576,-0.215497,-0.157484
5,-0.046163,0.143317,-0.038813,0.105471,-0.030592,0.056179,-0.019409,0.0093,-0.008342,-0.030836,-0.008148,-0.066515,-0.019132,-0.098766,-0.036027,-0.121415,-0.054538,-0.131343,-0.069754,-0.137849,-0.075338,-0.14172,-0.070821,-0.145326,-0.053549,-0.143908,-0.027501,-0.131763,0.0124,-0.110399,0.059543,-0.097849,0.114427,-0.118698,0.193788,-0.172563,0.308125,-0.239298,0.463823,-0.287601,0.6683,-0.269558,0.943508,-0.170439,1.271059,0.020788,1.589342,0.304148,1.85105,0.649128,2.022188,1.002749,2.080122,1.321332,2.04973,1.606761,1.9832,1.876578,1.860228,2.160991,1.609295,2.370404,1.282448,2.461284,0.860544,2.436641,0.349194,2.352431,-0.209104,2.206825,-0.760964,1.989893,-1.289704,1.720412,-1.769588,1.413089,-2.195228,1.066176,-2.49547,0.616061,-2.626364,0.128326,-2.589029,-0.323059,-2.386176,-0.696,-2.070024,-1.06221,-1.690616,-1.414833,-1.282475,-1.751561,-0.875102,-2.056641,-0.478778,-2.324508,-0.094856,-2.538893,0.296838,-2.666832,0.688913,-2.699151,1.028456,-2.643848,1.286332,-2.564631,1.467847,-2.536274,1.558471,-2.60268,1.518244,-2.729625,1.301333,-2.868673,0.953997,-2.988989,0.541103,-3.045645,0.099352,-2.953582,-0.371422,-2.617011,-0.822668,-2.086287,-1.228668,-1.465688,-1.587482,-0.775618,-1.839916,-0.200362,-1.929851,0.05021,-1.865064,0.142882,-1.702476,0.217579,-1.485391,0.335613,-1.279255,0.493265,-1.114002,0.676099,-0.966259,0.875833,-0.806626,1.07726,-0.614131,1.263868,-0.37435,1.401826,-0.09505,1.442013,0.203149,1.38682,0.502474,1.274217,0.809436,1.127498,1.130968,0.945836,1.458917,0.73731,1.740871,0.549251,1.932659,0.428247,1.983149,0.402635,1.890963,0.463577,1.693474,0.551049,1.443611,0.595452,1.172831,0.570174,0.908579,0.494907,0.668404,0.385181,0.460882,0.266772,0.288063,0.149178,0.16629,0.055059,0.087477,0.013485,0.030318,0.026186,-0.021554,0.064082,-0.070897,0.091783,-0.125324,0.089852,-0.178349,0.070071,-0.224332,0.032698
5,-0.21456,0.135813,-0.207192,0.090663,-0.200679,0.025136,-0.199006,-0.043847,-0.186564,-0.112286,-0.139694,-0.186343,-0.044254,-0.251733,0.02251,-0.263957,0.066561,-0.258966,0.111214,-0.263703,0.14965,-0.275055,0.181622,-0.294165,0.226422,-0.306235,0.299731,-0.306662,0.412427,-0.291653,0.571422,-0.256097,0.763013,-0.174305,0.949533,-0.018435,1.142995,0.199511,1.34179,0.472575,1.513695,0.791652,1.668584,1.147745,1.790377,1.552904,1.88655,1.994499,1.93181,2.409509,1.895784,2.741092,1.83609,2.929702,1.829977,2.873387,1.868032,2.502545,1.609257,1.818663,1.091213,1.217649,0.43854,0.753483,-0.310249,0.331175,-1.09564,-0.050628,-1.889041,-0.35182,-2.63276,-0.581474,-3.245305,-0.81818,-3.690357,-1.095103,-3.767654,-1.33649,-3.489105,-1.437938,-3.024959,-1.556373,-2.471765,-1.771374,-1.884051,-2.014566,-1.259522,-2.212182,-0.585048,-2.330212,0.142925,-2.291628,0.854443,-2.093814,1.456077,-1.804608,1.887178,-1.528491,2.140871,-1.342317,2.221568,-1.292165,2.159257,-1.383709,1.973514,-1.520056,1.637978,-1.585993,1.174452,-1.562577,0.719438,-1.516178,0.387246,-1.499887,0.186787,-1.548915,0.075776,-1.66818,-0.035273,-1.792282,-0.208017,-1.810928,-0.457144,-1.680726,-0.758392,-1.435239,-1.074229,-1.153119,-1.348617,-0.86328,-1.54203,-0.53928,-1.651585,-0.188036,-1.685578,0.148091,-1.626713,0.436472,-1.469123,0.687547,-1.204981,0.944378,-0.857264,1.200852,-0.482152,1.417411,-0.099918,1.554059,0.280472,1.5852,0.633876,1.522253,0.945077,1.393599,1.196596,1.237207,1.39318,1.08177,1.533821,0.947809,1.613757,0.835774,1.631623,0.745245,1.61483,0.671407,1.556222,0.627458,1.440747,0.615168,1.266384,0.617176,1.036184,0.613308,0.761903,0.597845,0.463243,0.562579,0.178881,0.504156,-0.068252,0.424608,-0.263454,0.336616,-0.386638,0.248361,-0.421133,0.174715,-0.377608,0.13877,-0.279615,0.152271,-0.158836,0.194844,-0.061963,0.237203,-0.009437,0.245117,0.001959,0.207299
5,0.085303,-0.071265,0.10328,-0.143957,0.105368,-0.213263,0.10542,-0.308147,0.078269,-0.383558,0.022671,-0.438046,-0.032488,-0.497727,-0.045871,-0.476117,-0.025313,-0.431272,0.021251,-0.425527,0.114693,-0.446723,0.270693,-0.498016,0.504277,-0.568583,0.835298,-0.593623,1.238204,-0.444313,1.635942,-0.094276,1.929139,0.399478,2.101082,0.925419,2.165846,1.398065,2.1413,1.789485,2.047294,2.055194,1.888366,2.170513,1.647249,2.176487,1.316836,2.135556,0.907184,2.091558,0.43427,2.056559,-0.085173,2.00913,-0.636592,1.934406,-1.200828,1.803007,-1.726467,1.593753,-2.12092,1.316468,-2.345542,0.981819,-2.459173,0.565556,-2.487631,0.072016,-2.420672,-0.459219,-2.23819,-0.996666,-1.933464,-1.517149,-1.5621,-1.996131,-1.163886,-2.427398,-0.745057,-2.765472,-0.275153,-2.945756,0.240169,-2.921124,0.769576,-2.743923,1.251527,-2.502337,1.642886,-2.256011,1.963103,-2.060392,2.214485,-1.916131,2.321004,-1.793003,2.224149,-1.671596,1.929925,-1.559799,1.47204,-1.421732,0.888045,-1.232563,0.293264,-1.038178,-0.228591,-0.897136,-0.64386,-0.832065,-0.957458,-0.82253,-1.18995,-0.840138,-1.356053,-0.857049,-1.49271,-0.876398,-1.633135,-0.869968,-1.761199,-0.778738,-1.866014,-0.587654,-1.980714,-0.369145,-2.088143,-0.200176,-2.106836,-0.079269,-2.016007,0.06325,-1.821585,0.260013,-1.507213,0.499435,-1.076215,0.728534,-0.590277,0.903054,-0.134833,1.035371,0.264684,1.143119,0.598452,1.224826,0.860541,1.273676,1.034944,1.28644,1.11071,1.255788,1.098995,1.185417,1.054109,1.095808,1.031181,1.013002,1.036759,0.948821,1.050664,0.885864,1.050282,0.793578,1.032029,0.662536,1.009649,0.494648,0.995448,0.314508,0.971744,0.14866,0.908389,0.015944,0.801913,-0.063455,0.658676,-0.100779,0.500925,-0.098759,0.349791,-0.055451,0.212605,0.006387,0.104414,0.057811,0.042959,0.090425,0.029511,0.101365,0.041473,0.087799,0.053643,0.05027,0.057511,-0.013319,0.043468,-0.081388,0.008962,-0.128635
5,0.060476,0.144369,0.080285,0.10747,0.089556,0.070813,0.082076,0.041176,0.068729,0.023053,0.067561,0.014545,0.085904,0.023153,0.123757,0.043124,0.158687,0.067469,0.170099,0.081926,0.147247,0.07328,0.092572,0.040867,0.021049,-0.010086,-0.049012,-0.079554,-0.093039,-0.162189,-0.089294,-0.249932,-0.011685,-0.34753,0.163875,-0.457554,0.456359,-0.540009,0.846685,-0.542091,1.324238,-0.432077,1.804857,-0.175236,2.190266,0.235987,2.393698,0.74681,2.422385,1.289593,2.320698,1.767958,2.129188,2.118944,1.870545,2.339119,1.549609,2.464518,1.186225,2.507625,0.769952,2.480021,0.292931,2.410894,-0.240633,2.309508,-0.790711,2.145054,-1.314897,1.937345,-1.786597,1.707206,-2.188469,1.460051,-2.523822,1.14895,-2.770098,0.740287,-2.868867,0.254276,-2.779252,-0.255886,-2.544748,-0.81669,-2.186721,-1.411066,-1.722508,-1.973745,-1.181081,-2.4378,-0.586263,-2.743948,-0.016179,-2.893371,0.464993,-2.947815,0.84845,-2.96831,1.146942,-3.005381,1.394031,-3.054337,1.610051,-3.070356,1.82532,-2.923591,1.958292,-2.517901,1.884511,-1.861892,1.595335,-1.134645,1.147971,-0.562413,0.644647,-0.272136,0.162631,-0.239127,-0.252944,-0.351133,-0.571991,-0.526537,-0.778727,-0.711322,-0.891185,-0.864013,-0.973316,-0.921941,-1.070264,-0.860876,-1.19533,-0.674926,-1.332456,-0.441625,-1.494705,-0.245988,-1.681522,-0.123245,-1.852598,-0.070994,-1.933121,-0.05146,-1.827826,-0.007164,-1.517349,0.115675,-1.062162,0.340028,-0.561586,0.615218,-0.091234,0.883044,0.28832,1.08486,0.532866,1.204401,0.658833,1.244936,0.728307,1.224478,0.799413,1.148498,0.867301,1.039904,0.93146,0.924604,0.984425,0.810386,0.997266,0.680845,0.966706,0.543651,0.89655,0.415072,0.797079,0.296245,0.685306,0.190508,0.574616,0.110636,0.464528,0.058428,0.344179,0.034452,0.223286,0.024088,0.117103,0.010699,0.033312,-0.004784,-0.027593,-0.020956,-0.058957,-0.034368,-0.061281,-0.058186,-0.038847,-0.088603,-0.008801,-0.112816
5,-0.676978,-0.101082,-0.586779,-0.069638,-0.471308,-0.049315,-0.361882,-0.046533,-0.273507,-0.055048,-0.200081,-0.045346,-0.145818,-0.007056,-0.095974,0.089041,-0.043662,0.200294,0.000577,0.271412,0.039571,0.273136,0.079701,0.196119,0.127533,0.061433,0.167993,-0.09815,0.189924,-0.255399,0.199318,-0.37615,0.201788,-0.440025,0.184053,-0.45714,0.137532,-0.435818,0.08288,-0.413435,0.051995,-0.437289,0.085129,-0.526889,0.213498,-0.671119,0.443524,-0.826554,0.761584,-0.928334,1.106796,-0.960304,1.418417,-0.910037,1.680395,-0.730708,1.888758,-0.388219,2.03638,0.122481,2.110062,0.789423,2.069618,1.572821,1.878788,2.375442,1.548742,3.073947,1.103437,3.553586,0.659113,3.792454,0.212836,3.790894,-0.272977,3.57297,-0.829358,3.163908,-1.400778,2.626067,-1.947147,2.002397,-2.411566,1.331921,-2.740307,0.644997,-2.90705,-0.053383,-2.887604,-0.82268,-2.555779,-1.625188,-1.876584,-2.379936,-1.098245,-3.133868,-0.333521,-3.849436,0.441142,-4.325319,1.231676,-4.443133,2.041954,-4.340283,2.808989,-4.258049,3.425056,-4.296262,3.79903,-4.369896,3.869319,-4.344687,3.645919,-4.154596,3.194312,-3.815029,2.573914,-3.402457,1.851521,-3.027776,1.086135,-2.719617,0.311239,-2.401734,-0.446269,-2.036479,-1.173609,-1.650275,-1.877286,-1.279453,-2.53034,-0.942775,-3.047138,-0.637898,-3.361934,-0.344675,-3.468424,-0.029161,-3.382141,0.315439,-3.087934,0.681243,-2.60359,1.042356,-1.985667,1.338536,-1.261708,1.57724,-0.500082,1.747591,0.228731,1.863614,0.841841,1.95608,1.262056,2.03709,1.481317,2.108117,1.527469,2.154265,1.441601,2.154669,1.276265,2.099421,1.103204,2.002459,0.956042,1.880884,0.840519,1.735457,0.760887,1.54443,0.704829,1.305606,0.654993,1.043512,0.590627,0.788577,0.502914,0.571882,0.406402,0.425828,0.30598,0.339995,0.194999,0.291038,0.065635,0.258793,-0.058018,0.236205,-0.134874,0.215401,-0.170924,0.202294,-0.160134,0.190114,-0.103038,0.169111,-0.014986,0.140085
5,-0.141828,-0.071433,-0.166003,-0.087634,-0.164629,-0.08626,-0.134935,-0.070117,-0.087374,-0.051408,-0.044075,-0.045061,-0.013068,-0.063696,0.007652,-0.106147,0.02558,-0.164619,0.037489,-0.224395,0.045505,-0.274225,0.032656,-0.313096,0.003596,-0.355358,-0.039489,-0.411291,-0.080023,-0.485211,-0.09903,-0.581755,-0.063599,-0.6916,0.059487,-0.776529,0.286512,-0.793947,0.631937,-0.714416,1.080561,-0.526432,1.563634,-0.241448,1.975339,0.126437,2.228703,0.583678,2.309575,1.094275,2.229354,1.603455,2.004387,2.073859,1.624923,2.503299,1.173193,2.904318,0.722028,3.250803,0.309216,3.522726,-0.064929,3.716578,-0.412386,3.818296,-0.741382,3.779382,-1.076183,3.550781,-1.472569,3.13162,-1.922251,2.590493,-2.36134,1.973681,-2.717703,1.280278,-2.947679,0.525345,-3.043913,-0.294649,-2.967654,-1.17568,-2.63585,-2.008122,-2.039125,-2.684405,-1.255751,-3.1865,-0.379072,-3.521619,0.493148,-3.706371,1.301288,-3.777477,2.016888,-3.79217,2.617173,-3.80253,3.065722,-3.844942,3.352189,-3.904391,3.451591,-3.975466,3.339596,-3.995666,3.04748,-3.948632,2.635893,-3.892652,2.145684,-3.861912,1.587659,-3.811176,0.944866,-3.612027,0.238032,-3.196394,-0.470812,-2.655255,-1.128457,-2.113176,-1.705726,-1.620547,-2.168983,-1.197876,-2.507239,-0.831762,-2.718319,-0.495864,-2.81324,-0.165068,-2.8154,0.200439,-2.743143,0.600985,-2.57665,0.995057,-2.289763,1.331608,-1.887242,1.597617,-1.390539,1.802327,-0.833502,1.931978,-0.26417,1.999654,0.265512,2.011538,0.730704,1.976962,1.108228,1.937185,1.36957,1.914685,1.493435,1.904671,1.500949,1.889392,1.425512,1.838753,1.313707,1.720973,1.192032,1.538313,1.065615,1.306683,0.933614,1.070996,0.795313,0.875134,0.656409,0.730912,0.524412,0.627869,0.400632,0.5429,0.29158,0.460916,0.198183,0.36903,0.134201,0.280308,0.100426,0.208545,0.087459,0.154222,0.080024,0.102247,0.076961,0.056226,0.077268,0.030428,0.074361,0.035355,0.07468,0.056612
5,-0.001032,0.002144,0.003268,0.004199,-0.003844,-0.011848,-0.016121,-0.041417,-0.022961,-0.065772,-0.024218,-0.079605,-0.02388,-0.087929,-0.021032,-0.098206,-0.013142,-0.112393,0.00051,-0.124327,0.018538,-0.128879,0.036256,-0.125128,0.050227,-0.115788,0.069866,-0.109549,0.100243,-0.110329,0.148833,-0.110257,0.236674,-0.083758,0.367388,-0.001375,0.518735,0.142169,0.667159,0.337739,0.792187,0.587317,0.879378,0.916297,0.943323,1.315766,0.961067,1.786719,0.896869,2.31888,0.763542,2.899559,0.549912,3.424997,0.238818,3.81003,-0.148775,3.979864,-0.556695,3.941927,-0.972435,3.691434,-1.358747,3.238544,-1.697548,2.628635,-1.987463,1.920006,-2.199635,1.146642,-2.31003,0.351864,-2.33616,-0.416833,-2.300314,-1.109355,-2.175924,-1.720306,-1.885757,-2.22615,-1.395097,-2.605824,-0.729491,-2.878067,0.038557,-3.096452,0.814099,-3.311748,1.522425,-3.554718,2.110187,-3.800728,2.537459,-3.998626,2.774813,-4.113706,2.818011,-4.108772,2.71759,-3.966361,2.538325,-3.714806,2.307915,-3.430572,2.058614,-3.195367,1.800018,-3.052694,1.524045,-2.959894,1.216555,-2.842755,0.853172,-2.663721,0.429081,-2.396364,-0.064355,-2.086151,-0.59173,-1.761579,-1.13664,-1.446251,-1.675966,-1.141294,-2.162498,-0.85532,-2.540534,-0.571242,-2.798405,-0.28653,-2.967499,-0.0003,-3.050466,0.324776,-2.996274,0.705732,-2.809273,1.094779,-2.518817,1.448045,-2.164127,1.745067,-1.768812,1.993652,-1.302765,2.207526,-0.764757,2.352894,-0.169135,2.395081,0.420081,2.336869,0.960196,2.212233,1.398161,2.066748,1.710444,1.935937,1.905484,1.854358,2.01438,1.806444,2.072807,1.737686,2.067847,1.609967,1.985109,1.435138,1.83315,1.227818,1.62562,1.024727,1.378818,0.840679,1.117492,0.676712,0.862876,0.541364,0.621696,0.440694,0.406547,0.362399,0.216962,0.284685,0.046188,0.201488,-0.10624,0.119014,-0.233855,0.045071,-0.310413,-0.015895,-0.321196,-0.050519,-0.278867,-0.052196,-0.206371,-0.017558,-0.129268,0.050758
5,-0.113947,-0.057389,-0.104539,-0.049744,-0.084788,-0.031146,-0.059979,-0.010888,-0.035633,0.003176,-0.012371,0.000991,0.014222,-0.007556,0.045032,-0.013856,0.079555,-0.005717,0.104355,0.023767,0.113113,0.061992,0.106698,0.095241,0.099128,0.117566,0.110292,0.123988,0.140305,0.12227,0.18731,0.141229,0.242711,0.194811,0.296478,0.290014,0.350571,0.413456,0.415746,0.560051,0.486191,0.723437,0.55181,0.907941,0.60645,1.118971,0.639843,1.355726,0.621859,1.636569,0.541649,1.947322,0.403593,2.257041,0.206608,2.519126,-0.04755,2.703022,-0.300781,2.804628,-0.533146,2.816335,-0.749066,2.726589,-0.976444,2.534853,-1.246187,2.245169,-1.548776,1.858595,-1.867473,1.373224,-2.154455,0.804063,-2.380653,0.165962,-2.524756,-0.49557,-2.557789,-1.129753,-2.471629,-1.720972,-2.275394,-2.286699,-1.96522,-2.872735,-1.491035,-3.460647,-0.843436,-3.990904,-0.061032,-4.401986,0.791883,-4.646476,1.622479,-4.686841,2.354216,-4.519168,2.956912,-4.165668,3.414457,-3.69901,3.699436,-3.209053,3.804561,-2.779273,3.726732,-2.457278,3.448983,-2.235403,2.995758,-2.116548,2.404977,-2.036516,1.723583,-1.90846,1.015339,-1.741048,0.336346,-1.599634,-0.274404,-1.531766,-0.824472,-1.559037,-1.351112,-1.651788,-1.886195,-1.720598,-2.413511,-1.684265,-2.900515,-1.50709,-3.298196,-1.219992,-3.536904,-0.866291,-3.575756,-0.454204,-3.398523,-0.013765,-3.046404,0.469241,-2.532549,1.002199,-1.892885,1.563324,-1.168594,2.046271,-0.423961,2.352942,0.273017,2.482444,0.893064,2.474887,1.390626,2.410133,1.735216,2.331226,1.917153,2.272744,1.950561,2.224174,1.877067,2.14454,1.748925,1.989974,1.597261,1.7509,1.432577,1.445489,1.262,1.116138,1.107235,0.81052,0.959832,0.554593,0.806723,0.370479,0.643281,0.254866,0.482981,0.203077,0.337772,0.178513,0.222101,0.160721,0.137479,0.144989,0.085371,0.154169,0.070061,0.183806,0.061938,0.220304,0.043491,0.247221,0.009898,0.24606,-0.025457,0.217968
5,-0.082319,0.025425,-0.088403,0.029737,-0.078508,0.034566,-0.066613,0.036668,-0.046714,0.040848,-0.023151,0.05023,-0.003903,0.062704,0.004257,0.068682,-0.001873,0.059993,-0.014374,0.034951,-0.024751,0.001876,-0.024015,-0.024726,-0.016026,-0.035588,-0.007357,-0.03258,0.000282,-0.023628,0.011293,-0.020947,0.026726,-0.030462,0.048167,-0.048085,0.07633,-0.069098,0.105294,-0.081551,0.136187,-0.074534,0.174868,-0.050699,0.238197,-0.002284,0.330155,0.081202,0.456707,0.213853,0.604897,0.406924,0.766873,0.650927,0.923859,0.95829,1.060881,1.363768,1.166132,1.838911,1.212086,2.323157,0.965005,3.238511,0.651726,3.60928,0.246841,3.846291,-0.198009,3.863262,-0.659057,3.660321,-1.140189,3.264911,-1.632014,2.704641,-2.099566,2.018237,-2.505033,1.267222,-2.831437,0.494299,-3.043747,-0.273886,-3.069002,-1.013004,-2.818578,-1.651352,-2.275614,-2.167643,-1.487455,-2.570246,-0.559758,-2.892455,0.375764,-3.167622,1.2253,-3.392296,1.911541,-3.571785,2.38942,-3.700508,2.66481,-3.759556,2.801347,-3.747673,2.826821,-3.666728,2.798524,-3.523335,2.780233,-3.362395,2.782345,-3.222745,2.732936,-3.106297,2.529151,-2.955153,2.125798,-2.72655,1.612772,-2.443009,1.078067,-2.15148,0.548986,-1.890877,-0.017096,-1.690117,-0.699095,-1.494012,-1.498486,-1.238053,-2.319473,-0.935321,-3.018424,-0.624455,-3.511845,-0.315539,-3.79122,0.018874,-3.802325,0.395247,-3.514666,0.765097,-2.965205,1.063151,-2.246649,1.282499,-1.451636,1.482273,-0.626775,1.709713,0.147301,1.946425,0.811708,2.169872,1.311252,2.338595,1.609463,2.438704,1.736277,2.470912,1.743785,2.440439,1.674718,2.338952,1.561311,2.155599,1.439472,1.889278,1.300305,1.570948,1.124037,1.258133,0.92405,0.984517,0.700288,0.754658,0.474869,0.562149,0.277872,0.411378,0.129221,0.295392,0.034712,0.201701,-0.010234,0.123929,-0.018147,0.06056,0.02503,0.02242,0.099685,0.015275,0.163636,0.036271,0.185744,0.058044,0.161526,0.074886
5,-0.01803,0.007747,-0.034028,-0.001732,-0.05382,-0.001973,-0.077189,0.014644,-0.095307,0.040466,-0.102266,0.067365,-0.102922,0.08853,-0.104965,0.100382,-0.102078,0.097083,-0.098642,0.081674,-0.088509,0.053648,-0.077283,0.023472,-0.07345,-0.008007,-0.075202,-0.042043,-0.079123,-0.075802,-0.078121,-0.110297,-0.068417,-0.145503,-0.062875,-0.177654,-0.049275,-0.206068,-0.014376,-0.226601,0.05539,-0.203019,0.151042,-0.162314,0.284663,-0.116961,0.479124,-0.021953,0.721367,0.1407,0.999483,0.399438,1.283372,0.777634,1.5153,1.242607,1.660519,1.735199,1.696624,2.236772,1.615719,2.72397,1.395419,3.166021,1.02412,3.540226,0.581008,3.844427,0.126057,3.972383,-0.311062,3.846942,-0.737447,3.506404,-1.176669,3.016694,-1.606747,2.440149,-1.996505,1.808601,-2.313802,1.134438,-2.546613,0.428935,-2.691489,-0.297242,-2.725632,-1.010178,-2.622172,-1.671862,-2.366909,-2.250294,-1.947427,-2.740597,-1.374966,-3.125138,-0.688779,-3.415998,0.080952,-3.644226,0.892259,-3.797805,1.645963,-3.854248,2.273786,-3.801469,2.737031,-3.677032,3.010135,-3.51191,3.11358,-3.336113,3.098535,-3.196784,2.998249,-3.135006,2.790201,-3.082591,2.442775,-2.937779,1.974818,-2.703753,1.447597,-2.465563,0.9288,-2.289494,0.424232,-2.14532,-0.08886,-1.965936,-0.634869,-1.708858,-1.187143,-1.379759,-1.6888,-0.997852,-2.095919,-0.567467,-2.390716,-0.090964,-2.524184,0.410563,-2.477423,0.909026,-2.260162,1.364236,-1.885093,1.755105,-1.418488,2.066851,-0.898213,2.292567,-0.383875,2.435555,0.108733,2.46843,0.559593,2.378966,0.932101,2.193439,1.218878,1.95659,1.411757,1.718573,1.491307,1.487617,1.450655,1.274576,1.312047,1.106082,1.115502,0.993293,0.903969,0.913342,0.707182,0.810722,0.527418,0.666217,0.363227,0.511075,0.217977,0.382045,0.097663,0.294212,0.009059,0.229637,-0.036157,0.180826,-0.038316,0.154931,-0.015313,0.156817,0.01329,0.189109,0.027515,0.23829,0.015818,0.268818,-0.018825,0.273711
5,-0.018096,-0.068184,-0.008925,-0.08811,-0.004132,-0.095216,-0.004132,-0.092838,-0.010326,-0.088599,-0.028909,-0.08065,-0.042235,-0.071747,-0.044236,-0.054194,-0.038486,-0.052279,-0.033045,-0.067951,-0.036285,-0.074659,-0.048809,-0.063832,-0.06335,-0.042524,-0.076852,-0.026436,-0.086427,-0.021724,-0.086817,-0.032174,-0.077124,-0.05114,-0.067446,-0.065366,-0.061678,-0.065837,-0.062722,-0.053514,-0.066778,-0.030245,-0.071747,-0.011262,-0.080334,-0.009454,-0.088676,-0.029086,-0.092557,-0.063889,-0.09319,-0.091975,-0.086873,-0.103326,-0.07884,-0.103662,-0.069629,-0.082078,-0.047438,-0.065664,-0.012719,-0.062474,0.029347,-0.073459,0.078736,-0.093751,0.141467,-0.103585,0.220452,-0.086652,0.337906,-0.020503,0.53901,0.126376,0.839301,0.374791,1.193523,0.696921,1.550602,1.099894,1.889646,1.548649,2.180328,2.005617,2.360131,2.462421,2.358559,2.911052,2.131249,3.271698,1.687794,3.486558,1.084562,3.522232,0.404952,3.336595,-0.26211,2.909223,-0.846653,2.274652,-1.333158,1.472983,-1.735695,0.544582,-2.045071,-0.462032,-2.215111,-1.432992,-2.175593,-2.281144,-1.888584,-2.953743,-1.360589,-3.437787,-0.699468,-3.70313,-0.005466,-3.761415,0.740258,-3.694575,1.505267,-3.570285,2.175939,-3.370958,2.642653,-3.065283,2.848391,-2.661541,2.774376,-2.277048,2.386883,-1.983521,1.718076,-1.790674,0.945241,-1.730757,0.163001,-1.765326,-0.571642,-1.83168,-1.240306,-1.821836,-1.819213,-1.672696,-2.286916,-1.38925,-2.573979,-0.991514,-2.678346,-0.503009,-2.626899,0.014049,-2.418419,0.536404,-2.044967,1.066079,-1.51616,1.558327,-0.883515,1.994146,-0.205948,2.33356,0.472363,2.561329,1.100455,2.603262,1.606874,2.440169,1.926433,2.137702,2.032425,1.749715,1.915997,1.337538,1.613269,0.966404,1.182492,0.665408,0.705534,0.434843,0.26035,0.246459,-0.09873,0.072229,-0.326354,-0.107425,-0.428311,-0.274481,-0.440432,-0.408418,-0.401007,-0.482559,-0.332633,-0.468788,-0.256441,-0.370706,-0.191631,-0.202732,-0.138986,-0.013172
5,0.019121,-0.041013,0.009111,-0.060265,-0.004926,-0.06284,-0.026662,-0.049887,-0.04998,-0.030924,-0.064263,-0.018998,-0.065977,-0.009612,-0.054871,-0.009498,-0.042745,-0.009682,-0.036323,-0.010433,-0.031219,-0.011919,-0.027134,-0.013117,-0.0216,-0.016962,-0.012104,-0.018636,0.001642,-0.017114,0.01143,-0.017765,0.014331,-0.023039,0.014637,-0.022013,0.009527,-0.020522,-0.002784,-0.024688,-0.010924,-0.041157,-0.012355,-0.065129,-0.005691,-0.088121,0.006472,-0.09607,0.030056,-0.102869,0.080363,-0.105212,0.17815,-0.096689,0.344081,-0.035551,0.60185,0.126807,0.944849,0.420554,1.309504,0.833386,1.635248,1.324809,1.890088,1.823719,2.052908,2.305354,2.066149,2.742016,1.895545,3.079624,1.565563,3.274204,1.108128,3.325697,0.578039,3.221795,0.047095,2.980716,-0.442996,2.613463,-0.861318,2.08592,-1.229532,1.470881,-1.551485,0.810092,-1.839586,0.123351,-2.067434,-0.572937,-2.160774,-1.23327,-2.061658,-1.831714,-1.755289,-2.345757,-1.298071,-2.73129,-0.788021,-2.977191,-0.264324,-3.073603,0.277676,-3.043159,0.834151,-2.921303,1.362206,-2.761753,1.802083,-2.563246,2.106975,-2.312333,2.265611,-2.047979,2.260873,-1.822852,2.082725,-1.646488,1.739184,-1.559578,1.240526,-1.546801,0.644318,-1.599738,0.017358,-1.701976,-0.572047,-1.828745,-1.067899,-1.92935,-1.465328,-1.96691,-1.783786,-1.895463,-1.987502,-1.714312,-2.076554,-1.405167,-2.102054,-0.970891,-2.082533,-0.48287,-2.002048,0.029289,-1.841575,0.557576,-1.596123,1.062462,-1.262047,1.520335,-0.868682,1.910577,-0.468005,2.208557,-0.07617,2.384964,0.294664,2.399918,0.596833,2.270435,0.79284,2.047531,0.902195,1.775187,0.968439,1.49652,1.004889,1.238489,0.988332,1.022218,0.91094,0.850303,0.794049,0.679743,0.655382,0.487274,0.500358,0.293358,0.339963,0.108672,0.186158,-0.053526,0.060283,-0.17743,-0.011251,-0.238273,-0.03903,-0.236861,-0.041893,-0.188255,-0.02677,-0.113714,-0.00142,-0.038419,0.016927,0.023606,0.017307,0.076102
5,-0.124971,-0.017663,-0.118326,-0.016582,-0.09927,-0.018709,-0.07515,-0.022788,-0.06295,-0.033505,-0.06005,-0.048021,-0.071511,-0.064399,-0.080018,-0.075849,-0.079657,-0.092057,-0.068161,-0.118865,-0.047565,-0.149441,-0.02445,-0.171819,0.002619,-0.184077,0.034311,-0.188478,0.066984,-0.187592,0.108861,-0.17188,0.172386,-0.13597,0.260087,-0.089971,0.386509,-0.037152,0.565038,0.026168,0.798005,0.122753,1.064947,0.253429,1.329282,0.441735,1.557402,0.703553,1.732062,1.0418,1.829952,1.424932,1.814723,1.784923,1.661632,2.046331,1.394522,2.193869,1.068054,2.254048,0.710482,2.271564,0.3334,2.289598,-0.047966,2.323574,-0.388103,2.344855,-0.657284,2.288483,-0.885713,2.171756,-1.107852,1.995425,-1.336573,1.774627,-1.549064,1.491393,-1.706121,1.100752,-1.811311,0.612172,-1.842081,0.050123,-1.750379,-0.562214,-1.527368,-1.155237,-1.166951,-1.704786,-0.695579,-2.212751,-0.184872,-2.661968,0.278347,-3.03348,0.65039,-3.313045,0.953043,-3.4673,1.184182,-3.455385,1.36867,-3.27792,1.498689,-2.986816,1.577728,-2.640775,1.577173,-2.306775,1.498969,-2.071896,1.346675,-1.967465,1.142981,-2.017292,0.866146,-2.144178,0.48638,-2.27314,0.019145,-2.284627,-0.457236,-2.118467,-0.893298,-1.802396,-1.26167,-1.408459,-1.532053,-0.999869,-1.697152,-0.639918,-1.784774,-0.339793,-1.827975,-0.080018,-1.839602,0.161743,-1.817586,0.426705,-1.756379,0.721041,-1.632037,1.032364,-1.436341,1.340767,-1.169276,1.661244,-0.836605,1.953925,-0.464504,2.148797,-0.092291,2.221479,0.255349,2.184186,0.529509,2.049204,0.706434,1.83808,0.815626,1.595772,0.897436,1.334609,0.96841,1.069679,1.015286,0.849821,1.025914,0.680928,0.986967,0.548048,0.910512,0.434709,0.801592,0.335751,0.671858,0.262435,0.548047,0.215416,0.429518,0.195654,0.315103,0.189463,0.223513,0.177348,0.158449,0.154301,0.116588,0.110574,0.08856,0.060475,0.061981,0.019039,0.030075,-0.008735,-0.004843,-0.023005,-0.033439,-0.02809
5,-0.107071,-0.087776,-0.104308,-0.096999,-0.090027,-0.104212,-0.070976,-0.10469,-0.061968,-0.09958,-0.063688,-0.093165,-0.076736,-0.091832,-0.091939,-0.104541,-0.102954,-0.130871,-0.106651,-0.170565,-0.107824,-0.2175,-0.105416,-0.259772,-0.09481,-0.287528,-0.080838,-0.303405,-0.04966,-0.298212,0.011346,-0.270109,0.10814,-0.211218,0.235986,-0.11628,0.394961,0.027315,0.599403,0.256444,0.828761,0.56723,1.045308,0.924403,1.22996,1.29546,1.363471,1.651912,1.410843,1.945511,1.36915,2.178176,1.238162,2.380135,1.014945,2.54755,0.695013,2.666329,0.28313,2.705302,-0.208923,2.670015,-0.692333,2.666907,-1.138644,2.653099,-1.53095,2.522507,-1.835035,2.310906,-2.059753,2.004372,-2.227235,1.581757,-2.340477,1.061525,-2.351127,0.465664,-2.217482,-0.182156,-1.899064,-0.83803,-1.398717,-1.443752,-0.788559,-1.967355,-0.164687,-2.399827,0.405181,-2.773088,0.869556,-3.108792,1.263756,-3.408393,1.612604,-3.631659,1.909895,-3.762319,2.15263,-3.841241,2.366673,-3.813856,2.557656,-3.639907,2.730888,-3.35475,2.824583,-2.977289,2.756073,-2.559485,2.488699,-2.159137,2.069701,-1.809047,1.511621,-1.574398,0.880303,-1.452865,0.222307,-1.424351,-0.416092,-1.38493,-0.98711,-1.262442,-1.522995,-1.106368,-2.001993,-0.955737,-2.349168,-0.810243,-2.542157,-0.67402,-2.615984,-0.540213,-2.598039,-0.401351,-2.490145,-0.252635,-2.282157,-0.065216,-1.97526,0.192625,-1.617778,0.525748,-1.233055,0.87493,-0.856916,1.224634,-0.480817,1.568727,-0.102538,1.852865,0.245406,2.077184,0.532177,2.250747,0.752196,2.339038,0.921845,2.324521,1.050548,2.205805,1.123839,2.006838,1.139763,1.76569,1.110759,1.49933,1.045565,1.23123,0.981172,0.99094,0.915208,0.790446,0.823921,0.617851,0.70373,0.477589,0.572406,0.355714,0.425607,0.246787,0.275967,0.152206,0.137218,0.080067,0.017504,0.026701,-0.055514,-0.018585,-0.07941,-0.050236,-0.068867,-0.058431,-0.040953,-0.041834,-0.022895,-0.008724,-0.016394,0.032693
5,-0.075259,-0.085992,-0.062691,-0.079915,-0.04464,-0.073397,-0.019995,-0.070432,0.010425,-0.064638,0.039528,-0.058187,0.071917,-0.055242,0.11078,-0.05144,0.15956,-0.043475,0.228623,-0.032629,0.316509,-0.010505,0.464071,0.027627,0.685169,0.094357,0.949565,0.201727,1.226191,0.382862,1.477399,0.658579,1.646967,1.009182,1.698772,1.389559,1.624082,1.75298,1.457102,2.102267,1.223089,2.441906,0.93674,2.724924,0.594344,2.922633,0.21658,3.050768,-0.187124,3.104084,-0.587927,3.061589,-0.949966,2.945323,-1.246647,2.778543,-1.487855,2.565908,-1.685904,2.304002,-1.837764,1.995527,-1.931191,1.633573,-1.960606,1.21484,-1.884666,0.752733,-1.667214,0.209895,-1.299699,-0.408259,-0.826011,-1.030624,-0.35822,-1.603071,0.037178,-2.09024,0.365709,-2.495503,0.632848,-2.833413,0.862309,-3.122373,1.038305,-3.354,1.168071,-3.507486,1.269943,-3.58605,1.39737,-3.567391,1.602005,-3.447833,1.860967,-3.267952,2.097935,-3.047201,2.254467,-2.804652,2.307813,-2.533318,2.271568,-2.218135,2.143813,-1.885437,1.934842,-1.571744,1.645433,-1.311591,1.284203,-1.155179,0.873929,-1.082699,0.444889,-1.086592,0.011405,-1.144312,-0.431376,-1.214195,-0.890758,-1.221325,-1.361309,-1.153242,-1.798744,-1.049839,-2.13338,-0.925763,-2.354383,-0.754082,-2.489525,-0.530468,-2.547986,-0.257997,-2.522659,0.039024,-2.392864,0.365379,-2.153918,0.710986,-1.830837,1.045509,-1.450796,1.363535,-1.032876,1.643312,-0.595941,1.855615,-0.134361,1.970503,0.300262,1.966812,0.639675,1.88763,0.874659,1.759279,1.051051,1.567134,1.191397,1.347228,1.278522,1.153518,1.29169,0.992732,1.245909,0.86698,1.158531,0.782433,1.020814,0.734626,0.837289,0.71168,0.625309,0.694243,0.399455,0.659253,0.162032,0.598492,-0.05957,0.526287,-0.23852,0.454804,-0.351354,0.393877,-0.400317,0.332416,-0.387995,0.279651,-0.339134,0.240552,-0.277672,0.20797,-0.218601,0.190164,-0.162407,0.191783,-0.113478,0.190167,-0.078829,0.177376
5,0.003155,-0.108364,-0.005668,-0.088667,-0.015869,-0.07157,-0.023113,-0.057006,-0.028149,-0.050653,-0.040877,-0.048555,-0.061226,-0.062917,-0.076001,-0.085675,-0.084126,-0.100923,-0.075404,-0.105056,-0.054918,-0.103854,-0.026518,-0.095116,0.011453,-0.080637,0.050473,-0.061465,0.103084,-0.035161,0.18537,-0.000496,0.319527,0.053874,0.523018,0.141017,0.797785,0.285478,1.096444,0.515115,1.349886,0.828286,1.511894,1.212081,1.570208,1.604616,1.512945,1.988792,1.334041,2.358815,1.039131,2.690728,0.64549,2.967279,0.177546,3.155764,-0.341686,3.250639,-0.834205,3.264446,-1.219696,3.17798,-1.515945,2.98555,-1.758254,2.718328,-1.96048,2.398641,-2.13011,2.032462,-2.267417,1.599057,-2.342525,1.086042,-2.301049,0.514802,-2.122293,-0.095709,-1.814015,-0.748301,-1.422217,-1.445151,-0.983701,-2.182243,-0.544278,-2.918046,-0.12719,-3.589919,0.26618,-4.14257,0.637387,-4.556446,1.020028,-4.822835,1.454444,-4.883948,1.871433,-4.765137,2.215723,-4.454766,2.468833,-3.99443,2.652107,-3.423787,2.774144,-2.792757,2.843238,-2.149032,2.83748,-1.536556,2.704436,-1.002787,2.414845,-0.598638,2.004832,-0.375099,1.510436,-0.33461,0.958925,-0.490847,0.369219,-0.798455,-0.237549,-1.175127,-0.829008,-1.517296,-1.367532,-1.770075,-1.828384,-1.905118,-2.174809,-1.913435,-2.398105,-1.778366,-2.522026,-1.527306,-2.544577,-1.20534,-2.460562,-0.844559,-2.264481,-0.433858,-1.994301,0.018513,-1.677249,0.470861,-1.313952,0.889881,-0.920674,1.269013,-0.517922,1.600844,-0.135275,1.88972,0.199222,2.146607,0.479455,2.363193,0.684308,2.49051,0.806314,2.505594,0.863807,2.408455,0.883833,2.210455,0.883995,1.952481,0.867255,1.66741,0.829202,1.395081,0.775051,1.158956,0.699417,0.938475,0.580759,0.742092,0.434156,0.561477,0.266104,0.38381,0.102686,0.202009,-0.02831,0.025034,-0.105096,-0.128383,-0.127682,-0.232972,-0.10606,-0.279444,-0.057788,-0.26311,0.00126,-0.173973,0.053067,-0.061711,0.075945,0.039699
5,0.026103,-0.091054,0.042768,-0.0953,0.065478,-0.101154,0.093328,-0.105538,0.134829,-0.107138,0.202574,-0.11109,0.302585,-0.110949,0.443809,-0.089032,0.623913,-0.029693,0.834913,0.099795,1.053798,0.324817,1.234505,0.640688,1.350088,1.023381,1.392365,1.427872,1.349839,1.815801,1.208657,2.189833,0.967264,2.549518,0.610717,2.870491,0.165388,3.149897,-0.317206,3.342383,-0.75132,3.418947,-1.072229,3.379145,-1.305254,3.239841,-1.511068,3.007661,-1.719676,2.686439,-1.928121,2.260777,-2.111959,1.715069,-2.23762,1.048449,-2.276691,0.326358,-2.178119,-0.44847,-1.937934,-1.230415,-1.602601,-1.952423,-1.182422,-2.562869,-0.681398,-3.041382,-0.147568,-3.358124,0.318896,-3.50005,0.670385,-3.492603,0.911981,-3.375056,1.083264,-3.208652,1.244056,-3.052341,1.437328,-2.937363,1.673048,-2.854856,1.989539,-2.78609,2.359653,-2.669746,2.71439,-2.484966,2.970553,-2.274063,3.064272,-2.070188,2.960873,-1.904914,2.624603,-1.803052,2.086217,-1.761859,1.441027,-1.772193,0.781329,-1.804817,0.171918,-1.815284,-0.317711,-1.770301,-0.711981,-1.644826,-1.0408,-1.43497,-1.336482,-1.208062,-1.583752,-1.001293,-1.787746,-0.796543,-1.952832,-0.601986,-2.078302,-0.432163,-2.14885,-0.278693,-2.152452,-0.115174,-2.076573,0.087479,-1.900979,0.338398,-1.622717,0.6215,-1.235402,0.895996,-0.775173,1.164286,-0.302392,1.432835,0.112946,1.659231,0.429769,1.801447,0.636205,1.852141,0.739812,1.841306,0.766401,1.779202,0.729102,1.665214,0.653826,1.524581,0.578195,1.374281,0.526885,1.219461,0.510433,1.057335,0.512764,0.890837,0.51881,0.728925,0.509087,0.575463,0.474816,0.442367,0.409272,0.365023,0.327701,0.369983,0.238349,0.436079,0.153786,0.521197,0.073938,0.580266,0.012636,0.581094,-0.013419,0.522479,-0.007855,0.428741,0.013587,0.323493,0.032874,0.220525,0.046442,0.136771,0.04541,0.091766,0.030567,0.071264,0.007204,0.070554,-0.016317,0.057477,-0.031652,0.024718,-0.030399,-0.019098
5,-0.117517,-0.062566,-0.08682,-0.077255,-0.042342,-0.086419,-0.005858,-0.084146,0.010786,-0.074968,0.009465,-0.06496,-0.003288,-0.060384,-0.017074,-0.063423,-0.023515,-0.084281,-0.005876,-0.116042,0.034936,-0.156724,0.11298,-0.198388,0.229842,-0.210763,0.39995,-0.191887,0.639908,-0.128019,0.931241,0.027432,1.23451,0.29108,1.487161,0.657808,1.67236,1.085915,1.770787,1.535099,1.766395,1.93063,1.664614,2.257264,1.464421,2.535936,1.147181,2.764068,0.724903,2.953344,0.233475,3.120553,-0.278713,3.211998,-0.743379,3.24949,-1.173723,3.268726,-1.522222,3.179519,-1.74304,2.956499,-1.893281,2.653968,-2.039386,2.274866,-2.202013,1.802603,-2.350655,1.23165,-2.444448,0.576424,-2.431654,-0.109234,-2.257594,-0.772991,-1.929761,-1.361528,-1.530055,-1.8469,-1.097908,-2.212935,-0.648793,-2.441179,-0.199693,-2.570223,0.210523,-2.665775,0.527721,-2.751485,0.758901,-2.844702,0.976423,-2.951614,1.281897,-3.056628,1.659493,-3.13161,2.060498,-3.146246,2.449757,-3.092361,2.783701,-2.94906,3.030389,-2.741853,3.154866,-2.514468,3.102403,-2.26837,2.841858,-1.993343,2.400485,-1.736417,1.805197,-1.60632,1.134302,-1.502066,0.451061,-1.389629,-0.170106,-1.301264,-0.69842,-1.191334,-1.127426,-1.073708,-1.473534,-0.991243,-1.71119,-0.948359,-1.862934,-0.903245,-1.947346,-0.821205,-1.991602,-0.695019,-1.999834,-0.510314,-1.973805,-0.2682,-1.902819,0.019697,-1.77596,0.33004,-1.585547,0.625894,-1.349803,0.895113,-1.07654,1.125268,-0.780868,1.314976,-0.49169,1.478481,-0.231822,1.603352,-0.010437,1.674587,0.166451,1.686178,0.302288,1.628505,0.407307,1.515526,0.497178,1.371075,0.577559,1.216262,0.642277,1.081643,0.673368,0.964299,0.662438,0.865011,0.615233,0.771738,0.565696,0.673447,0.520123,0.56928,0.468477,0.459006,0.413574,0.350076,0.350374,0.247843,0.288052,0.173566,0.241617,0.124586,0.212094,0.092862,0.195509,0.066219,0.1666,0.043599,0.110446,0.019232,0.03391,-0.01008
5,-0.105893,-0.090236,-0.092664,-0.10008,-0.070425,-0.123275,-0.051576,-0.154145,-0.041281,-0.182204,-0.040015,-0.199315,-0.04309,-0.191163,-0.043404,-0.162494,-0.043517,-0.126683,-0.050573,-0.102755,-0.056229,-0.096024,-0.054418,-0.102217,-0.037001,-0.11142,-0.001576,-0.128493,0.0687,-0.153565,0.190148,-0.15483,0.373387,-0.12678,0.626903,-0.052802,0.927964,0.085112,1.246724,0.313597,1.549062,0.671041,1.774217,1.134686,1.862139,1.649616,1.795437,2.154123,1.594153,2.575086,1.299365,2.873575,0.940393,3.039586,0.537624,3.10797,0.112824,3.097108,-0.31813,3.025984,-0.738102,2.925065,-1.126257,2.807108,-1.456949,2.637745,-1.728649,2.389202,-1.96143,2.090223,-2.163002,1.75248,-2.305867,1.369678,-2.372895,0.923619,-2.361007,0.392168,-2.251902,-0.194362,-2.006627,-0.797859,-1.624323,-1.370877,-1.131005,-1.906909,-0.589581,-2.412471,-0.057723,-2.883551,0.462441,-3.29395,1.006043,-3.603975,1.559627,-3.767929,2.057266,-3.769111,2.428644,-3.615201,2.701192,-3.345389,2.918948,-3.016187,3.090672,-2.669721,3.17233,-2.328504,3.149697,-2.002951,3.012177,-1.728982,2.728306,-1.557785,2.275063,-1.47807,1.672951,-1.481636,0.985979,-1.551021,0.293787,-1.660023,-0.338089,-1.763933,-0.895592,-1.837807,-1.418332,-1.869123,-1.886063,-1.839861,-2.235121,-1.724189,-2.475329,-1.521224,-2.633339,-1.241087,-2.695096,-0.888527,-2.649633,-0.476188,-2.508066,-0.022894,-2.270135,0.448824,-1.945738,0.892009,-1.573823,1.283821,-1.191949,1.626271,-0.804429,1.922848,-0.443615,2.152664,-0.150074,2.291697,0.053353,2.317993,0.15656,2.236245,0.183902,2.067673,0.192191,1.827653,0.222386,1.528363,0.279924,1.22896,0.356892,0.928345,0.43623,0.644966,0.504967,0.420436,0.552565,0.26125,0.566556,0.161343,0.543574,0.127276,0.494553,0.1319,0.425688,0.153327,0.365298,0.186,0.312612,0.217824,0.26821,0.247903,0.240852,0.269124,0.232544,0.277758,0.239601,0.267074,0.266474,0.249021,0.311438,0.235684
5,-0.057346,-0.137056,-0.061683,-0.12839,-0.057387,-0.12031,-0.04932,-0.119905,-0.037467,-0.124789,-0.032336,-0.132929,-0.027202,-0.138687,-0.008225,-0.141271,0.042709,-0.138984,0.133848,-0.128933,0.283964,-0.090575,0.493511,-0.010765,0.753277,0.114604,1.054954,0.306932,1.377639,0.584816,1.68015,0.963497,1.892493,1.419136,1.961402,1.912258,1.892684,2.38665,1.717369,2.8142,1.448037,3.175596,1.079776,3.46594,0.62756,3.615307,0.107827,3.550144,-0.439558,3.388457,-0.996795,3.18803,-1.534282,2.90067,-2.019978,2.519109,-2.427731,2.058527,-2.696062,1.54498,-2.816178,1.024105,-2.795313,0.509838,-2.651376,-0.001986,-2.394547,-0.480962,-2.033442,-0.894199,-1.593559,-1.239794,-1.133325,-1.561694,-0.650675,-1.894113,-0.126989,-2.231522,0.424926,-2.550594,0.967486,-2.811915,1.480246,-2.987866,1.960222,-3.083971,2.411882,-3.130184,2.800357,-3.166038,3.060666,-3.188175,3.169115,-3.18657,3.153111,-3.133614,3.110884,-3.029657,3.035861,-2.95396,2.815589,-3.02076,2.595191,-3.086701,2.234953,-3.173115,1.74205,-3.309783,1.144954,-3.423322,0.511796,-3.393711,-0.089138,-3.150097,-0.682169,-2.771442,-1.31328,-2.34664,-1.899498,-1.932054,-2.354853,-1.551822,-2.657111,-1.193284,-2.826323,-0.817822,-2.866037,-0.427005,-2.79162,-0.004526,-2.612515,0.442217,-2.339228,0.886358,-1.983003,1.276096,-1.578052,1.557346,-1.184048,1.72079,-0.853897,1.769988,-0.607323,1.729288,-0.455523,1.656035,-0.386379,1.583881,-0.355527,1.507959,-0.311005,1.421514,-0.207561,1.322317,-0.05861,1.177491,0.083964,1.002535,0.201197,0.838624,0.306226,0.730721,0.410205,0.66749,0.49443,0.660565,0.539911,0.690934,0.556874,0.734772,0.553069,0.763414,0.533297,0.741314,0.513223,0.673326,0.50242,0.589288,0.48824,0.514926,0.456587,0.45005,0.413177,0.394166,0.361717,0.345305,0.3214,0.295137,0.298058,0.234793,0.280363,0.172072,0.270963,0.106543,0.264093,0.044898,0.243506,-0.001777,0.220887,-0.035889
5,0.129711,-0.119025,0.177674,-0.122178,0.246397,-0.121821,0.348952,-0.114142,0.49261,-0.085341,0.666037,-0.033451,0.857526,0.041828,1.05253,0.151859,1.231526,0.305407,1.36068,0.492259,1.428874,0.72273,1.456178,1.004134,1.462063,1.356474,1.442558,1.788557,1.373159,2.270349,1.232836,2.753651,1.020401,3.18278,0.744655,3.49859,0.41686,3.645746,0.051625,3.621634,-0.328932,3.439201,-0.744541,3.186691,-1.186806,2.882778,-1.599952,2.493147,-1.993875,2.046287,-2.327268,1.567386,-2.568655,1.047907,-2.703068,0.469548,-2.73198,-0.189638,-2.635045,-0.874825,-2.389469,-1.513565,-1.996639,-2.06699,-1.478633,-2.549119,-0.872784,-2.975638,-0.225029,-3.335321,0.389233,-3.627842,0.962124,-3.861907,1.473326,-4.02601,1.895773,-4.069235,2.238262,-3.961803,2.518675,-3.761443,2.750263,-3.511949,2.959707,-3.229732,3.136559,-2.954971,3.20793,-2.712625,3.1265,-2.502728,2.898675,-2.31065,2.492793,-2.154312,1.946986,-2.066401,1.294226,-1.957929,0.546387,-1.786489,-0.207248,-1.565778,-0.936752,-1.350985,-1.584667,-1.175963,-2.100695,-1.032521,-2.433855,-0.887431,-2.606556,-0.699152,-2.671679,-0.459973,-2.631046,-0.186361,-2.488426,0.106776,-2.261815,0.414863,-1.979612,0.725017,-1.66132,0.991566,-1.348199,1.20325,-1.073844,1.378284,-0.860875,1.519603,-0.711211,1.626028,-0.607618,1.692395,-0.527016,1.712176,-0.444051,1.679859,-0.3386,1.583728,-0.216284,1.431216,-0.087352,1.227399,0.028613,1.012115,0.117683,0.816392,0.164145,0.644961,0.163496,0.520518,0.139022,0.448077,0.120248,0.411241,0.126719,0.388872,0.165737,0.392622,0.231031,0.42009,0.301449,0.454719,0.348651,0.484637,0.381029,0.507331,0.404812,0.519644,0.416045,0.516193,0.39852,0.507288,0.354844,0.500069,0.283667,0.500011,0.198866,0.491367,0.116404,0.453361,0.046103,0.384227,-0.003266,0.305682,-0.024458,0.24353,-0.012544,0.1977,0.017727,0.167873,0.05232,0.138627,0.07425,0.10828,0.070901,0.078288
5,-0.044291,-0.00638,-0.05494,-0.025002,-0.057008,-0.046881,-0.048744,-0.07081,-0.040501,-0.09472,-0.030512,-0.10977,-0.009089,-0.117162,0.017952,-0.119594,0.04563,-0.126775,0.077546,-0.151612,0.120307,-0.211405,0.183309,-0.302473,0.267045,-0.412918,0.375751,-0.510428,0.53858,-0.555309,0.796652,-0.5068,1.145313,-0.326181,1.537415,0.0126,1.902087,0.517459,2.168124,1.156145,2.283497,1.866759,2.210488,2.58705,1.965287,3.202675,1.581655,3.642532,1.080572,3.904628,0.520957,3.988559,0.00044,3.944713,-0.507988,3.83997,-0.977949,3.667575,-1.415178,3.391331,-1.779165,3.000409,-2.063352,2.50581,-2.298078,1.940184,-2.49911,1.322623,-2.666106,0.659695,-2.776785,-0.030043,-2.762427,-0.68655,-2.589155,-1.28619,-2.273258,-1.825379,-1.85627,-2.299917,-1.334901,-2.700942,-0.717832,-3.005149,-0.03204,-3.223808,0.662306,-3.356787,1.363237,-3.426971,2.038494,-3.475296,2.621126,-3.524987,3.060565,-3.518156,3.366173,-3.435339,3.543464,-3.289205,3.579768,-3.116831,3.476955,-2.971607,3.219473,-2.859804,2.815922,-2.793021,2.270522,-2.806145,1.617133,-2.840896,0.879632,-2.825887,0.168194,-2.659734,-0.496648,-2.352732,-1.108318,-2.009653,-1.641255,-1.681587,-2.042462,-1.374557,-2.286786,-1.111312,-2.409479,-0.879765,-2.460315,-0.628415,-2.45432,-0.343465,-2.381886,-0.00783,-2.229253,0.370146,-2.00333,0.767765,-1.737415,1.158546,-1.462415,1.502087,-1.194735,1.765154,-0.950549,1.944472,-0.741287,2.073383,-0.555648,2.156894,-0.393488,2.188732,-0.242513,2.150959,-0.110735,2.01731,-0.001494,1.806418,0.108129,1.538005,0.213674,1.252083,0.304313,0.993102,0.388173,0.788349,0.480668,0.655449,0.574982,0.598072,0.627304,0.599894,0.63409,0.627001,0.608951,0.632253,0.569514,0.602361,0.531239,0.544391,0.479105,0.478675,0.412904,0.416774,0.342061,0.370483,0.281607,0.346953,0.235232,0.348651,0.20944,0.354129,0.206682,0.341164,0.219028,0.312584,0.236678,0.263888,0.237674,0.193523
5,-0.098229,-0.00855,-0.105815,-0.01439,-0.085043,-0.023897,-0.050762,-0.04048,-0.018729,-0.062837,0.008568,-0.08077,0.022659,-0.083341,0.031384,-0.080652,0.043038,-0.085122,0.062206,-0.10261,0.095626,-0.127862,0.142227,-0.150877,0.199372,-0.168282,0.274471,-0.175536,0.37211,-0.164963,0.489651,-0.119931,0.606971,-0.020456,0.704115,0.143891,0.776241,0.389908,0.861556,0.710857,0.971468,1.095441,1.093373,1.518163,1.192418,1.958013,1.248197,2.396427,1.255229,2.786628,1.170984,3.109106,0.975756,3.380777,0.695948,3.552339,0.316885,3.58665,-0.132543,3.498437,-0.620671,3.325198,-1.089324,3.081722,-1.506672,2.745475,-1.844442,2.389649,-2.080558,2.031182,-2.21987,1.666856,-2.296311,1.265159,-2.333003,0.792232,-2.325315,0.279258,-2.254692,-0.249884,-2.108099,-0.7803,-1.907055,-1.31139,-1.67259,-1.845325,-1.371607,-2.349613,-0.956459,-2.785062,-0.420033,-3.121552,0.188943,-3.331544,0.786728,-3.429148,1.366407,-3.467841,1.925216,-3.474433,2.446897,-3.463477,2.90101,-3.462711,3.24024,-3.44664,3.423622,-3.347944,3.479484,-3.154198,3.420435,-2.881268,3.266873,-2.604481,2.984107,-2.410929,2.557311,-2.368818,2.045533,-2.480373,1.484687,-2.628571,0.845952,-2.744425,0.151269,-2.789769,-0.56638,-2.713,-1.292891,-2.488472,-1.955282,-2.116374,-2.453706,-1.624503,-2.746175,-1.069294,-2.897648,-0.502236,-2.951291,0.055108,-2.884329,0.604961,-2.675262,1.117214,-2.355537,1.554625,-1.973843,1.915592,-1.55934,2.227477,-1.122353,2.494654,-0.686761,2.673167,-0.284059,2.766871,0.08979,2.749232,0.416817,2.612878,0.680772,2.406876,0.875707,2.164957,1.024594,1.916914,1.133309,1.683694,1.181139,1.465005,1.156129,1.253403,1.068135,1.038796,0.935438,0.831603,0.761827,0.651702,0.566128,0.497158,0.361086,0.358375,0.183545,0.236104,0.070798,0.132732,0.030228,0.044075,0.033157,-0.033134,0.041782,-0.106972,0.036241,-0.185399,0.006973,-0.250898,-0.03672,-0.292285,-0.067911,-0.300846
5,-0.033574,-0.101223,-0.007934,-0.074969,0.021004,-0.047765,0.052337,-0.029309,0.091469,-0.023455,0.139201,-0.034799,0.191994,-0.067166,0.251462,-0.106383,0.321851,-0.145249,0.409156,-0.168767,0.524256,-0.163605,0.677432,-0.12085,0.876654,-0.02191,1.123181,0.167949,1.397494,0.49207,1.646378,0.960305,1.8283,1.537052,1.889675,2.159292,1.764977,2.756402,1.450319,3.255909,0.99124,3.620465,0.447346,3.839837,-0.0961,3.915157,-0.567336,3.872178,-0.966785,3.739881,-1.315406,3.500832,-1.638124,3.129896,-1.93515,2.695443,-2.192692,2.203958,-2.414273,1.655395,-2.599095,1.040655,-2.701723,0.375129,-2.665538,-0.30483,-2.456744,-0.950372,-2.091076,-1.527634,-1.598492,-2.013939,-1.001699,-2.396556,-0.3548,-2.67916,0.268048,-2.880356,0.760674,-3.039694,1.092432,-3.168539,1.344742,-3.264095,1.609832,-3.342666,1.946409,-3.437007,2.33683,-3.554298,2.728829,-3.658074,3.039286,-3.715745,3.190737,-3.712994,3.172576,-3.666392,3.035316,-3.596232,2.767781,-3.547166,2.437165,-3.497989,2.073673,-3.416358,1.63328,-3.327348,1.12772,-3.230766,0.562022,-3.07994,-0.021257,-2.823254,-0.578928,-2.432586,-1.120215,-1.937979,-1.614458,-1.434553,-2.036715,-0.958877,-2.333303,-0.516295,-2.498435,-0.09799,-2.559271,0.291449,-2.529791,0.651799,-2.425926,0.976938,-2.254822,1.25587,-2.023062,1.486148,-1.773893,1.683411,-1.513177,1.874246,-1.226605,2.052151,-0.923263,2.193027,-0.628978,2.275966,-0.327181,2.296556,-0.020801,2.259932,0.249239,2.187743,0.457086,2.086273,0.649562,1.94232,0.856272,1.77005,1.068761,1.599395,1.259864,1.440897,1.397016,1.290414,1.470511,1.139451,1.494183,0.991682,1.458611,0.862789,1.345696,0.75666,1.156209,0.682713,0.928648,0.614564,0.705922,0.535371,0.513979,0.46271,0.35833,0.394746,0.225634,0.30022,0.126989,0.175172,0.059031,0.045454,0.008652,-0.066238,-0.042809,-0.139438,-0.087541,-0.165929,-0.118129,-0.165048,-0.122941,-0.139538,-0.099066,-0.096954
5,0.089396,-0.050782,0.140938,-0.040936,0.22653,-0.03711,0.349408,-0.051014,0.515025,-0.069299,0.73421,-0.077987,0.974909,-0.041008,1.221107,0.067263,1.467677,0.270995,1.721518,0.597886,1.934378,1.049994,2.064277,1.608737,2.108835,2.232723,2.074256,2.885002,1.934662,3.515184,1.645608,4.062217,1.202172,4.453381,0.681819,4.667505,0.142732,4.791774,-0.434513,4.768287,-0.956447,4.516878,-1.416704,4.089383,-1.815325,3.573134,-2.179536,3.007634,-2.512419,2.40219,-2.775048,1.765609,-2.949998,1.110371,-3.018548,0.466697,-2.946966,-0.119489,-2.740696,-0.611476,-2.433447,-1.002707,-2.091229,-1.32798,-1.771514,-1.649699,-1.47285,-1.995653,-1.13908,-2.347711,-0.72426,-2.660746,-0.219781,-2.910534,0.345301,-3.108729,0.918762,-3.260856,1.459908,-3.340114,1.978743,-3.349469,2.456018,-3.304669,2.902711,-3.229593,3.291347,-3.189821,3.587447,-3.199236,3.767583,-3.229723,3.801717,-3.256428,3.685304,-3.270468,3.44121,-3.347028,3.083189,-3.490811,2.720315,-3.605485,2.308211,-3.691361,1.830599,-3.742844,1.270537,-3.710961,0.631652,-3.558297,-0.048696,-3.299215,-0.764498,-2.96468,-1.482257,-2.585826,-2.132131,-2.148647,-2.623153,-1.62924,-2.897149,-1.051297,-2.992367,-0.464199,-2.988927,0.092057,-2.923397,0.586106,-2.779959,1.029895,-2.567486,1.41953,-2.317514,1.761042,-2.059174,2.055484,-1.783513,2.314002,-1.489684,2.53368,-1.176592,2.678051,-0.843962,2.705395,-0.478272,2.609656,-0.081299,2.433266,0.289563,2.206075,0.584282,1.939967,0.767804,1.683314,0.856121,1.46286,0.874965,1.227386,0.880525,1.003519,0.885196,0.822392,0.887861,0.67864,0.886121,0.581799,0.87513,0.539015,0.853129,0.535986,0.818228,0.540488,0.772496,0.552407,0.724096,0.549252,0.664836,0.513139,0.583343,0.447982,0.483837,0.369072,0.366968,0.281557,0.23978,0.19205,0.130541,0.111712,0.055169,0.039559,0.019271,-0.027301,0.007644,-0.081414,0.007005,-0.119846,0.004689,-0.153708,-6.6e-05,-0.188226
5,0.024909,-0.055638,0.044536,-0.055724,0.050185,-0.0607,0.047892,-0.071039,0.053365,-0.088769,0.080147,-0.105102,0.139126,-0.105001,0.247336,-0.072326,0.411283,0.000428,0.636657,0.124859,0.915085,0.316154,1.218664,0.600424,1.481708,0.984879,1.662158,1.440027,1.748433,1.928373,1.734262,2.408199,1.594275,2.824184,1.3219,3.14362,0.931521,3.353895,0.459091,3.440254,-0.044676,3.43423,-0.566632,3.339975,-1.057675,3.145578,-1.476333,2.86069,-1.798728,2.537938,-2.045336,2.208334,-2.238752,1.864499,-2.364598,1.493901,-2.416443,1.097537,-2.390105,0.669083,-2.291258,0.210442,-2.107107,-0.263463,-1.827506,-0.728942,-1.499759,-1.203117,-1.153212,-1.691697,-0.782037,-2.191112,-0.367822,-2.689416,0.110276,-3.124285,0.625669,-3.45434,1.164398,-3.649749,1.692091,-3.70167,2.176319,-3.61194,2.5965,-3.435493,2.923846,-3.24983,3.146038,-3.063919,3.27213,-2.887833,3.317862,-2.729852,3.30639,-2.608745,3.234149,-2.535381,3.083601,-2.494412,2.822347,-2.443957,2.452986,-2.401103,2.013148,-2.30587,1.461995,-2.146896,0.836857,-1.952016,0.16759,-1.752644,-0.520779,-1.557466,-1.200963,-1.367854,-1.840076,-1.223563,-2.400619,-1.135674,-2.823174,-1.054635,-3.07292,-0.921479,-3.156633,-0.724912,-3.105742,-0.478945,-2.941764,-0.202681,-2.701849,0.091222,-2.420265,0.405996,-2.125477,0.728976,-1.83613,1.077923,-1.537753,1.458704,-1.219581,1.823156,-0.890387,2.132652,-0.551986,2.364982,-0.216126,2.509752,0.088152,2.556193,0.371383,2.501819,0.623948,2.382377,0.850162,2.222764,1.062093,2.031053,1.248819,1.808245,1.384444,1.561904,1.458791,1.296068,1.473497,1.032203,1.420081,0.781468,1.318928,0.533763,1.172679,0.303612,1.013228,0.116584,0.860448,-0.019212,0.711103,-0.091208,0.582993,-0.101728,0.479388,-0.07169,0.398026,-0.021407,0.313514,0.03183,0.225274,0.078616,0.149526,0.123776,0.099081,0.168309,0.070494,0.215553,0.052299,0.263477,0.031458,0.29075,0.016007,0.287772
5,0.037672,-0.180802,0.070187,-0.195457,0.08077,-0.210159,0.066575,-0.214814,0.046124,-0.198419,0.02967,-0.165016,0.023097,-0.11821,0.037552,-0.059966,0.075114,0.001949,0.136776,0.064579,0.233802,0.129335,0.374405,0.204959,0.542681,0.317624,0.715141,0.497052,0.877518,0.766923,1.033264,1.124628,1.1835,1.546433,1.295093,2.005587,1.336282,2.476717,1.28373,2.931066,1.124237,3.322341,0.849686,3.597269,0.449789,3.730273,-0.027827,3.770134,-0.593378,3.726393,-1.194584,3.560815,-1.760965,3.234588,-2.245312,2.794313,-2.627805,2.28645,-2.885341,1.747064,-2.985136,1.205758,-2.927886,0.665254,-2.736977,0.156449,-2.448308,-0.280572,-2.09804,-0.650105,-1.724746,-0.961834,-1.34286,-1.242137,-0.940595,-1.535765,-0.494377,-1.867896,-0.005759,-2.244515,0.51762,-2.624478,1.055056,-2.977433,1.574079,-3.279049,2.100691,-3.49042,2.62428,-3.606606,3.097616,-3.621261,3.503243,-3.539837,3.793218,-3.429186,3.924981,-3.314656,3.869073,-3.20833,3.628973,-3.066015,3.235972,-2.94684,2.741572,-2.881916,2.22225,-2.770289,1.629212,-2.595651,1.02722,-2.416793,0.425388,-2.260973,-0.140088,-2.109395,-0.656501,-1.957841,-1.157534,-1.807772,-1.635441,-1.637386,-2.059077,-1.436887,-2.381824,-1.204208,-2.591593,-0.919146,-2.694594,-0.583667,-2.709927,-0.231508,-2.659154,0.107585,-2.553444,0.439132,-2.399695,0.766615,-2.198484,1.082757,-1.956518,1.396004,-1.679985,1.686817,-1.355244,1.965051,-0.990423,2.233478,-0.585981,2.43583,-0.183032,2.512516,0.196048,2.469357,0.534678,2.319197,0.824996,2.093044,1.059057,1.849341,1.239779,1.60594,1.362069,1.38183,1.438907,1.202277,1.479315,1.06125,1.466945,0.945216,1.38578,0.859659,1.235638,0.787937,1.030393,0.710982,0.796192,0.627109,0.570403,0.538858,0.361571,0.451686,0.184348,0.361592,0.05404,0.276466,-0.023299,0.202574,-0.04832,0.137654,-0.037085,0.071197,-0.023958,0.002853,-0.025155,-0.055035,-0.038903,-0.09105,-0.060309,-0.102352
5,0.227096,-0.116524,0.332863,-0.075796,0.517881,-0.007574,0.788101,0.111486,1.092763,0.288799,1.379244,0.545371,1.593147,0.894556,1.716844,1.311106,1.740239,1.78044,1.673254,2.256782,1.504688,2.686789,1.240103,3.043536,0.882314,3.298631,0.437452,3.443739,-0.058826,3.479374,-0.588268,3.394518,-1.094834,3.2537,-1.545447,3.007757,-1.844457,2.692121,-2.03152,2.3671,-2.155592,2.01583,-2.225295,1.640197,-2.231894,1.248556,-2.181136,0.833287,-2.07936,0.396018,-1.923554,-0.04391,-1.720394,-0.460484,-1.469058,-0.828719,-1.179615,-1.159583,-0.877509,-1.493052,-0.560363,-1.824269,-0.237009,-2.160016,0.082274,-2.50224,0.41353,-2.841433,0.766151,-3.146932,1.109182,-3.400148,1.453461,-3.581631,1.812132,-3.690661,2.152185,-3.712341,2.446307,-3.646922,2.67174,-3.500912,2.834081,-3.291351,2.914934,-3.025324,2.902636,-2.724921,2.822381,-2.422325,2.712018,-2.092816,2.542721,-1.741051,2.313877,-1.423206,2.060045,-1.140004,1.749321,-0.938348,1.38018,-0.842711,0.959992,-0.822337,0.053189,-0.858134,-0.389135,-0.895243,-0.812865,-0.955656,-1.225578,-1.033172,-1.618482,-1.104775,-1.968601,-1.139723,-2.220167,-1.123734,-2.374968,-1.049397,-2.458836,-0.934744,-2.489623,-0.785836,-2.467601,-0.603117,-2.379331,-0.363306,-2.205946,-0.070823,-1.963486,0.261394,-1.680039,0.614074,-1.368754,0.976101,-1.017104,1.332247,-0.655176,1.635714,-0.310738,1.855628,-0.008279,1.988067,0.23376,2.048959,0.423852,2.063229,0.567481,2.062693,0.684185,2.072238,0.801802,2.074461,0.915913,2.024158,0.999993,1.914876,1.063084,1.777633,1.107145,1.626569,1.106333,1.474628,1.039557,1.329761,0.916186,1.196288,0.744958,1.092623,0.540441,1.009978,0.310301,0.922512,0.076604,0.819463,-0.109829,0.701867,-0.217024,0.569511,-0.245068,0.422615,-0.22609,0.263848,-0.175708,0.111884,-0.110099,-0.010965,-0.059067,-0.092462,-0.033203,-0.131032,-0.023312,-0.134721,-0.027402,-0.112913,-0.044036,-0.087976,-0.061819,-0.064609
5,-0.01456,-0.03828,-0.025758,-0.025412,-0.03031,-0.034433,-0.02063,-0.059342,0.004837,-0.095593,0.040126,-0.129593,0.082958,-0.159081,0.133439,-0.174975,0.202143,-0.166653,0.316831,-0.127128,0.496752,-0.041084,0.750607,0.125878,1.065641,0.39967,1.373677,0.770717,1.599101,1.208328,1.698477,1.641388,1.664496,2.042062,1.505933,2.375496,1.211475,2.637234,0.799428,2.82575,0.32319,2.939766,-0.18472,3.000785,-0.708136,3.004284,-1.204206,2.940724,-1.628747,2.820695,-1.970397,2.650935,-2.250573,2.452688,-2.479773,2.221243,-2.673777,1.936105,-2.817428,1.577446,-2.88587,1.134091,-2.856705,0.65083,-2.677255,0.152577,-2.337267,-0.373228,-1.892069,-0.938721,-1.39706,-1.531825,-0.849641,-2.115533,-0.224439,-2.673027,0.440504,-3.176727,1.05854,-3.595627,1.589236,-3.927517,2.066326,-4.167951,2.520167,-4.295058,2.935107,-4.312914,3.257535,-4.255154,3.467043,-4.108681,3.561432,-3.841699,3.523954,-3.443219,3.364762,-2.954025,3.109549,-2.445232,2.787412,-1.976683,2.410989,-1.584557,1.993632,-1.308493,1.558268,-1.150014,1.072002,-1.099601,0.547806,-1.122314,-0.012739,-1.179556,-0.627766,-1.232867,-1.276835,-1.266457,-1.895436,-1.283608,-2.418164,-1.27015,-2.766614,-1.208416,-2.922481,-1.104693,-2.950815,-0.983782,-2.90477,-0.836793,-2.790389,-0.656802,-2.593606,-0.433658,-2.326448,-0.157242,-2.003689,0.169839,-1.651169,0.534129,-1.293875,0.9157,-0.931921,1.301611,-0.58093,1.64067,-0.266399,1.914577,-0.014304,2.124233,0.182961,2.263062,0.326385,2.330359,0.437344,2.343623,0.566964,2.313529,0.735594,2.263672,0.917862,2.206075,1.07317,2.139861,1.192704,2.05518,1.281415,1.933118,1.312406,1.768762,1.276272,1.565889,1.180497,1.338629,1.027951,1.109083,0.828225,0.881705,0.587863,0.651698,0.336716,0.42455,0.124626,0.220866,-0.010994,0.058545,-0.072858,-0.046609,-0.071371,-0.09839,-0.040076,-0.106842,-0.007324,-0.094863,0.003469,-0.0865,-0.010191,-0.091853,-0.04598,-0.102951
5,-0.072699,-0.135731,-0.069381,-0.16851,-0.06098,-0.206418,-0.042305,-0.244456,0.005411,-0.273355,0.091729,-0.300948,0.207892,-0.32653,0.341786,-0.340102,0.490489,-0.317659,0.661839,-0.245237,0.874932,-0.108226,1.171765,0.108185,1.529262,0.403815,1.882412,0.756064,2.164606,1.133741,2.329087,1.524517,2.374072,1.937563,2.284767,2.34969,2.061493,2.719393,1.695065,3.026205,1.21725,3.268876,0.676791,3.419497,0.128953,3.452597,-0.439113,3.371852,-1.007946,3.162367,-1.546184,2.783575,-2.039235,2.252615,-2.446699,1.628255,-2.728308,0.981644,-2.867595,0.34605,-2.86408,-0.291764,-2.697905,-0.915997,-2.343016,-1.459234,-1.823352,-1.864978,-1.217643,-2.124942,-0.610304,-2.276938,-0.092182,-2.396641,0.320118,-2.515332,0.668886,-2.659908,1.003041,-2.838823,1.359508,-3.012796,1.721158,-3.138195,2.036904,-3.216837,2.268577,-3.299914,2.41786,-3.418965,2.479239,-3.547763,2.469714,-3.637644,2.42148,-3.656931,2.366022,-3.601981,2.269007,-3.497861,2.082779,-3.36807,1.789227,-3.204623,1.420375,-3.007814,1.015961,-2.768776,0.597414,-2.497458,0.187047,-2.206613,-0.208459,-1.878322,-0.622072,-1.512283,-1.066591,-1.142207,-1.497133,-0.81508,-1.848716,-0.55059,-2.074003,-0.322768,-2.17806,-0.107223,-2.201363,0.106291,-2.180024,0.327931,-2.119546,0.561039,-2.023857,0.799506,-1.882679,1.024993,-1.689154,1.217795,-1.444067,1.376565,-1.131867,1.513014,-0.76331,1.628286,-0.344507,1.713815,0.084794,1.754414,0.49766,1.747793,0.859057,1.693988,1.136202,1.602026,1.334789,1.487264,1.450124,1.367724,1.488796,1.263738,1.472775,1.188646,1.407174,1.137018,1.310613,1.084714,1.202975,1.006153,1.094403,0.889742,0.97333,0.746117,0.850494,0.604866,0.738088,0.49486,0.631747,0.407995,0.522565,0.340759,0.406297,0.290449,0.286114,0.256322,0.165222,0.231862,0.048782,0.212866,-0.058072,0.188891,-0.140803,0.167139,-0.179338,0.144937,-0.172993,0.132112,-0.140997,0.131912,-0.106793,0.140055
5,-0.08532,-0.062397,-0.099101,-0.074119,-0.115327,-0.100942,-0.128413,-0.146184,-0.12896,-0.21582,-0.097743,-0.302243,-0.015468,-0.385029,0.140256,-0.443568,0.376556,-0.453751,0.679035,-0.403481,1.026243,-0.285946,1.392782,-0.095412,1.727125,0.161758,1.981607,0.479382,2.15059,0.862439,2.230214,1.273503,2.210107,1.679445,2.067169,2.056403,1.82786,2.383671,1.503349,2.683405,1.11078,2.970269,0.666395,3.21869,0.193661,3.387521,-0.298927,3.463579,-0.803484,3.414523,-1.237499,3.08031,-1.651602,2.628326,-2.079803,2.063267,-2.43047,1.546212,-2.687346,1.014451,-2.819116,0.391132,-2.79873,-0.304083,-2.636595,-0.998799,-2.345512,-1.59656,-1.963508,-2.079154,-1.534684,-2.442735,-1.094577,-2.688463,-0.642494,-2.794115,-0.198586,-2.79565,0.215212,-2.739345,0.606271,-2.661824,0.988791,-2.59173,1.362659,-2.543555,1.707312,-2.508952,2.021513,-2.488162,2.314928,-2.505474,2.55471,-2.572466,2.717152,-2.678807,2.792252,-2.814187,2.752522,-2.942441,2.535185,-2.996951,2.126315,-2.92186,1.599716,-2.768514,1.085984,-2.627268,0.642109,-2.528422,0.235156,-2.408545,-0.157672,-2.226822,-0.5242,-2.022361,-0.882879,-1.80251,-1.246864,-1.541689,-1.611255,-1.23593,-1.940612,-0.915797,-2.177029,-0.610573,-2.289131,-0.318635,-2.27261,-0.040698,-2.133073,0.232647,-1.89893,0.506545,-1.604733,0.786684,-1.28895,1.060817,-0.966544,1.286066,-0.655745,1.485665,-0.384342,1.656184,-0.172765,1.784033,-0.024002,1.859706,0.076943,1.844038,0.186636,1.723425,0.3428,1.550399,0.525151,1.384378,0.702972,1.256646,0.863892,1.167117,0.983594,1.091857,1.052703,1.01191,1.081675,0.91642,1.076531,0.800505,1.043277,0.663683,0.977429,0.530426,0.890709,0.417137,0.784225,0.323095,0.663792,0.255341,0.528631,0.203212,0.392584,0.163877,0.267637,0.136851,0.157331,0.11083,0.068828,0.080645,0.006874,0.061313,-0.036566,0.052228,-0.066942,0.056347,-0.083797,0.074473,-0.087609,0.102344,-0.08945,0.123676
5,-0.009371,0.028763,-0.020118,0.015808,-0.036147,-0.001946,-0.048808,-0.01987,-0.038436,-0.049008,-0.015441,0.007257,0.037627,-0.064065,0.129997,-0.139782,0.135307,-0.158012,0.380683,-0.122706,1.262683,0.725212,1.332569,1.003008,1.355139,1.324959,1.318381,1.672024,1.223608,2.015996,1.054891,2.330499,0.8097,2.609875,0.521643,2.86167,0.22245,3.072325,-0.086566,3.228629,-0.40291,3.305079,-0.718536,3.27909,-1.033084,3.142996,-1.363701,2.913794,-1.70623,2.608378,-2.035419,2.221457,-2.306414,1.753041,-2.492697,1.195416,-2.592164,0.54608,-2.622728,-0.159288,-2.539499,-0.853146,-2.285089,-1.489799,-1.877139,-2.072403,-1.395152,-2.603766,-0.91856,-3.096626,-0.472915,-3.514672,-0.063396,-3.81168,0.335328,-3.937715,0.703152,-3.890222,1.016825,-3.689566,1.272138,-3.384715,1.489996,-3.056599,1.693218,-2.776918,1.931184,-2.553854,2.230651,-2.382578,2.535996,-2.272672,2.748901,-2.180169,2.790591,-2.0389,2.658747,-1.869299,2.390123,-1.741428,2.015528,-1.688592,1.594928,-1.678005,1.182774,-1.693981,0.817835,-1.733173,0.499284,-1.775412,0.169209,-1.774673,-0.210238,-1.693652,-0.625098,-1.560927,-1.044084,-1.412014,-1.441182,-1.254409,-1.805794,-1.094154,-2.114288,-0.92252,-2.331846,-0.730868,-2.449092,-0.509881,-2.473551,-0.250903,-2.412569,0.03738,-2.283419,0.350409,-2.094506,0.675582,-1.868849,0.990339,-1.61285,1.299585,-1.351589,1.578299,-1.097161,1.796747,-0.854065,1.910878,-0.591241,1.886091,-0.281795,1.744161,0.057639,1.579646,0.37265,1.477593,0.623029,1.436668,0.801545,1.426998,0.917736,1.408832,0.966205,1.364989,0.962804,1.284213,0.932129,1.146887,0.898821,0.967171,0.870728,0.779134,0.836809,0.616541,0.793599,0.501479,0.736164,0.42259,0.663805,0.366774,0.584066,0.328267,0.498217,0.302451,0.413416,0.292053,0.334215,0.284355,0.260233,0.267997,0.199363,0.245241,0.146296,0.217067,0.105997,0.184703,0.084367,0.153512,0.096527,0.143403,0.117785,0.15825
5,0.128049,-0.107338,0.167016,-0.127084,0.197933,-0.136177,0.235236,-0.133667,0.295903,-0.109727,0.379974,-0.079599,0.495344,-0.030104,0.645723,0.045766,0.810022,0.1597,0.967094,0.320629,1.123754,0.531875,1.269792,0.789078,1.388479,1.072938,1.45886,1.366409,1.450706,1.678163,1.344284,2.004979,1.126553,2.351244,0.817574,2.703893,0.452809,3.040652,0.047158,3.338712,-0.387259,3.567492,-0.81201,3.685576,-1.212253,3.647818,-1.608828,3.437951,-1.991366,3.078982,-2.334362,2.596499,-2.621183,2.003438,-2.814032,1.330405,-2.90182,0.609154,-2.872634,-0.119489,-2.707624,-0.820535,-2.407147,-1.459991,-1.995445,-2.056293,-1.516652,-2.598792,-0.990997,-3.054726,-0.41117,-3.398422,0.212009,-3.607447,0.819515,-3.678113,1.340529,-3.624854,1.750351,-3.454706,2.0541,-3.191702,2.288221,-2.911913,2.491082,-2.660046,2.66656,-2.455033,2.81042,-2.298362,2.909786,-2.168615,2.922246,-2.023207,2.789135,-1.831088,2.503777,-1.593403,2.103588,-1.380184,1.659014,-1.255351,1.199461,-1.22687,0.748964,-1.28993,0.33681,-1.42781,-0.035689,-1.57057,-0.375696,-1.626955,-0.700762,-1.566135,-1.047848,-1.423449,-1.443555,-1.243948,-1.847318,-1.054266,-2.178631,-0.871712,-2.397537,-0.684562,-2.500635,-0.475946,-2.502525,-0.234488,-2.422088,0.030271,-2.265644,0.317873,-2.034789,0.606569,-1.734972,0.883943,-1.382928,1.135837,-1.022301,1.35195,-0.689073,1.524033,-0.405529,1.650261,-0.177164,1.70329,0.004344,1.671738,0.14141,1.589406,0.234274,1.489709,0.287375,1.389191,0.328492,1.298672,0.378971,1.218048,0.44932,1.148048,0.546442,1.069755,0.648464,0.974201,0.738045,0.855474,0.80489,0.722311,0.839857,0.58343,0.846422,0.444527,0.818689,0.309117,0.761796,0.19417,0.673444,0.112981,0.562744,0.073676,0.442407,0.067241,0.334161,0.069266,0.241805,0.071029,0.158726,0.061533,0.088503,0.041792,0.034122,0.025386,0.003533,0.026089,-0.003958,0.041698,-0.001764,0.067192,-0.004082,0.089921
5,0.465242,-0.240939,0.672893,-0.1659,0.943446,-0.034088,1.259336,0.151786,1.576598,0.391396,1.846155,0.68195,2.014726,1.000603,2.042618,1.300741,1.939197,1.570433,1.752868,1.833866,1.513547,2.118915,1.248206,2.41873,0.963744,2.722727,0.649027,3.020121,0.292777,3.324124,-0.108156,3.608668,-0.52723,3.818862,-0.927927,3.880853,-1.299656,3.741547,-1.682604,3.40174,-2.098047,2.894322,-2.511069,2.281534,-2.855913,1.602805,-3.08935,0.888046,-3.201039,0.174981,-3.199246,-0.513915,-3.078128,-1.140631,-2.82251,-1.709969,-2.438663,-2.225256,-1.939623,-2.690671,-1.343615,-3.082707,-0.672454,-3.357903,0.03269,-3.489151,0.728853,-3.488972,1.351439,-3.380964,1.85885,-3.200807,2.253706,-2.958378,2.561434,-2.679929,2.828883,-2.423561,3.096955,-2.241264,3.351717,-2.118338,3.521105,-1.976461,3.536785,-1.777325,3.379903,-1.566067,3.093274,-1.411069,2.718589,-1.375536,2.274192,-1.475911,1.766969,-1.676359,1.211279,-1.910978,0.646588,-2.123854,0.093966,-2.265398,-0.437546,-2.296857,-0.950825,-2.22209,-1.455444,-2.092587,-1.929957,-1.958328,-2.332159,-1.824339,-2.616092,-1.645095,-2.776417,-1.37073,-2.836015,-1.024591,-2.817619,-0.64486,-2.73474,-0.264315,-2.592482,0.122366,-2.382062,0.51785,-2.090134,0.895576,-1.734448,1.212982,-1.358199,1.443097,-1.008468,1.594712,-0.713632,1.703461,-0.482472,1.78648,-0.29569,1.846032,-0.125395,1.87921,0.048962,1.889368,0.231183,1.884049,0.415947,1.8669,0.60085,1.827547,0.76956,1.757715,0.899059,1.654615,0.984488,1.537413,1.026957,1.40669,1.042597,1.272411,1.042941,1.12804,1.021418,0.980356,0.989979,0.847922,0.949767,0.738373,0.900075,0.65296,0.833569,0.593962,0.750672,0.549341,0.672176,0.512599,0.599416,0.468133,0.527682,0.426475,0.469893,0.391812,0.428066,0.360523,0.388751,0.330635,0.350094,0.291045,0.324284,0.249179,0.278917,0.203158,0.189759,0.16918,0.079006,0.159288,-0.027856,0.16843,-0.127229,0.178757
5,0.469068,-0.399433,0.644884,-0.326724,0.859587,-0.149971,1.101278,0.132182,1.328564,0.515881,1.51678,0.986037,1.657751,1.48269,1.72644,1.961499,1.725471,2.377836,1.661453,2.713211,1.528041,2.972766,1.322817,3.183038,1.074465,3.34001,0.795693,3.422728,0.446613,3.418689,-0.016115,3.333922,-0.593035,3.147477,-1.221197,2.838673,-1.835167,2.39741,-2.373167,1.835773,-2.788221,1.189116,-3.055285,0.484776,-3.170496,-0.223218,-3.155887,-0.89189,-3.005356,-1.488893,-2.666494,-2.015393,-2.141895,-2.454581,-1.546678,-2.763927,-0.888054,-2.936391,-0.220642,-2.981071,0.391979,-2.97884,0.990514,-2.971971,1.609109,-2.978527,2.214914,-3.019511,2.776897,-3.085134,3.245973,-3.10087,3.538289,-3.05514,3.613706,-2.937835,3.512786,-2.778321,3.254818,-2.59362,2.889339,-2.409407,2.501136,-2.277825,2.148832,-2.228437,1.8453,-2.218543,1.567625,-2.184623,1.269369,-2.098781,0.928053,-1.98209,0.561017,-1.886214,0.20994,-1.842601,-0.106705,-1.82122,-0.382638,-1.779318,-0.658064,-1.699026,-0.961178,-1.581542,-1.284121,-1.43423,-1.617075,-1.254474,-1.939506,-1.067574,-2.211873,-0.903859,-2.422795,-0.738543,-2.577356,-0.546184,-2.664426,-0.354138,-2.669703,-0.185645,-2.625757,-0.022768,-2.549943,0.170003,-2.424095,0.390754,-2.229829,0.618402,-1.954733,0.833118,-1.605267,1.029321,-1.207554,1.212589,-0.81061,1.3777,-0.45979,1.522913,-0.18344,1.635751,0.024161,1.692006,0.198455,1.659971,0.378912,1.524243,0.587327,1.300407,0.814934,1.025402,1.004159,0.75693,1.128863,0.534738,1.189288,0.369286,1.189891,0.269754,1.142679,0.22194,1.078089,0.19538,1.016901,0.177518,0.968248,0.169217,0.930286,0.175715,0.887171,0.192929,0.831053,0.188811,0.753437,0.147414,0.663936,0.085225,0.566001,0.028306,0.464458,-0.013262,0.36657,-0.042737,0.273212,-0.059965,0.187362,-0.06363,0.115736,-0.065484,0.056776,-0.064162,0.020725,-0.053219,0.013401,-0.027984,0.025213,0.008694,0.035157,0.039957
5,0.202186,-0.27944,0.290341,-0.313215,0.421033,-0.326559,0.6006,-0.285579,0.81459,-0.162119,1.071579,0.070666,1.368358,0.414564,1.67758,0.893729,1.984493,1.469921,2.266074,2.08971,2.459017,2.659785,2.517912,3.118719,2.429834,3.462617,2.178849,3.726295,1.800172,3.918521,1.35661,4.031559,0.870347,4.064579,0.335066,3.990076,-0.250979,3.782192,-0.856823,3.424403,-1.357673,2.878573,-1.795486,2.238694,-2.180158,1.522996,-2.481418,0.729848,-2.719869,-0.063129,-2.884543,-0.815027,-2.938122,-1.4466,-2.7987,-1.988254,-2.403734,-2.470871,-1.841492,-2.839711,-1.215832,-3.056392,-0.579408,-3.128538,0.082487,-3.135985,0.776373,-3.173399,1.484173,-3.273014,2.136515,-3.406048,2.684803,-3.494212,3.055742,-3.509828,3.19794,-3.393033,3.137533,-3.19293,2.956432,-2.989729,2.709387,-2.837307,2.44512,-2.744547,2.18545,-2.645248,1.880499,-2.466354,1.481612,-2.239183,1.0277,-2.040999,0.554546,-1.884469,0.083403,-1.74218,-0.337406,-1.621385,-0.663073,-1.542439,-0.90155,-1.513069,-1.098059,-1.489784,-1.304991,-1.390735,-1.558114,-1.185399,-1.839192,-0.935616,-2.09914,-0.711679,-2.266406,-0.539059,-2.305617,-0.410788,-2.250314,-0.290505,-2.162619,-0.121299,-2.089551,0.109031,-2.044631,0.383746,-2.005543,0.670115,-1.939711,0.94706,-1.848749,1.187363,-1.718255,1.410717,-1.55114,1.618932,-1.306924,1.823914,-0.970721,1.99703,-0.580041,2.104365,-0.190233,2.138679,0.142525,2.118768,0.398092,2.064236,0.556797,1.992687,0.61906,1.895673,0.603548,1.757501,0.546952,1.577588,0.501047,1.345524,0.512436,1.0733,0.58372,0.797698,0.67701,0.545669,0.755573,0.344342,0.799446,0.18522,0.816173,0.065802,0.806536,-0.010116,0.78105,-0.027726,0.720971,-0.00089,0.622051,0.052394,0.503202,0.1087,0.390671,0.13739,0.302866,0.130121,0.249387,0.084144,0.231238,0.033939,0.230352,0.006664,0.221349,0.005799,0.19392,0.025673,0.147367,0.058339,0.093151,0.109002,0.043157,0.169678
5,-0.060651,-0.08435,-0.049173,-0.086104,-0.032302,-0.107105,-0.030499,-0.14318,-0.038869,-0.185804,-0.049898,-0.233115,-0.059795,-0.281214,-0.059876,-0.33046,-0.031718,-0.382661,0.036712,-0.423667,0.146731,-0.423597,0.330611,-0.365792,0.605716,-0.231669,0.984584,-0.030217,1.428895,0.242318,1.857242,0.563987,2.18129,0.913949,2.373636,1.279399,2.412861,1.649077,2.309339,2.022074,2.071954,2.386526,1.694845,2.714225,1.169339,2.979846,0.551303,3.126828,-0.104131,3.1107,-0.750995,2.901861,-1.392822,2.495404,-1.998192,1.921265,-2.507846,1.235857,-2.887531,0.493945,-3.111067,-0.258899,-3.13575,-0.954198,-2.96979,-1.530886,-2.655491,-1.99921,-2.206823,-2.387396,-1.610893,-2.717546,-0.896693,-2.973186,-0.114125,-3.148681,0.686559,-3.245133,1.461179,-3.267216,2.148576,-3.233656,2.712404,-3.171314,3.11605,-3.098866,3.34373,-3.037153,3.415372,-2.994725,3.384293,-2.979668,3.266983,-2.983805,3.052312,-2.983788,2.702297,-2.934076,2.19249,-2.808813,1.536781,-2.607349,0.806109,-2.370486,0.097982,-2.152386,-0.52489,-1.955553,-1.065324,-1.738543,-1.572451,-1.45982,-2.054331,-1.122801,-2.47219,-0.751249,-2.791414,-0.367843,-2.980958,0.003596,-3.034647,0.373575,-2.950265,0.735689,-2.74515,1.09103,-2.436871,1.433301,-2.045953,1.754673,-1.643064,2.022208,-1.2656,2.220757,-0.901471,2.337558,-0.539067,2.362599,-0.168599,2.316085,0.568667,2.06569,0.889237,1.899878,1.128001,1.750915,1.253244,1.63074,1.291594,1.506811,1.253941,1.356247,1.158398,1.16251,1.028888,0.937161,0.893642,0.71296,0.761254,0.52697,0.629453,0.400016,0.503629,0.336026,0.381758,0.331843,0.268073,0.361293,0.180923,0.408047,0.108111,0.465281,0.038882,0.513519,-0.021318,0.539515,-0.064544,0.539781,-0.087324,0.51592,-0.098133,0.473516,-0.108258,0.422826,-0.114511,0.368484,-0.113681,0.303506,-0.101478,0.232831,-0.079651,0.16149,-0.055565,0.093838,-0.0342,0.027839,-0.017089,-0.036899,-0.017187,-0.088913
5,0.152937,0.149572,0.050508,0.14359,-0.078722,0.092785,-0.218935,0.009411,-0.331807,-0.098121,-0.40381,-0.186129,-0.441587,-0.228558,-0.44162,-0.230329,-0.411098,-0.216577,-0.36035,-0.215421,-0.299965,-0.245381,-0.231073,-0.298667,-0.158263,-0.375039,-0.084656,-0.477856,0.005655,-0.600704,0.131894,-0.734104,0.333169,-0.846124,0.637283,-0.883073,1.028586,-0.798651,1.507767,-0.580374,2.044633,-0.248116,2.56932,0.154475,2.98987,0.581053,3.245716,1.033426,3.315533,1.522622,3.170032,2.070739,2.790948,2.648968,2.216854,3.185454,1.525996,3.577151,0.802319,3.740747,0.082277,3.657527,-0.596154,3.332247,-1.219502,2.781744,-1.782427,2.052193,-2.287312,1.224746,-2.721162,0.387375,-3.045565,-0.365971,-3.24287,-0.964513,-3.273382,-1.381777,-3.11363,-1.628578,-2.762721,-1.781638,-2.223085,-1.881517,-1.523628,-2.008142,-0.711247,-2.180832,0.180545,-2.365306,1.083072,-2.51261,1.910212,-2.564553,2.643419,-2.50386,3.278789,-2.369419,3.81214,-2.235078,4.178795,-2.182403,4.260651,-2.210349,3.956309,-2.289319,3.212806,-2.386,2.180358,-2.521716,1.045203,-2.684896,-0.006431,-2.830227,-0.899617,-2.838546,-1.628762,-2.665984,-2.183494,-2.378198,-2.539382,-2.068703,-2.724738,-1.776536,-2.764528,-1.48681,-2.696375,-1.188931,-2.534484,-0.855708,-2.293707,-0.475297,-1.99393,-0.068387,-1.663393,0.326954,-1.328055,0.692671,-1.014374,1.014294,-0.72279,1.330656,-0.445431,1.67225,-0.196284,2.015411,0.015106,2.318287,0.177035,2.528855,0.289974,2.616992,0.359849,2.57304,0.409766,2.402538,0.457066,2.122429,0.51348,1.784088,0.583812,1.45335,0.646382,1.166735,0.699611,0.938262,0.73195,0.751333,0.739202,0.600034,0.729735,0.466764,0.699685,0.341653,0.650817,0.215224,0.58707,0.10085,0.514263,0.02093,0.43002,-0.02506,0.347572,-0.041146,0.278791,-0.031991,0.225215,0.00077,0.182225,0.044976,0.139758,0.08638,0.092078,0.110044,0.043328,0.109001,0.007261,0.09386,-0.015727,0.067791
5,-0.05137,-0.0248,-0.095082,-0.015185,-0.132295,-0.005716,-0.152985,-0.000639,-0.160298,0.000759,-0.150053,-0.002309,-0.133306,-0.010993,-0.099795,-0.028392,-0.047637,-0.09058,0.001867,-0.171551,0.041331,-0.26815,0.074866,-0.370392,0.126201,-0.482597,0.239073,-0.583079,0.454851,-0.619716,0.800433,-0.540065,1.243782,-0.313243,1.743838,0.064446,2.240076,0.542508,2.651799,1.0388,2.892839,1.500221,2.909943,1.915225,2.689877,2.327326,2.265591,2.765399,1.693885,3.205647,1.03298,3.594033,0.368111,3.848723,-0.256972,3.884858,-0.815163,3.665294,-1.332997,3.209998,-1.814825,2.577585,-2.23797,1.825546,-2.573646,1.016943,-2.820148,0.21644,-2.963777,-0.51146,-2.98385,-1.116622,-2.8531,-1.587336,-2.576682,-1.937181,-2.169418,-2.194891,-1.635125,-2.410143,-0.96309,-2.612477,-0.155414,-2.791982,0.694625,-2.923754,1.48277,-2.971205,2.142934,-2.88757,2.669989,-2.686538,3.066997,-2.437212,3.341507,-2.220128,3.476515,-2.090867,3.44159,-2.047877,3.206681,-2.090416,2.753906,-2.175572,2.099519,-2.262506,1.29972,-2.289428,0.485132,-2.253458,-0.231084,-2.169827,-0.817919,-2.076002,-1.28507,-1.964997,-1.652139,-1.821303,-1.932261,-1.647162,-2.149324,-1.429848,-2.308193,-1.162891,-2.403085,-0.836734,-2.422675,-0.43543,-2.359069,0.00889,-2.225051,0.426655,-2.03649,0.789036,-1.818865,1.101521,-1.580593,1.394209,-1.312169,1.673628,-1.013074,1.921997,-0.688722,2.117157,-0.349482,2.232846,-0.009368,2.23835,0.317089,2.140742,0.625073,1.968325,0.904574,1.750531,1.12949,1.506018,1.287807,1.259442,1.367428,1.036704,1.378706,0.860661,1.352403,0.708305,1.306082,0.565571,1.255497,0.443076,1.194057,0.360979,1.112461,0.32501,1.012516,0.316721,0.887087,0.320331,0.731126,0.315017,0.550994,0.295993,0.364966,0.268526,0.177506,0.246969,0.003873,0.224982,-0.139768,0.201635,-0.231075,0.180739,-0.260518,0.161156,-0.243118,0.143691,-0.192323,0.131988,-0.116168,0.123054,-0.047497,0.114275
5,-0.066134,-0.218055,-0.078862,-0.231172,-0.086366,-0.220436,-0.087423,-0.176408,-0.082966,-0.100028,-0.050928,-0.01141,0.025595,0.075068,0.163305,0.16956,0.36102,0.290783,0.615733,0.464199,0.938193,0.696459,1.300878,0.96576,1.638937,1.235264,1.897399,1.511409,2.035864,1.811489,2.035889,2.158847,1.9037,2.55057,1.624246,2.935011,1.287519,3.264679,0.893673,3.501272,0.446892,3.64074,-0.018943,3.676549,-0.470185,3.581941,-0.864218,3.33293,-1.204572,2.938546,-1.53056,2.424661,-1.861012,1.816705,-2.190167,1.147457,-2.463868,0.462716,-2.667216,-0.193534,-2.792217,-0.791533,-2.814695,-1.327048,-2.736374,-1.777042,-2.570598,-2.155231,-2.320888,-2.476013,-1.974313,-2.746434,-1.5182,-2.95907,-0.944868,-3.111817,-0.287972,-3.248275,0.432156,-3.346427,1.167265,-3.357889,1.856916,-3.277121,2.471027,-3.127517,3.003766,-2.938509,3.443318,-2.769075,3.765247,-2.67579,3.933041,-2.643219,3.906995,-2.632141,3.655625,-2.592464,3.195686,-2.521805,2.54015,-2.366254,1.762387,-2.145606,0.978146,-1.958041,0.269755,-1.887179,-0.347488,-1.897999,-0.899656,-1.889065,-1.397352,-1.804218,-1.841262,-1.638753,-2.195801,-1.39822,-2.42857,-1.095586,-2.548005,-0.747984,-2.572059,-0.374764,-2.51313,0.003892,-2.380467,0.353885,-2.182938,0.658273,-1.933975,0.925202,-1.636297,1.186673,-1.289852,1.471035,-0.908246,1.760949,-0.5175,2.031629,-0.143064,2.261263,0.17985,2.411314,0.434696,2.457602,0.625377,2.378006,0.770106,2.176358,0.892188,1.888187,0.993319,1.553212,1.044949,1.223125,1.037039,0.935972,0.971228,0.709922,0.869899,0.537512,0.768756,0.401761,0.709333,0.29796,0.698516,0.21077,0.722195,0.136221,0.750718,0.073284,0.755969,0.024668,0.725199,0.000606,0.660647,0.007968,0.573698,0.049901,0.478782,0.109336,0.38106,0.164509,0.284124,0.204253,0.189168,0.229656,0.096379,0.254747,0.008588,0.276952,-0.063464,0.282685,-0.11027,0.25203,-0.134102,0.180752,-0.143894,0.092724
5,-0.046715,-0.055607,-0.041388,-0.066738,-0.028608,-0.089258,-0.016653,-0.120291,0.002432,-0.154172,0.041372,-0.192153,0.102522,-0.236422,0.195607,-0.265019,0.330399,-0.250407,0.513157,-0.186601,0.748908,-0.075253,1.041347,0.079229,1.371379,0.255206,1.686362,0.44184,1.946608,0.651885,2.116049,0.906778,2.182548,1.227339,2.152443,1.619454,2.027143,2.069309,1.814316,2.565953,1.52784,3.06765,1.155926,3.551264,0.682473,3.978662,0.124232,4.265435,-0.497623,4.30401,-1.066167,4.029776,-1.606732,3.476586,-2.126637,2.728199,-2.610593,1.869151,-3.032569,0.977255,-3.36014,0.128012,-3.548497,-0.628853,-3.57574,-1.276947,-3.435659,-1.83062,-3.119583,-2.290519,-2.622176,-2.671081,-1.940015,-2.968812,-1.107599,-3.165769,-0.213388,-3.262974,0.666941,-3.279673,1.458112,-3.241125,2.124296,-3.18014,2.67406,-3.09878,3.10327,-3.006598,3.404439,-2.938432,3.586744,-2.904583,3.650703,-2.893197,3.583636,-2.883457,3.377181,-2.837092,3.050331,-2.728003,2.585285,-2.523738,2.004634,-2.284181,1.356279,-2.090128,0.678212,-2.011414,-0.022124,-2.039185,-0.764156,-2.076844,-1.505738,-2.020932,-2.18704,-1.822879,-2.729002,-1.476977,-3.10498,-1.034705,-3.306805,-0.568952,-3.344846,-0.130245,-3.236496,0.246568,-3.009906,0.557068,-2.71143,0.810663,-2.377268,1.022651,-2.033999,1.23284,-1.693458,1.473128,-1.344116,1.731849,-0.996378,1.988339,-0.656682,2.225901,-0.31849,2.412311,0.026718,2.507652,0.387403,2.502515,0.757032,2.399395,1.110056,2.201553,1.411469,1.952088,1.620892,1.702756,1.7335,1.478974,1.769795,1.285684,1.764876,1.115429,1.752384,0.963795,1.729529,0.833418,1.673043,0.738618,1.572774,0.685162,1.426146,0.658848,1.239264,0.626515,1.021109,0.579677,0.786431,0.512807,0.549255,0.437495,0.324633,0.36734,0.123494,0.296322,-0.034302,0.229335,-0.143619,0.173335,-0.204753,0.143388,-0.226531,0.145845,-0.216687,0.169769,-0.175423,0.20192,-0.113007,0.23133,-0.055085,0.245672
5,0.07507,-0.020667,0.062825,-0.002395,0.042325,0.019804,0.025006,0.029891,0.015074,0.026486,0.009731,0.014134,0.012028,-0.009535,0.019702,-0.033625,0.026516,-0.042664,0.032722,-0.032413,0.042449,-0.003195,0.05555,0.03009,0.078821,0.058431,0.123145,0.084332,0.185133,0.104959,0.247208,0.130284,0.302191,0.190149,0.353833,0.314425,0.414892,0.516906,0.481447,0.791759,0.56984,1.119863,0.674613,1.47477,0.768656,1.829532,0.810426,2.179412,0.753992,2.50584,0.601803,2.802733,0.377059,3.067216,0.09901,3.297535,-0.202134,3.448264,-0.516527,3.459318,-0.846029,3.295872,-1.192338,2.938573,-1.541869,2.402235,-1.887426,1.730895,-2.220802,0.979441,-2.506969,0.218633,-2.70573,-0.490484,-2.780746,-1.150623,-2.721241,-1.738399,-2.531475,-2.222048,-2.206471,-2.586042,-1.728544,-2.840873,-1.097267,-3.006436,-0.366186,-3.098921,0.410809,-3.144052,1.137759,-3.158797,1.75933,-3.150827,2.27173,-3.137452,2.687894,-3.12514,2.996753,-3.116853,3.174117,-3.120897,3.208589,-3.138465,3.114396,-3.171004,2.911385,-3.231965,2.609592,-3.335479,2.205982,-3.454403,1.69117,-3.502518,1.074414,-3.432038,0.417196,-3.239867,-0.218103,-2.942295,-0.789713,-2.547497,-1.267985,-2.095292,-1.665573,-1.616083,-1.993314,-1.134015,-2.256411,-0.667593,-2.433507,-0.223444,-2.524611,0.209501,-2.530372,0.650139,-2.457551,1.114192,-2.316764,1.593702,-2.115179,2.044957,-1.860144,2.4152,-1.541219,2.677035,-1.154901,2.80731,-0.719483,2.806438,-0.260375,2.698399,0.226022,2.527251,0.69413,2.317057,1.104653,2.088902,1.457452,1.867214,1.721849,1.657769,1.880636,1.480051,1.935861,1.334935,1.904023,1.205345,1.804366,1.077932,1.651422,0.945911,1.458419,0.807426,1.22724,0.669092,0.972688,0.534743,0.707699,0.396013,0.453659,0.256805,0.228065,0.138725,0.041815,0.061928,-0.090251,0.039894,-0.162874,0.060459,-0.182607,0.111292,-0.149359,0.186018,-0.084263,0.258508,-0.01214,0.306822,0.045564,0.320386
5,0.099745,-0.076562,0.165834,-0.080165,0.247164,-0.040412,0.346073,0.055278,0.464333,0.196195,0.604863,0.382298,0.765334,0.62646,0.927622,0.929781,1.072784,1.280406,1.174401,1.675063,1.21194,2.109792,1.143309,2.540246,0.97694,2.947054,0.726249,3.308728,0.401671,3.604048,0.022628,3.802525,-0.387242,3.878516,-0.825369,3.797508,-1.286155,3.521409,-1.769585,3.023775,-2.245476,2.327915,-2.660604,1.516635,-2.980351,0.660183,-3.174242,-0.193378,-3.197241,-0.983226,-3.052904,-1.643352,-2.782166,-2.122854,-2.401653,-2.45446,-1.923945,-2.683912,-1.331564,-2.793864,-0.666576,-2.823797,0.015041,-2.855415,0.66736,-2.880901,1.227989,-2.890383,1.674881,-2.877,2.001512,-2.856616,2.201135,-2.83906,2.278774,-2.828937,2.29216,-2.834473,2.307541,-2.838534,2.380924,-2.850468,2.494228,-2.870714,2.577654,-2.902472,2.543776,-2.908552,2.366762,-2.852956,2.070331,-2.755242,1.723832,-2.636344,1.382241,-2.52164,1.054827,-2.408065,0.7045,-2.290474,0.301967,-2.159305,-0.141217,-2.009623,-0.590652,-1.823864,-0.999692,-1.589678,-1.351382,-1.3104,-1.637185,-1.007165,-1.848148,-0.702968,-1.988131,-0.418279,-2.087722,-0.165276,-2.16223,0.063477,-2.203759,0.286484,-2.201632,0.51412,-2.148958,0.765932,-2.042352,1.032526,-1.877067,1.307128,-1.652555,1.554812,-1.383056,1.746037,-1.077523,1.860538,-0.73667,1.897236,-0.362295,1.880904,0.038171,1.826321,0.426196,1.754928,0.760374,1.683632,1.025318,1.60095,1.216685,1.506739,1.340245,1.397844,1.396047,1.27466,1.396589,1.132736,1.36214,0.972805,1.311475,0.811949,1.255414,0.682788,1.209756,0.609428,1.175118,0.582815,1.134552,0.566312,1.082957,0.53481,1.012513,0.485297,0.920994,0.42487,0.809754,0.359603,0.682589,0.289925,0.553043,0.212748,0.430991,0.139793,0.321301,0.071886,0.217883,0.023654,0.126197,0.008934,0.049497,0.021676,-0.010024,0.048807,-0.049717,0.079323,-0.066408,0.10537,-0.054519,0.120824,-0.031481,0.123935
5,-0.132446,-0.032289,-0.126818,-0.038794,-0.116987,-0.056323,-0.102889,-0.075387,-0.093041,-0.088258,-0.084144,-0.101624,-0.070026,-0.118389,-0.056445,-0.141341,-0.038422,-0.156269,-0.0141,-0.171715,0.006006,-0.188034,0.018559,-0.203314,0.030248,-0.223784,0.051612,-0.24897,0.075904,-0.272647,0.094901,-0.283436,0.110523,-0.285154,0.138072,-0.291529,0.191771,-0.325118,0.281932,-0.37445,0.405972,-0.427309,0.562517,-0.457557,0.735624,-0.421151,0.923685,-0.273218,1.114979,-0.019765,1.303522,0.309663,1.4965,0.693419,1.675048,1.081383,1.795448,1.401339,1.82861,1.640923,1.757178,1.815978,1.556238,1.955885,1.248569,2.068277,0.89406,2.165975,0.5216,2.21792,0.180105,2.198149,-0.109975,2.092386,-0.346065,1.881009,-0.540341,1.586303,-0.704581,1.229374,-0.840669,0.792097,-0.978584,0.312067,-1.108548,-0.175267,-1.194413,-0.667837,-1.215686,-1.166655,-1.160471,-1.666943,-1.009973,-2.131251,-0.773613,-2.533293,-0.465485,-2.833062,-0.100226,-3.041105,0.332986,-3.224465,0.838883,-3.382252,1.395462,-3.449553,1.888595,-3.394165,2.268782,-3.148839,2.515122,-2.806008,2.654566,-2.40575,2.627541,-2.004959,2.359484,-1.709807,1.865569,-1.546583,1.234142,-1.501304,0.574276,-1.536884,-0.044271,-1.609001,-0.604068,-1.658084,-1.117766,-1.617945,-1.577059,-1.469321,-1.947126,-1.237533,-2.218961,-0.936137,-2.38922,-0.576548,-2.469567,-0.178101,-2.46628,0.266443,-2.379211,0.743908,-2.191892,1.244133,-1.901299,1.731663,-1.535014,2.157557,-1.103572,2.496187,-0.593179,2.756043,-0.03589,2.874368,0.501571,2.829121,0.96068,2.662362,1.31707,2.432479,1.579282,2.142149,1.760462,1.801186,1.861891,1.443384,1.871207,1.113029,1.77109,0.823021,1.564457,0.595362,1.274081,0.451065,0.9462,0.379752,0.612635,0.355263,0.304009,0.340721,0.049248,0.317668,-0.127341,0.271435,-0.217004,0.202795,-0.238986,0.11205,-0.224701,0.023429,-0.203605,-0.047096,-0.193421,-0.089271,-0.196735,-0.097502,-0.208736,-0.082182
5,-0.001364,0.001634,0.009401,0.020303,0.019898,0.019345,0.02698,0.005855,0.026433,-0.016763,0.015525,-0.028619,0.004341,-0.035157,0.00678,-0.041428,0.026811,-0.053839,0.070763,-0.078174,0.12458,-0.112207,0.180678,-0.158071,0.241588,-0.206639,0.306263,-0.264336,0.368101,-0.307391,0.438868,-0.336605,0.525671,-0.356607,0.632457,-0.350823,0.732909,-0.278047,0.823185,-0.106955,0.907169,0.153416,0.994873,0.491299,1.087407,0.903527,1.172047,1.359508,1.257556,1.789473,1.324637,2.157848,1.351254,2.445611,1.30382,2.638576,1.167902,2.740073,0.928584,2.779052,0.611136,2.782462,0.243736,2.736137,-0.135463,2.624265,-0.475604,2.466618,-0.772192,2.255547,-1.000247,1.957675,-1.178275,1.54914,-1.334716,1.017828,-1.48333,0.416226,-1.623482,-0.189076,-1.730985,-0.763586,-1.783433,-1.300097,-1.75888,-1.820053,-1.644606,-2.310007,-1.435988,-2.725667,-1.157533,-3.050883,-0.825946,-3.260154,-0.442011,-3.306334,0.030521,-3.206879,0.578214,-2.982645,1.180918,-2.659788,1.813653,-2.288319,2.427543,-1.930202,2.956728,-1.56556,3.316389,-1.212463,3.43857,-0.882343,3.317032,-0.598692,3.002071,-0.447108,2.52523,-0.498672,1.954276,-0.757688,1.34226,-1.167662,0.737646,-1.64875,0.148794,-2.109769,-0.405124,-2.494113,-0.911845,-2.740277,-1.372529,-2.795357,-1.777253,-2.63722,-2.091022,-2.303817,-2.288938,-1.846186,-2.365904,-1.338884,-2.353963,-0.816526,-2.24196,-0.118323,-2.140799,0.356221,-1.953515,0.844571,-1.71011,1.28576,-1.440291,1.643061,-1.143481,1.951184,-0.811135,2.204854,-0.447067,2.363996,-0.096348,2.403059,0.202746,2.325582,0.442882,2.161567,0.613377,1.938525,0.711259,1.690913,0.749117,1.440807,0.753195,1.216411,0.729067,1.010289,0.678722,0.806512,0.609367,0.611765,0.5316,0.440804,0.464837,0.299846,0.40349,0.177778,0.330722,0.079349,0.241874,0.014643,0.14147,-0.011942,0.04811,-0.015252,-0.024231,-0.016711,-0.070519,-0.008187,-0.091548,0.019654,-0.094254,0.057173
5,0.032472,-0.020609,0.046153,-0.016531,0.073239,-0.017355,0.114988,-0.032026,0.169338,-0.057961,0.235174,-0.085829,0.314829,-0.119012,0.408544,-0.149623,0.519325,-0.156496,0.668446,-0.125323,0.84777,-0.062092,1.024948,0.064877,1.184423,0.269121,1.312948,0.533375,1.399779,0.849561,1.43498,1.214744,1.443768,1.609091,1.449422,1.974594,1.464321,2.247621,1.463341,2.407957,1.405669,2.465004,1.266408,2.440553,1.044939,2.366555,0.738993,2.255229,0.347984,2.11581,-0.091561,1.976442,-0.484193,1.821917,-0.811556,1.65597,-1.09107,1.469832,-1.309016,1.27549,-1.452953,1.082209,-1.538435,0.853367,-1.587302,0.560888,-1.624919,0.21574,-1.659651,-0.134146,-1.663573,-0.485936,-1.598348,-0.852881,-1.455378,-1.230095,-1.248505,-1.602639,-0.982859,-1.953151,-0.665616,-2.235042,-0.313874,-2.41435,0.056405,-2.489154,0.436515,-2.504677,0.808723,-2.459679,1.142139,-2.323176,1.443498,-2.097022,1.718032,-1.795137,1.96769,-1.48489,2.181652,-1.254619,2.33113,-1.120174,2.389039,-1.053938,2.316871,-1.030601,2.105289,-1.056517,1.780282,-1.121565,1.360233,-1.218867,0.875825,-1.371987,0.382804,-1.600624,-0.062488,-1.855998,-0.434106,-2.02528,-0.753057,-2.061097,-1.062203,-1.949718,-1.366849,-1.6942,-1.66006,-1.350066,-1.940649,-0.996112,-2.172809,-0.691967,-2.31075,-0.448864,-2.349708,-0.261138,-2.303244,-0.107216,-2.184081,0.066444,-2.011688,0.296923,-1.803546,0.589997,-1.560312,0.909031,-1.26504,1.246854,-0.912956,1.585419,-0.530023,1.87872,-0.131296,2.079098,0.269124,2.172418,0.651382,2.188866,0.993338,2.148379,1.265358,2.033638,1.45624,1.861943,1.559636,1.657932,1.574018,1.426658,1.520672,1.181421,1.41018,0.926483,1.251497,0.703471,1.049436,0.543812,0.821868,0.430783,0.590443,0.35818,0.387094,0.309737,0.209379,0.259021,0.051473,0.202555,-0.079696,0.138091,-0.172592,0.071452,-0.227126,0.011667,-0.250616,-0.021518,-0.256917,-0.023566,-0.247244,0.014273,-0.220433,0.064535
5,-0.011687,-0.040516,0.046983,-0.058745,0.096696,-0.078322,0.128329,-0.091248,0.140962,-0.099445,0.140713,-0.100097,0.142766,-0.091106,0.182696,-0.071819,0.275925,-0.033747,0.423654,0.037518,0.636358,0.156639,0.889491,0.345396,1.14135,0.608807,1.369421,0.917739,1.556112,1.239973,1.675266,1.545094,1.720567,1.823838,1.691377,2.041908,1.597224,2.210533,1.423148,2.332469,1.169305,2.399577,0.842794,2.41909,0.502965,2.347483,0.154953,2.197951,-0.202427,1.973063,-0.544162,1.661777,-0.852234,1.301202,-1.18871,0.95096,-1.523372,0.612741,-1.819834,0.280136,-2.050848,-0.057213,-2.216725,-0.368404,-2.298194,-0.641163,-2.281715,-0.886729,-2.152362,-1.127057,-1.895597,-1.378544,-1.501804,-1.630861,-0.986912,-1.870302,-0.408874,-2.077451,0.160649,-2.241727,0.697433,-2.36448,1.210406,-2.431061,1.657028,-2.442251,1.991049,-2.435616,2.216233,-2.421785,2.338513,-2.382421,2.361527,-2.325399,2.292039,-2.294569,2.141227,-2.296164,1.896789,-2.309464,1.530222,-2.312788,1.067006,-2.272385,0.558913,-2.190599,0.069269,-2.0704,-0.388393,-1.865564,-0.81917,-1.557743,-1.199736,-1.209399,-1.508233,-0.85656,-1.732302,-0.537452,-1.860679,-0.281764,-1.916901,-0.079144,-1.928469,0.102843,-1.897308,0.291538,-1.79693,0.476594,-1.626742,0.637013,-1.428676,0.761051,-1.237957,0.876008,-1.077312,1.014729,-0.918848,1.178438,-0.735875,1.373508,-0.505705,1.538512,-0.2477,1.588233,0.022622,1.513692,0.284145,1.341657,0.498619,1.109274,0.64243,0.843664,0.730395,0.595801,0.784415,0.423379,0.817841,0.36912,0.85224,0.44645,0.914536,0.612018,1.003508,0.785023,1.093654,0.918103,1.14803,1.000121,1.139585,1.021251,1.055917,0.994388,0.906422,0.927146,0.721018,0.833684,0.520266,0.723016,0.309131,0.5906,0.135153,0.465019,0.007701,0.345066,-0.078342,0.219401,-0.118141,0.099524,-0.118554,0.00263,-0.105963,-0.06083,-0.094707,-0.090618,-0.096375,-0.085032,-0.104192,-0.053633,-0.112273,-0.012736
5,0.038859,0.021251,0.029272,0.028326,0.01165,0.028658,-0.012112,0.023689,-0.038672,0.012972,-0.057131,0.001869,-0.062825,-4e-05,-0.054262,0.000555,-0.037134,0.001666,-0.015717,0.001812,0.010033,-0.006125,0.034467,-0.026394,0.049384,-0.041935,0.047064,-0.046696,0.023252,-0.044528,-0.007872,-0.025768,-0.030412,-0.006418,-0.035763,0.009262,-0.021031,0.012703,0.010926,0.002932,0.045313,-0.01396,0.068742,-0.029023,0.071659,-0.037567,0.055974,-0.040534,0.037491,-0.046825,0.031576,-0.06633,0.070396,-0.101378,0.199521,-0.147913,0.465176,-0.140663,0.845707,-0.008979,1.265791,0.300248,1.626133,0.816106,1.878282,1.493934,2.006515,2.210508,1.984227,2.870491,1.792936,3.395377,1.460121,3.746098,1.030966,3.878076,0.580778,3.754923,-0.001114,3.465432,-0.779159,3.06614,-1.482511,2.423326,-2.023531,1.52273,-2.394949,0.457705,-2.569766,-0.663016,-2.500434,-1.764493,-2.131405,-2.775499,-1.525576,-3.628546,-0.741201,-4.236121,0.225297,-4.479995,1.350039,-4.221015,2.523431,-3.503121,3.547173,-2.542537,4.220159,-1.576175,4.457565,-0.805355,4.250837,-0.363292,3.593201,-0.226444,2.670194,-0.435283,1.620678,-1.041167,0.497502,-1.559671,-0.751201,-2.317751,-1.898513,-2.88979,-2.898886,-3.11135,-3.693309,-2.998073,-4.206976,-2.601723,-4.360735,-1.997682,-4.022564,-1.219377,-3.096523,-0.292292,-1.699828,0.811994,-0.179155,1.993356,1.117898,3.136179,2.061817,4.154348,2.578958,4.776162,2.636965,4.806108,2.315593,4.225416,1.785349,3.070287,1.189901,1.584754,0.616453,0.166099,0.123915,-0.891424,-0.270732,-1.494162,-0.543382,-1.668766,-0.656212,-1.513977,-0.635843,-1.128134,-0.524476,-0.616506,-0.371854,-0.065217,-0.207082,0.423258,-0.055002,0.755981,0.058879,0.898136,0.108797,0.849925,0.088096,0.650132,0.01586,0.360524,-0.069824,0.052744,-0.13407,-0.196839,-0.179828,-0.33359,-0.216623,-0.357853,-0.228775,-0.313653,-0.198058,-0.234933,-0.114962,-0.138086,-0.005384,-0.026826,0.089382,0.073417
5,0.412601,-0.286568,0.35761,-0.352561,0.295426,-0.397053,0.228471,-0.395908,0.168277,-0.344438,0.126605,-0.278253,0.122458,-0.202599,0.112854,-0.117609,0.086402,-0.050251,0.065873,-0.030037,0.060651,-0.05158,0.078512,-0.109452,0.097004,-0.176535,0.101156,-0.230574,0.084868,-0.264229,0.047959,-0.28195,0.006399,-0.292484,-0.031799,-0.290432,-0.056323,-0.278105,-0.063026,-0.267065,-0.063719,-0.263206,-0.067236,-0.264386,-0.080203,-0.270877,-0.091824,-0.28048,-0.098224,-0.291235,-0.108943,-0.290334,-0.127063,-0.269219,-0.1474,-0.240441,-0.155611,-0.212711,-0.145591,-0.193237,-0.126336,-0.19108,-0.104911,-0.209401,-0.085589,-0.244857,-0.076627,-0.286284,-0.076995,-0.330011,-0.091513,-0.368867,-0.111415,-0.416324,-0.126843,-0.480679,-0.122933,-0.579722,-0.07995,-0.703933,0.022283,-0.82191,0.207456,-0.909121,0.523485,-0.934241,1.019673,-0.83342,1.671298,-0.54551,2.359104,-0.027841,2.936958,0.738098,3.263115,1.689526,3.214654,2.697299,2.741559,3.615854,1.890691,4.299484,0.781429,4.620111,-0.488324,4.497722,-1.803465,3.865482,-3.05776,2.706317,-4.104782,1.133244,-4.852008,-0.607845,-5.266045,-2.189195,-5.227678,-3.473178,-4.442099,-4.414135,-2.914298,-5.11357,-0.878033,-5.512084,1.454093,-5.409583,3.701818,-4.815682,5.542587,-3.987931,6.754081,-3.19627,7.23264,-2.607025,6.850674,-2.231371,5.561562,-2.091748,3.522587,-2.270985,1.0898,-2.666827,-1.299095,-2.994156,-3.40788,-2.973902,-5.124638,-2.554923,-6.269318,-1.851813,-6.588296,-0.968782,-5.893285,-0.05433,-4.308664,0.724687,-2.321657,1.293934,-0.400189,1.763263,1.121877,2.238226,2.139404,2.694707,2.659455,2.890391,2.723104,2.550082,2.410672,1.820807,1.875608,1.111505,1.298101,0.658566,0.818318,0.470575,0.477067,0.474207,0.240388,0.527622,0.102359,0.495464,0.031302,0.355332,-0.015954,0.199806,-0.058443,0.119706,-0.096327,0.136935,-0.120327,0.215755,-0.117027,0.313043,-0.1046,0.393538,-0.113174,0.427417,-0.142449,0.374531
5,-0.223184,0.15769,-0.225197,0.155983,-0.220151,0.140795,-0.19107,0.128989,-0.134252,0.119772,-0.063337,0.113743,0.012282,0.090226,0.090778,0.051359,0.140449,0.030682,0.153094,0.035387,0.145374,0.059295,0.129111,0.081929,0.117189,0.066121,0.116132,0.014162,0.155167,-0.046821,0.232178,-0.092014,0.310337,-0.087398,0.349802,0.006369,0.379991,0.113513,0.407184,0.153774,0.408399,0.132298,0.349664,0.06761,0.244165,-0.003677,0.10932,-0.065716,-0.0265,-0.110561,-0.144845,-0.141573,-0.237292,-0.155229,-0.293193,-0.16206,-0.330075,-0.158307,-0.346591,-0.147345,-0.338993,-0.125109,-0.289264,-0.100793,-0.236322,-0.096945,-0.185335,-0.125387,-0.141894,-0.194898,-0.094482,-0.276508,-0.012144,-0.337394,0.117722,-0.373183,0.323042,-0.370753,0.645105,-0.284234,1.141917,-0.066424,1.789168,0.296878,2.435874,0.777229,2.916995,1.362025,3.121678,2.032959,3.014348,2.677071,2.612263,3.236079,1.954366,3.674385,1.006474,3.974551,-0.158103,4.008066,-1.427942,3.552327,-2.699475,2.530882,-3.846357,1.107922,-4.806268,-0.413144,-5.432094,-1.76081,-5.325997,-2.830664,-4.262776,-3.593296,-2.330672,-4.122472,0.131758,-4.490621,2.570126,-4.591401,4.509208,-4.259474,5.722048,-3.593379,6.108891,-2.929377,5.667656,-2.506611,4.481919,-2.357579,2.839053,-2.397773,1.122647,-2.572356,-0.510449,-2.659545,-2.088007,-2.467144,-3.583401,-1.968598,-4.722443,-1.200555,-5.160598,-0.328954,-4.863229,0.50974,-4.08138,1.225275,-3.012692,1.832747,-1.828956,2.268739,-0.706034,2.511518,0.209199,2.55791,0.89855,2.396225,1.313609,2.095185,1.494628,1.721616,1.55313,1.293342,1.546374,0.929227,1.450299,0.759169,1.240606,0.755805,0.982513,0.762127,0.767336,0.658483,0.644166,0.447536,0.596627,0.184359,0.557333,-0.045764,0.464796,-0.154775,0.295417,-0.123805,0.089698,-0.001142,-0.097098,0.155142,-0.224573,0.275654,-0.278209,0.309655,-0.261409,0.254306,-0.199663,0.14105,-0.131597,0.015256,-0.082166,-0.069306
5,0.032168,-0.102996,0.000602,-0.054512,-0.030704,-0.004467,-0.031124,0.036413,0.001455,0.075478,0.041959,0.119901,0.059817,0.144757,0.050528,0.160803,0.035482,0.178845,0.02003,0.197659,0.004761,0.214997,-0.013034,0.213756,-0.030095,0.183004,-0.036634,0.123963,-0.036643,0.056639,-0.033396,-0.001202,-0.027847,-0.060016,-0.014776,-0.119531,-0.005536,-0.17411,-0.020915,-0.198331,-0.052928,-0.172718,-0.084056,-0.13518,-0.101934,-0.11702,-0.109674,-0.111065,-0.108463,-0.105878,-0.108609,-0.090765,-0.113021,-0.063902,-0.119486,-0.034522,-0.119509,-0.009428,-0.103701,-0.010143,-0.077807,-0.024655,-0.037234,-0.043437,-0.001651,-0.066355,0.019903,-0.084304,0.032356,-0.101485,0.045471,-0.119527,0.077169,-0.155388,0.15026,-0.224876,0.285279,-0.304287,0.503073,-0.351201,0.825531,-0.31556,1.297665,-0.125444,1.898903,0.26203,2.510853,0.877098,2.969407,1.695209,3.09364,2.63033,2.792682,3.52256,2.102208,4.215329,1.201407,4.573701,0.251052,4.559274,-0.74353,4.242208,-1.803415,3.67978,-2.831253,2.85578,-3.778236,1.805108,-4.651639,0.650721,-5.298265,-0.441826,-5.301773,-1.411665,-4.296619,-2.141,-2.529951,-2.643841,-0.524685,-3.066896,1.314021,-3.468225,2.770563,-3.808707,3.798627,-3.976532,4.496467,-3.893912,5.024362,-3.676712,5.352749,-3.500874,5.222546,-3.390795,4.453002,-3.236086,3.141322,-3.121895,1.466729,-3.061339,-0.363999,-2.843701,-2.103206,-2.341129,-3.517946,-1.703214,-4.490333,-1.143496,-4.963201,-0.70912,-4.862545,-0.280148,-4.200522,0.214696,-3.140607,0.74391,-1.857522,1.267292,-0.558625,1.792299,0.513053,2.27139,1.207092,2.614687,1.59595,2.687194,1.793393,2.355016,1.811413,1.732079,1.650373,1.150899,1.352165,0.804846,1.009784,0.641309,0.656843,0.56319,0.318097,0.505841,0.053525,0.401937,-0.100371,0.265048,-0.154613,0.155107,-0.140183,0.106498,-0.073535,0.115774,0.021178,0.160444,0.101882,0.213493,0.125948,0.240081,0.091398,0.225742,0.018225,0.162279
5,-0.103271,-0.268658,-0.07174,-0.261063,-0.036256,-0.206304,0.013052,-0.108544,0.065708,0.003955,0.097413,0.100091,0.103994,0.152319,0.09127,0.140985,0.0646,0.08514,0.035561,-0.000706,0.009571,-0.080101,-0.009907,-0.114043,-0.02388,-0.109989,-0.050413,-0.079247,-0.09257,-0.035036,-0.126597,0.012695,-0.133272,0.054585,-0.103101,0.081845,-0.039523,0.074296,0.045882,0.05387,0.127995,0.042781,0.165458,0.05491,0.148617,0.080513,0.095875,0.115,0.035485,0.15305,-0.020017,0.192243,-0.043518,0.215596,-0.030128,0.194758,-0.007623,0.114589,-0.001378,-0.008925,-0.023799,-0.138713,-0.064507,-0.223768,-0.091779,-0.256835,-0.077208,-0.255276,-0.019478,-0.240696,0.087309,-0.22084,0.249229,-0.214585,0.460509,-0.231552,0.765162,-0.220349,1.168925,-0.131877,1.657449,0.152377,2.207486,0.63518,2.735303,1.290671,3.103564,2.095067,3.192073,2.983083,2.927925,3.812869,2.32377,4.386963,1.410131,4.547162,0.265129,4.362308,-1.057803,3.951741,-2.42215,3.357334,-3.734725,2.589094,-4.951081,1.612413,-5.958104,0.52941,-6.611201,-0.407804,-6.658812,-1.171657,-5.755655,-1.759885,-3.968948,-2.267864,-1.688974,-2.783945,0.661558,-3.26774,2.693161,-3.618499,4.201719,-3.758171,5.253843,-3.664014,5.916947,-3.428602,6.042071,-3.14246,5.457958,-2.895851,4.206747,-2.727843,2.523401,-2.64678,0.752965,-2.688975,-0.901534,-2.759251,-2.33319,-2.693111,-3.362014,-2.417411,-3.729169,-1.950488,-3.517439,-1.359926,-3.192035,-0.806081,-2.874152,-0.296683,-2.365833,0.271178,-1.687668,0.868745,-0.98173,1.400527,-0.312056,1.773066,0.317817,1.93673,0.879419,1.881482,1.306274,1.72822,1.546049,1.632053,1.590805,1.583849,1.465195,1.48355,1.240711,1.301176,0.9856,1.080192,0.732579,0.849429,0.499635,0.621017,0.327275,0.417565,0.220836,0.292311,0.176796,0.250477,0.22398,0.254807,0.343119,0.286457,0.431454,0.320528,0.403644,0.304542,0.25147,0.215474,0.051709,0.103488,-0.122592,0.001976
5,0.057706,0.059567,0.038489,0.014358,0.002137,-0.006382,-0.047039,0.000642,-0.103185,0.027836,-0.156016,0.061627,-0.185258,0.085037,-0.157022,0.096647,-0.091071,0.101976,-0.011322,0.098093,0.060085,0.077546,0.099629,0.034204,0.072596,-0.041103,-0.008464,-0.127967,-0.093641,-0.183065,-0.143467,-0.201952,-0.14575,-0.202428,-0.117822,-0.198723,-0.086849,-0.183236,-0.071766,-0.139724,-0.077639,-0.077314,-0.104684,-0.020193,-0.149409,0.018374,-0.176568,0.046121,-0.157336,0.079091,-0.077034,0.103188,0.039603,0.083967,0.139954,0.036597,0.189632,-0.00352,0.179054,-0.034064,0.122265,-0.057754,0.053908,-0.081905,0.000455,-0.122607,-0.030411,-0.188712,-0.02425,-0.265802,0.024066,-0.333382,0.112946,-0.387197,0.236417,-0.445847,0.403243,-0.531694,0.629012,-0.608717,0.954879,-0.608182,1.3434,-0.487761,1.734794,-0.234876,2.085008,0.186819,2.367531,0.81076,2.516331,1.632901,2.456773,2.58292,2.181129,3.557512,1.694364,4.493127,1.055416,5.228851,0.314962,5.598243,-0.463021,5.526156,-1.295682,5.039438,-2.192906,4.130756,-3.154447,2.832415,-4.083498,1.315736,-4.803581,-0.21886,-4.987902,-1.64995,-4.449392,-2.760517,-3.233454,-3.506937,-1.49327,-3.978464,0.471199,-4.31012,2.268399,-4.540436,3.66001,-4.54893,4.649398,-4.222012,5.310491,-3.622195,5.575168,-3.030915,5.307088,-2.693833,4.441286,-2.668234,3.051437,-2.836842,1.355487,-3.067694,-0.507243,-3.175579,-2.437832,-3.012507,-4.225463,-2.561751,-5.571475,-1.904377,-6.260979,-1.135861,-6.157889,-0.289999,-5.211245,0.643547,-3.823323,1.404312,-2.151014,2.148636,-0.316658,2.889722,1.237126,3.444464,2.250085,3.635079,2.7654,3.271669,2.909468,2.484728,2.738147,1.661627,2.282505,1.072832,1.692347,0.67797,1.11797,0.387665,0.642574,0.162752,0.315039,-0.053682,0.109098,-0.251204,-0.031502,-0.358639,-0.112725,-0.336116,-0.110099,-0.192349,-0.024532,0.049353,0.088676,0.311413,0.159587,0.476642,0.143147,0.458348,0.052761,0.282616
5,0.023779,0.035564,0.011075,0.070148,0.004843,0.049372,0.011114,0.004871,0.015507,-0.031528,0.000408,-0.047651,-0.041451,-0.041449,-0.092762,-0.034377,-0.120385,-0.02191,-0.132381,0.002925,-0.136957,0.027411,-0.138531,0.043951,-0.132539,0.039673,-0.10929,0.024794,-0.072032,0.01867,-0.024765,0.012524,0.018577,-0.006322,0.046222,-0.03456,0.036131,-0.071107,-0.017397,-0.124568,-0.100737,-0.206892,-0.193258,-0.313447,-0.265724,-0.431304,-0.285526,-0.549427,-0.25343,-0.68312,-0.15948,-0.853286,0.030858,-1.054034,0.326409,-1.24784,0.716015,-1.362746,1.203238,-1.344396,1.736277,-1.175509,2.215599,-0.824758,2.610853,-0.303998,2.925395,0.369489,3.132518,1.200773,3.208206,2.148274,3.127555,3.045356,2.871697,3.751637,2.454103,4.243309,1.907977,4.600312,1.234561,4.899716,0.439618,5.12846,-0.417122,5.239685,-1.26292,5.195486,-2.076424,4.92626,-2.828028,4.372507,-3.470043,3.510885,-3.928669,2.36082,-4.135204,0.984103,-4.141402,-0.566254,-3.838905,-2.199421,-3.12644,-3.652136,-2.039786,-4.699239,-0.723359,-5.250835,0.590457,-5.329465,1.736381,-5.15967,2.681894,-4.906742,3.468678,-4.640255,4.081848,-4.413205,4.521695,-4.307999,4.704083,-4.307044,4.523377,-4.270945,3.976789,-4.009934,3.278667,-3.592665,2.603833,-3.25504,1.965596,-3.049897,1.313554,-2.92934,0.649649,-2.850187,-0.003417,-2.783408,-0.701273,-2.62969,-1.525775,-2.278833,-2.366194,-1.830913,-3.044455,-1.373002,-3.549298,-0.82198,-3.928569,-0.148351,-4.123431,0.530816,-4.088595,1.113944,-3.789984,1.603865,-3.173147,2.032759,-2.283335,2.415955,-1.275768,2.736815,-0.267597,3.001553,0.654287,3.224296,1.380028,3.441547,1.857916,3.614465,2.100208,3.6878,2.18093,3.626054,2.168913,3.424803,2.097769,3.089702,1.98207,2.640005,0.936141,0.776398,0.607283,0.53675,0.326804,0.407036,0.121135,0.338858,-0.0457,0.278343,0.000677,0.239873,0.061881,0.180853,0.108775,0.107297,0.122011,0.031226,0.096337,-0.033645
5,-0.204859,0.045182,-0.179786,0.05309,-0.143065,0.053565,-0.119225,0.04174,-0.101811,0.013993,-0.090208,-0.03496,-0.093135,-0.105171,-0.118417,-0.182489,-0.110219,-0.25542,-0.094582,-0.294278,-0.126356,-0.282545,-0.16352,-0.18412,-0.156306,-0.103779,-0.097467,-0.127876,-0.023238,-0.217136,0.087789,-0.307692,0.229793,-0.355064,0.424778,-0.364284,0.699327,-0.343265,1.050405,-0.278462,1.468117,-0.147114,1.930511,0.069702,2.402874,0.39933,2.802916,0.857078,3.048754,1.407069,3.123118,2.020105,3.047009,2.628278,2.814969,3.15568,2.425436,3.565939,1.920694,3.830107,1.375803,3.913455,0.875746,3.814692,0.101518,3.531876,-0.880689,3.324969,-1.811387,3.153581,-2.644202,2.923056,-3.32055,2.632016,-3.812432,2.250256,-4.12307,1.673806,-4.244406,0.886394,-4.171212,-0.064877,-3.912767,-1.07064,-3.463321,-2.015457,-2.811362,-2.862216,-1.977244,-3.517279,-1.014128,-3.881397,-0.051653,-3.967611,0.808886,-3.916159,1.582941,-3.922222,2.366116,-4.059331,3.193618,-4.264917,3.915801,-4.446564,4.369562,-4.531252,4.474431,-4.491089,4.263425,-4.370941,3.814974,-4.21289,3.181656,-4.016603,2.440965,-3.765681,1.685688,-3.499879,0.920452,-3.200019,0.188268,-2.819117,-0.445965,-2.423931,-0.964763,-2.056594,-1.406716,-1.677479,-1.851902,-1.25476,-2.327866,-0.844116,-2.810129,-0.522357,-3.274863,-0.251032,-3.711629,0.078673,-4.069428,0.54082,-4.298056,1.144514,-4.312622,1.823403,-4.042157,2.42316,-3.466006,2.847524,-2.596697,3.097378,-1.474709,3.237637,-0.238527,3.273229,0.935629,3.248114,1.904112,3.154714,2.598321,2.994353,2.993943,2.772191,3.101753,2.533569,2.988555,2.298197,2.717123,2.074115,2.362984,1.82778,1.98269,1.536646,1.604083,1.219315,1.249918,0.903118,0.926713,0.614448,0.642087,0.35799,0.397833,0.139931,0.202555,-0.027071,0.072423,-0.135378,-0.001838,-0.177805,-0.034412,-0.153335,-0.04371,-0.09848,-0.050675,-0.051366,-0.078691,-0.050711,-0.126383,-0.099851,-0.185207,-0.159284
5,0.099976,-0.094541,0.085969,-0.109483,0.064094,-0.136706,0.03772,-0.168164,0.023196,-0.200634,0.019366,-0.234875,0.034165,-0.27417,0.077763,-0.330021,0.152672,-0.416683,0.249092,-0.509097,0.418151,-0.590466,0.731065,-0.645698,1.206262,-0.659582,1.753016,-0.579367,2.233613,-0.361222,2.541314,-0.0002,2.642143,0.475778,2.540551,1.026862,2.262431,1.611467,1.88213,2.188176,1.492083,2.681129,1.176419,3.030246,0.950271,3.224087,0.769297,3.289898,0.587225,3.264568,0.33967,3.181657,-0.041174,3.062151,-0.588352,2.870669,-1.301085,2.556531,-2.074619,2.143493,-2.830941,1.66556,-3.485775,1.14543,-3.975077,0.593791,-4.23357,-0.022095,-4.24547,-0.71481,-4.054825,-1.479431,-3.699435,-2.248721,-3.197575,-2.896273,-2.57433,-3.321683,-1.859135,-3.518045,-1.067616,-3.514626,-0.227112,-3.358164,0.68743,-3.077193,1.721999,-2.673801,2.849992,-2.18542,3.889587,-1.715982,4.678263,-1.409606,5.166234,-1.358921,5.343832,-1.546854,5.236516,-1.90792,4.908967,-2.410511,4.409905,-2.997889,3.731686,-3.530026,2.814788,-3.834955,1.769574,-3.884315,0.824326,-3.790082,0.062931,-3.630305,-0.635089,-3.370242,-1.331469,-2.979442,-1.992923,-2.503489,-2.618442,-1.982349,-3.252259,-1.429451,-3.84421,-0.83622,-4.312013,-0.233376,-4.545444,0.305508,-4.453022,0.736293,-3.995661,1.061766,-3.246667,1.336264,-2.368027,1.622818,-1.516671,1.965195,-0.787225,2.356556,-0.217911,2.733957,0.182221,3.012182,0.444059,3.149281,0.609135,3.110712,0.712778,2.924877,0.816197,2.679166,0.96472,2.475134,1.120176,2.356078,1.207267,2.299188,1.217704,2.232341,1.198817,2.107946,1.199603,1.894572,1.236444,1.597698,1.286194,1.248569,1.310908,0.89997,1.262947,0.589014,1.10614,0.325287,0.854418,0.114911,0.563497,-0.025543,0.296713,-0.094128,0.098227,-0.101107,-0.023438,-0.079261,-0.077447,-0.056405,-0.07661,-0.044468,-0.056284,-0.042952,-0.034555,-0.062016,-0.029342,-0.087084,-0.036079,-0.091843,-0.044838,-0.059013
5,-0.052641,-0.07233,-0.03447,-0.090609,-0.026378,-0.099672,-0.03185,-0.103626,-0.049865,-0.102556,-0.066919,-0.102603,-0.086545,-0.10996,-0.097618,-0.136001,-0.099732,-0.175432,-0.092491,-0.223985,-0.06953,-0.264861,-0.013852,-0.290205,0.067765,-0.304968,0.169403,-0.317556,0.281941,-0.341588,0.404857,-0.39287,0.549802,-0.478962,0.716236,-0.577765,0.923313,-0.648021,1.240467,-0.592033,1.654553,-0.351058,2.084021,0.077812,2.393805,0.668228,2.43347,1.387844,2.170281,2.176992,1.707155,2.967522,1.196069,3.640662,0.750352,4.077521,0.372952,4.27955,0.02611,4.341238,-0.311365,4.353361,-0.68746,4.316906,-1.158448,4.184554,-1.723437,3.86171,-2.30618,3.314366,-2.849982,2.575637,-3.360408,1.670532,-3.856563,0.630993,-4.277016,-0.475817,-4.54929,-1.604037,-4.553522,-2.69999,-4.162427,-3.590067,-3.396477,-4.169043,-2.402935,-4.419281,-1.295903,-4.342628,-0.109199,-3.963367,1.129557,-3.436061,2.386069,-2.895993,3.56194,-2.447285,4.571855,-2.156189,5.382912,-2.058603,6.001791,-2.142744,6.389869,-2.440794,6.471006,-2.973098,6.192599,-3.67822,5.52805,-4.37504,4.429635,-4.892911,3.023343,-5.084811,1.627697,-4.882483,0.411084,-4.363416,-0.654793,-3.707858,-1.583565,-3.11302,-2.31618,-2.645857,-2.908468,-2.20667,-3.409491,-1.721625,-3.774747,-1.153255,-3.965659,-0.494323,-3.955722,0.233246,-3.749988,0.980091,-3.42084,1.674114,-3.002771,2.273749,-2.489673,2.813412,-1.906344,3.307042,-1.321799,3.747527,-0.795107,4.062293,-0.314624,4.2263,0.098735,4.272681,0.385664,4.209573,0.581442,4.006709,0.772266,3.651633,0.986098,3.165894,1.210973,2.627273,1.423289,2.076828,1.596564,1.578761,1.677279,1.186702,1.62732,0.901034,1.419344,0.736838,1.09923,0.675516,0.775716,0.627998,0.5483,0.540387,0.437382,0.415953,0.411679,0.287979,0.430525,0.179894,0.461316,0.106203,0.45988,0.078402,0.392331,0.098601,0.253566,0.15516,0.081987,0.193633,-0.082624,0.176258,-0.224984,0.110333
5,-0.057875,-0.09683,-0.06381,-0.06496,-0.061978,-0.047894,-0.042598,-0.05929,-0.014202,-0.093935,0.02795,-0.122927,0.079742,-0.149498,0.138206,-0.185371,0.20953,-0.236,0.295689,-0.30918,0.383009,-0.404948,0.466534,-0.534779,0.601232,-0.683486,0.835809,-0.802766,1.180867,-0.863812,1.597911,-0.839747,1.97893,-0.698461,2.263665,-0.422572,2.469653,-0.013105,2.565202,0.520371,2.49356,1.181414,2.263023,1.922619,1.918744,2.654969,1.503798,3.314517,1.086588,3.872831,0.716676,4.33942,0.405019,4.763666,0.092707,5.197552,-0.332888,5.637496,-0.863818,5.970971,-1.413965,6.117423,-1.945674,6.047898,-2.505322,5.709791,-3.115316,5.021761,-3.73162,3.922131,-4.277529,2.466879,-4.655722,0.85912,-4.818112,-0.716483,-4.754453,-2.229215,-4.430047,-3.651512,-3.762138,-4.830897,-2.753345,-5.582793,-1.604069,-5.879349,-0.49673,-5.814145,0.60029,-5.491539,1.750612,-5.035491,2.901201,-4.533349,4.064368,-4.026978,5.150293,-3.55138,5.992447,-3.082506,6.568894,-2.57328,6.849588,-2.121002,6.724288,-1.930743,6.208016,-2.100881,5.402897,-2.544233,4.382839,-3.038453,3.291334,-3.409179,2.234969,-3.591834,1.1845,-3.566988,0.113206,-3.417895,-0.955371,-3.247779,-1.960881,-3.044229,-2.840762,-2.741777,-3.575733,-2.326471,-4.211785,-1.838696,-4.740243,-1.26674,-5.008646,-0.549908,-4.898508,0.304015,-4.431847,1.207717,-3.715698,2.012731,-2.828054,2.654617,-1.873005,3.066778,-1.021492,3.293141,-0.404824,3.392039,-0.009414,3.409279,0.250115,3.372488,0.418749,3.316833,0.518123,3.248075,0.579405,3.112598,0.642141,2.841471,0.748064,2.416681,0.895722,1.895056,1.027796,1.376712,1.098674,0.953588,1.115829,0.664388,1.080218,0.482713,0.99634,0.388425,0.863072,0.355013,0.705501,0.322274,0.554347,0.235463,0.426287,0.101828,0.35311,-0.025496,0.317025,-0.122292,0.284479,-0.185829,0.227677,-0.215192,0.134932,-0.199557,0.034137,-0.152656,-0.033515,-0.104864,-0.049079,-0.069414,-0.034886,-0.045131
5,-0.073485,0.035137,-0.077617,-0.035133,-0.039989,-0.141574,0.067164,-0.292821,0.211447,-0.480641,0.347697,-0.661529,0.44448,-0.799946,0.525681,-0.854654,0.682294,-0.776091,0.981528,-0.524913,1.438528,-0.135861,1.978557,0.326775,2.487258,0.791613,2.867169,1.184823,3.066869,1.461604,3.074284,1.636929,2.902926,1.768714,2.546801,1.954046,2.0296,2.255146,1.466029,2.68001,0.948838,3.167953,0.490904,3.6805,0.093358,4.193522,-0.281927,4.645587,-0.685431,4.960767,-1.157948,5.056523,-1.727306,4.905346,-2.387881,4.474239,-3.103044,3.754113,-3.761586,2.778351,-4.29424,1.600507,-4.685971,0.294473,-4.848353,-1.03506,-4.669271,-2.277998,-4.109092,-3.239218,-3.296284,-3.862551,-2.443689,-4.200702,-1.625473,-4.367147,-0.839167,-4.408027,0.016556,-4.314364,1.062031,-4.045587,2.25023,-3.612332,3.418849,-3.139986,4.496464,-2.690801,5.433558,-2.300025,6.139345,-2.027476,6.537295,-1.939058,6.542525,-2.11213,5.995582,-2.479395,4.85496,-2.816572,3.377302,-3.088663,1.883211,-3.323767,0.558085,-3.508348,-0.505188,-3.681243,-1.33143,-3.861933,-1.994597,-3.956122,-2.639409,-3.858132,-3.296604,-3.549282,-3.825438,-3.047442,-3.971472,-2.354262,-3.632849,-1.505888,-2.953573,-0.562609,-2.147159,0.369824,-1.388355,1.193218,-0.827863,1.839457,-0.543335,2.330472,-0.523074,2.70261,-0.679688,2.953775,-0.882131,3.112697,-1.016036,3.23285,-1.009385,3.308024,-0.81291,3.298217,-0.44002,3.196645,-0.004304,2.997652,0.367655,2.744376,0.631508,2.485792,0.774984,2.247478,0.833948,2.040212,0.841911,1.84695,0.849522,1.633575,0.887643,1.348534,0.952956,0.99905,1.042273,0.660217,1.136744,0.414193,1.225721,0.263908,1.276425,0.185662,1.250782,0.161328,1.130482,0.170169,0.92826,0.187395,0.675797,0.193629,0.4023,0.193537,0.143784,0.174053,-0.085126,0.127609,-0.267234,0.074431,-0.384684,0.048983,-0.407334,0.064998,-0.339431,0.12427,-0.241799,0.203558,-0.176419,0.265523,-0.158818,0.271566
5,-0.131794,-0.158829,-0.160032,-0.135134,-0.19708,-0.124506,-0.232221,-0.129835,-0.244325,-0.148299,-0.219626,-0.177261,-0.15612,-0.213219,-0.063655,-0.253069,0.041896,-0.298559,0.164346,-0.360108,0.315218,-0.444186,0.54972,-0.525345,0.959076,-0.570212,1.588427,-0.524028,2.344948,-0.314966,3.077728,0.081027,3.655896,0.637144,3.995147,1.337755,3.962964,2.156922,3.515849,3.016023,2.797011,3.788948,1.983185,4.387271,1.214138,4.802826,0.547764,5.07239,0.007337,5.238009,-0.427333,5.333495,-0.835931,5.379444,-1.271379,5.343515,-1.698098,5.161066,-2.083758,4.810534,-2.520073,4.289838,-3.096128,3.542207,-3.752148,2.533951,-4.446875,1.227745,-5.102528,-0.333857,-5.626686,-2.05828,-5.953252,-3.834773,-5.865425,-5.464187,-4.934376,-6.616579,-3.034826,-6.986593,-0.685164,-6.589983,1.5731,-5.736753,3.544162,-4.799204,5.219192,-4.055805,6.573412,-3.650146,7.612271,-3.553591,8.272404,-3.667647,8.377651,-3.891605,7.756951,-4.159205,6.461313,-4.414867,4.769067,-4.626801,3.053126,-4.774304,1.580009,-4.828861,0.40922,-4.780241,-0.606913,-4.651414,-1.572703,-4.414875,-2.513594,-4.015307,-3.433019,-3.459479,-4.272326,-2.799182,-4.934844,-2.022023,-5.334609,-1.052873,-5.341828,0.111917,-4.883161,1.346407,-4.045364,2.445183,-3.007898,3.305899,-1.943917,3.942512,-0.996182,4.37074,-0.293853,4.606111,0.193523,4.630721,0.548502,4.463008,0.787384,4.20104,0.889722,3.902362,0.868299,3.556906,0.811816,3.139148,0.779176,2.657816,0.778085,2.165817,0.789113,1.71744,0.789902,1.344994,0.761086,1.059796,0.707918,0.854259,0.648073,0.709842,0.607822,0.61928,0.61573,0.562744,0.65778,0.524669,0.707135,0.491199,0.737375,0.442053,0.740366,0.378685,0.708758,0.312753,0.653707,0.269284,0.569631,0.255665,0.468656,0.247927,0.363987,0.218223,0.25707,0.166291,0.158055,0.1167,0.08826,0.086275,0.045976,0.083957,0.014417,0.099955,-0.015004,0.124634,-0.032513,0.181202,-0.031767,0.255709
5,-0.025454,0.106794,-0.006803,0.093501,0.018815,0.054778,0.044916,-0.008492,0.065153,-0.100675,0.099705,-0.213781,0.179926,-0.3291,0.341081,-0.456624,0.634846,-0.605698,1.097239,-0.74581,1.678818,-0.78503,2.248518,-0.647427,2.710783,-0.297343,3.021534,0.228559,3.188631,0.880641,3.190152,1.607636,2.985222,2.368998,2.604299,3.097615,2.165336,3.697128,1.750495,4.165788,1.342766,4.53323,0.936879,4.827989,0.540266,5.067255,0.140761,5.262996,-0.260213,5.38238,-0.678528,5.374613,-1.152672,5.203588,-1.672565,4.853962,-2.212947,4.310765,-2.796177,3.55085,-3.458823,2.571541,-4.150501,1.405472,-4.778036,0.116881,-5.222138,-1.339278,-5.393587,-2.92253,-5.358065,-4.423619,-5.040934,-5.779695,-4.039653,-6.787185,-2.039573,-7.215649,0.66429,-7.110434,3.252902,-6.631089,5.221195,-6.031098,6.524785,-5.548123,7.154008,-5.317667,7.005754,-5.245824,6.246992,-4.99484,5.230998,-4.53311,4.149666,-4.055886,3.08695,-3.624429,2.16696,-3.296153,1.362728,-3.065447,0.57819,-2.872265,-0.190843,-2.681746,-0.936252,-2.429729,-1.683515,-2.104851,-2.418322,-1.728121,-3.097436,-1.291258,-3.698484,-0.759679,-4.21175,-0.140913,-4.550914,0.531793,-4.625739,1.221098,-4.414991,1.860022,-3.938196,2.36237,-3.281399,2.688193,-2.546309,2.873171,-1.804373,2.96554,-1.077854,2.956104,-0.412379,2.842401,0.144503,2.702846,0.596,2.659262,0.966854,2.745506,1.276231,2.908992,1.523252,3.083595,1.68931,3.178688,1.777799,3.104534,1.805341,2.810447,1.77054,2.303569,1.669445,1.676651,1.486358,1.068767,1.221075,0.608014,0.93354,0.354921,0.704604,0.282627,0.592408,0.32588,0.581345,0.417854,0.62364,0.490802,0.694184,0.494112,0.745955,0.417385,0.755813,0.281659,0.712021,0.1107,0.612976,-0.062962,0.473954,-0.202267,0.326413,-0.275393,0.209046,-0.264466,0.143206,-0.180685,0.132526,-0.072725,0.165916,0.039003,0.222972,0.145768,0.276721,0.22166,0.295115,0.251336,0.270495,0.228702
5,-0.14265,-0.130956,-0.11913,-0.155716,-0.086004,-0.190853,-0.057728,-0.255453,-0.053226,-0.347789,-0.049167,-0.479623,0.012251,-0.64828,0.222673,-0.806027,0.63577,-0.874052,1.293063,-0.813947,2.083033,-0.571098,2.816607,-0.063641,3.359674,0.683761,3.711396,1.56057,3.858256,2.459268,3.778553,3.299813,3.476356,4.023611,3.005216,4.58963,2.4046,4.99898,1.760388,5.284311,1.148716,5.468569,0.593479,5.539699,0.053807,5.50061,-0.551694,5.335128,-1.219232,5.027492,-1.879218,4.423215,-2.761576,3.575886,-3.779685,2.579956,-4.791468,1.408431,-5.694053,0.056241,-6.369045,-1.523562,-6.635661,-3.165136,-6.278815,-4.639294,-5.158231,-5.655617,-3.452116,-6.136185,-1.434263,-6.059555,0.625151,-5.532188,2.46954,-4.883358,3.918172,-4.416195,5.010315,-4.270438,5.784704,-4.379816,6.283346,-4.577918,6.613232,-4.742578,6.838362,-4.805537,6.832537,-4.781862,6.428845,-4.677876,5.564652,-4.511775,4.325948,-4.316308,2.835773,-4.084954,1.297981,-3.834871,-0.122055,-3.579873,-1.369639,-3.259126,-2.47701,-2.824478,-3.394929,-2.297253,-4.040412,-1.697228,-4.438958,-1.018904,-4.663708,-0.26556,-4.734917,0.526303,-4.569983,1.319884,-4.109428,2.067574,-3.42051,2.740299,-2.619354,3.24987,-1.801294,3.548887,-1.040465,3.628136,-0.396266,3.54441,0.069854,3.391313,0.306171,3.228384,0.39146,3.093143,0.426168,2.984799,0.468845,2.869947,0.554431,2.709805,0.705617,2.504998,0.897503,2.270689,1.081795,2.015923,1.22004,1.746216,1.285375,1.499907,1.265069,1.30833,1.168153,1.16603,1.027742,1.037573,0.899904,0.902521,0.796265,0.761015,0.697683,0.608072,0.602869,0.430252,0.540332,0.254442,0.513588,0.122457,0.532756,0.038308,0.587595,-0.011067,0.630113,-0.013182,0.618289,0.024095,0.549443,0.082072,0.421513,0.143546,0.255087,0.168647,0.112238,0.145675,0.03613,0.107151,0.005041,0.080836,-0.039907,0.049391,-0.087231,0.004047,-0.047959,-0.013594,0.071402,0.053078,0.183055,0.155367
5,-0.297172,-0.071639,-0.271796,-0.100077,-0.246756,-0.142284,-0.218338,-0.192156,-0.171181,-0.225418,-0.102549,-0.248308,-0.014244,-0.282373,0.106333,-0.3304,0.26261,-0.394656,0.478547,-0.468652,0.79551,-0.517554,1.187014,-0.512325,1.602334,-0.389108,2.038319,-0.142585,2.465051,0.220285,2.801499,0.74972,2.967195,1.424563,2.931998,2.188308,2.68782,2.953793,2.281038,3.654731,1.777225,4.271919,1.266355,4.799838,0.809152,5.229431,0.394799,5.555764,-0.036138,5.754229,-0.517442,5.770855,-1.117581,5.568943,-1.818455,5.122758,-2.624173,4.386971,-3.513271,3.320021,-4.394094,1.963581,-5.173917,0.44252,-5.814414,-1.207711,-6.281909,-2.964558,-6.318981,-4.628273,-5.538899,-5.864791,-3.956851,-6.393319,-1.95395,-6.275725,0.130716,-5.745549,2.107844,-5.104248,3.780493,-4.625839,5.021863,-4.462834,5.843457,-4.556317,6.328591,-4.805776,6.626377,-5.094757,6.763352,-5.343992,6.533706,-5.531099,5.846447,-5.506198,4.716287,-5.205232,3.273799,-4.698728,1.639652,-4.06249,0.018425,-3.369149,-1.393515,-2.715787,-2.496324,-2.126111,-3.227562,-1.538514,-3.53424,-0.902139,-3.506086,-0.272188,-3.386908,0.285772,-3.330164,0.791618,-3.294148,1.296696,-3.175708,1.845104,-2.977221,2.410183,-2.717179,2.902175,-2.3325,3.217474,-1.813266,3.269214,-1.230606,3.110391,-0.636379,2.8964,-0.133461,2.762176,0.18888,2.713331,0.349155,2.723058,0.426982,2.774584,0.470471,2.833781,0.517412,2.824482,0.633053,2.635532,0.801881,2.239355,0.948609,1.757473,0.990562,1.28887,0.933345,0.905742,0.83194,0.640465,0.739163,0.515519,0.681397,0.521058,0.672021,0.579734,0.685454,0.580771,0.690488,0.498848,0.6678,0.371497,0.628806,0.231179,0.601252,0.094162,0.593323,-0.011483,0.589751,-0.0603,0.546541,-0.028454,0.447681,0.050591,0.325496,0.107473,0.219445,0.102706,0.129213,0.047634,0.055501,-0.033741,0.020006,-0.107453,0.022907,-0.162704,0.057966,-0.19014,0.099814,-0.163809,0.125453,-0.088586
5,0.00053,-0.146139,0.033533,-0.18655,0.078804,-0.200351,0.125022,-0.191336,0.15549,-0.156665,0.162108,-0.099782,0.139779,-0.028968,0.106883,0.041413,0.073209,0.095601,0.049105,0.121111,0.04126,0.115687,0.042639,0.08366,0.044088,0.044108,0.044841,0.002295,0.048646,-0.037994,0.048936,-0.083102,0.050491,-0.128,0.065697,-0.167537,0.129201,-0.199033,0.296332,-0.219624,0.582047,-0.197793,0.943386,-0.101303,1.313347,0.10166,1.614069,0.410018,1.775993,0.806277,1.793296,1.231141,1.739525,1.665485,1.638825,2.129584,1.524485,2.617752,1.381471,3.051511,1.174856,3.284801,0.844461,3.213563,0.366344,2.856566,-0.221804,2.327325,-0.853587,1.74464,-1.427288,1.206667,-1.881428,0.754993,-2.229245,0.357817,-2.491409,-0.047392,-2.649573,-0.504572,-2.668702,-1.037771,-2.515868,-1.608354,-2.163921,-2.139624,-1.57648,-2.562091,-0.761207,-2.779461,0.167724,-2.786554,1.022923,-2.66575,1.702292,-2.487372,2.188515,-2.351425,2.511898,-2.328533,2.710449,-2.422941,2.888209,-2.640204,3.059783,-2.906657,3.114825,-3.062362,2.923151,-2.963606,2.454413,-2.574616,1.778065,-2.010732,0.996818,-1.459874,0.215457,-1.076236,-0.462677,-0.897662,-1.009642,-0.881301,-1.514881,-0.921277,-2.038382,-0.903862,-2.53289,-0.770076,-2.970559,-0.518654,-3.324327,-0.20164,-3.555022,0.11044,-3.590999,0.372422,-3.368083,0.587568,-2.880932,0.794671,-2.197859,1.046784,-1.421293,1.329201,-0.657777,1.603135,0.042497,1.836725,0.655563,2.021979,1.139975,2.135536,1.496681,2.181914,1.722381,2.171184,1.819264,2.059076,1.80008,1.846799,1.712242,1.575633,1.593213,1.271152,1.46726,0.969947,1.345661,0.681127,1.228692,0.428943,1.118394,0.223965,1.007907,0.063162,0.876698,-0.050271,0.719543,-0.117431,0.568268,-0.133147,0.457592,-0.101407,0.393172,-0.03759,0.359822,0.04208,0.329475,0.114453,0.274762,0.162502,0.175765,0.166768,0.044603,0.138093,-0.08889,0.074825,-0.213515,-0.009086,-0.303315,-0.080399
5,-0.053736,0.016433,-0.02362,-0.132428,0.02547,-0.23116,0.04564,-0.248669,0.055639,-0.200743,0.055014,-0.122583,0.026227,-0.085627,-0.032302,-0.081221,-0.094248,-0.100832,-0.142574,-0.129316,-0.154317,-0.158072,-0.114022,-0.185523,-0.030204,-0.215585,0.109883,-0.247301,0.331068,-0.262336,0.639417,-0.240198,1.003213,-0.172373,1.381579,-0.037609,1.717661,0.193679,1.968116,0.559072,2.100762,1.058098,2.099218,1.61868,1.953791,2.173337,1.675462,2.666109,1.281605,3.019655,0.791446,3.206781,0.232559,3.239473,-0.36407,3.119919,-1.003374,2.863999,-1.650624,2.529492,-2.163424,2.158202,-2.458376,1.751055,-2.553647,1.329077,-2.502468,0.885773,-2.332438,0.419253,-2.091846,-0.048936,-1.802151,-0.515839,-1.485908,-1.009471,-1.169307,-1.513454,-0.867257,-1.985644,-0.631386,-2.404178,-0.421118,-2.827011,-0.175564,-3.195616,0.148174,-3.477093,0.539727,-3.698899,0.922923,-3.842641,1.383404,-3.877088,1.86335,-3.870071,2.274313,-3.807911,2.538153,-3.639853,2.628111,-3.37837,2.551546,-3.028673,2.290846,-2.564355,1.862055,-1.970954,1.297237,-1.321918,0.692297,-0.765876,0.139143,-0.414107,-0.330265,-0.258904,-0.713499,-0.216998,-1.036561,-0.197837,-1.354527,-0.154536,-1.679337,-0.100717,-1.984973,-0.072082,-2.255124,-0.043879,-2.467962,0.028521,-2.587132,0.156785,-2.573116,0.319687,-2.409138,0.485391,-2.110815,0.627989,-1.714183,0.750701,-1.234503,0.869522,-0.721485,0.981708,-0.231374,1.095897,0.202415,1.222514,0.558136,1.367067,0.83862,1.526327,1.060557,1.631608,1.268031,1.697453,1.500854,1.729301,1.72391,1.690739,1.935573,1.593603,2.123564,1.43541,2.252569,1.199533,2.259664,0.89825,2.123904,0.568301,1.860016,0.257002,1.52625,0.008064,1.172461,-0.151303,0.844639,-0.195645,0.567392,-0.123894,0.345854,0.010233,0.156901,0.1479,-0.00383,0.240797,-0.129197,0.276967,-0.218494,0.277966,-0.263514,0.249905,-0.253182,0.191574,-0.199621,0.122066,-0.140366,0.067615,-0.095318,0.04539
5,-0.162722,0.027571,-0.174848,0.016025,-0.167009,-0.020548,-0.151424,-0.053327,-0.147244,-0.05463,-0.159542,-0.023484,-0.174641,0.021671,-0.172781,0.037871,-0.154178,0.002936,-0.151742,-0.04728,-0.17858,-0.113265,-0.230907,-0.197606,-0.281433,-0.264692,-0.297909,-0.31696,-0.268091,-0.313333,-0.20883,-0.248712,-0.103694,-0.186562,0.105968,-0.090549,0.416841,0.059978,0.790401,0.254017,1.175685,0.49631,1.528324,0.798208,1.80669,1.155414,1.96494,1.533911,1.978503,1.87617,1.907142,2.17475,1.761314,2.419542,1.510982,2.586689,1.13184,2.647454,0.639496,2.599608,0.014461,2.427026,-0.683543,2.168567,-1.303155,1.861327,-1.789275,1.50705,-2.17856,1.131662,-2.483703,0.756056,-2.667622,0.369927,-2.68798,-0.020515,-2.586933,-0.426513,-2.42136,-0.841849,-2.20828,-1.236155,-1.944227,-1.624493,-1.609731,-2.000243,-1.1519,-2.335516,-0.549482,-2.611923,0.17262,-2.797085,0.960197,-2.86357,1.741092,-2.827551,2.417029,-2.711855,2.955519,-2.554919,3.371855,-2.416943,3.614425,-2.348465,3.603285,-2.317405,3.332535,-2.254766,2.883888,-2.141088,2.354171,-2.041867,1.77195,-1.958471,1.112677,-1.844929,0.408547,-1.722195,-0.244686,-1.646625,-0.789299,-1.617266,-1.235269,-1.605178,-1.642845,-1.572698,-2.084543,-1.461705,-2.556249,-1.271268,-2.973453,-1.011425,-3.280416,-0.678423,-3.431477,-0.296865,-3.392447,0.105009,-3.13116,0.501529,-2.643118,0.902754,-1.99823,1.286924,-1.318121,1.607446,-0.630033,1.868522,0.028458,2.1088,0.564583,2.284925,0.931262,2.375194,1.155711,2.3392,1.299576,2.19231,1.368018,1.975752,1.398725,1.731232,1.433801,1.502692,1.468861,1.30696,1.468544,1.139326,1.438526,0.987562,1.380588,0.85006,1.279626,0.711813,1.12166,0.554394,0.918485,0.37589,0.697705,0.198423,0.490189,0.051393,0.31897,-0.034772,0.198142,-0.067613,0.126019,-0.060081,0.08214,-0.020848,0.051913,0.044092,0.032862,0.114321,0.014155,0.151356,-0.014415,0.150754,-0.053788,0.128554
5,-0.203019,0.273719,-0.206624,0.284489,-0.186561,0.289714,-0.146174,0.2785,-0.098964,0.238599,-0.056035,0.178776,-0.020859,0.097746,0.005336,0.006968,0.023689,-0.0845,0.039608,-0.171128,0.055009,-0.235004,0.071712,-0.271866,0.088332,-0.288355,0.081899,-0.301389,0.067033,-0.315651,0.07055,-0.320763,0.098608,-0.323244,0.142427,-0.313485,0.220921,-0.279824,0.365981,-0.214822,0.578378,-0.11377,0.86548,0.037255,1.204543,0.256329,1.511209,0.522465,1.680462,0.7968,1.706336,1.076331,1.617829,1.341783,1.450507,1.578613,1.252301,1.797556,0.517832,1.791862,0.518021,2.127267,0.363469,2.311155,0.152605,2.503293,-0.20153,2.657277,-0.694351,2.67264,-1.265054,2.554776,-1.825461,2.327199,-2.327245,1.983949,-2.746619,1.531063,-3.066317,0.986029,-3.166101,0.395983,-2.975161,-0.113915,-2.531811,-0.591529,-1.896854,-1.080369,-1.164787,-1.58326,-0.53014,-2.085733,-0.104657,-2.581884,0.154137,-3.05044,0.406778,-3.448171,0.806369,-3.684934,1.359129,-3.701907,1.965814,-3.488826,2.505891,-3.07074,2.851481,-2.554184,2.898701,-2.099603,2.671309,-1.867254,2.241457,-1.868294,1.732122,-2.0261,1.282562,-2.237129,0.921864,-2.401976,0.6099,-2.449556,0.291981,-2.339498,-0.11162,-2.069733,-0.630197,-1.715299,-1.207108,-1.409117,-1.770999,-1.212697,-2.266142,-1.083799,-2.622736,-0.939441,-2.825758,-0.728263,-2.913939,-0.408347,-2.907069,0.031613,-2.806072,0.588522,-2.577179,1.201343,-2.175995,1.815737,-1.579375,2.333666,-0.888603,2.49465,-0.10238,2.373945,0.656788,2.142307,1.313499,1.943964,1.781885,1.668186,2.025012,1.32895,2.068405,0.961472,2.009056,0.614487,1.904496,0.368084,1.76195,0.257585,1.593602,0.260498,1.40354,0.308266,1.18194,0.34522,0.929903,0.35958,0.660421,0.362099,0.396022,0.347488,0.173694,0.3182,0.032739,0.289014,-0.01656,0.277095,0.003452,0.279611,0.043822,0.289552,0.070376,0.285904,0.066978,0.264185,0.032179,0.232965,-0.027935,0.201476
5,-0.150975,-0.162068,-0.165681,-0.118339,-0.146467,-0.073142,-0.106015,-0.037798,-0.054149,-0.029934,0.003944,-0.057026,0.048033,-0.086771,0.066662,-0.105166,0.06184,-0.122045,0.040161,-0.128078,0.001485,-0.120817,-0.033889,-0.106475,-0.071236,-0.09088,-0.096527,-0.086551,-0.060315,-0.102591,-0.028845,-0.196701,-0.043325,-0.318171,-0.07165,-0.34214,-0.084196,-0.316334,-0.075467,-0.314751,-0.083403,-0.350812,-0.106244,-0.370402,-0.120753,-0.355486,-0.0903,-0.352137,0.015789,-0.406647,0.21236,-0.516832,0.525754,-0.635759,0.936399,-0.724179,1.402952,-0.72309,1.860722,-0.557635,2.281845,-0.198336,2.633815,0.329504,2.85422,1.026576,2.889922,1.877661,2.712847,2.794467,2.335153,3.644214,1.80397,4.310356,1.192342,4.68576,0.535015,4.747347,-0.155771,4.529915,-0.900037,4.091405,-1.714619,3.495203,-2.546597,2.781512,-3.293241,1.953837,-3.856725,1.055926,-4.187624,0.107483,-4.216398,-0.852413,-3.853713,-1.771945,-3.119073,-2.60644,-2.068285,-3.351534,-0.728205,-3.926686,0.788102,-4.190184,2.266374,-4.177624,3.444745,-4.018226,4.221861,-3.844181,4.574131,-3.7298,4.537462,-3.707626,4.247838,-3.755202,3.832391,-3.834955,3.292192,-3.862787,2.603664,-3.821495,1.721943,-3.66681,0.683142,-3.359073,-0.360728,-2.911233,-1.287316,-2.433193,-2.050464,-1.9988,-2.633557,-1.593473,-3.052455,-1.14705,-3.329524,-0.607025,-3.471307,-0.008102,-3.476078,0.61284,-3.32358,1.237958,-3.01806,1.827877,-2.584106,2.326239,-2.064867,2.656498,-1.470159,2.781458,-0.812976,2.723879,-0.128818,2.520512,0.513034,2.23559,1.039906,1.948551,1.388873,1.721702,1.553074,1.566995,1.557332,1.473633,1.448361,1.424065,1.272044,1.392833,1.074945,1.355358,0.900032,1.272686,0.771769,1.11625,0.68255,0.879605,0.601897,0.58456,0.496874,0.263088,0.369024,-0.036028,0.237962,-0.26263,0.114941,-0.38079,0.005071,-0.377782,-0.083366,-0.268583,-0.141645,-0.094795,-0.158036,0.075943,-0.140198,0.197566,-0.101001,0.243412
5,-0.052265,-0.009878,-0.071221,0.022179,-0.070608,0.033656,-0.05865,0.019706,-0.041141,-0.011971,-0.025681,-0.048567,-0.012202,-0.077671,0.001891,-0.095287,0.006538,-0.107367,-0.005655,-0.118228,-0.028924,-0.120771,-0.048838,-0.116386,-0.06286,-0.107292,-0.063351,-0.100164,-0.053012,-0.105179,-0.034595,-0.123964,-0.020168,-0.154942,-0.015385,-0.186552,-0.020328,-0.218773,-0.048937,-0.250964,-0.08642,-0.301713,-0.114098,-0.374552,-0.117001,-0.463336,-0.080907,-0.555913,0.010277,-0.645404,0.183067,-0.716946,0.484856,-0.73234,0.918367,-0.635313,1.425483,-0.376703,1.918414,0.064701,2.31544,0.67916,2.547863,1.393009,2.59044,2.105445,2.450861,2.736396,2.149695,3.263652,1.715648,3.706024,1.201752,4.038739,0.652207,4.185609,0.06808,4.090679,-0.567901,3.760375,-1.279773,3.243149,-2.048768,2.571045,-2.807478,1.786906,-3.458912,0.919755,-3.930263,-0.022246,-4.18106,-1.006962,-4.134963,-1.972713,-3.696146,-2.800094,-2.795915,-3.414012,-1.453068,-3.820903,0.165414,-4.031667,1.786193,-3.993586,3.121879,-3.763389,3.994558,-3.487642,4.400633,-3.304934,4.392921,-3.266198,4.036473,-3.346837,3.427258,-3.421917,2.674281,-3.417149,1.889286,-3.322729,1.102541,-3.160249,0.289946,-2.968636,-0.571985,-2.749786,-1.498529,-2.479049,-2.412662,-2.107849,-3.171053,-1.635951,-3.673122,-1.089201,-3.920022,-0.45883,-3.899118,0.231646,-3.627055,0.92767,-3.107724,1.55093,-2.386281,2.061611,-1.565392,2.433351,-0.755512,2.651538,-0.029458,2.742003,0.583722,2.710944,1.065667,2.585558,1.402735,2.373035,1.574814,2.102397,1.5801,1.809123,1.467032,1.543823,1.312194,1.342227,1.155478,1.220739,0.99886,1.156572,0.872719,1.083135,0.798225,0.935627,0.747591,0.701758,0.701697,0.421706,0.647777,0.176299,0.570731,0.000928,0.451321,-0.096707,0.305512,-0.126197,0.155055,-0.111603,0.03666,-0.075929,-0.039475,-0.025277,-0.07326,0.03763,-0.081686,0.095475,-0.084644,0.120812,-0.090041,0.083572,-0.094194,-0.012775
5,-0.049423,-0.139069,-0.081434,-0.164611,-0.101999,-0.169727,-0.108072,-0.147439,-0.104421,-0.106554,-0.094997,-0.066987,-0.081732,-0.043826,-0.062257,-0.043029,-0.045267,-0.058685,-0.029584,-0.088818,-0.024204,-0.128902,-0.020465,-0.172494,-0.015326,-0.214101,-0.009074,-0.248963,0.007898,-0.278677,0.031323,-0.306884,0.051538,-0.344413,0.069377,-0.402158,0.088485,-0.472078,0.14516,-0.51724,0.279434,-0.464229,0.514982,-0.232593,0.860427,0.189272,1.279319,0.76087,1.744374,1.434704,2.201668,2.201886,2.55113,2.972843,2.699015,3.608113,2.59647,4.036944,2.287078,4.262581,1.796604,4.325407,1.150377,4.217319,0.389303,3.911659,-0.480676,3.428779,-1.436613,2.804248,-2.423447,2.060405,-3.322708,1.224742,-4.026809,0.340264,-4.478813,-0.551353,-4.662686,-1.411119,-4.490518,-2.153892,-3.903502,-2.698819,-2.895611,-3.086966,-1.502084,-3.420429,0.080017,-3.695875,1.568629,-3.851575,2.752739,-3.862697,3.548633,-3.789152,4.001243,-3.747104,4.154586,-3.798565,4.07591,-3.897124,3.871324,-3.984792,3.603175,-4.034125,3.264576,-4.004811,2.789733,-3.814791,2.161898,-3.48318,1.436615,-3.105076,0.668491,-2.727041,-0.082197,-2.3601,-0.793022,-1.991141,-1.476403,-1.616122,-2.125188,-1.24386,-2.684859,-0.876302,-3.125626,-0.507138,-3.452941,-0.130203,-3.634455,0.268733,-3.645839,0.697063,-3.505623,1.140893,-3.247526,1.556685,-2.890551,1.902955,-2.438824,2.148988,-1.908373,2.291487,-1.327186,2.337871,-0.726912,2.321359,-0.149208,2.272697,0.375257,2.198157,0.822479,2.089122,1.188138,1.963789,1.470127,1.865663,1.680788,1.808965,1.824976,1.75825,1.904133,1.676434,1.91009,1.550695,1.843522,1.369082,1.708886,1.13978,1.519111,0.8709,1.288712,0.58821,1.039626,0.31233,0.786988,0.079216,0.552742,-0.087271,0.356019,-0.16217,0.199813,-0.153534,0.072896,-0.10705,-0.037584,-0.060883,-0.139276,-0.032434,-0.219197,-0.012857,-0.256059,-0.002264,-0.24337,0.00534,-0.197384,0.013803,-0.143437,0.027734
5,-0.007246,-0.080133,0.012703,-0.107784,0.022336,-0.119267,0.022988,-0.112518,0.011795,-0.086838,-0.001491,-0.053699,-0.01677,-0.029352,-0.033136,-0.023281,-0.049582,-0.031107,-0.053911,-0.05022,-0.033217,-0.078909,0.007131,-0.11027,0.039618,-0.131272,0.052195,-0.147204,0.057946,-0.166238,0.055743,-0.190379,0.048008,-0.211751,0.036615,-0.22538,0.035181,-0.246582,0.068829,-0.288423,0.171793,-0.332471,0.362472,-0.315208,0.652826,-0.201954,1.035431,0.001722,1.471328,0.297423,1.913199,0.689009,2.296475,1.17732,2.558496,1.740203,2.635428,2.329811,2.488183,2.893191,2.116956,3.365138,1.62296,3.734162,1.053872,3.987374,0.472338,4.077785,-0.11114,3.959871,-0.732449,3.611284,-1.409892,3.028723,-2.105991,2.254284,-2.740982,1.404144,-3.260184,0.570366,-3.623936,-0.221556,-3.798267,-0.962373,-3.723318,-1.634202,-3.374659,-2.218169,-2.706366,-2.752579,-1.772303,-3.227834,-0.66055,-3.603462,0.489737,-3.808168,1.511472,-3.842281,2.316957,-3.775101,2.860965,-3.690716,3.144026,-3.643754,3.20644,-3.62054,3.106114,-3.575181,2.902357,-3.503003,2.654545,-3.411978,2.397914,-3.31635,2.103099,-3.22468,1.73329,-3.129381,1.254045,-2.982545,0.688093,-2.766869,-0.002011,-2.518936,-0.769668,-2.224902,-1.500354,-1.867448,-2.214583,-1.455252,-2.85073,-1.000454,-3.324469,-0.505849,-3.619802,0.000195,-3.744316,0.478395,-3.697052,0.925307,-3.476261,1.357749,-3.095126,1.769686,-2.600836,2.132401,-2.042588,2.405988,-1.46419,2.564838,-0.862664,2.592998,-0.230114,2.488729,0.412847,2.262311,1.04128,1.966405,1.579605,1.666521,1.97799,1.429749,2.214713,1.296166,2.2907,1.24694,2.212772,1.24494,2.01531,1.234508,1.741395,1.204172,1.442834,1.131189,1.153241,0.999651,0.888214,0.811108,0.654164,0.592267,0.455464,0.38324,0.29431,0.21175,0.169843,0.086505,0.069257,0.007517,-0.008834,-0.024012,-0.064367,-0.002778,-0.103977,0.057412,-0.117856,0.122459,-0.103289,0.169095,-0.064564,0.191801
5,-0.038197,-0.0605,-0.020428,-0.06931,-0.00331,-0.067638,0.005613,-0.059418,0.000225,-0.049023,-0.01321,-0.041599,-0.027966,-0.040864,-0.032702,-0.043305,-0.031294,-0.043741,-0.028891,-0.046083,-0.030185,-0.057513,-0.034655,-0.08136,-0.036436,-0.124236,-0.032711,-0.175156,-0.01686,-0.230645,-0.001012,-0.274197,0.019921,-0.308072,0.058212,-0.330454,0.122367,-0.340013,0.201425,-0.326664,0.322918,-0.289718,0.549357,-0.214801,0.919412,-0.064431,1.415209,0.191773,1.944482,0.56892,2.370008,1.05883,2.592594,1.623355,2.572175,2.199214,2.307037,2.756237,1.854717,3.244869,1.290368,3.620258,0.734713,3.871307,0.23165,4.05045,-0.189814,4.147143,-0.545057,4.122921,-0.869493,3.926013,-1.208675,3.515667,-1.600789,2.886851,-2.025151,2.11378,-2.441691,1.289611,-2.807112,0.464517,-3.07923,-0.339021,-3.227911,-1.097734,-3.218732,-1.805599,-2.967748,-2.438468,-2.388597,-2.974633,-1.484948,-3.389497,-0.372085,-3.679867,0.781021,-3.855484,1.796809,-3.953013,2.572412,-4.000211,3.057399,-4.036,3.28269,-4.058612,3.323138,-4.008389,3.2479,-3.8402,3.099471,-3.569419,2.881602,-3.277503,2.556753,-3.014977,2.090081,-2.788231,1.480191,-2.593839,0.777688,-2.418939,0.004159,-2.261641,-0.800963,-2.104258,-1.596308,-1.915543,-2.327526,-1.644567,-2.952369,-1.282648,-3.420536,-0.847149,-3.680946,-0.389906,-3.760517,0.052007,-3.701886,0.469894,-3.45236,0.86264,-2.96728,1.270557,-2.307817,1.692836,-1.561526,2.079698,-0.815082,2.392056,-0.131056,2.609575,0.449718,2.731071,0.944838,2.763782,1.324666,2.657426,1.587641,2.387768,1.738673,1.987268,1.770872,1.542391,1.700138,1.146547,1.555584,0.850077,1.351956,0.679935,1.118054,0.603477,0.897162,0.556933,0.73186,0.483223,0.622652,0.358276,0.542058,0.204312,0.47496,0.056715,0.410348,-0.069434,0.3435,-0.175596,0.257143,-0.266682,0.1514,-0.333215,0.036991,-0.362574,-0.066148,-0.342227,-0.143797,-0.276878,-0.18951,-0.172571,-0.200377,-0.041775
5,-0.241438,-0.181696,-0.257866,-0.165242,-0.257637,-0.141077,-0.237272,-0.118162,-0.200077,-0.100624,-0.150474,-0.088452,-0.100821,-0.084992,-0.056437,-0.095144,-0.024401,-0.11305,-0.005537,-0.135562,-0.006105,-0.155432,-0.027634,-0.166396,-0.069782,-0.165077,-0.115474,-0.158136,-0.145767,-0.155134,-0.141614,-0.157667,-0.110167,-0.159594,-0.063713,-0.160669,-0.016984,-0.163788,0.023051,-0.170982,0.059926,-0.182393,0.103716,-0.198618,0.159213,-0.208445,0.228481,-0.215637,0.297771,-0.20625,0.373582,-0.158802,0.4695,-0.066268,0.595351,0.058218,0.737545,0.216611,0.893391,0.421329,1.079894,0.706224,1.282822,1.075991,1.451016,1.492827,1.520835,1.918262,1.457649,2.323636,1.256173,2.690939,0.919421,2.967913,0.501541,3.16912,0.019546,3.271337,-0.509391,3.244848,-1.110181,3.032097,-1.743836,2.594816,-2.350272,1.968279,-2.858611,1.239793,-3.223607,0.476181,-3.379184,-0.308104,-3.227031,-1.092885,-2.733124,-1.806502,-1.982919,-2.365717,-1.069404,-2.760641,-0.081835,-3.051053,0.875369,-3.227329,1.687766,-3.242789,2.290648,-3.117257,2.644094,-2.930621,2.762108,-2.755738,2.705483,-2.627759,2.531343,-2.564928,2.271425,-2.565036,1.946149,-2.595767,1.567931,-2.64868,1.119946,-2.713087,0.576577,-2.736821,-0.041983,-2.669077,-0.69721,-2.476182,-1.367542,-2.150129,-2.024661,-1.751647,-2.623727,-1.308464,-3.107693,-0.807606,-3.403951,-0.267188,-3.479629,0.312383,-3.32323,0.906294,-2.945293,1.519794,-2.391043,2.101609,-1.691517,2.577982,-0.896947,2.864002,-0.104338,2.892412,0.591884,2.682228,1.14472,2.341648,1.512926,1.988139,1.689575,1.700464,1.713933,1.497431,1.637085,1.356645,1.498569,1.246153,1.336023,1.156348,1.177579,1.074893,1.03159,0.974278,0.882349,0.832911,0.738936,0.636769,0.607487,0.408948,0.480985,0.174141,0.342454,-0.023873,0.187405,-0.149399,0.025857,-0.189114,-0.119819,-0.159239,-0.21395,-0.090306,-0.253184,-0.003586,-0.244986,0.079093,-0.208872,0.127283,-0.157444,0.129936
5,-0.072413,-0.079783,-0.099417,-0.085868,-0.111682,-0.105766,-0.110653,-0.12988,-0.093636,-0.1597,-0.069398,-0.178782,-0.044752,-0.17549,-0.03364,-0.151501,-0.036095,-0.110242,-0.045192,-0.060845,-0.059939,-0.022922,-0.072336,0.002388,-0.076524,0.017795,-0.064951,0.01983,-0.040415,0.006628,-0.002973,-0.017363,0.053558,-0.050417,0.11352,-0.095707,0.16745,-0.154719,0.217459,-0.217881,0.283714,-0.263641,0.395172,-0.258956,0.552956,-0.169076,0.772717,0.03133,1.063165,0.351137,1.428407,0.777647,1.816713,1.265878,2.131266,1.769301,2.279172,2.24327,2.215645,2.655146,1.950899,3.012802,1.534629,3.318188,1.01838,3.569418,0.440033,3.747781,-0.135577,3.821417,-0.679698,3.764542,-1.199737,3.550853,-1.716797,3.16,-2.241799,2.58759,-2.722859,1.869527,-3.113883,1.060927,-3.389939,0.224402,-3.554252,-0.599052,-3.554155,-1.369489,-3.290634,-2.049896,-2.753273,-2.610302,-1.957325,-3.058531,-0.927029,-3.377905,0.262491,-3.550444,1.434876,-3.560072,2.385634,-3.465336,2.989074,-3.362137,3.250755,-3.308244,3.298154,-3.320735,3.257539,-3.35636,3.203123,-3.376678,3.117097,-3.362281,2.95651,-3.31513,2.695215,-3.242536,2.276102,-3.144729,1.679578,-2.989146,0.956615,-2.777037,0.181266,-2.533194,-0.602216,-2.25477,-1.373359,-1.953138,-2.118008,-1.632328,-2.794383,-1.264723,-3.345155,-0.848432,-3.726068,-0.396494,-3.921912,0.094225,-3.904104,0.628505,-3.615832,1.214324,-3.051653,1.787112,-2.325698,2.256406,-1.547217,2.576469,-0.760207,2.762881,-0.005657,2.820624,0.666397,2.743334,1.21469,2.544347,1.617541,2.272055,1.88809,1.965027,2.032953,1.662012,2.059052,1.385029,1.994874,1.13062,1.850196,0.895809,1.631081,0.699264,1.362613,0.563432,1.07147,0.47282,0.793498,0.396345,0.551608,0.303144,0.345713,0.210778,0.169108,0.137211,0.021149,0.071668,-0.085864,0.004184,-0.142896,-0.065646,-0.129977,-0.107078,-0.052201,-0.098428,0.041349,-0.040095,0.099515,0.038089,0.107553,0.107167
5,-0.030637,-0.007393,-0.034788,-0.021055,-0.039811,-0.030411,-0.044141,-0.031221,-0.049245,-0.025336,-0.045335,-0.021134,-0.034538,-0.026664,-0.017775,-0.039976,0.005138,-0.053948,0.024245,-0.067358,0.033405,-0.07953,0.023964,-0.092121,-0.002164,-0.104212,-0.032439,-0.112344,-0.049956,-0.125152,-0.046392,-0.150507,-0.008825,-0.181147,0.053856,-0.208371,0.125793,-0.219752,0.216598,-0.202388,0.370453,-0.154902,0.599099,-0.074887,0.87297,0.054659,1.16942,0.249986,1.465269,0.507743,1.727064,0.814713,1.91148,1.156892,1.993868,1.521183,1.971957,1.892871,1.847194,2.250377,1.621993,2.584982,1.30878,2.885718,0.932142,3.125294,0.522265,3.26363,0.079496,3.265447,-0.380001,3.182602,-0.862626,3.012578,-1.331564,2.711815,-1.781777,2.251832,-2.209447,1.659678,-2.594288,0.996416,-2.894165,0.301302,-3.087387,-0.404127,-3.104361,-1.099694,-2.852409,-1.747905,-2.313071,-2.315231,-1.494302,-2.800576,-0.474745,-3.190308,0.588486,-3.451243,1.526482,-3.578668,2.243478,-3.646147,2.72805,-3.71142,3.007452,-3.751146,3.132175,-3.73402,3.129551,-3.659007,3.02962,-3.540321,2.848621,-3.419423,2.60051,-3.357992,2.261076,-3.329548,1.825216,-3.262829,1.29204,-3.094659,0.688833,-2.795837,0.051411,-2.409616,-0.599767,-1.968143,-1.247465,-1.485019,-1.89581,-0.990461,-2.493137,-0.517438,-2.972634,-0.022136,-3.275201,0.534091,-3.361689,1.134056,-3.225464,1.741444,-2.876937,2.274921,-2.354457,2.668493,-1.716981,2.891227,-1.07039,2.927634,-0.467693,2.814083,0.083373,2.615995,0.562926,2.394201,0.93551,2.178989,1.198725,1.980644,1.361607,1.796482,1.447369,1.636423,1.47621,1.489041,1.468056,1.339578,1.430987,1.171729,1.366259,0.981759,1.264992,0.779163,1.120037,0.576647,0.933398,0.396859,0.718102,0.256981,0.498524,0.169377,0.289018,0.131533,0.10316,0.1281,-0.049891,0.144998,-0.161661,0.168689,-0.233162,0.185356,-0.257989,0.188757,-0.240073,0.180792,-0.199464,0.169931,-0.152896,0.161213
5,-0.09293,-0.247276,-0.0731,-0.227224,-0.060512,-0.194171,-0.055427,-0.160004,-0.045868,-0.142651,-0.021063,-0.147564,0.021305,-0.177088,0.087674,-0.231694,0.16213,-0.299966,0.232187,-0.384301,0.315977,-0.47001,0.442184,-0.550937,0.646675,-0.593541,0.949373,-0.576771,1.328419,-0.487161,1.73918,-0.310055,2.137839,-0.028272,2.4568,0.353876,2.65018,0.811452,2.686177,1.300459,2.567858,1.798359,2.310867,2.26956,1.889721,2.686034,1.391767,3.033517,0.861049,3.296925,0.349212,3.437947,-0.121667,3.461248,-0.552899,3.387046,-0.923398,3.217743,-1.220408,2.960367,-1.466767,2.629131,-1.693181,2.225721,-1.903889,1.75854,-2.118116,1.2293,-2.323014,0.647337,-2.497533,0.026458,-2.619811,-0.619248,-2.649355,-1.250614,-2.571313,-1.853359,-2.355162,-2.388981,-1.922487,-2.833224,-1.230999,-3.160504,-0.353621,-3.358987,0.577259,-3.498418,1.387386,-3.595953,1.979769,-3.664744,2.343248,-3.711349,2.510604,-3.747326,2.541213,-3.785268,2.478504,-3.83209,2.375087,-3.845217,2.235369,-3.750992,2.055843,-3.544522,1.852392,-3.286562,1.624458,-3.045525,1.367528,-2.831702,1.068375,-2.637866,0.734289,-2.440047,0.360617,-2.210544,-0.077873,-1.92288,-0.554151,-1.562015,-1.031323,-1.136634,-1.481324,-0.687607,-1.864289,-0.271315,-2.178022,0.112261,-2.406713,0.468631,-2.540881,0.807995,-2.577533,1.1086,-2.49601,1.350804,-2.297567,1.53211,-1.99533,1.649949,-1.622434,1.727849,-1.21302,1.797539,-0.792582,1.862532,-0.368787,1.893551,0.046695,1.874439,0.4269,1.800371,0.752894,1.697564,1.012261,1.596818,1.197214,1.506415,1.314467,1.41428,1.375429,1.312425,1.377237,1.206718,1.334558,1.098259,1.25552,0.99087,1.147746,0.883161,1.028528,0.767323,0.89486,0.634291,0.742648,0.487442,0.582366,0.321176,0.431673,0.145574,0.311996,-0.011745,0.213936,-0.118932,0.129618,-0.15782,0.060718,-0.139551,0.011198,-0.093931,-0.018677,-0.039563,-0.035447,0.014731,-0.046356,0.050645,-0.042586,0.058093
5,0.029284,-0.090583,0.071601,-0.09636,0.169346,-0.100562,0.325166,-0.108198,0.528482,-0.108027,0.765918,-0.099855,1.023926,-0.064049,1.288817,0.01746,1.553785,0.146941,1.791734,0.322867,1.972968,0.537956,2.068934,0.794256,2.088597,1.063064,2.038171,1.324333,1.940668,1.561241,1.773246,1.785127,1.510546,2.044117,1.169602,2.346542,0.765537,2.675972,0.311404,3.005797,-0.159943,3.278514,-0.621228,3.435335,-1.040754,3.457575,-1.395024,3.353152,-1.695052,3.15455,-1.94696,2.870844,-2.156628,2.498522,-2.3157,2.027568,-2.413754,1.471371,-2.463344,0.855252,-2.473727,0.197562,-2.417267,-0.484181,-2.252047,-1.157953,-1.963966,-1.796117,-1.571134,-2.395536,-1.051559,-2.953467,-0.418863,-3.433822,0.312747,-3.845697,1.054701,-4.199347,1.677105,-4.535757,2.097962,-4.810474,2.306116,-4.914815,2.360957,-4.790246,2.346386,-4.484753,2.314219,-4.087646,2.252646,-3.706206,2.151867,-3.446892,1.986895,-3.3242,1.731917,-3.278989,1.365889,-3.159278,0.912346,-2.846568,0.415126,-2.369162,-0.106308,-1.796442,-0.61711,-1.206558,-1.083805,-0.686333,-1.481608,-0.291856,-1.805914,0.004602,-2.05312,0.237558,-2.218247,0.423521,-2.283269,0.57439,-2.246008,0.684177,-2.133776,0.747814,-1.985415,0.784534,-1.828824,0.823235,-1.674803,0.875644,-1.529707,0.940952,-1.38643,1.009829,-1.233022,1.066451,-1.054682,1.124267,-0.841705,1.18893,-0.593711,1.260026,-0.335895,1.331431,-0.084337,1.385947,0.153703,1.404575,0.378055,1.377477,0.579641,1.308762,0.736409,1.221255,0.828306,1.136926,0.858127,1.068593,0.844835,1.014382,0.802489,0.962487,0.745507,0.900904,0.688171,0.822574,0.657058,0.714519,0.652435,0.573933,0.661397,0.41475,0.664102,0.277656,0.649616,0.175908,0.610606,0.096304,0.551639,0.029442,0.492986,-0.021707,0.441372,-0.060422,0.400789,-0.088812,0.369265,-0.098793,0.333811,-0.094423,0.284319,-0.07241,0.215537,-0.0402,0.134464,-0.017834,0.05633,-0.016738,-0.008266,-0.028649
5,0.020326,-0.150505,0.043063,-0.197039,0.065837,-0.239124,0.100911,-0.279701,0.164358,-0.312579,0.263583,-0.321582,0.411246,-0.290669,0.604675,-0.214341,0.831321,-0.110936,1.068178,0.004559,1.306019,0.136672,1.526806,0.304513,1.716331,0.511016,1.859803,0.754806,1.938106,1.029687,1.929201,1.345237,1.850382,1.666239,1.712409,1.971803,1.508597,2.261962,1.224327,2.541959,0.885228,2.799045,0.521656,3.006975,0.157773,3.152949,-0.222814,3.246441,-0.634094,3.309937,-1.058461,3.33556,-1.467203,3.258092,-1.827209,3.032661,-2.138174,2.643023,-2.414038,2.120269,-2.658551,1.504458,-2.855193,0.843597,-2.975415,0.156063,-2.963662,-0.53936,-2.76183,-1.194216,-2.347172,-1.770779,-1.708381,-2.241785,-0.887188,-2.614098,0.035673,-2.940369,0.94971,-3.270651,1.715867,-3.630984,2.250337,-4.022204,2.547947,-4.372405,2.678123,-4.609622,2.723184,-4.699485,2.720032,-4.662479,2.650652,-4.571451,2.502985,-4.504723,2.264401,-4.480099,1.907627,-4.406243,1.44821,-4.155045,0.908816,-3.693707,0.373635,-3.110554,-0.13658,-2.488503,-0.621285,-1.858817,-1.10225,-1.258912,-1.606808,-0.682709,-2.095891,-0.136763,-2.526227,0.354088,-2.847869,0.795736,-3.036127,1.216602,-3.050961,1.598447,-2.89138,1.89475,-2.590639,2.088655,-2.186791,2.196475,-1.726969,2.224482,-1.274634,2.184016,-0.856348,2.103056,-0.476665,2.006629,-0.126195,1.913304,0.190849,1.83234,0.475116,1.755484,0.708801,1.669987,0.884702,1.577443,0.991478,1.480301,1.054345,1.386728,1.117429,1.291628,1.187629,1.195901,1.255365,1.106298,1.323199,1.021214,1.392415,0.929162,1.453062,0.817367,1.494595,0.681813,1.498721,0.531118,1.43818,0.375255,1.311989,0.237616,1.138643,0.132501,0.948993,0.067741,0.750123,0.026534,0.556676,-0.010768,0.373385,-0.049092,0.209801,-0.082988,0.068997,-0.099205,-0.046262,-0.090599,-0.128915,-0.049497,-0.177322,0.021748,-0.192192,0.100714,-0.19086,0.160742,-0.185635,0.206294,-0.194886,0.227242
5,-0.045065,-0.003175,-0.05602,-0.049724,-0.056422,-0.077981,-0.049882,-0.093725,-0.038444,-0.094279,-0.025,-0.090785,-0.016924,-0.091375,-0.017479,-0.106184,-0.024888,-0.140248,-0.033133,-0.184767,-0.026217,-0.22409,-0.003465,-0.243376,0.037522,-0.256286,0.10721,-0.273668,0.219673,-0.302812,0.377322,-0.324464,0.563117,-0.312535,0.776509,-0.270406,1.035897,-0.215244,1.36348,-0.140475,1.763225,-0.010482,2.202267,0.213812,2.578413,0.576305,2.800189,1.10464,2.834495,1.760342,2.663822,2.479152,2.310529,3.183724,1.847679,3.833068,1.329192,4.392831,0.731638,4.83961,0.062309,5.136915,-0.663099,5.149883,-1.476002,4.729663,-2.377702,3.841656,-3.261402,2.628938,-4.023333,1.287575,-4.59906,-0.041831,-4.91056,-1.277517,-4.67503,-2.288646,-3.809932,-2.951878,-2.508822,-3.315958,-1.057325,-3.470876,0.31067,-3.494949,1.358621,-3.441423,1.943305,-3.359681,2.113086,-3.316851,2.014397,-3.339731,1.815675,-3.429571,1.660173,-3.550465,1.608269,-3.61259,1.623428,-3.592687,1.643327,-3.52397,1.600163,-3.379764,1.445054,-3.139983,1.178019,-2.830678,0.845318,-2.503291,0.46172,-2.20224,0.026845,-1.933778,-0.431668,-1.687916,-0.874927,-1.432748,-1.279868,-1.156991,-1.657889,-0.826616,-2.022018,-0.42434,-2.369173,0.016164,-2.672318,0.466863,-2.912968,0.968228,-3.06598,1.556243,-3.007437,2.171167,-2.662038,2.790917,-2.088243,3.391148,-1.312209,3.914702,-0.360039,4.256679,0.675324,4.280838,1.6065,3.926714,2.286783,3.276229,2.617461,2.454687,2.547761,1.591695,2.168721,0.852847,1.653434,0.345066,1.118582,0.095091,0.63402,0.033396,0.258345,0.046638,0.033409,0.020949,-0.050102,-0.088693,-0.037259,-0.284847,0.03323,-0.540898,0.130179,-0.757485,0.215675,-0.842631,0.26201,-0.763644,0.257817,-0.556434,0.19302,-0.291412,0.087497,-0.032567,-0.01729,0.152868,-0.10449,0.22374,-0.165067,0.170895,-0.196413,0.035961,-0.186689,-0.11797,-0.131344,-0.232718,-0.053465,-0.285397,0.011818,-0.266368
5,0.008773,0.036866,0.003641,-0.005352,-0.025798,-0.048236,-0.065772,-0.078424,-0.099434,-0.089289,-0.127926,-0.085989,-0.139427,-0.088993,-0.115989,-0.119332,-0.061595,-0.19383,0.013606,-0.310377,0.09461,-0.43127,0.194906,-0.551425,0.340192,-0.662083,0.537789,-0.744215,0.801419,-0.768838,1.136872,-0.704089,1.525506,-0.534443,1.920248,-0.25322,2.271681,0.122137,2.533968,0.563397,2.66798,1.049523,2.65943,1.568408,2.49687,2.13089,2.214346,2.686115,1.843222,3.1858,1.390101,3.625427,0.849823,4.002998,0.244113,4.295821,-0.376369,4.422847,-1.000512,4.352102,-1.657396,4.08627,-2.336068,3.684006,-2.990855,3.170751,-3.595409,2.531821,-4.098373,1.798901,-4.450287,0.986295,-4.63382,0.101335,-4.541142,-0.829046,-3.933771,-1.70931,-2.71637,-2.40234,-1.120514,-2.820847,0.448547,-3.011417,1.652056,-3.062273,2.350988,-3.057304,2.601375,-3.026341,2.493372,-2.982836,2.166259,-2.96172,1.800858,-2.988604,1.531067,-3.08552,1.39215,-3.202915,1.364639,-3.265324,1.408973,-3.283859,1.474209,-3.265689,1.490922,-3.196238,1.425697,-3.104903,1.269818,-3.025736,1.030752,-2.926432,0.725134,-2.773108,0.367757,-2.561207,-0.007575,-2.329639,-0.379656,-2.107972,-0.750962,-1.897989,-1.13585,-1.67201,-1.540283,-1.372954,-1.957749,-0.98372,-2.360021,-0.514443,-2.71217,0.00747,-2.965973,0.56775,-3.087888,1.203238,-3.021254,1.87661,-2.705637,2.528721,-2.162069,3.114462,-1.419327,3.645713,-0.499835,4.02608,0.546968,4.10422,1.610861,3.822628,2.560594,3.236383,3.299039,2.515002,3.737737,1.816814,3.82048,1.183919,3.540114,0.671816,2.97191,0.359346,2.216035,0.22761,1.369008,0.196431,0.544937,0.198758,-0.120504,0.159377,-0.531578,0.049947,-0.694522,-0.095401,-0.691492,-0.236736,-0.601971,-0.314106,-0.465905,-0.285387,-0.282767,-0.147326,-0.103615,0.055438,0.022176,0.248126,0.062887,0.368053,0.029957,0.378745,-0.053143,0.270364,-0.152893,0.08594,-0.244151,-0.076105,-0.31828,-0.181118
5,-0.141166,-0.088156,-0.114475,-0.131217,-0.073686,-0.182147,-0.014553,-0.242328,0.062338,-0.308541,0.163695,-0.372422,0.285692,-0.43219,0.44146,-0.486133,0.645207,-0.539334,0.91294,-0.574673,1.223164,-0.56687,1.559532,-0.500846,1.903393,-0.354765,2.246825,-0.118942,2.528974,0.226235,2.692997,0.667337,2.68937,1.1796,2.514962,1.744408,2.195281,2.318719,1.752422,2.876945,1.21922,3.423117,0.666682,3.949347,0.144909,4.41055,-0.328472,4.755131,-0.771342,4.994191,-1.181506,5.131608,-1.524793,5.119467,-1.803324,4.929825,-2.025478,4.553711,-2.222554,4.002502,-2.406919,3.288053,-2.563908,2.440725,-2.661103,1.535443,-2.678636,0.635281,-2.620674,-0.238415,-2.479524,-1.055316,-2.249684,-1.771429,-1.968351,-2.326465,-1.667278,-2.710684,-1.342532,-2.957716,-1.002616,-3.111833,-0.655208,-3.242088,-0.310507,-3.410296,0.041401,-3.640658,0.436756,-3.901891,0.897343,-4.1053,1.387876,-4.215721,1.874241,-4.227203,2.327152,-4.18587,2.749845,-4.139955,3.127418,-4.089341,3.397785,-3.981126,3.468651,-3.766347,3.283241,-3.46674,2.841982,-3.158423,2.241498,-2.960257,1.607924,-2.85468,1.006445,-2.763279,0.458727,-2.658387,-0.042441,-2.495538,-0.544043,-2.22377,-1.102526,-1.885813,-1.778826,-1.562709,-2.525665,-1.260262,-3.238047,-0.91819,-3.837186,-0.478256,-4.209391,0.049615,-4.217502,0.609501,-3.838296,1.173096,-3.195861,1.747638,-2.448738,2.31769,-1.667042,2.807211,-0.872611,3.15276,-0.112924,3.312217,0.570321,3.26615,1.14394,2.975372,1.563573,2.524986,1.788159,2.052012,1.848639,1.678769,1.790921,1.448999,1.663612,1.307841,1.515776,1.183418,1.396785,1.040178,1.316626,0.843542,1.258985,0.570827,1.192695,0.261988,1.08413,-0.016314,0.926172,-0.207049,0.738085,-0.276797,0.53931,-0.229931,0.35034,-0.122058,0.179912,-0.000885,0.028684,0.103211,-0.091979,0.180185,-0.166414,0.212329,-0.189892,0.195603,-0.18158,0.140998,-0.161608,0.070721,-0.131636,0.008402,-0.10345,-0.019706
5,-0.090783,-0.003723,-0.082313,-0.041199,-0.063704,-0.094602,-0.038521,-0.143863,-0.010546,-0.17909,0.002044,-0.191055,-0.007593,-0.18393,-0.019705,-0.168639,-0.023663,-0.15098,-0.01215,-0.133239,-0.002883,-0.119448,0.012093,-0.113966,0.034004,-0.120892,0.0575,-0.125135,0.084642,-0.122729,0.115418,-0.121443,0.14262,-0.123458,0.186071,-0.116169,0.271633,-0.092706,0.413027,-0.04729,0.623191,0.02901,0.881722,0.172676,1.157881,0.410447,1.404681,0.72703,1.593604,1.083238,1.685021,1.426999,1.639902,1.751253,1.464992,2.076996,1.183566,2.405053,0.83178,2.728976,0.439369,3.020238,0.016268,3.208941,-0.420164,3.223346,-0.819484,3.038631,-1.170851,2.689178,-1.504909,2.241446,-1.838321,1.726076,-2.133166,1.181775,-2.328662,0.62333,-2.383679,0.057238,-2.268332,-0.500655,-1.998248,-1.012384,-1.642457,-1.463757,-1.249402,-1.860702,-0.789703,-2.220793,-0.289117,-2.508717,0.199233,-2.706017,0.651298,-2.824007,1.036632,-2.904199,1.339162,-2.9848,1.559477,-3.027255,1.6921,-3.019828,1.771499,-2.967266,1.876381,-2.908395,1.983534,-2.86849,2.019559,-2.811549,1.968755,-2.731538,1.824861,-2.675325,1.579266,-2.662833,1.236029,-2.678214,0.798295,-2.665683,0.307805,-2.543425,-0.214477,-2.26093,-0.689645,-1.900141,-1.12624,-1.503971,-1.52033,-1.099385,-1.870613,-0.735662,-2.174824,-0.409654,-2.446699,-0.079984,-2.672596,0.271135,-2.794637,0.641806,-2.746413,1.003138,-2.516747,1.339712,-2.118469,1.636074,-1.574263,1.897176,-0.920106,2.10765,-0.23161,2.24805,0.405104,2.297432,0.923619,2.261106,1.271864,2.173902,1.420186,2.054712,1.408093,1.911469,1.292848,1.742019,1.13828,1.549162,0.991389,1.336295,0.88413,1.099633,0.806932,0.843689,0.742072,0.583228,0.669604,0.345791,0.573896,0.146659,0.463155,0.00418,0.357132,-0.067963,0.265547,-0.074944,0.191169,-0.041578,0.129619,0.007572,0.073994,0.052642,0.019114,0.077113,-0.022219,0.070642,-0.042034,0.040398,-0.049454,0.015985
5,0.008997,-0.060254,0.01181,-0.097316,0.027211,-0.137389,0.055443,-0.171848,0.091934,-0.192205,0.13084,-0.20156,0.162156,-0.214974,0.194259,-0.238827,0.235484,-0.274627,0.288687,-0.308575,0.375764,-0.307522,0.503448,-0.251801,0.677247,-0.139617,0.877269,0.019258,1.09289,0.215347,1.31673,0.438389,1.514576,0.689298,1.664652,0.958012,1.748752,1.241474,1.729478,1.508028,1.556162,1.752383,1.272257,1.998223,0.926862,2.253517,0.543712,2.533319,0.168644,2.824173,-0.169405,3.079151,-0.458897,3.243973,-0.702574,3.290407,-0.907729,3.212131,-1.105578,2.999396,-1.328699,2.644239,-1.572929,2.144657,-1.803823,1.523807,-1.9804,0.817024,-2.078625,0.05519,-2.07526,-0.721776,-1.940272,-1.457138,-1.665902,-2.112467,-1.301537,-2.680238,-0.86634,-3.165165,-0.39485,-3.557596,0.093862,-3.838459,0.55078,-3.994341,0.938011,-4.036225,1.232492,-3.987249,1.434438,-3.864167,1.595414,-3.689074,1.773517,-3.502376,2.016546,-3.338126,2.28728,-3.194089,2.475091,-3.083487,2.48744,-3.00105,2.274027,-2.920197,1.84758,-2.815029,1.266253,-2.632654,0.642738,-2.347344,0.080995,-1.999752,-0.37778,-1.652593,-0.773557,-1.344276,-1.16361,-1.079726,-1.545122,-0.854918,-1.888601,-0.673844,-2.181631,-0.530561,-2.427134,-0.402075,-2.641031,-0.250677,-2.798054,-0.043274,-2.852269,0.226809,-2.752187,0.551628,-2.503623,0.897257,-2.132777,1.237464,-1.654399,1.564289,-1.106761,1.868984,-0.554216,2.119129,-0.043505,2.280848,0.395751,2.34034,0.744057,2.315958,0.987272,2.241502,1.109605,2.142565,1.138009,2.033589,1.116614,1.917385,1.078909,1.785012,1.061915,1.615444,1.087856,1.392432,1.143465,1.123499,1.1975,0.843577,1.229435,0.572263,1.199345,0.321422,1.082968,0.128116,0.900251,0.014343,0.678059,-0.017486,0.460829,-0.003259,0.269285,0.01877,0.113034,0.023602,-0.002491,0.012205,-0.076793,-0.006909,-0.11488,-0.019948,-0.111955,-0.020669,-0.069332,-0.004728,-0.01961,0.024209,0.005932,0.064436
5,0.023413,-0.024104,0.024418,-0.04507,0.021281,-0.06365,0.008419,-0.077121,-0.003802,-0.087631,-0.00983,-0.097901,-0.004292,-0.108288,0.02347,-0.107963,0.065747,-0.096881,0.122805,-0.088876,0.187679,-0.09484,0.253829,-0.094822,0.336103,-0.080227,0.425377,-0.038824,0.537236,0.033908,0.685461,0.142881,0.848812,0.293734,1.004616,0.473554,1.135514,0.683721,1.236189,0.93296,1.299416,1.213985,1.281519,1.505702,1.20164,1.843868,1.066819,2.219497,0.885229,2.600285,0.665134,2.951572,0.403317,3.238009,0.09239,3.421144,-0.249439,3.465832,-0.604622,3.36198,-0.958383,3.120992,-1.296678,2.753095,-1.601496,2.276073,-1.860827,1.702057,-2.065362,1.058642,-2.20611,0.374794,-2.282325,-0.320735,-2.303558,-1.021933,-2.298964,-1.728007,-2.216757,-2.456519,-1.949746,-3.18879,-1.41171,-3.832958,-0.615729,-4.31593,0.350829,-4.565146,1.352865,-4.499824,2.202184,-4.154459,2.753725,-3.661801,2.976102,-3.166281,2.912679,-2.778134,2.693769,-2.556462,2.422044,-2.498251,2.161194,-2.545941,1.941655,-2.599056,1.734833,-2.598453,1.478178,-2.528283,1.136842,-2.370957,0.709921,-2.173102,0.213691,-1.997678,-0.303922,-1.85882,-0.811314,-1.719065,-1.294448,-1.540888,-1.745088,-1.328165,-2.15548,-1.089226,-2.525859,-0.825439,-2.833821,-0.571248,-3.047043,-0.320743,-3.128685,-0.038455,-3.044332,0.302964,-2.783167,0.679697,-2.347794,1.075439,-1.759756,1.469485,-1.089904,1.843244,-0.431133,2.170064,0.179397,2.416156,0.711828,2.546002,1.14455,2.563053,1.44874,2.499946,1.607388,2.387382,1.629368,2.206955,1.556015,1.970011,1.435413,1.683351,1.308241,1.350518,1.219715,0.976899,1.171467,0.591115,1.122724,0.229239,1.038781,-0.069186,0.925633,-0.26703,0.798582,-0.345975,0.667144,-0.320937,0.545455,-0.242451,0.436181,-0.159976,0.350058,-0.106496,0.285935,-0.082768,0.236575,-0.071561,0.19527,-0.058232,0.149672,-0.030801,0.097487,0.014229,0.031676,0.066793,-0.038258,0.112987,-0.098411,0.158291
5,0.029129,-0.032919,0.011263,-0.070993,-0.011919,-0.099604,-0.039737,-0.11193,-0.06798,-0.098839,-0.087435,-0.068269,-0.092667,-0.039691,-0.073268,-0.02661,-0.036662,-0.023683,0.007747,-0.032086,0.059128,-0.052365,0.110408,-0.089452,0.152868,-0.153248,0.193716,-0.229764,0.249682,-0.29851,0.333002,-0.33951,0.447734,-0.343058,0.598712,-0.279988,0.796578,-0.136621,1.026408,0.08063,1.276127,0.358174,1.495843,0.678192,1.644566,1.012546,1.686214,1.33527,1.606223,1.643219,1.402325,1.97015,1.07425,2.344117,0.651936,2.721636,0.166205,3.058996,-0.368304,3.313843,-0.907267,3.420477,-1.41479,3.35443,-1.861985,3.103621,-2.246942,2.681746,-2.559951,2.123708,-2.785282,1.458753,-2.904237,0.713573,-2.90678,-0.102223,-2.80205,-0.938162,-2.585515,-1.771078,-2.214375,-2.574195,-1.664295,-3.337324,-0.883697,-4.001871,0.083599,-4.521456,1.086113,-4.89673,1.947572,-5.070437,2.558192,-4.980813,2.915882,-4.624228,3.093063,-4.103505,3.169032,-3.579404,3.225131,-3.161251,3.234354,-2.836157,3.114663,-2.526626,2.838611,-2.179493,2.450063,-1.853694,1.976031,-1.627167,1.419346,-1.469227,0.798701,-1.315489,0.173952,-1.178491,-0.427565,-1.072924,-1.014896,-0.983089,-1.583251,-0.907027,-2.149357,-0.849603,-2.69962,-0.806556,-3.176877,-0.738124,-3.507436,-0.620887,-3.614613,-0.438857,-3.469553,-0.175158,-3.109127,0.174189,-2.584557,0.57131,-1.946592,0.986191,-1.267776,1.401235,-0.623097,1.805322,-0.051256,2.15754,0.423673,2.412855,0.796462,2.567794,1.054003,2.670909,1.200785,2.74132,1.252186,2.758103,1.245837,2.696728,1.21522,2.547731,1.183896,2.290065,1.165071,1.925733,1.14092,1.487434,1.101253,1.026964,1.044839,0.611121,0.958004,0.299158,0.837952,0.118727,0.688695,0.061495,0.525969,0.086272,0.371593,0.137177,0.247084,0.170039,0.162008,0.169111,0.120384,0.140094,0.119756,0.099818,0.141544,0.066763,0.157296,0.048749,0.143023,0.041762,0.08627,0.057642,-0.007416,0.106297
5,-0.011369,-0.07316,-0.025052,-0.064908,-0.048784,-0.06467,-0.074525,-0.077813,-0.0904,-0.109183,-0.090269,-0.158245,-0.078432,-0.219245,-0.063815,-0.291229,-0.057305,-0.369819,-0.057617,-0.459289,-0.067992,-0.563914,-0.065988,-0.687736,-0.039128,-0.817916,0.014979,-0.920516,0.101312,-0.967814,0.243318,-0.938244,0.461973,-0.819614,0.740369,-0.575062,1.048264,-0.184624,1.359052,0.323484,1.675269,0.900642,1.975546,1.502214,2.190764,2.067633,2.261222,2.565642,2.159366,2.995526,1.887381,3.344974,1.486996,3.585347,0.985551,3.727702,0.42702,3.77095,-0.149145,3.711906,-0.705834,3.55644,-1.231556,3.298746,-1.706499,2.935655,-2.102857,2.460872,-2.394331,1.904096,-2.583416,1.301892,-2.684169,0.675467,-2.718792,0.021674,-2.67625,-0.668226,-2.504669,-1.361782,-2.147305,-2.005716,-1.557993,-2.556277,-0.785962,-2.977215,0.074667,-3.271989,0.901688,-3.445199,1.579,-3.522373,2.039927,-3.523926,2.32899,-3.471491,2.535297,-3.393225,2.741582,-3.2755,2.921713,-3.100954,3.030963,-2.866088,3.054839,-2.615062,3.019301,-2.435688,2.928359,-2.390645,2.737063,-2.466176,2.398236,-2.618806,1.895362,-2.812609,1.264209,-2.991166,0.551481,-3.099148,-0.173346,-3.070671,-0.85043,-2.882583,-1.421727,-2.580034,-1.857955,-2.20848,-2.16579,-1.77577,-2.385408,-1.287295,-2.544755,-0.76522,-2.635914,-0.247362,-2.631113,0.237989,-2.520894,0.711586,-2.287655,1.215809,-1.924239,1.738631,-1.464286,2.221394,-0.953921,2.613874,-0.42983,2.88857,0.077032,3.006472,0.530266,2.961862,0.891165,2.795024,1.13059,2.537979,1.247652,2.203479,1.263236,1.812438,1.194076,1.411046,1.075922,1.053035,0.936467,0.777212,0.812739,0.582925,0.726621,0.443734,0.680861,0.313557,0.6398,0.180048,0.583854,0.059876,0.506751,-0.038562,0.401073,-0.111558,0.273895,-0.156307,0.127227,-0.167029,-0.030793,-0.148641,-0.166906,-0.101611,-0.245486,-0.031552,-0.251794,0.039116,-0.210381,0.09789,-0.153659,0.142164,-0.105949,0.179238
5,-0.038318,-0.113112,-0.059008,-0.135686,-0.075727,-0.146108,-0.07959,-0.142272,-0.078057,-0.128018,-0.068514,-0.102079,-0.057338,-0.074482,-0.04073,-0.061645,-0.024608,-0.078423,-0.008239,-0.128631,0.014522,-0.194118,0.046762,-0.258881,0.09223,-0.319718,0.154552,-0.370949,0.262527,-0.407313,0.455634,-0.420997,0.757255,-0.39751,1.142398,-0.316829,1.564681,-0.161031,1.955469,0.105169,2.233232,0.47874,2.320692,0.959344,2.209642,1.520659,1.92904,2.106888,1.52612,2.690541,1.052636,3.22889,0.585249,3.700788,0.142351,4.086967,-0.250142,4.343228,-0.598627,4.416088,-0.953992,4.311092,-1.317405,4.039232,-1.663521,3.616749,-1.973107,3.04454,-2.230474,2.33146,-2.408106,1.505758,-2.499883,0.596678,-2.509918,-0.354881,-2.410964,-1.285962,-2.203064,-2.128239,-1.910646,-2.846321,-1.518698,-3.428071,-1.00471,-3.860016,-0.372751,-4.130482,0.350472,-4.233237,1.092323,-4.171434,1.773198,-3.954919,2.333389,-3.6373,2.758182,-3.288851,3.073985,-2.965244,3.279047,-2.720272,3.365068,-2.576262,3.317173,-2.527173,3.11963,-2.560054,2.765961,-2.648829,2.255005,-2.727555,1.625427,-2.769144,0.97485,-2.813442,0.383987,-2.897637,-0.156208,-2.963679,-0.699483,-2.878788,-1.239505,-2.58082,-1.739279,-2.117852,-2.161796,-1.570523,-2.495053,-1.006269,-2.748747,-0.470627,-2.918998,0.001689,-3.009106,0.41668,-3.002621,0.788848,-2.88086,1.123575,-2.646235,1.44185,-2.324902,1.757102,-1.92323,2.053343,-1.452011,2.312633,-0.920544,2.507987,-0.337848,2.611957,0.282057,2.602479,0.885702,2.492066,1.390831,2.308779,1.727048,2.095627,1.886317,1.881102,1.892754,1.657927,1.780779,1.418903,1.604129,1.177733,1.412734,0.939508,1.23018,0.714447,1.065365,0.503311,0.905644,0.303844,0.740144,0.13259,0.565072,0.011228,0.369465,-0.063883,0.16871,-0.098489,-0.007541,-0.106607,-0.136592,-0.092481,-0.226293,-0.056342,-0.274932,0.004469,-0.279502,0.080321,-0.25134,0.157922,-0.210446,0.206193,-0.169422,0.216737
5,0.090472,-0.20868,0.147432,-0.266834,0.215204,-0.334554,0.296146,-0.403606,0.39256,-0.462113,0.530382,-0.500811,0.731688,-0.493499,0.986991,-0.415404,1.260097,-0.261496,1.504574,-0.051993,1.694631,0.221315,1.833206,0.56491,1.908736,0.974778,1.872766,1.437526,1.689692,1.935186,1.426391,2.446617,1.107471,2.929378,0.738342,3.409532,0.345022,3.839013,-0.039399,4.168519,-0.382005,4.333114,-0.666639,4.290002,-0.911095,4.067791,-1.149031,3.719208,-1.400694,3.259365,-1.63833,2.693973,-1.839521,2.03245,-1.980118,1.302631,-2.060224,0.543698,-2.080689,-0.191344,-2.041236,-0.856529,-1.950874,-1.425789,-1.810788,-1.920492,-1.628707,-2.377305,-1.395832,-2.805125,-1.101374,-3.210416,-0.719116,-3.522256,-0.229138,-3.657604,0.332784,-3.588261,0.907333,-3.352051,1.451893,-3.045782,1.979345,-2.752542,2.49161,-2.542811,2.95803,-2.461255,3.30757,-2.504437,3.473566,-2.640676,3.436543,-2.800695,3.227585,-2.928107,2.879695,-3.026737,2.431273,-3.126397,1.920093,-3.210755,1.403051,-3.250085,0.912072,-3.210363,0.468935,-3.069484,0.057202,-2.845118,-0.351757,-2.551223,-0.788602,-2.210698,-1.241877,-1.840326,-1.677108,-1.420514,-2.065484,-0.972798,-2.373491,-0.530742,-2.579788,-0.145668,-2.691217,0.18885,-2.732316,0.465732,-2.712652,0.701904,-2.647996,0.926774,-2.524292,1.156139,-2.349525,1.394054,-2.1363,1.635652,-1.885814,1.854192,-1.575947,2.027973,-1.167573,2.190529,-0.714713,2.341335,-0.245409,2.406466,0.209003,2.367788,0.593922,2.248876,0.908401,2.087741,1.165613,1.906979,1.373025,1.729232,1.53625,1.552345,1.655863,1.384645,1.733228,1.212255,1.767938,1.031886,1.754914,0.837607,1.68288,0.640938,1.550177,0.447648,1.361302,0.275074,1.131358,0.141428,0.885315,0.066073,0.647526,0.033766,0.435435,0.026937,0.255714,0.033191,0.109697,0.033537,0.006995,0.021753,-0.053657,-0.008241,-0.076663,-0.043604,-0.082182,-0.060965,-0.079878,-0.06087,-0.070139,-0.04216,-0.059925,-0.021054
5,2.722096,-0.712768,3.028169,-0.472367,3.218856,-0.15854,3.295895,0.203036,3.261003,0.592561,3.128273,1.015915,2.912299,1.436601,2.613512,1.841429,2.247761,2.224132,1.862094,2.574977,1.464558,2.857462,1.03133,3.05411,0.559408,3.168145,0.059241,3.17863,-0.451133,3.07303,-0.945527,2.87398,-1.436274,2.671375,-1.928956,2.425751,-2.378224,2.096025,-2.760072,1.694234,-3.049647,1.197945,-3.190286,0.611878,-3.19721,-0.060695,-3.067542,-0.833349,-2.815365,-1.696711,-2.430399,-2.60278,-1.915567,-3.505842,-1.313659,-4.349683,-0.681997,-5.099957,-0.04761,-5.717124,0.485603,-6.128821,0.972753,-6.278629,1.453619,-6.143145,1.88436,-5.7778,2.259243,-5.236012,2.581376,-4.648313,2.820634,-4.150386,2.884707,-3.849387,2.651996,-3.83756,2.0194,-3.773427,1.121779,-3.25873,0.159489,-2.379805,-0.704457,-1.393673,-1.329823,-0.480745,-1.692457,0.247726,-1.924512,0.703508,-2.13694,0.918553,-2.335437,0.947151,-2.526901,0.876186,-2.651072,0.784068,-2.666862,0.706135,-2.264905,0.643743,-0.628976,0.397531,-0.881628,0.636885,-0.590769,0.670342,-0.310276,0.619945,0.011956,0.62841,0.221951,0.615827,0.379761,0.531799,0.373898,0.50316,0.321795,0.517212,0.243749,0.507481,0.185038,0.544153,0.167609,0.52024,0.235347,0.54256,0.395532,0.74617,0.501453,1.27853,0.683746,1.724001,1.023142,1.940846,1.453555,1.958732,1.92021,1.823342,2.364211,1.563935,2.701608,1.216982,2.839774,0.829291,2.710693,0.448598,2.355329,0.100213,1.876485,-0.163105,1.367485,-0.277369,0.915772,-0.267922,0.58334,-0.202205,0.399657,-0.127705,0.333438,-0.048191,0.333668,0.041261,0.362729,0.135049,0.391131,0.229276,0.382382,0.347446,0.297259,0.469848,0.150472,0.555907,-0.00526,0.578434,-0.124242,0.535529,-0.178721,0.444335,-0.181482,0.32982,-0.156293,0.209165,-0.133943,0.090361,-0.126849,-0.019119,-0.127094,-0.114694,-0.12553,-0.190956,-0.124165,-0.238604,-0.120471,-0.247312,-0.108918,-0.211913
5,-0.217801,-0.339313,-0.088279,-0.418617,0.014186,-0.470893,0.100313,-0.473407,0.205258,-0.430818,0.344264,-0.347076,0.537182,-0.240352,0.785123,-0.12543,1.133343,0.024124,1.582439,0.20925,2.085822,0.42732,2.570007,0.675,2.954406,0.979754,3.207569,1.345011,3.344184,1.746948,3.373929,2.184249,3.303204,2.617232,3.123615,2.976574,2.864675,3.239059,2.413424,3.439605,1.721748,3.604904,0.877296,3.763589,-0.043718,3.868231,-0.958748,3.90441,-1.842631,3.842448,-2.688319,3.628056,-3.462456,3.217398,-4.098104,2.591091,-4.501545,1.792909,-4.644694,0.886612,-4.557803,-0.099933,-4.285199,-1.130441,-3.884372,-2.155944,-3.362258,-3.138955,-2.66654,-4.009899,-1.80167,-4.67066,-0.835527,-5.050711,0.119439,-5.157357,0.975169,-5.040865,1.685292,-4.739985,2.234933,-4.312057,2.658305,-3.816689,2.964139,-3.357946,3.179419,-3.000222,3.35417,-2.76429,3.4545,-2.641292,3.415331,-2.592342,3.15335,-2.534179,2.648002,-2.380186,1.969671,-2.120169,1.194994,-1.812304,0.452161,-1.552549,-0.120295,-1.428408,-0.502326,-1.436022,-0.771802,-1.517117,-0.986242,-1.530897,-1.242977,-1.314701,-1.637905,-0.917669,-2.063388,-0.457603,-2.418768,0.059277,-2.699551,0.568957,-2.87785,0.924065,-2.835281,1.060437,-2.511489,1.018764,-1.972996,0.885198,-1.352477,0.707216,-0.756728,0.534829,-0.27967,0.442105,0.047434,0.466089,0.251101,0.57007,0.359835,0.693144,0.421083,0.788008,0.45066,0.854212,0.464593,0.900527,0.493892,0.942433,0.560451,0.9814,0.656963,1.021673,0.769949,1.044809,0.904239,1.031367,1.063905,0.991199,1.237745,0.911852,1.40024,0.787261,1.503455,0.63688,1.549539,0.499632,1.545058,0.407113,1.474398,0.355159,1.332522,0.328292,1.133229,0.311607,0.914499,0.284146,0.692792,0.230679,0.473001,0.164196,0.263086,0.093614,0.085927,0.026878,-0.032346,-0.030255,-0.095821,-0.063837,-0.124688,-0.077461,-0.143897,-0.081122,-0.167041,-0.082924,-0.195567,-0.0903,-0.220682,-0.102917
5,0.724606,-1.054046,1.24047,-1.043726,1.865565,-0.950129,2.524513,-0.744753,3.105063,-0.391683,3.507386,0.112209,3.692005,0.76323,3.693631,1.534835,3.588833,2.334851,3.395281,3.083388,3.147693,3.690353,2.920715,4.08561,2.637779,4.320722,2.253774,4.426327,1.772958,4.360796,1.113392,4.234746,0.338694,4.149989,-0.444061,4.030724,-1.161772,3.87537,-1.801208,3.707068,-2.419384,3.471952,-2.976048,3.103326,-3.409946,2.574181,-3.674495,1.88764,-3.723295,1.105356,-3.606815,0.275124,-3.410033,-0.592928,-3.161939,-1.456298,-2.862315,-2.277329,-2.468023,-3.019395,-1.943278,-3.635475,-1.291512,-4.101781,-0.554974,-4.445097,0.221362,-4.695627,0.975661,-4.870904,1.605744,-4.985034,2.090738,-4.986644,2.482121,-4.850725,2.768512,-4.571498,2.962759,-4.093933,3.023953,-3.451525,2.840431,-2.748592,2.385851,-2.069547,1.784065,-1.595123,1.187556,-1.406426,0.686314,-1.458279,0.295465,-1.609991,0.014685,-1.624585,-0.188401,-1.438913,-0.395367,-1.101413,-0.661814,-0.704572,-0.990828,-0.29567,-1.35843,0.061689,-1.743597,0.302093,-2.094248,0.39939,-2.346528,0.368365,-2.41297,0.261205,-2.268142,0.123782,-2.061053,-0.01854,-1.925079,-0.140068,-1.870614,-0.193709,-1.892136,-0.178569,-1.942943,-0.11318,-1.958406,-0.016752,-1.840573,0.085464,-1.536167,0.203728,-1.095299,0.374474,-0.619959,0.614036,-0.161479,0.92216,0.258107,1.266032,0.613444,1.644382,0.860681,2.038686,0.991471,2.368484,1.020711,2.549675,0.980921,2.537434,0.949875,2.332728,1.013878,1.998863,1.187188,1.609811,1.436161,1.19802,1.707271,0.75893,1.975743,0.318001,2.228995,-0.074479,2.412012,-0.381098,2.441876,-0.576015,2.280311,-0.671113,1.938204,-0.726261,1.484812,-0.772627,1.029488,-0.790273,0.617628,-0.727418,0.256508,-0.568203,-0.037125,-0.3504,-0.222862,-0.120912,-0.305954,0.079636,-0.324084,0.23675,-0.312549,0.343183,-0.29971,0.392548,-0.290729,0.387178,-0.279022,0.343423,-0.269341,0.284505,-0.264619,0.219591
5,0.270135,-0.626766,0.610699,-0.592811,0.995532,-0.538664,1.433666,-0.44041,1.914152,-0.246249,2.384084,0.045429,2.764033,0.436043,3.025189,0.905736,3.170093,1.402158,3.219825,1.901068,3.186354,2.38913,3.036546,2.844039,2.793054,3.236061,2.620413,3.550817,2.367558,3.725102,1.956421,3.796445,1.416635,3.776026,0.710851,3.66901,-0.072039,3.474817,-0.942524,3.360459,-1.810896,3.293752,-2.600492,3.143072,-3.33637,2.848891,-3.929822,2.413881,-4.316027,1.831216,-4.482548,1.108417,-4.455689,0.269524,-4.232071,-0.654174,-3.762752,-1.571453,-3.082063,-2.374561,-2.278948,-3.011915,-1.413136,-3.476208,-0.523268,-3.777527,0.34494,-3.931493,1.142227,-3.938194,1.804651,-3.842156,2.309394,-3.683505,2.669594,-3.494829,2.923417,-3.312201,3.097598,-3.167922,3.230336,-2.986821,3.273647,-2.799075,3.125813,-2.653653,2.773607,-2.512225,2.261207,-2.380342,1.72727,-2.234509,1.271137,-2.083436,0.926513,-1.943168,0.641115,-1.814526,0.342703,-1.693582,0.020362,-1.577224,-0.330439,-1.467398,-0.772308,-1.365842,-1.304747,-1.196138,-1.835689,-0.903409,-2.300038,-0.567196,-2.629237,-0.288438,-2.878551,-0.093308,-3.079272,0.036475,-3.18648,0.103067,-3.193255,0.126543,-3.143571,0.148392,-3.002281,0.215686,-2.697642,0.345736,-2.248306,0.525141,-1.718335,0.746112,-1.135333,1.016782,-0.566916,1.318657,-0.087539,1.621562,0.309677,1.908457,0.680047,2.173199,1.019953,2.349758,1.254036,2.391332,1.366193,2.30634,1.375417,2.124539,1.327136,1.881205,1.291465,1.61614,1.293692,1.35653,1.322794,1.100226,1.392951,0.84016,1.499738,0.539529,1.621482,0.190723,1.743906,-0.186423,1.846499,-0.539555,1.88468,-0.793007,1.81258,-0.890482,1.623082,-0.841521,1.342249,-0.688106,1.017435,-0.469656,0.697062,-0.224065,0.397646,3.2e-05,0.128584,0.176938,-0.0853,0.296695,-0.247835,0.351499,-0.35676,0.351217,-0.414027,0.311694,-0.425949,0.248873,-0.413859,0.176338,-0.38922,0.11264,-0.359799,0.066051
5,0.14403,-0.35242,-0.0002,-0.302247,-0.093602,-0.296115,-0.153112,-0.325608,-0.165036,-0.3511,-0.093746,-0.373289,0.044547,-0.399244,0.180347,-0.422231,0.279631,-0.409041,0.32397,-0.320956,0.331164,-0.197688,0.311673,-0.064566,0.276421,0.057472,0.222617,0.160044,0.170201,0.234956,0.123779,0.286121,0.097934,0.318841,0.100803,0.342935,0.134171,0.376533,0.172615,0.439195,0.191621,0.521644,0.187792,0.610635,0.163335,0.705899,0.104901,0.798271,-0.01679,0.866623,-0.205735,0.871423,-0.475455,0.850305,-0.820698,0.794619,-1.218702,0.666574,-1.64784,0.461627,-2.081071,0.211101,-2.447488,-0.0621,-2.695824,-0.330531,-2.827432,-0.581085,-2.822502,-0.825746,-2.665198,-1.065143,-2.348858,-1.310677,-1.8664,-1.568542,-1.191569,-1.786349,-0.37114,-1.916694,0.495458,-1.961187,1.343928,-1.913437,2.128215,-1.787993,2.77282,-1.611518,3.229815,-1.435308,3.450039,-1.304866,3.40795,-1.210491,3.155968,-1.169147,2.757118,-1.193905,2.275084,-1.249557,1.755076,-1.282889,1.223653,-1.285971,0.713389,-1.303641,0.238278,-1.352653,-0.213874,-1.424434,-0.635971,-1.478761,-1.000082,-1.493596,-1.335226,-1.431985,-1.637167,-1.272844,-1.852607,-1.048092,-1.97052,-0.787204,-2.081308,-0.514945,-2.259783,-0.282132,-2.505802,-0.108064,-2.737575,0.02029,-2.816055,0.125051,-2.631018,0.243311,-2.186816,0.412047,-1.59187,0.64966,-0.939188,0.93926,-0.298121,1.240461,0.269847,1.500892,0.733266,1.698434,1.125809,1.807991,1.454221,1.829234,1.724383,1.783194,1.913481,1.714041,2.006255,1.651896,2.021926,1.591473,1.997474,1.528461,1.968672,1.443045,1.946946,1.330339,1.92139,1.174456,1.881409,0.960499,1.809822,0.714643,1.684906,0.494502,1.497448,0.351555,1.262154,0.276099,0.998966,0.247402,0.735287,0.239826,0.487279,0.234609,0.257223,0.211267,0.039689,0.149833,-0.161999,0.064043,-0.329005,-0.024992,-0.434637,-0.08922,-0.474479,-0.107754,-0.468179,-0.089963,-0.441067,-0.058312,-0.405611,-0.024893
5,-0.104182,-0.247261,-0.098236,-0.296094,-0.068745,-0.316975,0.007041,-0.31607,0.157983,-0.307714,0.397622,-0.286307,0.685187,-0.206792,0.961178,-0.063234,1.239415,0.126448,1.522386,0.340675,1.777449,0.600445,1.979678,0.923372,2.111393,1.274047,2.155351,1.598856,2.112856,1.876547,1.99085,2.119154,1.775903,2.331253,1.41418,2.529341,0.986529,2.663543,0.573354,2.763657,0.172624,2.837606,-0.321722,2.877708,-0.936511,2.869414,-1.485769,2.824366,-1.889921,2.719016,-2.200856,2.475626,-2.453164,2.103655,-2.676952,1.634511,-2.881809,1.06058,-3.063614,0.393878,-3.158116,-0.324876,-3.107356,-1.059595,-2.856663,-1.789074,-2.409664,-2.444431,-1.840635,-2.986008,-1.17718,-3.391299,-0.471991,-3.623777,0.219525,-3.661686,0.917181,-3.505206,1.603659,-3.179229,2.211818,-2.721017,2.66523,-2.230563,2.937597,-1.801879,3.045281,-1.530732,3.015191,-1.465184,2.872059,-1.58418,2.592696,-1.843633,2.208418,-2.13117,1.833116,-2.245773,1.519697,-2.12444,1.193616,-1.85165,0.835229,-1.540135,0.453691,-1.281598,0.078192,-1.124915,-0.275665,-1.049318,-0.584679,-1.055221,-0.850235,-1.119498,-1.110888,-1.175192,-1.432355,-1.154274,-1.827965,-1.042163,-2.233061,-0.84338,-2.57449,-0.567203,-2.810571,-0.257579,-2.912943,0.023326,-2.857229,0.238464,-2.667422,0.409215,-2.382223,0.567724,-2.016426,0.738131,-1.539814,0.926411,-1.019069,1.11658,-0.564425,1.267071,-0.193263,1.382845,0.102681,1.497336,0.331924,1.594091,0.528098,1.646587,0.719206,1.664383,0.902677,1.66052,1.069196,1.639279,1.245555,1.567808,1.418108,1.456403,1.565352,1.284522,1.662479,1.045028,1.723174,0.754831,1.750827,0.451329,1.71885,0.164218,1.620705,-0.064227,1.450536,-0.222136,1.211832,-0.299557,0.924765,-0.303995,0.634459,-0.25363,0.387259,-0.169762,0.207433,-0.07174,0.081098,0.013379,-0.016006,0.065765,-0.09851,0.077948,-0.169031,0.0649,-0.232542,0.040373,-0.296488,0.011932,-0.358225,-0.007781,-0.399064,-0.016186
5,-0.056507,-0.1582,-0.026754,-0.178929,0.00203,-0.213476,0.033691,-0.26203,0.083102,-0.313951,0.172493,-0.364049,0.303339,-0.404116,0.478024,-0.437714,0.724019,-0.469589,1.066684,-0.481829,1.480805,-0.471895,1.881953,-0.308537,2.185496,0.033479,2.353402,0.432029,2.386272,0.841559,2.304431,1.240102,2.175656,1.600639,2.04635,1.929333,1.932191,2.227791,1.739954,2.475361,1.43983,2.687127,1.05909,2.867901,0.597541,2.984933,0.029232,2.934751,-0.54225,2.771943,-1.055357,2.536299,-1.539296,2.230744,-1.986383,1.862482,-2.39422,1.436764,-2.722362,0.947671,-2.939321,0.400069,-2.997205,-0.163221,-2.875735,-0.718918,-2.595419,-1.239932,-2.224862,-1.712416,-1.835934,-2.148221,-1.440685,-2.518254,-1.003522,-2.75888,-0.520975,-2.848028,-0.048406,-2.824579,0.396817,-2.719285,0.84453,-2.547456,1.325786,-2.350418,1.800776,-2.159492,2.214768,-2.003355,2.53124,-1.940456,2.717922,-1.957696,2.763758,-1.98053,2.662534,-1.941162,2.451085,-1.804634,2.153277,-1.567221,1.755381,-1.235376,1.257884,-0.886307,0.706194,-0.617287,0.138023,-0.460087,-0.399147,-0.360996,-0.87806,-0.327255,-1.325518,-0.332525,-1.766205,-0.36558,-2.224621,-0.417351,-2.626524,-0.479963,-2.923192,-0.532014,-3.119931,-0.532825,-3.208176,-0.469072,-3.159017,-0.324667,-2.969977,-0.127551,-2.657747,0.063191,-2.184386,0.249913,-1.548687,0.48324,-0.821022,0.767245,-0.146461,1.013997,0.410098,1.178859,0.847506,1.27954,1.164741,1.356307,1.349375,1.442655,1.422766,1.530957,1.430303,1.598469,1.40981,1.618401,1.383996,1.571277,1.331143,1.476921,1.239682,1.309083,1.143999,1.058165,1.052191,0.745509,0.990886,0.40066,0.950053,0.06441,0.917916,-0.218732,0.875187,-0.405321,0.798534,-0.464415,0.678396,-0.422898,0.520055,-0.332969,0.344304,-0.240909,0.171285,-0.168594,0.01401,-0.121189,-0.114836,-0.09298,-0.207906,-0.072146,-0.273256,-0.044909,-0.314543,-0.008852,-0.331541,0.015939,-0.339752,0.026343,-0.33964,0.027768
5,-0.047255,-0.06619,-0.065263,-0.082903,-0.095356,-0.120894,-0.133975,-0.17607,-0.174515,-0.237548,-0.202172,-0.301459,-0.202533,-0.357407,-0.146596,-0.39912,-0.019049,-0.408889,0.172148,-0.383756,0.399092,-0.326678,0.655196,-0.287995,0.940074,-0.272811,1.25749,-0.251656,1.581193,-0.192252,1.861844,-0.033664,2.08322,0.223993,2.256091,0.564406,2.3712,0.963303,2.427471,1.376344,2.414499,1.785061,2.32274,2.143069,2.148615,2.441527,1.864763,2.627053,1.409701,2.720328,0.847957,2.769445,0.204468,2.78724,-0.484165,2.731772,-1.139817,2.626401,-1.78188,2.410806,-2.351103,2.121905,-2.845243,1.899656,-3.164453,1.646254,-3.292609,1.249263,-3.274368,0.761616,-3.11955,0.21146,-2.836694,-0.401714,-2.424762,-1.054188,-1.858275,-1.672441,-1.147564,-2.16992,-0.351474,-2.524215,0.423433,-2.717511,1.091835,-2.765669,1.617615,-2.724292,2.006246,-2.639597,2.302184,-2.546279,2.573797,-2.483174,2.819983,-2.470779,3.000486,-2.490577,3.073868,-2.469335,3.045599,-2.321196,2.882817,-2.018873,2.563658,-1.619401,2.082034,-1.236302,1.465445,-0.95844,0.790149,-0.822419,0.100566,-0.86597,-0.581904,-1.126995,-1.265489,-1.371122,-1.914798,-1.482991,-2.459408,-1.460352,-2.875237,-1.287023,-3.136338,-0.961618,-3.289846,-0.567652,-3.346505,-0.220827,-3.307648,0.064328,-3.197586,0.354614,-2.951605,0.631333,-2.545688,0.871196,-2.023561,1.049943,-1.380691,1.147082,-0.688735,1.1998,-0.052048,1.238064,0.465854,1.262838,0.869128,1.29128,1.196853,1.354614,1.429739,1.426957,1.559274,1.461378,1.597123,1.422096,1.567305,1.303364,1.501447,1.127331,1.422834,0.920981,1.351192,0.721049,1.282516,0.526763,1.204134,0.337662,1.098608,0.155119,0.970351,-0.018122,0.824992,-0.166197,0.667096,-0.269826,0.507182,-0.338666,0.346072,-0.37627,0.182855,-0.377563,0.042594,-0.340316,-0.056498,-0.26104,-0.129876,-0.16898,-0.193955,-0.091906,-0.247364,-0.041525,-0.283568,-0.010796,-0.307555,-0.00504,-0.317834,-0.016189
5,-0.192999,-0.224641,-0.109231,-0.194975,-0.005605,-0.178019,0.113154,-0.185019,0.243159,-0.217656,0.395418,-0.260218,0.571177,-0.279409,0.776987,-0.263921,1.002744,-0.201069,1.231926,-0.090308,1.486281,0.065194,1.767884,0.259718,2.030194,0.483529,2.229389,0.739969,2.358239,1.018406,2.386956,1.323882,2.328653,1.628645,2.234075,1.916983,2.125574,2.218852,1.848015,2.521767,1.295702,2.73918,0.543066,2.860144,-0.280112,2.887773,-1.061569,2.827816,-1.758346,2.687945,-2.412179,2.435627,-3.022427,2.028423,-3.534749,1.469113,-3.873051,0.771003,-3.978416,-0.032368,-3.818584,-0.91544,-3.381376,-1.850685,-2.703104,-2.761528,-1.864251,-3.546802,-0.912747,-4.122647,0.086021,-4.356435,1.009013,-4.28468,1.832701,-3.995099,2.542342,-3.575808,3.083693,-3.098303,3.412399,-2.612589,3.538176,-2.150341,3.479838,-1.759305,3.233201,-1.396729,2.799441,-1.020083,2.231601,-0.620737,1.652469,-0.246561,1.139079,0.018955,0.687019,0.140944,0.252376,0.125791,-0.203457,-0.003804,-0.726453,-0.210132,-1.308347,-0.42638,-1.943664,-0.629636,-2.560085,-0.770633,-3.057074,-0.844848,-3.402296,-0.846768,-3.637767,-0.7743,-3.778203,-0.654503,-3.82603,-0.516113,-3.69704,-0.37645,-3.347792,-0.18361,-2.794853,0.079045,-2.128219,0.385749,-1.385538,0.754645,-0.602214,1.186369,0.166334,1.615964,0.839393,1.934372,1.353943,2.102778,1.67508,2.147874,1.848952,2.070122,1.929838,1.875618,1.967868,1.58152,1.987362,1.238153,2.005891,0.906821,2.008358,0.624241,1.98514,0.390982,1.921464,0.192575,1.795038,0.024502,1.582798,-0.107441,1.27714,-0.192066,0.915641,-0.241124,0.54815,-0.260036,0.216754,-0.256304,-0.053325,-0.215314,-0.246243,-0.140893,-0.376072,-0.051534,-0.453776,0.021362,-0.490259,0.049788,-0.503936,0.039821,-0.499932,0.00236,-0.468921,-0.042548,-0.413927,-0.084992,-0.330627,-0.110504,-0.221166,-0.110615,-0.090585,-0.08383,0.022085,-0.03739,0.095822,0.006646,0.130397,0.035804,0.141622,0.048302
5,-0.097795,-0.089145,-0.119117,-0.146555,-0.111544,-0.200686,-0.085607,-0.254337,-0.06377,-0.304313,-0.053098,-0.346739,-0.041823,-0.384811,-0.007978,-0.418478,0.070887,-0.440656,0.21479,-0.438868,0.430466,-0.406653,0.702647,-0.351838,0.996945,-0.273949,1.3094,-0.1653,1.618656,-0.014249,1.88022,0.209206,2.067786,0.507684,2.183783,0.864383,2.214149,1.238118,2.167146,1.608457,2.005377,1.952885,1.755547,2.252154,1.389542,2.487267,0.900566,2.651828,0.303859,2.743783,-0.408324,2.782185,-1.186144,2.755715,-1.881795,2.65235,-2.433398,2.501358,-2.863179,2.362349,-3.130243,2.206123,-3.294385,1.95296,-3.410342,1.565444,-3.431581,1.058281,-3.317229,0.42654,-3.061026,-0.251862,-2.704817,-0.929947,-2.241592,-1.58577,-1.680402,-2.166806,-1.043118,-2.668329,-0.354628,-3.027175,0.349877,-3.197132,1.04952,-3.118357,1.742847,-2.794009,2.414217,-2.336592,2.995735,-1.859462,3.419853,-1.443937,3.665559,-1.177438,3.765796,-1.119149,3.728871,-1.25508,3.560208,-1.489151,3.275448,-1.709369,2.806566,-1.788421,2.156934,-1.725755,1.41493,-1.594752,0.711129,-1.451444,0.140117,-1.324108,-0.298104,-1.239161,-0.65224,-1.194498,-1.019139,-1.151089,-1.47332,-1.088454,-2.02001,-0.985085,-2.569161,-0.812735,-2.979062,-0.575908,-3.173845,-0.258422,-3.192325,0.111388,-3.127815,0.443765,-3.016364,0.712725,-2.855225,0.915619,-2.618644,1.060827,-2.253741,1.17063,-1.772842,1.291209,-1.205005,1.418794,-0.588289,1.57545,0.034236,1.726359,0.583355,1.81996,1.063731,1.862376,1.434666,1.833281,1.732697,1.731395,1.923801,1.554093,1.984775,1.312606,1.924322,1.015594,1.785108,0.690077,1.619189,0.368292,1.43797,0.079119,1.277065,-0.156772,1.137592,-0.340387,0.991178,-0.459552,0.817959,-0.499149,0.615604,-0.433569,0.394513,-0.278974,0.185122,-0.087379,-0.006398,0.081612,-0.165177,0.194565,-0.279182,0.214715,-0.33839,0.164573,-0.358712,0.070501,-0.349644,-0.033991,-0.314091,-0.129695,-0.259971,-0.199741
5,2.138563,0.277914,2.400975,0.592129,2.549657,0.889934,2.603096,1.160563,2.579049,1.423796,2.439119,1.680192,2.167737,1.92611,1.811224,2.161541,1.353722,2.346373,0.824961,2.430639,0.275296,2.449312,-0.28191,2.443114,-0.80159,2.425423,-1.250865,2.396358,-1.65898,2.338795,-2.024855,2.245864,-2.337486,2.111651,-2.56667,1.938161,-2.713683,1.724616,-2.810916,1.452179,-2.857024,1.13176,-2.891196,0.737472,-2.875361,0.277469,-2.771725,-0.228797,-2.573188,-0.712857,-2.254841,-1.138783,-1.780289,-1.603117,-1.194293,-2.098329,-0.471647,-2.685463,0.360002,-3.181772,1.200202,-3.425228,1.987788,-3.45922,2.709615,-3.377875,3.344383,-3.262815,3.855058,-3.134727,4.174095,-2.972782,4.257645,-2.727304,4.055106,-2.327702,3.535205,-1.77396,2.767048,-1.216614,1.888795,-0.792947,1.016001,-0.539063,0.200706,-0.434945,-0.512252,-0.459063,-1.090138,-0.564088,-1.536121,-0.678751,-1.913795,-0.738204,-2.3015,-0.734589,-2.685503,-0.710054,-2.983162,-0.71027,-3.192624,-0.686865,-3.353362,-0.637529,-3.49215,-0.644165,-3.545239,-0.716353,-3.366981,-0.726468,-2.940344,-0.575147,-2.332198,-0.272233,-1.600337,0.159085,-0.85329,0.698062,-0.210661,1.251595,0.248047,1.738918,0.551851,2.099165,0.717494,2.330522,0.823061,2.441371,0.944179,2.462842,1.096124,2.410989,1.267977,2.29276,1.440712,2.097932,1.592063,1.825507,1.725982,1.489485,1.854954,1.100077,1.981314,0.67395,2.101266,0.228624,2.19106,-0.19312,2.19935,-0.531005,2.099767,-0.735327,1.889192,-0.785813,1.602834,-0.690166,1.288003,-0.512449,0.964717,-0.304188,0.642156,-0.095063,0.348919,0.089669,0.092547,0.240201,-0.133498,0.34573,-0.325529,0.396882,-0.472908,0.385246,-0.5694,0.330274,-0.604149,0.243516,-0.582008,0.138328,-0.513148,0.02621,-0.424693,-0.078158,-0.338937,-0.16512,-0.264293,-0.227382,-0.200853,-0.253505,-0.13576,-0.230799,-0.055446,-0.164079,0.025184,-0.072399,0.095831,0.020425,0.146449,0.088198,0.173829,0.121664
5,0.289489,-0.209913,0.382736,-0.210137,0.518228,-0.164543,0.678551,-0.073315,0.848247,0.058119,1.041139,0.227105,1.254015,0.427935,1.455581,0.650819,1.590092,0.88501,1.645072,1.135803,1.617284,1.394018,1.55004,1.611484,1.460586,1.842631,1.283468,2.085897,0.973511,2.263875,0.541248,2.35513,-0.008376,2.36711,-0.59833,2.290687,-1.167237,2.154009,-1.702821,1.956126,-2.188302,1.719575,-2.61947,1.480886,-2.990189,1.229357,-3.238771,0.919554,-3.343443,0.530912,-3.269042,0.077435,-2.997312,-0.433683,-2.534114,-0.981512,-1.935185,-1.535304,-1.29194,-2.058869,-0.652266,-2.488471,0.004296,-2.731741,0.668891,-2.776402,1.276101,-2.704756,1.795024,-2.572427,2.213151,-2.429501,2.537574,-2.308964,2.783847,-2.249607,2.956491,-2.288039,3.058213,-2.446248,3.136623,-2.831699,3.064279,-3.095857,2.885304,-2.985472,2.500633,-2.724875,1.857903,-2.318356,1.113609,-1.816281,0.370423,-1.383268,-0.318466,-1.084092,-0.914932,-0.882718,-1.415037,-0.673083,-1.837037,-0.412612,-2.19603,-0.127123,-2.466009,0.137964,-2.653821,0.384552,-2.75314,0.614799,-2.771154,0.818788,-2.744004,0.976931,-2.690906,1.084127,-2.584941,1.17166,-2.386718,1.272283,-2.078564,1.395731,-1.666917,1.528454,-1.164394,1.651012,-0.6393,1.733452,-0.112394,1.77217,0.439515,1.773877,0.994994,1.724715,1.53623,1.614501,2.003147,1.446953,2.353493,1.226523,2.584514,0.976126,2.695155,0.754685,2.678153,0.592926,2.521686,0.457627,2.251125,0.324922,1.919386,0.196463,1.566138,0.093846,1.219672,0.054509,0.898872,0.079017,0.605242,0.138218,0.345669,0.208511,0.110593,0.262011,-0.108277,0.286689,-0.292901,0.26904,-0.429704,0.214693,-0.509641,0.138065,-0.542389,0.052786,-0.546852,-0.027106,-0.534713,-0.088756,-0.512795,-0.125084,-0.4812,-0.135003,-0.41868,-0.11685,-0.324907,-0.088539,-0.207369,-0.064531,-0.078143,-0.041565,0.039603,-0.02017,0.133313,-0.003833,0.188212,-0.002374,0.195892,-0.013469,0.171146,-0.025779
5,-0.050712,0.035286,-0.055144,0.039892,-0.065545,0.052035,-0.08128,0.060464,-0.096537,0.049968,-0.104488,0.013678,-0.110114,-0.036899,-0.112625,-0.099523,-0.112699,-0.168936,-0.100381,-0.232402,-0.055198,-0.272512,0.03616,-0.294803,0.173059,-0.289902,0.346122,-0.25513,0.531632,-0.199813,0.714437,-0.104445,0.901227,0.035535,1.075958,0.197357,1.218265,0.361609,1.328178,0.544397,1.454114,0.784111,1.607573,1.07244,1.76753,1.361046,1.901685,1.624244,1.934557,1.814079,1.835648,1.893273,1.628707,1.91202,1.210031,1.887784,0.692413,1.832782,-0.148736,1.80531,-1.008039,1.829336,-1.711207,1.811971,-2.236118,1.78141,-2.555549,1.736909,-2.710475,1.638047,-2.737654,1.423177,-2.662086,1.094793,-2.539812,0.668865,-2.39985,0.16365,-2.235571,-0.40103,-2.038454,-1.033213,-1.732168,-1.664849,-1.298804,-2.193103,-0.754924,-2.557917,-0.106829,-2.74313,0.587108,-2.803132,1.275982,-2.768713,1.897486,-2.620484,2.416813,-2.41983,2.815281,-2.226948,3.044872,-2.078176,3.07902,-2.029247,2.928752,-2.052238,2.647557,-2.096167,2.274568,-2.077514,1.844563,-1.947594,1.358126,-1.699473,0.817338,-1.363105,0.245199,-1.002975,-0.303305,-0.712335,-0.814674,-0.469024,-1.250248,-0.257249,-1.623875,-0.059301,-1.965148,0.096445,-2.267715,0.192264,-2.536353,0.24079,-2.705359,0.290016,-2.754368,0.364456,-2.709752,0.455366,-2.602208,0.548456,-2.446769,0.639079,-2.225784,0.751161,-1.891557,0.919409,-1.467014,1.117462,-0.995859,1.299811,-0.502319,1.44527,0.037479,1.556249,0.600047,1.639198,1.153481,1.674872,1.66001,1.66075,2.0616,1.57792,2.319664,1.417124,2.443172,1.180114,2.431317,0.875019,2.301865,0.544641,2.06481,0.233454,1.742719,-0.022409,1.37349,-0.197714,0.990383,-0.316021,0.617144,-0.376332,0.290224,-0.356205,0.027829,-0.277141,-0.174549,-0.167639,-0.313902,-0.048926,-0.385446,0.052515,-0.401366,0.125469,-0.387743,0.163989,-0.37257,0.162663,-0.369116,0.125018,-0.375913,0.051114
5,-0.097508,-0.014678,-0.101246,-0.01384,-0.101686,-0.030408,-0.096547,-0.063674,-0.087106,-0.106107,-0.070836,-0.147964,-0.052865,-0.180801,-0.045881,-0.203574,-0.046151,-0.217132,-0.05154,-0.225293,-0.065839,-0.230239,-0.08095,-0.240468,-0.090904,-0.257623,-0.072196,-0.286021,-0.002694,-0.311547,0.165576,-0.331884,0.485734,-0.342847,0.951509,-0.315106,1.498825,-0.208854,2.033422,0.004865,2.47753,0.288263,2.757449,0.625582,2.884911,0.988547,2.869903,1.299381,2.719045,1.506301,2.4474,1.623837,2.051734,1.703129,1.522922,1.776659,0.852323,1.935228,0.066751,2.154874,-0.782825,2.343647,-1.585211,2.457443,-2.287106,2.433671,-2.881491,2.227738,-3.343555,1.828685,-3.629452,1.27137,-3.698472,0.616025,-3.533853,-0.091655,-3.127603,-0.815936,-2.489727,-1.534382,-1.69093,-2.194124,-0.841627,-2.706048,-0.071863,-3.039198,0.569642,-3.228712,1.083752,-3.264429,1.471385,-3.147758,1.698573,-2.94321,1.815629,-2.746373,1.886339,-2.587371,1.904507,-2.431613,1.84315,-2.245391,1.642289,-2.024219,1.334754,-1.812401,0.998245,-1.63183,0.649788,-1.484792,0.260771,-1.332306,-0.196715,-1.14671,-0.727938,-0.95069,-1.285038,-0.789261,-1.835298,-0.667431,-2.378232,-0.549145,-2.876414,-0.439193,-3.255894,-0.331993,-3.487144,-0.209969,-3.571014,-0.123606,-3.519491,-0.110087,-3.322249,-0.110656,-2.922327,0.014215,-2.281186,0.189646,-1.455522,0.42883,-0.581493,0.68856,0.211354,0.974894,0.831609,1.267554,1.281374,1.495378,1.622461,1.637725,1.913273,1.687753,2.159674,1.667857,2.330985,1.571693,2.435921,1.417826,2.48535,1.204359,2.484789,0.97387,2.423115,0.749458,2.315074,0.529138,2.169583,0.314205,1.987377,0.12343,1.769403,-0.021449,1.512334,-0.105309,1.19869,-0.115075,0.853055,-0.057996,0.513925,0.028705,0.218118,0.111867,-0.021093,0.164894,-0.190936,0.176003,-0.296347,0.132078,-0.346497,0.048484,-0.362939,-0.04081,-0.366417,-0.097064,-0.365922,-0.113449,-0.365598,-0.109513,-0.362056,-0.09714
5,-0.079532,-0.015052,-0.094794,-0.039791,-0.114669,-0.063419,-0.133116,-0.085499,-0.147363,-0.102802,-0.158239,-0.122951,-0.176735,-0.149224,-0.209258,-0.192909,-0.254019,-0.263716,-0.304947,-0.350039,-0.317439,-0.430342,-0.244164,-0.470791,-0.032724,-0.456036,0.339819,-0.370941,0.817022,-0.207189,1.302297,0.057029,1.709801,0.419717,1.988325,0.815209,2.171376,1.074069,2.306243,1.260831,2.360368,1.412765,2.302338,1.526507,2.118943,1.630759,1.835612,1.727727,1.474205,1.817132,1.054217,1.902756,0.600647,1.968687,0.126803,1.990065,-0.345046,1.972823,-0.805874,1.896558,-1.271723,1.770467,-1.751443,1.610976,-2.255597,1.405251,-2.759807,1.152748,-3.205294,0.824236,-3.502849,0.398377,-3.550887,-0.120818,-3.299908,-0.663332,-2.760931,-1.136606,-2.003101,-1.563234,-1.124808,-1.951447,-0.23574,-2.252935,0.593826,-2.461763,1.34794,-2.597766,1.954635,-2.66647,2.363678,-2.657087,2.583769,-2.599348,2.642728,-2.546024,2.574521,-2.61197,2.394883,-2.74476,2.08273,-2.75466,1.63447,-2.521598,1.103675,-2.067613,0.561144,-1.512605,0.063491,-0.99622,-0.376046,-0.601064,-0.783613,-0.325802,-1.189505,-0.171611,-1.597547,-0.12291,-2.020961,-0.123273,-2.479131,-0.15421,-2.922109,-0.210314,-3.247644,-0.256669,-3.420819,-0.2572,-3.459462,-0.248633,-3.331187,-0.217736,-3.055007,-0.121503,-2.683235,0.029719,-2.240365,0.188782,-1.672128,0.386071,-0.980533,0.658386,-0.260168,0.986111,0.397888,1.297288,0.92468,1.537174,1.295805,1.685494,1.552466,1.733466,1.721864,1.699723,1.842747,1.607942,1.970303,1.455406,2.117443,1.247698,2.242821,1.006737,2.300304,0.75118,2.282663,0.48771,2.210205,0.225627,2.092806,-0.017141,1.924732,-0.216171,1.687456,-0.349563,1.3895,-0.413583,1.082044,-0.418244,0.773564,-0.355556,0.475913,-0.22593,0.219441,-0.055387,0.02063,0.101332,-0.126507,0.196837,-0.248246,0.214641,-0.343594,0.163178,-0.399073,0.07295,-0.423519,-0.02098,-0.43306,-0.09162,-0.419246,-0.135673
5,-0.209238,-0.103936,-0.225335,-0.090608,-0.234515,-0.084105,-0.237543,-0.09386,-0.23494,-0.117096,-0.227259,-0.144641,-0.219953,-0.173075,-0.214161,-0.204165,-0.21013,-0.24023,-0.194559,-0.284265,-0.144514,-0.333572,-0.034749,-0.372629,0.134927,-0.362696,0.347731,-0.290328,0.597677,-0.162895,0.886151,-0.005003,1.223689,0.16965,1.607161,0.352473,1.999983,0.53519,2.331599,0.72594,2.538033,0.967944,2.650104,1.267704,2.672109,1.573551,2.525215,1.853064,2.20915,2.061668,1.69724,2.185721,1.043406,2.263156,0.347873,2.318837,-0.335234,2.331424,-0.973386,2.259771,-1.554978,2.119063,-2.0686,1.905306,-2.508843,1.632127,-2.882468,1.279096,-3.188992,0.846131,-3.381274,0.335113,-3.414609,-0.238436,-3.274531,-0.817046,-2.975712,-1.396656,-2.533867,-1.95199,-1.944994,-2.447959,-1.232224,-2.828567,-0.43,-3.081825,0.459009,-3.189451,1.370877,-3.145273,2.188513,-2.974329,2.851972,-2.744019,3.315271,-2.5916,3.524348,-2.548728,3.422433,-2.483789,3.023812,-2.323044,2.434352,-2.036627,1.709741,-1.530222,0.843906,-0.80579,-0.002275,-0.102412,-0.654034,0.334998,-1.073274,0.488388,-1.357273,0.402309,-1.618934,0.209467,-2.002287,0.023003,-2.483106,-0.153264,-2.965155,-0.287164,-3.34037,-0.363487,-3.563941,-0.348585,-3.585223,-0.239803,-3.333138,-0.096772,-2.834462,0.083291,-2.234468,0.324233,-1.640697,0.590376,-1.054162,0.827792,-0.457034,1.036278,0.122493,1.231585,0.609469,1.367765,0.944379,1.460146,1.1711,1.500818,1.339983,1.507268,1.469606,1.477862,1.557091,1.430826,1.599421,1.364096,1.613445,1.260171,1.60207,1.119098,1.558951,0.939251,1.492738,0.714261,1.429062,0.447408,1.388933,0.148716,1.347459,-0.131691,1.247138,-0.341339,1.076079,-0.450236,0.86838,-0.456254,0.66259,-0.386198,0.468295,-0.27317,0.271627,-0.148552,0.069524,-0.052744,-0.112908,0.001505,-0.253846,0.016145,-0.358196,0.002942,-0.42895,-0.017303,-0.452183,-0.031814,-0.433588,-0.031148,-0.391677,-0.03004
5,-0.110902,-0.061766,-0.125714,-0.099646,-0.131575,-0.124089,0.111405,-0.202334,0.431455,-0.207963,0.877859,-0.178741,1.347739,-0.064268,1.764565,0.145572,2.122627,0.453212,2.392467,0.852634,2.562105,1.315361,2.622778,1.82421,2.537597,2.31521,2.316177,2.708006,1.965814,2.951663,1.473696,3.048943,0.872442,3.013007,0.22601,2.842587,-0.432488,2.573856,-1.039429,2.235964,-1.556247,1.894864,-1.992861,1.539213,-2.353101,1.123466,-2.647166,0.668462,-2.874149,0.193632,-3.032744,-0.285952,-3.120377,-0.749171,-3.043276,-1.198557,-2.788236,-1.628707,-2.326916,-2.016824,-1.690176,-2.332062,-0.973473,-2.558147,-0.291205,-2.712752,0.299232,-2.817677,0.857358,-2.901851,1.403901,-2.905227,1.865142,-2.768554,2.234152,-2.509019,2.484162,-2.215252,2.603581,-1.985913,2.598456,-1.85291,2.443603,-1.821875,2.074359,-1.887706,1.485238,-1.912614,0.765106,-1.777077,0.035373,-1.507275,-0.626194,-1.15626,-1.185527,-0.790918,-1.631974,-0.478506,-1.986636,-0.241228,-2.3127,-0.069808,-2.638092,0.030015,-2.908705,0.055946,-3.04642,0.017071,-3.091247,-0.022474,-3.085741,-0.047978,-3.014563,-0.040173,-2.828915,0.016905,-2.496963,0.122515,-1.978496,0.292372,-1.314654,0.554377,-0.603142,0.870624,0.04302,1.20198,0.579484,1.488085,0.987592,1.695287,1.28572,1.793362,1.486258,1.774859,1.621326,1.6612,1.728785,1.493139,1.836758,1.30449,1.943175,1.122603,2.041096,0.9664,2.120213,0.823955,2.183635,0.693735,2.219421,0.555647,2.202606,0.385056,2.172833,0.205626,2.05225,0.034375,1.816208,-0.083509,1.482244,-0.155166,1.089836,-0.186054,0.684736,-0.170457,0.297443,-0.107891,-0.049763,-0.017341,-0.325318,0.066905,-0.509506,0.116781,-0.612056,0.115301,-0.645441,0.067966,-0.627828,-0.005826,-0.558315,-0.073928,-0.447171,-0.113159,-0.337482,-0.120092,-0.24871,-0.102569,-0.181404,-0.071593,-0.132826,-0.044244,-0.093673,-0.02636,-0.05672,-0.017948,-0.011231,-0.008816,0.02723,-0.004678,0.055728,-0.001807
5,-0.187294,-0.127881,-0.145545,-0.166599,-0.105037,-0.210439,-0.049227,-0.26741,0.053581,-0.331092,0.220606,-0.37225,0.401103,-0.327017,0.694647,-0.249116,1.100846,-0.108731,1.568937,0.161109,2.049823,0.493797,2.466104,0.864308,2.761372,1.250627,2.879297,1.655168,2.803354,2.051716,2.521223,2.406051,2.062033,2.672546,1.429164,2.842191,0.684403,2.914142,-0.101947,2.87186,-0.869041,2.748151,-1.627861,2.56444,-2.184156,2.282483,-2.53324,1.941861,-2.777207,1.494369,-2.957147,0.935493,-3.049337,0.290799,-3.014091,-0.388967,-2.82152,-1.051747,-2.455466,-1.661843,-1.954608,-2.188314,-1.366857,-2.529539,-0.737423,-2.663992,-0.088312,-2.6233,0.595094,-2.540791,1.267946,-2.464725,1.830938,-2.359195,2.200609,-2.240207,2.393656,-2.152364,2.42531,-2.117179,2.344126,-2.133096,2.167247,-2.15211,1.897661,-2.117005,1.549742,-2.025346,1.118226,-1.876646,0.62249,-1.687349,0.078195,-1.446809,-0.486738,-1.196813,-1.035019,-0.97434,-1.531583,-0.797049,-1.95056,-0.639253,-2.294318,-0.465677,-2.571607,-0.277848,-2.751852,-0.113996,-2.770493,-0.003647,-2.652487,0.091476,-2.470951,0.225691,-2.298053,0.400262,-2.159161,0.592229,-2.037118,0.785357,-1.892455,0.999668,-1.673873,1.220052,-1.345058,1.437254,-0.912198,1.608067,-0.414834,1.708918,0.090518,1.703265,0.523807,1.589471,0.844764,1.394067,1.080047,1.170333,1.269155,0.951409,1.45618,0.737346,1.646278,0.542406,1.817903,0.373182,1.954052,0.232131,2.038237,0.103264,2.062282,-0.017324,2.013911,-0.109547,1.872853,-0.159299,1.642422,-0.159127,1.356493,-0.122165,1.031591,-0.086559,0.703676,-0.04993,0.397006,-0.000863,0.137882,0.048185,-0.079849,0.100085,-0.263093,0.143912,-0.409216,0.146499,-0.501862,0.112359,-0.53649,0.053355,-0.509831,-0.008512,-0.435757,-0.064596,-0.342249,-0.108411,-0.255313,-0.129812,-0.181411,-0.129749,-0.118932,-0.109175,-0.066733,-0.073524,-0.02648,-0.03273,0.010327,0.00257,0.050203,0.028411,0.095782,0.048228
5,1.353173,0.069106,1.604319,0.226881,1.766272,0.50099,1.851565,0.892321,1.874256,1.367316,1.854509,1.839186,1.783669,2.249282,1.661456,2.538507,1.45313,2.673479,1.149483,2.684504,0.757255,2.593112,0.305537,2.432113,-0.167508,2.246417,-0.647482,2.090057,-1.102756,1.976883,-1.521555,1.866341,-1.895807,1.706721,-2.208088,1.484137,-2.41954,1.203409,-2.549405,0.872303,-2.61729,0.503905,-2.64129,0.100454,-2.606035,-0.316997,-2.501783,-0.724799,-2.302238,-1.103412,-1.994237,-1.471687,-1.568014,-1.807181,-1.049617,-2.091266,-0.465206,-2.388798,0.181573,-2.670135,0.879002,-2.851815,1.596972,-2.863215,2.275623,-2.694884,2.827894,-2.398868,3.204414,-2.067859,3.389883,-1.774017,3.390396,-1.566024,3.240222,-1.465002,2.948845,-1.456605,2.529291,-1.489926,1.98341,-1.512724,1.293021,-1.472018,0.501442,-1.371418,-0.292031,-1.221533,-0.994376,-1.043563,-1.562734,-0.856539,-2.014926,-0.67859,-2.374018,-0.5381,-2.662885,-0.446375,-2.904228,-0.398227,-3.068565,-0.39027,-3.104778,-0.370288,-2.997913,-0.302723,-2.796625,-0.187154,-2.54085,-0.031365,-2.254504,0.171855,-1.935983,0.409314,-1.570095,0.651099,-1.172086,0.884635,-0.767689,1.106684,-0.391705,1.272316,-0.042418,1.365141,0.306344,1.396132,0.646545,1.378919,0.962225,1.332063,1.272391,1.26906,1.597215,1.208058,1.906353,1.114634,2.137192,0.976225,2.263905,0.794613,2.30129,0.575777,2.255107,0.349503,2.138679,0.152296,1.964319,-0.001576,1.749978,-0.11208,1.492323,-0.182271,1.200721,-0.2217,0.895439,-0.240924,0.60174,-0.243145,0.328603,-0.219033,0.089049,-0.175192,-0.104906,-0.115623,-0.25896,-0.044066,-0.389008,0.018039,-0.490082,0.053575,-0.562346,0.049666,-0.611793,0.007837,-0.636751,-0.055529,-0.628126,-0.115315,-0.581076,-0.14981,-0.496607,-0.157116,-0.358041,-0.142106,-0.180483,-0.108426,0.003557,-0.063932,0.148442,-0.012096,0.231843,0.03287,0.256129,0.064856,0.235742,0.08367,0.186818,0.094161,0.119397,0.096522
5,-0.067065,-0.085977,-0.066085,-0.0931,-0.058642,-0.097959,-0.035397,-0.109371,0.025286,-0.123374,0.140222,-0.133094,0.296989,-0.125063,0.478786,-0.098454,0.639214,-0.05678,0.745032,-0.031408,0.863369,-0.043488,1.024066,-0.04919,1.188578,-0.044833,1.327725,0.014238,1.42452,0.185457,1.478218,0.462109,1.492115,0.791562,1.460495,1.114696,1.363519,1.401795,1.19511,1.629815,0.965282,1.774231,0.679662,1.822967,0.356997,1.809549,0.015554,1.776965,-0.327756,1.721812,-0.662628,1.650292,-0.97352,1.580475,-1.275441,1.535529,-1.582106,1.504529,-1.873724,1.455455,-2.112991,1.364101,-2.326679,1.190245,-2.495849,0.901161,-2.600666,0.511333,-2.619634,0.072907,-2.52857,-0.350769,-2.341831,-0.733625,-2.034788,-1.077481,-1.582176,-1.383714,-1.034875,-1.635848,-0.456624,-1.816772,0.102812,-1.92183,0.643175,-1.981379,1.178477,-2.006956,1.715934,-2.029352,2.225353,-2.04698,2.676161,-2.016315,3.026158,-1.92168,3.189697,-1.789264,3.116292,-1.665616,2.837723,-1.577737,2.400385,-1.529729,1.853875,-1.522168,1.238581,-1.484775,0.57835,-1.360385,-0.102954,-1.167394,-0.740751,-0.950872,-1.266861,-0.760272,-1.682962,-0.61225,-2.025303,-0.500155,-2.318876,-0.398422,-2.579596,-0.32301,-2.817516,-0.275413,-2.96599,-0.26335,-2.981894,-0.237027,-2.849523,-0.163511,-2.596046,-0.029412,-2.285558,0.142005,-1.926705,0.315072,-1.498045,0.500217,-1.009635,0.702415,-0.525221,0.907445,-0.09314,1.071221,0.256496,1.166321,0.559995,1.20564,0.868102,1.202105,1.173719,1.156894,1.447037,1.105332,1.673345,1.052609,1.850966,0.982792,1.972194,0.873521,2.020612,0.724219,2.00085,0.547096,1.930834,0.372081,1.816952,0.206008,1.657789,0.050686,1.450037,-0.078765,1.197309,-0.173669,0.91435,-0.210899,0.618454,-0.181361,0.327303,-0.09579,0.073679,0.01316,-0.122215,0.112365,-0.258032,0.168141,-0.346469,0.167956,-0.394296,0.11781,-0.400985,0.052106,-0.385647,-0.010132,-0.35853,-0.059532,-0.329067,-0.090368
5,-0.097227,-0.139114,-0.034849,-0.162244,0.018183,-0.166176,0.079745,-0.154464,0.175839,-0.135274,0.310313,-0.123757,0.500095,-0.140479,0.756238,-0.13607,1.099733,-0.091433,1.453669,0.040845,1.804187,0.233131,2.128326,0.471335,2.348197,0.731673,2.40378,0.970906,2.316201,1.203648,2.102357,1.431109,1.77799,1.635127,1.383583,1.811478,0.930355,1.951767,0.447357,2.056705,-0.065935,2.109411,-0.586575,2.131757,-1.065765,2.088138,-1.469364,1.962596,-1.792024,1.76156,-2.041634,1.469244,-2.240506,1.082502,-2.407062,0.618353,-2.52244,0.11083,-2.582566,-0.416502,-2.536011,-0.932357,-2.351055,-1.374362,-2.056056,-1.72571,-1.632954,-2.000157,-1.035751,-2.179874,-0.295723,-2.264412,0.475249,-2.302457,1.221749,-2.328023,1.919379,-2.342597,2.523741,-2.310004,2.95993,-2.189792,3.136445,-1.97996,3.055784,-1.702464,2.782784,-1.392067,2.361414,-1.05912,1.810527,-0.726296,1.199275,-0.440557,0.613625,-0.23653,0.088822,-0.121472,-0.365207,-0.087066,-0.745891,-0.116015,-1.080725,-0.180077,-1.413127,-0.248077,-1.798587,-0.291241,-2.230846,-0.31914,-2.633618,-0.346911,-2.916554,-0.366621,-3.032247,-0.349051,-2.978132,-0.258466,-2.793675,-0.11032,-2.513219,0.072592,-2.146605,0.258676,-1.709957,0.428176,-1.228205,0.581075,-0.739887,0.72772,-0.254002,0.874273,0.224172,1.000331,0.643481,1.097779,1.012143,1.148411,1.336631,1.153088,1.594753,1.104899,1.766195,1.020763,1.83571,0.913286,1.836966,0.788045,1.799079,0.653941,1.7211,0.50351,1.606085,0.331244,1.45013,0.155654,1.26039,-0.010595,1.045714,-0.150894,0.829329,-0.243865,0.600705,-0.267496,0.338703,-0.224904,0.072505,-0.150776,-0.165523,-0.072103,-0.352449,-0.01315,-0.484162,0.017697,-0.556149,0.013214,-0.570306,-0.01461,-0.534111,-0.04926,-0.461098,-0.079681,-0.363957,-0.102704,-0.267245,-0.114801,-0.182792,-0.11837,-0.120864,-0.118659,-0.067172,-0.116527,0.009844,-0.096155,0.105204,-0.059906,0.176411,-0.024247,0.196478,0.000623
5,-0.105893,-0.180069,-0.083822,-0.199207,-0.039203,-0.203105,0.033921,-0.219582,0.121691,-0.259439,0.244811,-0.29831,0.41895,-0.304246,0.574949,-0.234643,0.739161,-0.150311,0.944031,-0.069119,1.153367,0.027317,1.350239,0.147859,1.572196,0.308817,1.815583,0.516196,2.041056,0.782236,2.217428,1.093604,2.341343,1.442334,2.391521,1.781236,2.314341,2.069722,2.070681,2.290161,1.627988,2.422839,0.977461,2.489592,0.180619,2.523614,-0.63384,2.523878,-1.378459,2.491209,-2.02158,2.400553,-2.51224,2.199698,-2.843959,1.889492,-3.04437,1.473985,-3.127911,0.975465,-3.128886,0.400306,-3.033121,-0.253185,-2.775905,-0.942383,-2.322841,-1.624025,-1.671268,-2.243992,-0.916333,-2.712474,-0.190033,-2.985846,0.475428,-3.104468,1.107563,-3.087166,1.708128,-2.942189,2.241388,-2.706809,2.690718,-2.435664,2.995009,-2.164317,3.091524,-1.948483,3.016908,-1.855758,2.808646,-1.891788,2.435654,-1.983182,1.915105,-2.071116,1.303247,-2.095315,0.626278,-1.980361,-0.068832,-1.715532,-0.701376,-1.32405,-1.264751,-0.768417,-1.734467,-0.205461,-2.138258,0.171862,-2.487891,0.297326,-2.736221,0.279087,-2.861997,0.233278,-2.883535,0.182697,-2.834864,0.177491,-2.755244,0.26287,-2.653558,0.443146,-2.46461,0.66089,-2.118176,0.857956,-1.615554,1.039598,-0.998137,1.222146,-0.336031,1.386264,0.290747,1.470248,0.820779,1.502447,1.239061,1.457465,1.518185,1.361928,1.678224,1.239406,1.773872,1.101159,1.833022,0.975404,1.840252,0.867766,1.810592,0.76884,1.739425,0.671586,1.644898,0.567211,1.520457,0.428058,1.363423,0.252074,1.15792,0.070277,0.906705,-0.077616,0.620596,-0.167733,0.339478,-0.189987,0.100445,-0.156918,-0.108463,-0.092077,-0.285831,-0.034193,-0.417931,0.003153,-0.495842,0.016659,-0.517079,0.015148,-0.489362,0.010258,-0.431658,0.005546,-0.352019,-0.007393,-0.273489,-0.031587,-0.198337,-0.067771,-0.122053,-0.10388,-0.049008,-0.12774,0.015861,-0.137029,0.065068,-0.130903,0.098917,-0.108419
