6,0.080483,0.108752,0.105055,0.120386,0.120968,0.142446,0.126693,0.170002,0.122774,0.189384,0.11295,0.193138,0.10297,0.180163,0.0952,0.156111,0.098674,0.132166,0.110142,0.111235,0.119723,0.089092,0.117646,0.059297,0.088093,-0.01991,0.034496,-0.163192,-0.033398,-0.372633,-0.10964,-0.650321,-0.16699,-0.994784,-0.179982,-1.402031,-0.145652,-1.850791,-0.056434,-2.322305,0.081771,-2.844037,0.264391,-3.441155,0.460949,-4.103364,0.646989,-4.733274,0.806785,-5.215082,0.931278,-5.463706,1.03011,-5.453199,1.130932,-5.239794,1.219306,-4.876099,1.294159,-4.339736,1.348068,-3.56298,1.377522,-2.453589,1.390822,-0.999974,1.365566,0.687021,1.242966,2.395993,1.002633,3.960474,0.711588,5.350076,0.477027,6.522396,0.381273,7.408752,0.433569,7.908835,0.599987,7.930613,0.861134,7.410761,1.124053,6.361365,1.227658,4.920986,1.085877,3.301621,0.760817,1.697757,0.378692,0.348104,0.043306,-0.652258,-0.182618,-1.403524,-0.300562,-2.056029,-0.349997,-2.654691,-0.403085,-3.183069,-0.495143,-3.663523,-0.578734,-4.149856,-0.616878,-4.654782,-0.58961,-5.099911,-0.515497,-5.360651,-0.449016,-5.396486,-0.429638,-5.186947,-0.408897,-4.69382,-0.302732,-3.987572,-0.063567,-3.171965,0.271618,-2.34481,0.674527,-1.617213,1.126542,-1.049471,1.593855,-0.648298,2.075689,-0.402493,2.549471,-0.276237,2.971581,-0.247747,3.295449,-0.281302,3.478457,-0.347512,3.499252,-0.384166,3.389037,-0.349317,3.187381,-0.227011,2.917121,-0.076736,2.593575,0.054309,2.211947,0.166729,1.812264,0.283891,1.42472,0.355545,1.051357,0.350927,0.670206,0.281593,0.291328,0.18948,-0.04009,0.105519,-0.279539,0.053136,-0.432222,0.033539,-0.534045,0.017225,-0.601062,0.00789,-0.632026,0.033838,-0.623421,0.107959,-0.573673,0.192953,-0.498354,0.235786,-0.424336,0.22045,-0.36597,0.180905,-0.310641,0.13368,-0.253008,0.075762,-0.210629,0.020234,-0.183571,-0.014245,-0.152775,-0.017966,-0.121022,-0.000368,-0.084448,0.02988
6,-0.02669,0.099788,-0.036555,0.129635,-0.052135,0.162813,-0.073964,0.188814,-0.098513,0.203729,-0.125152,0.208225,-0.155261,0.205365,-0.178062,0.199119,-0.195847,0.188829,-0.204185,0.185642,-0.203756,0.191772,-0.188238,0.197138,-0.164605,0.198306,-0.139954,0.180375,-0.117483,0.153375,-0.094324,0.125571,-0.070996,0.115131,-0.052663,0.126106,-0.041803,0.156343,-0.031749,0.203264,-0.025183,0.255667,-0.017454,0.296006,-0.002535,0.303667,0.039434,0.23018,0.097927,0.029776,0.177062,-0.29877,0.241145,-0.709276,0.262489,-1.178982,0.247575,-1.698727,0.236519,-2.283179,0.239974,-2.932054,0.269265,-3.608196,0.360298,-4.240144,0.51755,-4.760473,0.703796,-5.10258,0.830274,-5.239975,0.874158,-5.091546,0.94372,-4.649706,1.119751,-4.031501,1.381222,-3.31955,1.630383,-2.520396,1.777051,-1.589484,1.786297,-0.547158,1.679318,0.547709,1.493352,1.62778,1.244066,2.671489,0.940104,3.66865,0.631886,4.567432,0.360982,5.304695,0.14732,5.880018,-0.031549,6.290318,-0.131761,6.471533,-0.121452,6.32103,-0.005568,5.778964,0.141316,4.878304,0.218991,3.745954,0.173228,2.534035,0.049674,1.317168,-0.091616,0.095573,-0.225302,-1.057087,-0.322283,-2.034684,-0.342538,-2.812698,-0.225693,-3.465654,-0.01913,-4.051584,0.204511,-4.608178,0.348212,-5.138853,0.319907,-5.579896,0.111511,-5.790866,-0.157935,-5.677416,-0.317892,-5.235991,-0.282449,-4.547202,-0.026825,-3.738826,0.38246,-2.929873,0.892941,-2.204522,1.472485,-1.578166,2.084031,-1.056222,2.684741,-0.625092,3.19594,-0.281928,3.516268,0.005503,3.62164,0.243663,3.590636,0.402425,3.489378,0.431424,3.329901,0.319902,3.104602,0.104238,2.797003,-0.123128,2.442757,-0.304941,2.029248,-0.424513,1.582098,-0.462437,1.135641,-0.43414,0.706904,-0.354159,0.311367,-0.240468,-0.022955,-0.123577,-0.25913,-0.038249,-0.377865,0.014352,-0.399583,0.066395,-0.375995,0.128072,-0.34119,0.208711,-0.335671,0.298627,-0.357702,0.392455,-0.381097,0.46056
6,-0.012547,0.082887,-0.017316,0.10773,-0.022076,0.121726,-0.023469,0.119864,-0.025304,0.105071,-0.030539,0.079029,-0.034014,0.040671,-0.032988,-0.001894,-0.022353,-0.039945,-0.00575,-0.06509,0.014172,-0.069131,0.032066,-0.050973,0.046745,-0.021303,0.057809,0.012333,0.067811,0.046156,0.076977,0.075801,0.08513,0.100203,0.084686,0.125261,0.089639,0.155761,0.095586,0.190347,0.099509,0.224201,0.097741,0.234219,0.096084,0.206124,0.090754,0.084079,0.068585,-0.177922,0.038559,-0.6412,0.009076,-1.167001,0.00113,-1.734192,0.030732,-2.345191,0.095337,-2.999601,0.169554,-3.696574,0.254371,-4.37332,0.347331,-4.961088,0.4546,-5.393728,0.577176,-5.624255,0.737788,-5.56656,0.922706,-5.199778,1.095672,-4.59368,1.238163,-3.803353,1.34382,-2.879411,1.412842,-1.851587,1.41445,-0.747315,1.308326,0.408455,1.134537,1.534544,0.924033,2.537943,0.732573,3.427506,0.59657,4.184906,0.534468,4.765579,0.544402,5.174613,0.614696,5.428101,0.724508,5.450994,0.858952,5.128597,0.956617,4.463255,0.97441,3.53835,0.884007,2.504174,0.691103,1.438046,0.440085,0.435944,0.164268,-0.440841,-0.098469,-1.182779,-0.281349,-1.829208,-0.361941,-2.442582,-0.350135,-3.053476,-0.280629,-3.659992,-0.180557,-4.238292,-0.063671,-4.716083,0.072659,-5.022087,0.213714,-5.07831,0.343416,-4.845499,0.453859,-4.365911,0.567266,-3.743059,0.706931,-3.036675,0.875851,-2.286202,1.077255,-1.535921,1.353034,-0.835338,1.723468,-0.250991,2.163358,0.149876,2.591041,0.389921,2.909424,0.542692,3.054754,0.664007,3.031249,0.740649,2.883673,0.7164,2.666425,0.580932,2.422662,0.359397,2.170518,0.089821,1.898048,-0.178145,1.623819,-0.394688,1.346818,-0.533183,1.027299,-0.585173,0.677843,-0.569838,0.332315,-0.51193,0.025609,-0.436824,-0.196465,-0.346344,-0.306482,-0.25435,-0.329272,-0.161693,-0.318817,-0.08311,-0.308655,-0.024357,-0.317384,0.02571,-0.348796,0.083711,-0.386672,0.157158,-0.418096,0.215798
6,-0.153025,0.155469,-0.152571,0.163915,-0.137241,0.159718,-0.109034,0.148825,-0.073368,0.131173,-0.032561,0.111479,-0.005133,0.089936,-0.000345,0.064074,-0.008612,0.038599,-0.022353,0.013113,-0.036092,-0.006969,-0.041683,-0.018915,-0.040779,-0.031059,-0.02944,-0.039802,-0.012118,-0.039924,0.001173,-0.027336,0.003745,0.002523,0.000417,0.051971,-0.006872,0.107683,-0.014489,0.159277,-0.02506,0.183422,-0.04229,0.164563,-0.046984,0.094134,-0.049951,-0.028015,-0.066394,-0.300326,-0.101915,-0.695363,-0.113968,-1.525803,-0.127933,-2.225987,-0.131283,-2.972369,-0.109835,-3.742133,-0.034946,-4.541446,0.137051,-5.257215,0.43701,-5.714336,0.842844,-5.785196,1.284999,-5.458861,1.706031,-4.839244,2.030586,-4.043793,2.183085,-3.130064,2.129977,-2.126288,1.901087,-1.083126,1.551811,-0.040311,1.141107,0.952854,0.746389,1.883506,0.455536,2.731479,0.328787,3.443844,0.35172,3.973184,0.457218,4.373802,0.549793,4.743124,0.587842,5.089016,0.581078,5.31209,0.556447,5.303837,0.546839,5.021369,0.570919,4.479037,0.579273,3.680653,0.505659,2.711293,0.360809,1.707044,0.163072,0.768548,-0.065774,-0.137447,-0.287145,-1.006994,-0.449275,-1.822785,-0.517029,-2.60117,-0.476212,-3.382161,-0.321867,-4.132411,-0.099185,-4.806461,0.140571,-5.281318,0.335776,-5.46963,0.433291,-5.372433,0.445939,-5.035845,0.463077,-4.51959,0.535722,-3.831378,0.642012,-3.050621,0.747846,-2.308922,0.857763,-1.678162,1.001131,-1.168073,1.211325,-0.75455,1.484704,-0.396587,1.776608,-0.067227,2.02343,0.232479,2.171775,0.526351,2.248598,0.762419,2.286007,0.859676,2.285877,0.808872,2.239251,0.654707,2.135884,0.461237,1.972549,0.284925,1.755896,0.139745,1.495486,0.047178,1.218768,0.010806,0.943399,0.001976,0.685294,0.001425,0.450679,-0.000176,0.244461,-0.016698,0.06733,-0.048247,-0.068815,-0.075731,-0.160584,-0.081275,-0.207435,-0.053695,-0.223087,0.015013,-0.218018,0.106561,-0.200242,0.201074,-0.175211,0.255502
6,0.009624,0.182412,0.019903,0.174569,0.019467,0.139707,0.006423,0.097941,-0.00667,0.074752,-0.019479,0.080979,-0.029678,0.117197,-0.033191,0.162852,-0.030013,0.17974,-0.037843,0.182764,-0.035976,0.175862,-0.030869,0.159452,-0.032805,0.136033,-0.047015,0.107909,-0.067669,0.072508,-0.086086,0.042056,-0.102794,0.027635,-0.118026,0.032534,-0.13483,0.044364,-0.143634,0.039824,-0.145053,-0.001717,-0.131724,-0.068714,-0.107821,-0.183036,-0.06188,-0.328829,-0.004669,-0.504665,0.055245,-0.721475,0.095508,-0.98283,0.112904,-1.299187,0.102811,-1.672664,0.067095,-2.101861,0.042782,-2.601967,0.078674,-3.183945,0.198797,-3.792872,0.375975,-4.357598,0.576306,-4.822653,0.773718,-5.135267,0.929524,-5.233908,1.000601,-5.045383,0.991271,-4.474084,0.945003,-3.498917,0.868969,-2.150415,0.766912,-0.534489,0.718237,1.109023,0.790387,2.506382,0.959763,3.484021,1.151426,4.077001,1.290963,4.428018,1.3259,4.667333,1.23976,4.825667,1.065758,4.860383,0.846862,4.732397,0.599533,4.46699,0.352086,4.094918,0.146074,3.608566,0.011428,2.988289,-0.036471,2.247348,-0.026877,1.431998,-0.022979,0.62578,-0.061746,-0.110877,-0.164158,-0.778989,-0.352252,-1.405197,-0.567857,-2.019476,-0.714541,-2.634861,-0.745365,-3.234763,-0.653946,-3.812096,-0.466842,-4.360471,-0.205079,-4.8766,0.038091,-5.246551,0.186475,-5.361444,0.197473,-5.147459,0.102507,-4.637909,-0.004528,-3.990175,-0.034143,-3.317093,0.071595,-2.648464,0.294949,-1.965406,0.567886,-1.236211,0.900732,-0.53612,1.32643,0.085016,1.826207,0.63027,2.346953,1.064877,2.811465,1.285228,3.114755,1.266685,3.232679,1.076799,3.216396,0.79524,3.07116,0.491661,2.759046,0.225011,2.309531,0.032072,1.772834,-0.10085,1.240862,-0.191271,0.795715,-0.240371,0.466969,-0.256198,0.240451,-0.248676,0.103923,-0.219574,0.036262,-0.179602,0.004446,-0.130373,-0.019477,-0.072187,-0.030973,-0.009396,-0.033538,0.039988,-0.05026,0.075931,-0.082795,0.096718
6,0.022318,0.072197,0.037208,0.072941,0.046366,0.069939,0.051109,0.070614,0.048774,0.070251,0.047407,0.069588,0.054766,0.064977,0.070225,0.05776,0.088699,0.052982,0.106574,0.046139,0.123164,0.038477,0.128341,0.026642,0.129307,-0.008312,0.156666,-0.252062,0.199718,-0.683745,0.207012,-1.132263,0.204651,-1.557846,0.161149,-1.942086,0.150184,-2.354989,0.222497,-2.839607,0.363154,-3.389973,0.532273,-3.957681,0.710934,-4.464266,0.897997,-4.875073,1.093038,-5.153969,1.254852,-5.216422,1.357799,-4.972208,1.400862,-4.390504,1.375939,-3.516049,1.270074,-2.466525,1.087598,-1.362306,0.852682,-0.279999,0.623475,0.636929,0.447594,1.323593,0.350083,1.827499,0.32876,2.227308,0.350901,2.595267,0.362755,2.990456,0.339209,3.459471,0.29743,3.974595,0.264942,4.424573,0.251561,4.700116,0.249604,4.773341,0.262233,4.631232,0.277372,4.289824,0.275684,3.781274,0.25212,3.172591,0.212677,2.523086,0.172752,1.86783,0.127912,1.218174,0.086555,0.586336,0.066898,0.003908,0.039157,-0.513313,-0.006086,-0.976782,-0.028314,-1.429348,0.012551,-1.908504,0.109093,-2.399249,0.235848,-2.878011,0.362282,-3.360838,0.458835,-3.849084,0.503343,-4.311758,0.459072,-4.69663,0.343201,-4.914629,0.184643,-4.885819,0.034,-4.620783,-0.049429,-4.166543,-0.043676,-3.602354,0.022787,-3.002044,0.128127,-2.422753,0.246712,-1.85287,0.358322,-1.263775,0.460698,-0.670676,0.526662,-0.084609,0.542369,0.478433,0.560535,0.983453,0.656474,1.349809,0.877965,1.535013,1.238218,1.530431,1.703163,1.368942,2.162058,1.136752,2.495155,0.929337,2.61035,0.790192,2.501155,0.701809,2.21658,0.602033,1.838297,0.477246,1.471494,0.337266,1.165031,0.207511,0.916228,0.080499,0.721784,-0.051573,0.553116,-0.169071,0.391356,-0.260422,0.239437,-0.3344,0.1042,-0.378628,-0.019939,-0.388535,-0.119326,-0.374568,-0.186817,-0.344774,-0.22748,-0.293001,-0.235419,-0.222559,-0.20735,-0.149233,-0.148866,-0.083811
6,-0.120782,0.120912,-0.096066,0.135673,-0.093184,0.133814,-0.103481,0.114849,-0.12984,0.084041,-0.161401,0.05799,-0.182083,0.045186,-0.190209,0.044052,-0.191363,0.047495,-0.186181,0.0535,-0.174758,0.065436,-0.161995,0.089202,-0.142694,0.116472,-0.126506,0.144729,-0.11959,0.168075,-0.115026,0.176491,-0.107819,0.164104,-0.093628,0.137536,-0.077816,0.104994,-0.065259,0.061216,-0.063491,-0.012628,-0.063669,-0.117926,-0.059689,-0.283969,-0.061776,-0.525637,-0.07735,-0.84602,-0.088612,-1.261065,-0.058654,-1.787915,0.019862,-2.418334,0.105238,-3.136925,0.172405,-3.861342,0.234263,-4.478687,0.324982,-4.927117,0.49142,-5.207038,0.745316,-5.354177,1.034539,-5.377008,1.280186,-5.172891,1.390724,-4.566231,1.327576,-3.505039,1.15383,-2.103691,0.963262,-0.574159,0.817615,0.85806,0.742771,2.081487,0.742796,3.069944,0.829763,3.797035,0.95675,4.260236,1.071928,4.534595,1.126486,4.696281,1.100564,4.786851,1.001536,4.794936,0.871239,4.674524,0.73281,4.406926,0.588111,4.013638,0.449252,3.476144,0.310927,2.80978,0.175165,2.083947,0.036645,1.362089,-0.138939,0.659456,-0.341585,-0.0395,-0.517076,-0.702856,-0.620527,-1.328008,-0.636301,-1.94704,-0.562542,-2.570214,-0.410228,-3.210959,-0.235108,-3.836909,-0.110152,-4.385361,-0.042995,-4.815274,-0.010531,-5.075767,0.018519,-5.148015,0.068724,-4.99838,0.129237,-4.600851,0.169834,-4.00348,0.193438,-3.271691,0.227854,-2.489647,0.26581,-1.742491,0.343881,-1.103628,0.532302,-0.591328,0.837459,-0.186415,1.213779,0.114147,1.633893,0.322998,2.074722,0.448722,2.50347,0.529104,2.884959,0.588973,3.14007,0.620201,3.175221,0.611071,2.977216,0.542762,2.608994,0.413076,2.164414,0.253345,1.707607,0.086073,1.245162,-0.059413,0.801992,-0.192938,0.400205,-0.323428,0.066824,-0.417114,-0.157896,-0.458061,-0.259889,-0.450536,-0.245535,-0.40127,-0.146694,-0.316202,-0.006312,-0.201515,0.129324,-0.079447,0.217383,0.044712,0.212829,0.14486
6,-0.024777,0.012724,-0.02516,0.020802,-0.01735,0.032615,0.005198,0.050325,0.030893,0.070249,0.051649,0.082905,0.067488,0.097372,0.079402,0.113296,0.085387,0.122337,0.077629,0.110439,0.055643,0.076678,0.032611,0.013713,0.007108,-0.121249,-0.011088,-0.363,-0.030071,-0.611769,-0.024672,-0.891585,0.000318,-1.210219,0.062442,-1.579092,0.11945,-1.99136,0.183217,-2.470146,0.237073,-3.059266,0.287728,-3.720328,0.361381,-4.399478,0.496662,-5.045439,0.708431,-5.589837,0.977599,-5.969069,1.257025,-6.112965,1.479078,-5.953093,1.608949,-5.453698,1.59621,-4.533762,1.399225,-3.168249,1.099702,-1.53787,0.849498,0.072928,0.706501,1.452925,0.661228,2.548833,0.675165,3.39715,0.741005,4.014509,0.821526,4.403118,0.862744,4.677719,0.829504,4.934563,0.714715,5.196556,0.539433,5.402634,0.357066,5.475057,0.214432,5.361745,0.113024,5.041594,0.037254,4.553474,-0.021766,3.973778,-0.08463,3.387916,-0.173202,2.837859,-0.252623,2.331887,-0.307482,1.855397,-0.322003,1.339232,-0.28031,0.737775,-0.203634,0.065716,-0.13388,-0.64198,-0.080154,-1.361543,-0.013081,-2.1013,0.062997,-2.826183,0.114922,-3.521761,0.126486,-4.187369,0.114817,-4.847109,0.096305,-5.489772,0.081944,-6.047802,0.07045,-6.397888,0.04629,-6.386791,0.011745,-5.962831,-0.015172,-5.261498,-0.007715,-4.453799,0.028326,-3.622185,0.089573,-2.7831,0.193171,-1.954902,0.356119,-1.20699,0.563577,-0.613478,0.751993,-0.186667,0.883107,0.114404,0.987627,0.360845,1.124493,0.617717,1.325656,0.86706,1.572026,1.032972,1.826672,1.060891,2.035281,0.953356,2.153897,0.775824,2.170785,0.593166,2.094465,0.443187,1.947324,0.335556,1.739557,0.256414,1.4686,0.177723,1.159715,0.102563,0.845939,0.035284,0.553711,-0.017355,0.302336,-0.068497,0.109729,-0.124045,-0.025915,-0.167635,-0.119868,-0.179443,-0.188271,-0.139926,-0.243154,-0.05908,-0.27594,0.032052,-0.27812,0.101347,-0.269974,0.132452,-0.264704,0.12088
6,-0.022669,0.153497,-0.035424,0.148004,-0.043453,0.138504,-0.04217,0.11995,-0.031236,0.100936,-0.01655,0.078111,-0.000472,0.057209,0.017647,0.042423,0.037801,0.040221,0.051621,0.045504,0.042708,0.05663,0.013682,0.076482,-0.027235,0.089718,-0.058022,0.092658,-0.066955,0.084408,-0.047224,0.073554,-0.016832,0.068532,0.011042,0.074756,0.021347,0.086036,0.010992,0.083379,-0.010266,0.05219,-0.019784,-0.009949,0.003027,-0.119809,0.044815,-0.283635,0.1066,-0.496024,0.189285,-0.777679,0.296313,-1.161999,0.416672,-1.672741,0.555646,-2.308114,0.725645,-3.071739,0.89794,-3.93106,1.04992,-4.779771,1.176104,-5.507739,1.299534,-6.011884,1.430409,-6.294852,1.532158,-6.341456,1.555227,-6.111766,1.465823,-5.575445,1.280297,-4.712523,1.071112,-3.57633,0.919774,-2.288002,0.839351,-0.9376,0.809445,0.39672,0.790126,1.649833,0.768813,2.801421,0.764148,3.814051,0.779561,4.611521,0.763645,5.189183,0.711747,5.600709,0.626314,5.832351,0.532259,5.838739,0.430893,5.616802,0.342816,5.201952,0.284133,4.631824,0.244285,3.934018,0.175055,3.130291,0.051327,2.276192,-0.079458,1.42979,-0.163071,0.593714,-0.187877,-0.234659,-0.186079,-1.074018,-0.198273,-1.945154,-0.214525,-2.85408,-0.177089,-3.758844,-0.0702,-4.594377,0.061547,-5.312203,0.197476,-5.855745,0.330516,-6.143444,0.408075,-6.119494,0.393715,-5.79301,0.287768,-5.19541,0.15535,-4.366317,0.129859,-3.361165,0.323232,-2.24683,0.754328,-1.176998,1.297636,-0.296467,1.806328,0.342321,2.168658,0.762761,2.395216,0.996007,2.539096,1.068074,2.615133,1.006897,2.609835,0.856583,2.55496,0.654446,2.461927,0.413743,2.290507,0.164739,2.006409,-0.047486,1.624171,-0.180515,1.232045,-0.228049,0.911725,-0.214287,0.669758,-0.16841,0.474558,-0.127163,0.327233,-0.096975,0.249422,-0.07221,0.229203,-0.053268,0.225688,-0.038387,0.191212,-0.026556,0.109833,0.005298,0.011457,0.059579,-0.073501,0.114675,-0.147528,0.14311
6,-0.08463,0.091382,-0.043694,0.148685,-0.006065,0.195715,0.01968,0.221643,0.026735,0.222954,0.003385,0.194712,-0.03348,0.146706,-0.056529,0.10008,-0.05577,0.072943,-0.036926,0.080249,-0.0125,0.108483,0.010432,0.142324,0.026806,0.164062,0.037936,0.167098,0.036784,0.156515,0.025507,0.132073,0.004523,0.088375,-0.023996,0.01548,-0.043806,-0.079892,-0.048107,-0.17802,-0.027091,-0.279646,0.024977,-0.392356,0.106858,-0.529791,0.214266,-0.724287,0.338708,-1.025442,0.465504,-1.464224,0.566415,-2.055355,0.633024,-2.776857,0.703793,-3.604223,0.806293,-4.458385,0.948297,-5.254876,1.130494,-5.892076,1.311695,-6.297427,1.434662,-6.441545,1.49206,-6.296531,1.501505,-5.852993,1.498208,-5.107504,1.466079,-4.005272,1.393827,-2.597908,1.313248,-1.051615,1.269045,0.415117,1.243663,1.66395,1.19658,2.695683,1.104975,3.567152,1.019253,4.299208,0.961352,4.877299,0.901035,5.323862,0.796863,5.642969,0.641916,5.8122,0.455411,5.791049,0.265303,5.57273,0.097126,5.14708,-0.053676,4.554276,-0.167855,3.835707,-0.244273,3.025142,-0.275925,2.14249,-0.259144,1.2371,-0.232244,0.355326,-0.212844,-0.468117,-0.217263,-1.220623,-0.231341,-1.931635,-0.245835,-2.623259,-0.231261,-3.334055,-0.16034,-4.058897,-0.05801,-4.779401,0.065123,-5.453412,0.194446,-5.981884,0.314901,-6.306493,0.388308,-6.406224,0.382541,-6.20806,0.314846,-5.625384,0.221521,-4.717059,0.217724,-3.682142,0.36974,-2.672349,0.653775,-1.728679,1.056259,-0.873264,1.536404,-0.152677,2.014837,0.402489,2.385452,0.787497,2.59687,1.024653,2.669487,1.145109,2.665635,1.137365,2.613757,0.990242,2.49264,0.74679,2.264915,0.470468,1.956698,0.196718,1.642862,-0.059176,1.350204,-0.266352,1.070352,-0.411546,0.775519,-0.47584,0.479115,-0.453045,0.221239,-0.381436,0.03508,-0.275092,-0.083231,-0.171365,-0.138854,-0.0861,-0.142823,-0.013095,-0.105027,0.054364,-0.041001,0.090087,0.025974,0.08697,0.0518,0.048767
6,-0.032881,-0.017106,-0.045277,-0.02976,-0.061388,-0.0395,-0.073074,-0.04365,-0.086986,-0.037614,-0.091675,-0.023809,-0.093505,0.004539,-0.087999,0.043354,-0.083307,0.089959,-0.072694,0.128899,-0.055412,0.147056,-0.027698,0.140573,0.01254,0.108081,0.055704,0.043831,0.094154,-0.052973,0.122041,-0.202895,0.143575,-0.463792,0.155942,-0.905723,0.12738,-1.55561,0.040405,-2.3909,-0.074019,-3.365908,-0.131076,-4.350701,-0.099689,-5.215416,0.027483,-5.886288,0.239368,-6.348472,0.503389,-6.64574,0.796741,-6.818495,1.056275,-6.878089,1.254196,-6.763989,1.388867,-6.364378,1.468285,-5.588933,1.52616,-4.427454,1.560623,-2.964681,1.582491,-1.396527,1.562158,0.083013,1.47981,1.375234,1.340686,2.481414,1.201765,3.405028,1.124067,4.173911,1.104353,4.78557,1.086556,5.267173,1.02652,5.656953,0.894115,5.97078,0.705199,6.156191,0.489384,6.159504,0.283517,5.998318,0.09436,5.732271,-0.065031,5.371325,-0.210755,4.896937,-0.346993,4.300899,-0.439283,3.571628,-0.452796,2.739745,-0.392998,1.836993,-0.291279,0.914403,-0.186662,0.008019,-0.111001,-0.849482,-0.091851,-1.634766,-0.116848,-2.34554,-0.163645,-2.983737,-0.219272,-3.567407,-0.244115,-4.145753,-0.1717,-4.747536,0.004816,-5.334836,0.211051,-5.851679,0.370766,-6.259993,0.436504,-6.557186,0.453958,-6.739475,0.44992,-6.726635,0.423626,-6.427154,0.375552,-5.80908,0.307912,-4.941698,0.297096,-3.880551,0.398693,-2.68713,0.631124,-1.490732,0.949626,-0.43525,1.280533,0.387575,1.556955,0.958836,1.790084,1.291014,1.974601,1.386935,2.074099,1.268292,2.043332,1.013962,1.888185,0.729882,1.660997,0.487622,1.426169,0.310904,1.211757,0.190381,1.017376,0.109579,0.853925,0.031141,0.724372,-0.067614,0.627754,-0.187481,0.542399,-0.30377,0.450683,-0.393899,0.346129,-0.437163,0.231286,-0.426098,0.121196,-0.355765,0.031816,-0.229683,-0.00699,-0.073376,0.007195,0.073357,0.035342,0.174189,0.046539,0.221874,0.027686,0.209347
6,-0.007489,-0.05921,-0.080951,-0.087,-0.147007,-0.086613,-0.184178,-0.07025,-0.177016,-0.04538,-0.12772,-0.011609,-0.05549,0.031449,0.012488,0.074892,0.060305,0.103673,0.080467,0.101208,0.074005,0.06742,0.043213,0.007617,0.001468,-0.08439,-0.027956,-0.215673,-0.018147,-0.36998,0.014378,-0.553543,0.058118,-0.776235,0.123711,-1.054982,0.191533,-1.430292,0.243531,-1.916005,0.287445,-2.488695,0.32684,-3.11556,0.36008,-3.763345,0.42476,-4.389575,0.574474,-4.923232,0.766194,-5.319645,0.962063,-5.522641,1.142804,-5.470117,1.320876,-5.167357,1.467329,-4.669445,1.535542,-3.98352,1.495975,-3.101783,1.345793,-1.988398,1.11418,-0.655156,0.893792,0.746133,0.76735,1.998713,0.758377,3.028481,0.812799,3.878331,0.893595,4.581882,1.022103,5.181856,1.182823,5.71007,1.2922,6.114502,1.327078,6.316469,1.305014,6.257996,1.218335,5.946328,1.087903,5.397181,0.916187,4.608927,0.707978,3.640219,0.459298,2.606562,0.16655,1.594767,-0.144561,0.675565,-0.433235,-0.124977,-0.660793,-0.780612,-0.809236,-1.299855,-0.881602,-1.728246,-0.88954,-2.123121,-0.83022,-2.536197,-0.704372,-2.992227,-0.543028,-3.49966,-0.3822,-4.026814,-0.249214,-4.530184,-0.17548,-4.95625,-0.118132,-5.286203,-0.037509,-5.467299,0.045577,-5.430965,0.117485,-5.17897,0.205312,-4.772369,0.324749,-4.256078,0.478748,-3.69303,0.673399,-3.116456,0.899146,-2.522396,1.130894,-1.927668,1.338048,-1.386274,1.536421,-0.941973,1.749373,-0.581731,1.961341,-0.271912,2.149741,-0.003676,2.319563,0.22685,2.487812,0.422417,2.649648,0.569994,2.747134,0.66776,2.725642,0.739224,2.592692,0.786971,2.390274,0.785689,2.121563,0.723019,1.780798,0.624106,1.420315,0.5135,1.090073,0.404034,0.832995,0.292435,0.63291,0.17932,0.438271,0.082761,0.24158,-0.002084,0.073624,-0.077448,-0.051151,-0.13358,-0.117674,-0.152031,-0.129458,-0.133854,-0.124812,-0.090899,-0.13396,-0.034521,-0.152008,0.007406,-0.157677,0.019889
6,-0.129244,0.11176,-0.111774,0.115256,-0.081,0.116035,-0.051005,0.1147,-0.035225,0.117342,-0.036473,0.131144,-0.052728,0.157398,-0.077003,0.189317,-0.103997,0.213418,-0.131676,0.230912,-0.154633,0.242336,-0.169001,0.252385,-0.171431,0.260412,-0.169047,0.251754,-0.168397,0.217026,-0.164039,0.157714,-0.150998,0.066949,-0.13939,-0.049055,-0.136978,-0.191651,-0.1352,-0.363208,-0.108745,-0.638173,-0.07767,-1.056564,-0.060611,-1.776336,-0.055032,-2.697649,-0.046223,-3.738451,0.00738,-4.715908,0.175654,-5.535453,0.507299,-6.149453,0.972901,-6.570405,1.467839,-6.858057,1.946314,-7.002465,2.310323,-6.941969,2.467332,-6.585968,2.383922,-5.787189,2.129657,-4.569374,1.797736,-3.081347,1.429717,-1.459223,1.087855,0.144027,0.813545,1.601586,0.665881,2.798004,0.610397,3.784138,0.64296,4.582332,0.764387,5.14558,0.937654,5.528322,1.100452,5.84283,1.175417,6.125025,1.142644,6.307499,1.019652,6.296779,0.840533,6.081652,0.646415,5.678285,0.446286,5.093582,0.237517,4.361625,0.030717,3.545996,-0.154356,2.722286,-0.283539,1.896277,-0.343913,1.081097,-0.351723,0.279794,-0.341877,-0.481864,-0.32627,-1.182466,-0.326876,-1.843334,-0.355231,-2.505163,-0.400427,-3.179025,-0.442107,-3.865392,-0.461241,-4.524711,-0.473727,-5.136669,-0.459049,-5.691551,-0.39728,-6.178399,-0.304483,-6.522508,-0.207886,-6.658003,-0.14556,-6.506269,-0.121373,-6.053598,-0.091929,-5.332711,0.003578,-4.470966,0.177426,-3.586782,0.419145,-2.713172,0.692721,-1.837205,1.009623,-1.009,1.401194,-0.305256,1.861139,0.229169,2.34374,0.613438,2.777535,0.894621,3.055972,1.080697,3.08017,1.15473,2.84955,1.123613,2.448968,0.99285,1.974084,0.799029,1.502112,0.602016,1.097771,0.439096,0.787162,0.286267,0.551992,0.135822,0.355805,0.012525,0.19439,-0.052306,0.084968,-0.052423,0.036593,-0.005071,0.028198,0.04745,0.024457,0.085416,0.024276,0.120439,0.033636,0.133543,0.046204,0.120121,0.027133,0.096903
6,0.006528,0.048866,-0.001986,0.031954,0.00163,0.024237,0.015611,0.029547,0.030786,0.042412,0.041895,0.061562,0.044645,0.070954,0.035317,0.073583,0.018547,0.066973,0.007722,0.054963,0.006795,0.041658,0.011042,0.027202,0.02221,0.007709,0.035276,-0.01097,0.051833,-0.035117,0.064777,-0.074838,0.082977,-0.13201,0.102546,-0.207194,0.115255,-0.300338,0.141689,-0.56116,0.136094,-0.987909,0.152439,-1.791439,0.144019,-2.67637,0.117024,-3.569056,0.051129,-4.413026,0.044612,-5.163957,0.188631,-5.75221,0.486297,-6.122458,0.912123,-6.231011,1.370778,-6.069918,1.711219,-5.69524,1.852606,-5.133142,1.798258,-4.3512,1.601392,-3.30198,1.327436,-2.024722,1.049943,-0.652489,0.82231,0.64418,0.678238,1.75561,0.610148,2.662429,0.619358,3.414819,0.73238,4.036593,0.905603,4.546757,1.11722,5.002467,1.270079,5.438924,1.312456,5.824003,1.25805,6.089548,1.137353,6.158719,0.96072,6.002377,0.748569,5.618677,0.516178,5.028592,0.271185,4.259367,0.050802,3.330329,-0.103315,2.355865,-0.198723,1.440028,-0.234152,0.652147,-0.225702,0.001415,-0.210441,-0.551498,-0.220878,-1.068287,-0.268768,-1.624146,-0.346672,-2.265977,-0.437034,-2.987268,-0.517147,-3.755954,-0.581716,-4.494107,-0.617658,-5.176476,-0.59963,-5.754921,-0.484951,-6.188577,-0.281897,-6.422186,-0.051817,-6.410637,0.153221,-6.132928,0.320899,-5.643473,0.438718,-5.039245,0.546175,-4.399082,0.666356,-3.738594,0.786651,-3.035133,0.907197,-2.299825,1.002555,-1.581413,1.048142,-0.961406,1.063084,-0.442435,1.096284,0.002474,1.206826,0.374839,1.441518,0.63233,1.78285,0.772607,2.153222,0.814589,2.458411,0.789755,2.596936,0.734653,2.502287,0.670864,2.18899,0.558947,1.708702,0.38155,1.15645,0.174663,0.642795,-0.000289,0.246554,-0.114363,0.009088,-0.18384,-0.062618,-0.231402,-0.019649,-0.262717,0.069498,-0.255772,0.141845,-0.188357,0.166052,-0.069901,0.134286,0.049163,0.063362,0.128393,-0.025912,0.136404
6,-0.030024,0.142201,0.011632,0.166324,0.049061,0.187167,0.069781,0.198838,0.075812,0.202232,0.067806,0.19559,0.04359,0.180653,0.01728,0.156934,-0.006841,0.133231,-0.027846,0.107552,-0.053736,0.082135,-0.081153,0.046755,-0.111738,-0.005235,-0.147458,-0.069128,-0.181787,-0.145884,-0.214434,-0.240367,-0.246059,-0.400327,-0.282508,-0.63817,-0.319258,-0.984473,-0.344028,-1.386307,-0.378413,-1.883538,-0.407207,-2.441454,-0.412153,-3.034048,-0.357129,-3.63544,-0.224053,-4.203187,0.025368,-4.71458,0.400652,-5.12447,0.832684,-5.412786,1.248409,-5.563284,1.560721,-5.545879,1.724032,-5.361203,1.746393,-4.980491,1.641667,-4.410063,1.443759,-3.65219,1.233801,-2.727616,1.074893,-1.648724,0.976524,-0.442389,0.944035,0.780817,0.98609,1.860673,1.076735,2.732812,1.183423,3.427947,1.279537,4.035632,1.345447,4.601515,1.367768,5.123182,1.349603,5.53738,1.295593,5.756351,1.217409,5.714609,1.111044,5.416364,0.990447,4.92015,0.86388,4.263611,0.728918,3.535696,0.57203,2.793954,0.382305,2.096449,0.18269,1.460029,-0.002368,0.885853,-0.169169,0.379103,-0.318474,-0.077116,-0.442505,-0.519398,-0.511156,-0.97962,-0.520702,-1.460958,-0.48321,-1.955972,-0.425521,-2.453027,-0.375133,-2.976565,-0.352369,-3.545594,-0.358321,-4.150399,-0.371781,-4.742888,-0.354304,-5.260756,-0.293262,-5.649404,-0.184602,-5.87956,-0.048109,-5.927232,0.051211,-5.763422,0.123206,-5.383238,0.184905,-4.856381,0.294777,-4.242469,0.480205,-3.54049,0.736517,-2.72248,1.078898,-1.855431,1.507165,-1.041007,1.987212,-0.32693,2.468996,0.281806,2.87181,0.787317,3.116735,1.183278,3.166712,1.433761,3.026459,1.506718,2.726574,1.387399,2.338903,1.113615,1.92838,0.773018,1.50443,0.459131,1.102891,0.206744,0.739155,0.015835,0.40842,-0.124254,0.104856,-0.221544,-0.142611,-0.277001,-0.281597,-0.285636,-0.295897,-0.260124,-0.200682,-0.200769,-0.062856,-0.117724,0.041644,-0.017513,0.067365,0.066658,0.030251,0.109595
6,0.029441,0.121637,0.013542,0.156546,0.00047,0.181118,0.002356,0.1862,0.023326,0.156338,0.05831,0.099759,0.094988,0.015439,0.127231,-0.112184,0.144099,-0.285701,0.125512,-0.493622,0.065847,-0.732414,-0.015623,-1.002486,-0.089008,-1.325239,-0.140591,-1.705286,-0.166312,-2.12632,-0.16398,-2.568888,-0.107672,-3.033073,-0.00669,-3.526088,0.124621,-4.072462,0.317626,-4.678043,0.569841,-5.292762,0.854368,-5.810244,1.128273,-6.066055,1.343879,-5.97097,1.484017,-5.592649,1.496501,-4.978983,1.369138,-4.133956,1.17964,-3.089633,1.004076,-1.962942,0.873943,-0.877591,0.801889,0.069673,0.801115,0.832623,0.862668,1.459796,0.958031,2.002636,1.060489,2.507222,1.141991,2.993526,1.179561,3.497528,1.16507,4.013379,1.084967,4.472523,0.952557,4.800223,0.814916,4.940867,0.689319,4.852585,0.578766,4.541931,0.476747,4.072054,0.380168,3.554123,0.266049,3.090146,0.127535,2.692532,-0.050087,2.318607,-0.231245,1.923775,-0.376858,1.49588,-0.452236,1.046449,-0.449727,0.608616,-0.392024,0.202236,-0.318659,-0.183738,-0.263906,-0.590756,-0.253105,-1.048849,-0.286046,-1.573995,-0.324801,-2.178965,-0.333579,-2.818319,-0.318159,-3.459597,-0.288298,-4.08378,-0.218351,-4.664792,-0.126947,-5.095182,-0.074058,-5.27371,-0.121502,-5.175673,-0.229916,-4.842801,-0.324794,-4.338961,-0.338487,-3.758703,-0.226005,-3.151462,0.043739,-2.543689,0.424218,-1.959363,0.816865,-1.421812,1.148896,-0.987225,1.396562,-0.649581,1.606169,-0.38946,1.842902,-0.183219,2.137238,-0.005225,2.476737,0.14479,2.836079,0.259488,3.154764,0.326943,3.374167,0.339967,3.452889,0.313319,3.388048,0.270151,3.199171,0.211209,2.91228,0.124649,2.529709,0.018946,2.083933,-0.084099,1.612502,-0.179465,1.155799,-0.25672,0.732862,-0.303245,0.358079,-0.32321,0.043409,-0.319638,-0.20192,-0.28685,-0.347786,-0.209649,-0.392604,-0.095008,-0.35858,0.017688,-0.287391,0.098436,-0.225011,0.144522,-0.184208,0.158668,-0.170128,0.148522
6,-0.013271,0.225049,-0.038727,0.234458,-0.050783,0.235499,-0.050379,0.232265,-0.043963,0.218544,-0.039208,0.185635,-0.030613,0.121809,-0.02359,0.005794,-0.022258,-0.199949,-0.021684,-0.504385,-0.03883,-0.860359,-0.075219,-1.27059,-0.14525,-1.742521,-0.254436,-2.296785,-0.350774,-2.897889,-0.351014,-3.483414,-0.197004,-4.012423,0.168421,-4.513485,0.69322,-5.010235,1.259864,-5.505883,1.785463,-5.931622,2.146767,-6.159173,2.279047,-6.060897,2.206985,-5.539796,1.957971,-4.657681,1.616352,-3.598916,1.265374,-2.479261,0.952071,-1.338671,0.688599,-0.167935,0.491714,1.010057,0.363972,2.113261,0.284973,3.073084,0.294766,3.813586,0.413303,4.363488,0.630489,4.789002,0.9062,5.14254,1.194228,5.397086,1.455646,5.493471,1.620197,5.403805,1.645475,5.139048,1.512293,4.766555,1.253326,4.328791,0.914258,3.825797,0.534852,3.254101,0.186944,2.646246,-0.084458,2.04511,-0.26644,1.532098,-0.35316,1.101252,-0.364473,0.705386,-0.323134,0.301716,-0.271377,-0.109879,-0.236843,-0.52823,-0.215095,-0.960558,-0.209876,-1.428173,-0.223206,-1.943887,-0.24254,-2.471838,-0.253693,-3.017819,-0.233001,-3.619388,-0.194904,-4.272512,-0.142761,-4.930296,-0.074174,-5.498481,-0.011126,-5.872633,0.036641,-5.940615,0.08749,-5.675421,0.131091,-5.20275,0.168767,-4.670436,0.225975,-4.163545,0.311641,-3.640865,0.422945,-2.982869,0.556618,-2.173206,0.672536,-1.354472,0.752327,-0.69024,0.798935,-0.232478,0.859182,0.080742,0.989179,0.292123,1.210411,0.4197,1.513569,0.477679,1.861705,0.482066,2.225193,0.457317,2.546665,0.419371,2.735804,0.405585,2.720309,0.425491,2.517954,0.420087,2.219438,0.37534,1.921294,0.324072,1.666821,0.296797,1.436083,0.302381,1.21101,0.316339,0.973291,0.306517,0.721556,0.260791,0.462698,0.184292,0.217315,0.088081,-0.009326,-0.002181,-0.197674,-0.067013,-0.326186,-0.10328,-0.373957,-0.110146,-0.346222,-0.092422,-0.277894,-0.048355,-0.215408,-0.000971,-0.186926,0.026535
6,0.129679,-0.249503,0.114877,-0.384627,0.058107,-0.571286,-0.046255,-0.863361,-0.17517,-1.282944,-0.29395,-1.842876,-0.378402,-2.551522,-0.401833,-3.369833,-0.333878,-4.252957,-0.150345,-5.108019,0.102863,-5.839743,0.416242,-6.399062,0.792435,-6.73807,1.222605,-6.833698,1.616412,-6.687894,1.872439,-6.355272,1.929943,-5.899204,1.791949,-5.318177,1.513089,-4.463674,1.195578,-3.237708,0.96731,-1.804691,0.895693,-0.428038,0.963409,0.730624,1.089717,1.683068,1.200582,2.547328,1.281857,3.376921,1.358366,4.180751,1.44214,4.931875,1.491787,5.597403,1.43852,6.150201,1.30001,6.518361,1.120288,6.614226,0.951627,6.39692,0.832125,5.91909,0.78691,5.287158,0.729409,4.605827,0.626777,3.897231,0.485069,3.14776,0.335092,2.336222,0.190197,1.510185,0.049096,0.739847,-0.08309,0.109663,-0.212907,-0.368047,-0.337308,-0.720375,-0.439584,-1.004175,-0.488544,-1.251537,-0.48844,-1.46681,-0.47251,-1.660491,-0.467584,-1.86971,-0.481482,-2.154388,-0.515721,-2.533685,-0.576689,-2.971884,-0.611261,-3.366084,-0.56057,-3.644765,-0.44594,-3.820198,-0.33405,-3.971684,-0.298448,-4.131534,-0.364556,-4.264654,-0.451716,-4.28214,-0.472404,-4.177943,-0.383728,-4.005746,-0.180034,-3.806982,0.101265,-3.56367,0.415746,-3.23427,0.710898,-2.794198,0.988684,-2.308838,1.287203,-1.824535,1.633952,-1.364261,2.044863,-0.962997,2.461873,-0.638508,2.773337,-0.351452,2.932097,-0.070169,2.975851,0.188697,2.972998,0.428358,2.968979,0.653947,2.940583,0.807757,2.845644,0.825503,2.687814,0.732829,2.462504,0.603471,2.183191,0.473507,1.810433,0.342896,1.331062,0.201955,0.813036,0.052674,0.32772,-0.09142,-0.058795,-0.231438,-0.349824,-0.375776,-0.533103,-0.493505,-0.617281,-0.535812,-0.597655,-0.4939,-0.510376,-0.390568,-0.394007,-0.246917,-0.261999,-0.104427,-0.135265,0.002411,-0.04754,0.050999,-0.027016,0.041129,-0.066732,-0.008388,-0.123563,-0.064658,-0.159915,-0.099251,-0.170643,-0.105586,-0.168385,-0.079849
6,-0.121898,0.488209,-0.127862,0.500826,-0.133985,0.500011,-0.153877,0.480411,-0.188547,0.441555,-0.223701,0.388815,-0.257919,0.333749,-0.284861,0.277195,-0.289197,0.210856,-0.263274,0.129689,-0.184812,0.032884,-0.069244,-0.107837,0.070056,-0.383995,0.200642,-0.878702,0.32477,-1.440271,0.396315,-2.068758,0.411054,-2.724067,0.414635,-3.395363,0.42824,-4.033995,0.4681,-4.642639,0.569645,-5.251453,0.767032,-5.884365,1.049407,-6.448793,1.353161,-6.77194,1.590214,-6.683005,1.640838,-6.168631,1.496328,-5.273655,1.254343,-4.026013,1.037013,-2.574822,0.918866,-1.116667,0.91252,0.186964,0.967651,1.237753,1.024505,2.010417,1.051392,2.540545,1.058448,2.907024,1.064932,3.179304,1.06399,3.433733,1.017828,3.762353,0.882133,4.199983,0.680016,4.673018,0.492544,5.048032,0.395409,5.212534,0.396222,5.099336,0.443523,4.758508,0.481797,4.29171,0.470915,3.766878,0.416389,3.206364,0.317314,2.607699,0.188406,2.015829,0.051029,1.464943,-0.064599,0.936204,-0.145087,0.423913,-0.19489,-0.057939,-0.227185,-0.495094,-0.239737,-0.893274,-0.231439,-1.301422,-0.218372,-1.748527,-0.201509,-2.22624,-0.1706,-2.732095,-0.120223,-3.268237,-0.044236,-3.84743,0.057976,-4.46259,0.160507,-5.049956,0.259074,-5.495825,0.315598,-5.736118,0.309202,-5.733468,0.241354,-5.468897,0.097285,-5.021412,-0.08012,-4.508923,-0.19094,-3.976397,-0.156843,-3.405889,0.004088,-2.786581,0.222912,-2.156096,0.459206,-1.542405,0.727238,-0.972398,1.040227,-0.431675,1.383375,0.068714,1.768377,0.457464,2.200575,0.689778,2.623556,0.804876,2.952796,0.872053,3.104835,0.897955,3.051195,0.854639,2.825145,0.72748,2.493491,0.553232,2.149044,0.357459,1.847802,0.156995,1.545767,-0.037556,1.209235,-0.201601,0.831024,-0.307713,0.450608,-0.333538,0.11972,-0.313603,-0.127133,-0.2745,-0.278964,-0.215934,-0.317363,-0.149509,-0.277022,-0.095163,-0.234811,-0.063201,-0.226218,-0.040953,-0.232289,0.001887,-0.238815,0.059754
6,-0.003102,0.098281,0.037322,0.096974,0.070501,0.099558,0.082908,0.103114,0.076543,0.102779,0.06409,0.094754,0.049724,0.085284,0.030514,0.067264,0.007537,0.046228,-0.02606,0.019314,-0.064732,-0.027053,-0.059535,-0.136356,-0.015047,-0.318095,0.082995,-0.64173,0.160471,-1.070914,0.203254,-1.559893,0.227249,-2.125715,0.273239,-2.761153,0.362234,-3.419916,0.526167,-4.094105,0.771077,-4.78194,1.075086,-5.446323,1.38066,-6.086828,1.616894,-6.615022,1.716339,-6.890014,1.618598,-6.727141,1.304026,-6.044654,0.9005,-4.902864,0.516728,-3.483483,0.277839,-1.943789,0.237859,-0.430946,0.374938,0.893028,0.631051,1.917262,0.928985,2.667444,1.203624,3.230389,1.396242,3.654294,1.462259,4.066,1.377733,4.525286,1.199307,4.975058,1.008312,5.307534,0.859213,5.451676,0.755203,5.399524,0.672988,5.17985,0.58302,4.821768,0.464482,4.379874,0.319311,3.885144,0.14328,3.353961,-0.063019,2.818741,-0.259391,2.304592,-0.410229,1.796055,-0.474955,1.27278,-0.454446,0.701613,-0.394937,0.10148,-0.328095,-0.502461,-0.300899,-1.075345,-0.326138,-1.604812,-0.385676,-2.116539,-0.43614,-2.616233,-0.441308,-3.127524,-0.396579,-3.694005,-0.314862,-4.343519,-0.197255,-5.048434,-0.012828,-5.701991,0.233763,-6.186283,0.491553,-6.372647,0.666768,-6.218757,0.690772,-5.744173,0.578958,-5.052487,0.379129,-4.241208,0.207873,-3.387251,0.181687,-2.518678,0.334802,-1.704379,0.612238,-1.02273,0.921429,-0.5023,1.224883,-0.099053,1.53522,0.227795,1.824852,0.492198,2.044714,0.694239,2.22238,0.814352,2.380875,0.857595,2.48435,0.844085,2.481713,0.785333,2.356339,0.689588,2.124876,0.567421,1.836789,0.426608,1.555501,0.295634,1.292945,0.193624,1.042121,0.110829,0.804288,0.020178,0.588644,-0.072273,0.406251,-0.137482,0.231911,-0.179667,0.030493,-0.224768,-0.1861,-0.280378,-0.359324,-0.325313,-0.437304,-0.331793,-0.423078,-0.304314,-0.371622,-0.264818,-0.321503,-0.220546,-0.2707,-0.170937
6,-0.03192,0.092639,-0.074478,0.064298,-0.105763,0.045445,-0.119576,0.031931,-0.109615,0.013163,-0.091803,-0.012757,-0.066325,-0.044861,-0.046643,-0.080235,-0.022584,-0.120228,0.010279,-0.164947,0.037521,-0.223644,0.042704,-0.399505,-0.002488,-0.683326,-0.032936,-0.990125,-0.057801,-1.275844,-0.089639,-1.534488,-0.144333,-1.82137,-0.236353,-2.188231,-0.349644,-2.62799,-0.429336,-3.146546,-0.44055,-3.755084,-0.326193,-4.405717,-0.064334,-4.95386,0.34111,-5.337977,0.808308,-5.548721,1.202013,-5.539238,1.444212,-5.233467,1.515026,-4.601391,1.434699,-3.684421,1.272751,-2.64372,1.101517,-1.604166,0.985858,-0.636053,0.943581,0.220056,0.940566,0.960909,0.908511,1.661043,0.828705,2.392168,0.722931,3.158843,0.646737,3.883805,0.611062,4.529044,0.60365,5.121849,0.582929,5.666719,0.553107,6.076254,0.536725,6.27755,0.593741,6.252064,0.673911,6.03776,0.710864,5.650074,0.663649,5.099947,0.528959,4.467225,0.358885,3.775603,0.208353,3.036638,0.123166,2.23062,0.103166,1.384036,0.121377,0.563414,0.11962,-0.189776,0.05856,-0.88397,-0.066842,-1.541718,-0.226596,-2.201509,-0.410048,-2.844943,-0.624649,-3.482044,-0.830231,-4.142901,-0.975286,-4.853798,-1.020292,-5.529642,-0.919776,-6.039694,-0.708679,-6.300121,-0.552173,-6.291834,-0.540193,-5.969097,-0.663488,-5.392941,-0.803565,-4.759275,-0.791054,-4.160458,-0.522989,-3.615861,-0.029723,-3.138909,0.571506,-2.74109,1.105119,-2.353552,1.457272,-1.919839,1.639858,-1.44775,1.735422,-1.008436,1.840643,-0.626289,2.022825,-0.29763,2.283502,-0.01115,2.5554,0.219031,2.764198,0.405889,2.830956,0.562352,2.763101,0.695908,2.590401,0.774472,2.365974,0.769893,2.094485,0.689406,1.757722,0.558833,1.360754,0.38586,0.953403,0.204578,0.596022,0.060399,0.309669,-0.038492,0.076913,-0.103891,-0.109863,-0.142594,-0.231813,-0.138897,-0.279937,-0.095624,-0.255097,-0.032767,-0.189037,0.03412,-0.1071,0.08342,-0.04751,0.102586,-0.035044,0.095233
6,0.015738,0.026548,0.010789,0.038522,0.008625,0.047858,0.011497,0.049613,0.013335,0.051127,0.017258,0.053116,0.018073,0.054386,0.017358,0.043294,0.009986,0.008837,-0.009367,-0.054541,-0.032971,-0.147253,-0.060032,-0.276838,-0.086561,-0.430532,-0.100555,-0.625361,-0.092151,-0.888821,-0.049713,-1.269507,0.025907,-1.772314,0.129478,-2.303495,0.205325,-2.677656,0.192749,-2.76751,0.139631,-2.700258,0.131323,-2.672003,0.220732,-2.767518,0.431737,-2.97014,0.76324,-3.175483,1.133615,-3.195251,1.457976,-2.895561,1.678089,-2.265838,1.768391,-1.433739,1.715788,-0.519182,1.535966,0.376359,1.290804,1.188705,1.039802,1.923989,0.864362,2.574392,0.825107,3.043645,0.86735,3.290566,0.865544,3.417232,0.778541,3.51894,0.598546,3.626215,0.340608,3.757985,0.104503,3.859616,-0.00076,3.824709,0.023265,3.619014,0.094468,3.297623,0.142867,2.947928,0.111319,2.634797,0.008933,2.379542,-0.101434,2.1223,-0.215493,1.820085,-0.343636,1.485821,-0.466517,1.135054,-0.538807,0.792929,-0.536885,0.463721,-0.464498,0.170749,-0.347135,-0.102371,-0.205928,-0.369699,-0.084584,-0.644422,-0.029572,-0.951728,-0.060263,-1.300361,-0.188314,-1.731032,-0.3956,-2.275177,-0.668394,-2.965547,-0.952838,-3.73329,-1.176362,-4.470907,-1.311324,-5.052949,-1.326742,-5.409389,-1.197386,-5.497059,-0.919137,-5.359818,-0.52357,-5.099537,-0.052824,-4.758565,0.407978,-4.285187,0.78152,-3.601012,1.030475,-2.771447,1.178522,-1.973204,1.26894,-1.340335,1.364188,-0.809403,1.519393,-0.31435,1.735429,0.148798,1.929428,0.531135,2.041012,0.814911,2.046716,1.006571,1.938166,1.110466,1.681061,1.113593,1.277071,1.014672,0.7963,0.840599,0.320722,0.622016,-0.076988,0.3773,-0.385623,0.113742,-0.5619,-0.128184,-0.578132,-0.28938,-0.469615,-0.320262,-0.295268,-0.232226,-0.118544,-0.074566,-0.006139,0.094397,0.014772,0.234346,-0.051661,0.307083,-0.163794,0.296386,-0.265412,0.222572,-0.325803,0.121427,-0.33696,0.022093
6,0.071843,-0.064055,0.051206,-0.045933,0.020567,-0.041087,-0.015343,-0.060438,-0.035203,-0.110995,-0.030892,-0.181004,-0.018542,-0.233852,-0.014499,-0.246051,-0.014227,-0.237285,-0.021358,-0.21602,-0.026521,-0.198654,-0.029289,-0.205832,-0.03276,-0.242684,-0.03607,-0.29375,-0.036513,-0.370425,-0.044133,-0.48598,-0.057365,-0.627044,-0.069007,-0.789874,-0.068931,-0.970936,-0.082258,-1.178499,-0.095469,-1.411714,-0.072693,-1.681069,0.01492,-1.987418,0.143718,-2.322919,0.272116,-2.676369,0.374778,-2.997309,0.418782,-3.213269,0.419275,-3.263636,0.40614,-3.198834,0.432384,-3.070125,0.496771,-2.919966,0.607896,-2.757571,0.76049,-2.588203,0.949162,-2.372433,1.123438,-2.029794,1.233735,-1.485154,1.264381,-0.785077,1.237219,-0.026715,1.157518,0.774074,1.02737,1.63267,0.899706,2.516839,0.840038,3.35059,0.857772,4.062006,0.931448,4.573668,1.057464,4.80178,1.154318,4.727241,1.138085,4.454562,0.981769,4.133322,0.697127,3.872292,0.360719,3.681453,0.062578,3.435057,-0.140723,3.008009,-0.265764,2.394119,-0.369047,1.730631,-0.438452,1.113935,-0.443704,0.620889,-0.398947,0.286891,-0.33311,0.065183,-0.265083,-0.119503,-0.210976,-0.284651,-0.184576,-0.433203,-0.169519,-0.599593,-0.165177,-0.776958,-0.174858,-0.935801,-0.198662,-1.084517,-0.236023,-1.271987,-0.306553,-1.537333,-0.409083,-1.932985,-0.547926,-2.484822,-0.706497,-3.204889,-0.875817,-4.079207,-1.050732,-4.99009,-1.173614,-5.718525,-1.203816,-6.068047,-1.053533,-5.967708,-0.710499,-5.426365,-0.196889,-4.540432,0.444987,-3.574162,1.220598,-2.641469,2.016081,-1.873146,2.705054,-1.046614,3.159137,-0.331786,3.31576,0.281524,3.169104,0.683801,2.782888,0.859471,2.22746,0.855624,1.589722,0.753357,0.970737,0.646497,0.430587,0.575748,0.016374,0.521392,-0.229992,0.427283,-0.306675,0.2783,-0.303573,0.099014,-0.295073,-0.046396,-0.311498,-0.095687,-0.338496,-0.046413,-0.370639,0.07869,-0.383158,0.194518,-0.348968,0.269594,-0.279929,0.297527
6,-0.099733,-0.164562,-0.129897,-0.253917,-0.180059,-0.357605,-0.241267,-0.477387,-0.304969,-0.625784,-0.360972,-0.819231,-0.405504,-1.068768,-0.431751,-1.375528,-0.416378,-1.718264,-0.350404,-2.054837,-0.236661,-2.364894,-0.10273,-2.638454,0.043128,-2.870791,0.200677,-3.079179,0.37111,-3.257863,0.548302,-3.387511,0.709742,-3.423149,0.799414,-3.309955,0.815476,-3.00522,0.778988,-2.530757,0.74699,-1.973608,0.784794,-1.429637,0.918184,-0.92778,1.101806,-0.425827,1.272897,0.164943,1.374233,0.873657,1.383996,1.64028,1.310966,2.393829,1.146603,3.122564,0.902429,3.836698,0.656316,4.465447,0.503293,4.834264,0.473584,4.87736,0.502771,4.680253,0.524159,4.370161,0.469078,4.01974,0.34037,3.701573,0.172859,3.425621,0.005341,3.160745,-0.135141,2.887372,-0.221194,2.597481,-0.262469,2.294973,-0.26343,1.962926,-0.225453,1.600839,-0.173329,1.254565,-0.128701,0.965238,-0.097398,0.722478,-0.072182,0.466068,-0.062484,0.154051,-0.064978,-0.265707,-0.107161,-0.77537,-0.174141,-1.323938,-0.25474,-1.89614,-0.336362,-2.506655,-0.408969,-3.186996,-0.449782,-3.957369,-0.434949,-4.762121,-0.371044,-5.487455,-0.232731,-6.072709,-0.020729,-6.479103,0.253992,-6.645411,0.542846,-6.4597,0.753987,-5.803411,0.868761,-4.651744,0.949714,-3.138085,1.137022,-1.542372,1.534436,-0.154821,2.089745,0.811952,2.673985,1.235878,3.092072,1.140117,3.180082,0.772164,2.850915,0.476648,2.143218,0.402194,1.188594,0.46842,0.212422,0.527412,-0.565196,0.466027,-1.005858,0.291179,-1.073739,0.119768,-0.833304,0.067957,-0.416579,0.153844,0.002692,0.324717,0.267518,0.494276,0.304661,0.58948,0.140389,0.567625,-0.118739,0.426238,-0.366415,0.224176,-0.53932,0.029028,-0.610631,-0.105256,-0.600762,-0.149256,-0.533849,-0.104071,-0.443174,0.002951,-0.337569,0.111143,-0.234659,0.161138,-0.152708,0.153329,-0.117302,0.108639,-0.134329,0.055227,-0.188872,-0.005632,-0.242091,-0.047289,-0.257695,-0.041701,-0.240682,-0.011902
6,0.024208,0.08614,0.019549,0.060273,0.028225,0.021851,0.043606,-0.006569,0.054845,-0.019542,0.052988,-0.010149,0.035099,0.014526,0.006385,0.050075,-0.015857,0.080397,-0.021189,0.096702,-0.001701,0.102693,0.025536,0.11343,0.046747,0.132732,0.051037,0.15525,0.041283,0.17179,0.021669,0.183156,-0.000903,0.187428,-0.018284,0.187285,-0.034431,0.175443,-0.049621,0.147509,-0.062964,0.093897,-0.082207,0.009817,-0.107294,-0.099313,-0.139193,-0.244592,-0.185454,-0.441706,-0.255024,-0.692667,-0.345298,-0.991808,-0.4245,-1.327485,-0.457457,-1.66801,-0.439296,-1.97367,-0.356249,-2.266793,-0.213084,-2.555301,-0.013097,-2.791686,0.215353,-2.916856,0.449584,-2.91513,0.680357,-2.834717,0.88738,-2.730304,1.02537,-2.597622,1.053659,-2.342524,0.962878,-1.919254,0.82179,-1.388819,0.706847,-0.842824,0.681765,-0.316357,0.772595,0.208378,0.954637,0.725008,1.170092,1.185797,1.333561,1.544347,1.357035,1.835149,1.179451,2.160351,0.815099,2.61224,0.379496,3.173517,0.020108,3.692414,-0.158703,4.011774,-0.138866,4.077414,0.016267,3.930087,0.228889,3.653986,0.437593,3.345855,0.593902,3.062735,0.659264,2.803879,0.620142,2.516965,0.479091,2.202254,0.26691,1.893793,0.042825,1.610265,-0.148977,1.343818,-0.268838,1.052492,-0.318052,0.700475,-0.323714,0.282719,-0.309723,-0.185086,-0.310763,-0.65734,-0.350069,-1.104189,-0.442288,-1.547451,-0.596443,-2.014527,-0.783852,-2.544682,-0.950599,-3.143054,-1.039516,-3.75506,-1.001858,-4.260373,-0.820216,-4.546258,-0.535278,-4.572093,-0.226225,-4.384227,0.038496,-4.065718,0.248132,-3.660923,0.407916,-3.214042,0.554292,-2.752031,0.713451,-2.302179,0.90607,-1.8928,1.088485,-1.540391,1.188845,-1.223932,1.160877,-0.91966,1.001682,-0.629716,0.737276,-0.373054,0.454431,-0.157008,0.222549,0.008407,0.073175,0.111603,0.031815,0.159073,0.081265,0.174828,0.167291,0.190189,0.233417,0.227105,0.242987,0.279838,0.198202,0.320258,0.109921,0.328233
6,-0.312814,0.315245,-0.303876,0.33675,-0.267993,0.356594,-0.235131,0.408146,-0.223706,0.515229,-0.238954,0.689191,-0.269831,0.905492,-0.284677,1.11371,-0.265094,1.265296,-0.210359,1.324973,-0.140307,1.295175,-0.079709,1.212171,-0.045504,1.094759,-0.05137,0.951031,-0.088619,0.795401,-0.154413,0.636411,-0.234329,0.488244,-0.303858,0.322562,-0.356819,0.075924,-0.394918,-0.315172,-0.412238,-0.880074,-0.387199,-1.588954,-0.328803,-2.347919,-0.238483,-3.074277,-0.115343,-3.68647,0.065896,-4.142817,0.329347,-4.38778,0.69861,-4.37272,1.083627,-4.012049,1.374998,-3.20447,1.519562,-1.942336,1.542488,-0.401237,1.478547,1.224366,1.342625,2.814616,1.195624,4.256811,1.065673,5.488818,1.02291,6.460312,1.085542,7.056119,1.167336,7.171369,1.124572,6.827409,0.843914,6.163559,0.362463,5.349497,-0.212003,4.508412,-0.738852,3.681396,-1.129592,2.871005,-1.359969,2.083819,-1.424867,1.352493,-1.332561,0.678091,-1.116688,0.061852,-0.853983,-0.510191,-0.61112,-1.039657,-0.436453,-1.560362,-0.324669,-2.162804,-0.267792,-2.957648,-0.221204,-4.014944,-0.157215,-5.274159,-0.046472,-6.553323,0.11621,-7.597873,0.379042,-8.190816,0.844978,-8.336776,1.498777,-8.205183,2.168842,-7.729892,2.661434,-6.629405,2.744376,-4.773678,2.386747,-2.369786,1.783225,0.067468,1.27746,2.033778,1.1591,3.118397,1.453354,3.12461,1.860741,2.325934,2.047778,1.320008,1.838917,0.64124,1.21705,0.477125,0.331324,0.652066,-0.569481,0.862728,-1.241002,0.926504,-1.51818,0.790543,-1.394869,0.52208,-0.979154,0.248927,-0.444668,0.089708,0.038779,0.076107,0.317495,0.150991,0.313565,0.253106,0.082175,0.330168,-0.259013,0.341287,-0.586533,0.266004,-0.822235,0.140592,-0.902851,0.003196,-0.801038,-0.119689,-0.562774,-0.177479,-0.279373,-0.124654,-0.067896,0.018518,0.015509,0.159547,-0.011838,0.20732,-0.093184,0.124719,-0.174077,-0.024232,-0.25202,-0.148144,-0.33549,-0.215737,-0.422046,-0.240637,-0.495956,-0.229037
6,-0.57053,1.48638,-0.508259,1.344783,-0.422812,1.213172,-0.325994,1.104784,-0.217599,1.01473,-0.112397,0.918691,-0.037907,0.797534,-0.007377,0.622587,-0.030932,0.328674,0.009946,-0.30912,-0.05499,-1.497281,-0.124837,-2.735966,-0.372652,-4.076005,-0.619745,-5.349095,-0.790115,-6.499459,-0.886254,-7.455992,-0.928497,-8.068086,-0.841671,-8.244086,-0.591926,-7.996259,-0.146271,-7.355309,0.526255,-6.225291,1.354511,-4.518267,2.208946,-2.215164,2.980516,0.546401,3.555876,3.306572,3.885455,5.619319,3.896028,7.244497,3.615916,8.198003,3.090207,8.6081,2.409147,8.619907,1.65745,8.290385,0.928356,7.613815,0.261471,6.604337,-0.317033,5.350873,-0.786887,3.965688,-1.114093,2.582929,-1.319247,1.352822,-1.433897,0.314107,-1.479388,-0.597307,-1.492343,-1.479556,-1.514931,-2.461994,-1.529577,-3.707722,-1.509498,-5.225601,-1.404175,-6.839357,-1.171799,-8.271667,-0.770821,-9.340574,-0.220529,-9.965362,0.494989,-10.056412,1.267648,-9.554049,2.031345,-8.376326,2.602107,-6.43984,2.873373,-3.861481,2.875022,-1.090568,2.742707,1.299294,2.536435,2.919294,2.298018,3.681144,2.059582,3.576251,1.81293,2.708146,1.504491,1.401698,1.086351,0.111771,0.534888,-0.814751,-0.107071,-1.2196,-0.732132,-1.132328,-1.214338,-0.751304,-1.451958,-0.252639,-1.387252,0.226227,-1.059095,0.593318,-0.572122,0.778158,-0.067998,0.764234,0.326299,0.606672,0.507271,0.414505,0.454015,0.27106,0.211672,0.200373,-0.136665,0.181503,-0.481382,0.19949,-0.743232,0.246104,-0.866124,0.310511,-0.836403,0.347692,-0.696904,0.336244,-0.509059,0.27822,-0.329147,0.217939,-0.198952,0.191624,-0.132605,0.203952,-0.135552,0.22895,-0.19512,0.244213,-0.281891,0.240051,-0.370738,0.223291,-0.456236,0.204041,-0.510733,0.198202,-0.517533,0.191552,-0.4752,0.178313,-0.418026,0.157323,-0.370101,0.14671,-0.340709,0.141164,-0.339848,0.116425,-0.367746,0.083489,-0.408824,0.0639,-0.43859,0.064745,-0.442136,0.090669,-0.413988,0.138517
6,-0.683681,1.749164,-0.622445,1.850529,-0.554284,1.947904,-0.512731,2.114499,-0.515579,2.398898,-0.570951,2.808449,-0.62709,3.269679,-0.636327,3.662339,-0.575095,3.884746,-0.449542,3.902473,-0.27366,3.77223,-0.089814,3.590436,0.053074,3.422462,0.130158,3.259173,0.149225,3.075254,0.105163,2.854665,0.015918,2.579117,-0.09168,2.236449,-0.201369,1.808043,-0.298471,1.268351,-0.396932,0.602164,-0.519694,-0.20985,-0.665048,-1.21006,-0.809289,-2.409423,-0.956184,-3.787154,-1.09341,-5.261201,-1.173686,-6.652781,-1.201105,-7.735547,-1.111171,-8.325689,-0.891561,-8.35998,-0.53626,-7.869658,-0.119737,-6.900002,0.324352,-5.513076,0.830721,-3.787223,1.446637,-1.853666,2.148455,0.071685,2.809339,1.844978,3.301965,3.476145,3.53898,4.96785,3.44525,6.326583,3.137117,7.488742,2.771366,8.290762,2.435528,8.577372,2.09419,8.259934,1.687128,7.415257,1.158835,6.148389,0.549108,4.657706,-0.115585,3.184586,-0.781035,1.874199,-1.357922,0.740097,-1.848065,-0.264228,-2.222156,-1.250688,-2.43686,-2.376675,-2.486669,-3.727013,-2.364467,-5.225819,-2.102369,-6.634394,-1.624655,-7.71787,-0.974029,-8.403247,-0.228968,-8.70721,0.51085,-8.62154,1.164294,-8.012692,1.737745,-6.723216,2.174118,-4.863058,2.399829,-2.66862,2.482848,-0.441781,2.563509,1.548151,2.769134,3.030948,3.076479,3.79583,3.337085,3.788918,3.36131,3.204558,3.083043,2.385164,2.465248,1.666164,1.586217,1.175288,0.617932,0.879183,-0.231133,0.672038,-0.808812,0.469988,-1.078054,0.268446,-1.089546,0.12475,-0.927998,0.075222,-0.685831,0.095546,-0.481934,0.146199,-0.393635,0.194305,-0.41082,0.193844,-0.489079,0.139696,-0.594485,0.052198,-0.7055,-0.025845,-0.782267,-0.080373,-0.794482,-0.133914,-0.711738,-0.187713,-0.561502,-0.211646,-0.414049,-0.183259,-0.324906,-0.119093,-0.28385,-0.064853,-0.248575,-0.056204,-0.176259,-0.070323,-0.091001,-0.071567,-0.029969,-0.042409,-0.023157,0.010401,-0.077774,0.064465,-0.180618,0.089685
6,-0.988654,0.262627,-1.010985,0.697195,-1.023201,1.222249,-1.012594,1.768938,-0.972555,2.242458,-0.92478,2.605452,-0.885198,2.903236,-0.856302,3.194293,-0.842588,3.476382,-0.805654,3.713876,-0.709333,3.826823,-0.537317,3.794581,-0.299126,3.625194,-0.019441,3.356675,0.242708,3.021483,0.416837,2.663296,0.464734,2.296633,0.38911,1.913642,0.185765,1.510608,-0.104315,1.047642,-0.444575,0.503978,-0.782515,-0.140708,-1.087459,-0.916896,-1.313337,-1.872285,-1.457943,-3.016843,-1.51438,-4.22766,-1.472574,-5.36065,-1.312905,-6.290118,-1.014492,-6.965411,-0.594104,-7.260857,-0.009713,-7.079728,0.700965,-6.415178,1.528443,-5.287063,2.348311,-3.678609,2.976266,-1.638994,3.277222,0.642575,3.242614,2.909425,2.993204,4.91719,2.628116,6.516915,2.269473,7.711969,1.997228,8.520901,1.779164,8.905978,1.53287,8.79907,1.239662,8.233197,0.868596,7.272973,0.463226,6.041956,0.018443,4.672133,-0.359343,3.293839,-0.67536,2.024136,-0.941161,0.869654,-1.226639,-0.249094,-1.542605,-1.457571,-1.813452,-2.7488,-1.919316,-4.066556,-1.826765,-5.351611,-1.55301,-6.581722,-1.151611,-7.704646,-0.718641,-8.635406,-0.304156,-9.232105,0.135091,-9.320528,0.681272,-8.830545,1.298121,-7.836622,1.915589,-6.400495,2.426794,-4.617017,2.750128,-2.527513,2.879094,-0.244104,2.869623,2.020154,2.859894,3.925529,2.894278,5.089088,2.891841,5.346453,2.787359,4.684513,2.512446,3.461675,1.996578,2.210514,1.249286,1.304682,0.403534,0.835546,-0.38049,0.714363,-0.94815,0.751044,-1.210466,0.766715,-1.17272,0.699785,-0.931512,0.56572,-0.608204,0.400058,-0.319493,0.23491,-0.140735,0.09452,-0.104269,-0.004834,-0.200595,-0.074623,-0.35189,-0.135308,-0.479423,-0.194888,-0.535421,-0.240421,-0.541233,-0.253752,-0.519505,-0.243779,-0.489826,-0.227706,-0.458268,-0.219021,-0.393336,-0.232203,-0.299579,-0.244972,-0.208482,-0.215784,-0.157572,-0.152458,-0.167359,-0.083083,-0.214383,-0.036199,-0.257887,-0.048993,-0.255597,-0.124756
6,-0.310395,-0.225399,-0.443717,-0.277146,-0.628894,-0.326835,-0.865879,-0.358169,-1.152409,-0.332365,-1.464466,-0.220617,-1.771939,-0.02982,-2.037235,0.236318,-2.202948,0.606954,-2.220254,1.091345,-2.093117,1.663603,-1.859919,2.264835,-1.558971,2.845816,-1.214789,3.364763,-0.881545,3.778024,-0.602117,4.058515,-0.372038,4.172236,-0.160635,4.108289,0.040164,3.85842,0.219047,3.449894,0.341225,2.926997,0.382924,2.340975,0.325632,1.728646,0.166888,1.11083,-0.056292,0.469228,-0.303349,-0.236419,-0.541076,-1.026732,-0.76065,-1.956729,-0.957504,-3.03688,-1.122307,-4.260422,-1.225248,-5.477903,-1.229107,-6.541921,-1.112339,-7.340195,-0.832645,-7.78475,-0.433316,-7.793317,0.072923,-7.27955,0.654388,-6.202208,1.286409,-4.579189,1.918305,-2.620192,2.483341,-0.466715,2.884553,1.723992,3.073148,3.717449,3.140078,5.326956,3.14845,6.455891,3.151541,7.096453,3.153991,7.302026,3.084287,7.101715,2.891077,6.577362,2.579918,5.892654,2.117835,5.199945,1.524833,4.507014,0.834799,3.807964,0.093199,3.105373,-0.632851,2.335729,-1.302434,1.472523,-1.897888,0.525044,-2.403484,-0.50292,-2.771721,-1.637478,-2.985425,-2.879261,-3.093056,-4.190543,-3.108254,-5.441897,-2.974305,-6.539777,-2.680764,-7.445774,-2.246698,-8.04373,-1.669469,-8.19584,-0.963801,-7.936839,-0.193899,-7.407848,0.59855,-6.728157,1.394865,-5.919778,2.121104,-4.972343,2.694083,-3.868073,3.072876,-2.602438,3.196708,-1.195616,3.037695,0.280756,2.660811,1.698705,2.225482,2.867253,1.918049,3.605057,1.824054,3.896338,1.803626,3.689522,1.705129,3.137295,1.429408,2.393199,0.998187,1.639325,0.472533,1.028307,-0.042221,0.624633,-0.468677,0.402259,-0.77133,0.283095,-0.926946,0.193836,-0.922981,0.107199,-0.767669,0.023054,-0.513118,-0.048939,-0.2328,-0.102321,-0.007211,-0.148912,0.101189,-0.199384,0.077579,-0.227931,-0.056244,-0.224365,-0.248208,-0.196367,-0.40545,-0.167912,-0.464991,-0.15611,-0.399965,-0.139903,-0.261852,-0.088719
6,-0.006012,-0.113758,-0.043998,-0.111859,-0.12633,-0.090094,-0.246872,-0.055148,-0.384543,-0.018005,-0.529485,0.035171,-0.692004,0.122799,-0.892959,0.279775,-1.152077,0.519929,-1.470234,0.812765,-1.825409,1.110536,-2.172449,1.372017,-2.462348,1.590953,-2.652142,1.819032,-2.732956,2.098048,-2.737009,2.439972,-2.639774,2.81803,-2.368501,3.170419,-1.88909,3.453019,-1.231405,3.650331,-0.480062,3.764127,0.283335,3.825758,0.957686,3.854908,1.453725,3.834389,1.742837,3.721164,1.812207,3.485736,1.690549,3.136559,1.406801,2.689938,0.991877,2.125904,0.508985,1.418117,-0.002488,0.561399,-0.478998,-0.39996,-0.83981,-1.388063,-1.031548,-2.357322,-1.042507,-3.336008,-0.894456,-4.412127,-0.616328,-5.587693,-0.22662,-6.759266,0.2535,-7.724685,0.712025,-8.285824,1.017555,-8.28877,1.152032,-7.662061,1.169747,-6.44984,1.13664,-4.796669,1.13989,-2.892918,1.256443,-0.936228,1.505828,0.93647,1.87679,2.640493,2.332628,4.042307,2.753212,5.105554,3.050009,5.932305,3.169604,6.611699,3.112671,7.151428,2.885653,7.43608,2.486373,7.268093,1.934069,6.60206,1.285995,5.553182,0.611577,4.3016,-0.017599,3.039312,-0.556745,1.895307,-1.00382,0.925562,-1.385475,0.11163,-1.723412,-0.639182,-1.988071,-1.434756,-2.16902,-2.355096,-2.265774,-3.395731,-2.26397,-4.506201,-2.149796,-5.615539,-1.921327,-6.659047,-1.564094,-7.555271,-1.045276,-8.155403,-0.384015,-8.274445,0.37556,-7.76589,1.113517,-6.615047,1.780669,-4.975341,2.293067,-3.059452,2.560222,-1.124794,2.616889,0.629559,2.591944,1.994595,2.556398,2.738439,2.462561,2.7282,2.168476,2.126101,1.63242,1.23587,0.947013,0.432862,0.245863,-0.015477,-0.358053,-0.064827,-0.761291,0.122121,-0.938966,0.324529,-0.912536,0.424608,-0.73479,0.423381,-0.468495,0.365186,-0.217795,0.290895,-0.06183,0.216147,-0.021372,0.124913,-0.075032,0.013218,-0.174387,-0.087849,-0.294735,-0.133855,-0.414886,-0.131549,-0.492751,-0.124415,-0.497974,-0.144728
6,-0.507598,0.165152,-0.665963,0.283765,-0.867036,0.371643,-1.049045,0.396499,-1.133294,0.367731,-1.094902,0.343364,-0.97787,0.381141,-0.853925,0.499123,-0.773963,0.72505,-0.770851,1.049282,-0.832726,1.432305,-0.907574,1.809881,-0.946606,2.119761,-0.932863,2.345081,-0.872327,2.512469,-0.784404,2.657871,-0.673592,2.796844,-0.553766,2.937634,-0.452195,3.079913,-0.388533,3.186112,-0.349602,3.22145,-0.305127,3.155456,-0.226977,2.973877,-0.111303,2.703634,0.005744,2.346594,0.075962,1.917114,0.079235,1.428846,0.004193,0.891973,-0.128089,0.321985,-0.281108,-0.264333,-0.413368,-0.890805,-0.503861,-1.589852,-0.537276,-2.440014,-0.542155,-3.472633,-0.570787,-4.665555,-0.651653,-5.881761,-0.736985,-6.939696,-0.70808,-7.690743,-0.494215,-7.901835,-0.056108,-7.427608,0.54817,-6.374511,1.214758,-4.94621,1.950408,-3.270992,2.665143,-1.449883,3.171342,0.396962,3.345641,2.143347,3.242925,3.659639,2.974909,4.852071,2.654637,5.730453,2.383982,6.336302,2.180325,6.691085,1.990037,6.773783,1.754601,6.52292,1.437557,5.957281,1.034889,5.094818,0.548952,4.028494,0.004472,2.94267,-0.519138,1.941548,-0.932195,1.02236,-1.218929,0.145897,-1.434106,-0.677311,-1.598275,-1.486226,-1.691331,-2.303834,-1.687967,-3.172407,-1.570641,-4.113354,-1.317614,-5.083731,-0.947343,-5.940935,-0.543992,-6.52088,-0.160159,-6.804742,0.24465,-6.793328,0.653745,-6.507519,1.044251,-5.981145,1.400081,-5.227833,1.639134,-4.289369,1.722908,-3.182407,1.714586,-1.985308,1.657117,-0.838782,1.583161,0.140716,1.526222,0.831213,1.45516,1.119025,1.272771,1.021559,0.951591,0.705652,0.549347,0.386254,0.138876,0.233394,-0.226,0.275416,-0.484911,0.430071,-0.610037,0.58233,-0.607765,0.659164,-0.500654,0.648594,-0.32958,0.553443,-0.149171,0.399824,-0.025682,0.241318,-0.005279,0.108506,-0.083699,0.016051,-0.218416,-0.030619,-0.349578,-0.033672,-0.438461,-0.009348,-0.437343,0.001105,-0.337227,-0.028612,-0.188083,-0.080597
6,0.024219,-0.125394,0.029396,-0.113494,0.034797,-0.102635,0.037044,-0.097847,0.036996,-0.092438,0.027776,-0.079096,0.013559,-0.05698,0.002073,-0.032143,0.000206,-0.00647,0.003345,0.010434,0.005437,0.016276,0.002307,0.021079,-0.002698,0.029847,-0.01,0.039242,-0.012501,0.051766,-0.011254,0.056356,-0.012307,0.039866,-0.021498,0.004381,-0.04464,-0.048026,-0.080858,-0.105284,-0.123352,-0.179152,-0.179486,-0.29089,-0.258275,-0.50915,-0.385352,-0.926409,-0.581392,-1.609273,-0.818542,-2.521716,-1.050523,-3.554862,-1.22044,-4.518315,-1.254441,-5.31416,-1.108853,-5.884178,-0.812006,-6.167043,-0.359549,-6.147916,0.243678,-5.795803,0.949563,-5.073693,1.675794,-3.937711,2.337034,-2.372531,2.826371,-0.491164,3.110526,1.507229,3.231229,3.281452,3.183367,4.521246,2.963962,5.210951,2.638819,5.541864,2.287568,5.723112,1.916346,5.798149,1.534014,5.764802,1.131887,5.579569,0.720948,5.144176,0.298881,4.444974,-0.096058,3.628843,-0.413557,2.825143,-0.641568,2.050738,-0.809637,1.259228,-0.951728,0.392546,-1.086993,-0.574283,-1.194294,-1.599991,-1.252984,-2.625153,-1.244241,-3.634687,-1.161743,-4.689795,-0.998051,-5.823814,-0.771229,-6.987077,-0.52141,-8.112649,-0.224558,-8.943564,0.201157,-9.242558,0.694986,-8.839866,1.184501,-7.723969,1.525705,-6.031592,1.701439,-3.93385,1.735336,-1.681635,1.72806,0.379208,1.747585,1.969928,1.826119,2.880998,1.833271,2.926357,1.611472,2.248202,1.129042,1.330948,0.485336,0.627592,-0.176154,0.314139,-0.693483,0.339866,-0.993404,0.551063,-1.047399,0.775467,-0.87853,0.888345,-0.584817,0.85187,-0.28106,0.68043,-0.047456,0.438109,0.057118,0.222628,0.001347,0.093454,-0.159109,0.055418,-0.340161,0.0718,-0.470933,0.099166,-0.530376,0.115809,-0.534864,0.104147,-0.499932,0.084129,-0.417618,0.039914,-0.281795,-0.027171,-0.117082,-0.086337,-0.001322,-0.087903,0.026332,-0.045311,-0.018569,0.00329,-0.102442,0.034437,-0.190861,0.057274,-0.256248,0.084952
6,-0.162092,0.618129,-0.197959,0.7214,-0.225866,0.775952,-0.24588,0.809419,-0.267986,0.841758,-0.299968,0.900253,-0.353925,1.002638,-0.442148,1.167664,-0.548579,1.373268,-0.634977,1.572636,-0.665751,1.737928,-0.625654,1.895081,-0.529372,2.071265,-0.405535,2.284348,-0.296389,2.5189,-0.223487,2.733278,-0.183379,2.893222,-0.178033,2.999263,-0.201857,3.037317,-0.243558,2.987725,-0.262894,2.855853,-0.239195,2.646757,-0.169032,2.385308,-0.062358,2.093104,0.046392,1.781968,0.125882,1.458578,0.14963,1.111422,0.091536,0.721703,-0.03901,0.261854,-0.192071,-0.31092,-0.331154,-1.028627,-0.43158,-1.879334,-0.502107,-2.764411,-0.571446,-3.647114,-0.678594,-4.507816,-0.822469,-5.300932,-0.959714,-5.97108,-0.999294,-6.451067,-0.921567,-6.708503,-0.73947,-6.75506,-0.49188,-6.605834,-0.188238,-6.301682,0.162302,-5.786609,0.583603,-5.025655,1.057122,-4.038794,1.574234,-2.867608,2.077991,-1.557642,2.469733,-0.141743,2.705241,1.348241,2.786088,2.804773,2.74004,4.085986,2.607005,5.118799,2.430521,5.869364,2.193021,6.320972,1.87204,6.498445,1.504069,6.389104,1.105832,6.032236,0.732056,5.47099,0.405453,4.76297,0.137001,3.990239,-0.085379,3.23794,-0.281639,2.545153,-0.443029,1.885494,-0.559158,1.228921,-0.63925,0.551966,-0.711992,-0.14472,-0.788295,-0.856606,-0.874655,-1.594977,-0.98496,-2.397675,-1.106208,-3.321257,-1.216992,-4.365582,-1.301258,-5.444148,-1.305091,-6.433694,-1.219893,-7.15763,-1.008423,-7.459635,-0.675193,-7.294844,-0.240728,-6.743391,0.2595,-5.831738,0.824148,-4.568224,1.413212,-3.112892,1.935521,-1.707259,2.310678,-0.499473,2.475668,0.497487,2.438822,1.331868,2.255128,1.938013,1.961387,2.149872,1.569749,1.962996,1.098527,1.51912,0.610864,0.996089,0.161895,0.557217,-0.187669,0.317291,-0.38514,0.283083,-0.426149,0.368742,-0.359615,0.461615,-0.239696,0.498765,-0.104214,0.472855,0.002133,0.408751,0.035753,0.312521,-0.001969,0.183731,-0.079398,0.045575
6,-0.842072,0.308925,-1.037459,0.56011,-1.236013,0.856242,-1.381714,1.170064,-1.451649,1.470057,-1.448412,1.739129,-1.390134,1.970422,-1.289939,2.170852,-1.147822,2.353227,-0.98038,2.568352,-0.81141,2.80189,-0.637497,3.011162,-0.445499,3.166893,-0.232038,3.259273,-0.000517,3.285352,0.218971,3.249018,0.379242,3.127096,0.465631,2.907063,0.491208,2.608154,0.452975,2.255736,0.35365,1.879814,0.211937,1.486403,0.043599,1.065814,-0.123586,0.604401,-0.261,0.109166,-0.353918,-0.407286,-0.384879,-0.935614,-0.358726,-1.514115,-0.293103,-2.208443,-0.182096,-3.070169,-0.06549,-4.062881,0.016734,-5.142384,0.05418,-6.234216,0.045147,-7.231432,0.019765,-7.987801,-0.001949,-8.314277,0.027214,-8.042439,0.188551,-7.128641,0.463876,-5.692837,0.88135,-3.928694,1.41498,-2.048992,1.960359,-0.22915,2.371019,1.505734,2.57148,3.106966,2.588875,4.528615,2.504342,5.725803,2.368597,6.712013,2.221864,7.451258,2.121448,7.91605,2.012913,8.08069,1.8772,7.797054,1.695663,7.009009,1.462483,5.861923,1.098636,4.608,0.581144,3.449053,-0.041512,2.496641,-0.664696,1.747756,-1.170362,1.121239,-1.491578,0.523862,-1.61217,-0.044916,-1.543831,-0.535459,-1.335535,-0.957593,-1.071722,-1.376059,-0.848538,-1.892136,-0.720627,-2.58462,-0.720168,-3.527927,-0.808308,-4.720226,-0.927763,-6.051456,-0.984632,-7.34735,-0.904391,-8.374211,-0.696439,-8.880511,-0.339572,-8.721758,0.169977,-7.869094,0.825848,-6.487045,1.489857,-4.830575,2.010785,-3.045413,2.311095,-1.344825,2.329884,0.043898,2.120604,0.988417,1.752658,1.442441,1.329955,1.412313,0.910464,1.052374,0.537147,0.610328,0.232657,0.294912,0.03117,0.230264,-0.060954,0.374125,-0.093858,0.575803,-0.107407,0.687308,-0.134098,0.668008,-0.179535,0.541303,-0.208961,0.341128,-0.20063,0.146304,-0.18011,0.027559,-0.18486,-0.011605,-0.197053,-0.026827,-0.187206,-0.059647,-0.135144,-0.082146,-0.089532,-0.050529,-0.107681,0.027385,-0.195057,0.122361
6,-0.433633,1.314051,-0.429648,1.748132,-0.408751,2.246215,-0.361151,2.724609,-0.276722,3.167656,-0.182717,3.552741,-0.091271,3.885225,0.019929,4.138803,0.119368,4.295904,0.222456,4.350714,0.32294,4.291258,0.405034,4.150163,0.437283,3.976628,0.420287,3.782731,0.373587,3.547351,0.286589,3.291294,0.160951,3.005987,0.019619,2.686705,-0.120423,2.319427,-0.240646,1.893181,-0.330396,1.40535,-0.387213,0.887634,-0.441983,0.357173,-0.530577,-0.181773,-0.638479,-0.739833,-0.720538,-1.311678,-0.775515,-1.914127,-0.860174,-2.57541,-0.989248,-3.387868,-1.192034,-4.339128,-1.389414,-5.349369,-1.548164,-6.288063,-1.620751,-7.010146,-1.547479,-7.385055,-1.3986,-7.375582,-1.17367,-7.009377,-0.830847,-6.394818,-0.31591,-5.546193,0.385658,-4.53536,1.143058,-3.447717,1.844348,-2.393249,2.342124,-1.41745,2.653541,-0.496487,2.741883,0.424923,2.614917,1.352802,2.344913,2.233649,2.009438,3.037713,1.708936,3.817622,1.530998,4.551936,1.469195,5.186905,1.486406,5.644852,1.51585,5.921902,1.534062,6.044106,1.525778,6.003836,1.480388,5.747241,1.388871,5.257447,1.234565,4.543684,1.048938,3.706896,0.725368,2.871029,0.318013,2.034926,-0.059076,1.276375,-0.346561,0.625384,-0.569916,0.0742,-0.75965,-0.452267,-0.925907,-1.032322,-1.074797,-1.712017,-1.197462,-2.522642,-1.302955,-3.517716,-1.440359,-4.685518,-1.567634,-5.853206,-1.614968,-6.828629,-1.50279,-7.407336,-1.198583,-7.563077,-0.753507,-7.355562,-0.229465,-6.827218,0.352737,-6.047158,0.902833,-5.026476,1.36881,-3.759253,1.746763,-2.400387,2.040579,-1.166993,2.210075,-0.12906,2.235053,0.731982,2.166534,1.396581,2.065424,1.79061,1.95743,1.902256,1.819527,1.814002,1.582237,1.56842,1.203952,1.221199,0.705333,0.844933,0.186096,0.545626,-0.205867,0.37298,-0.401064,0.30823,-0.426088,0.29056,-0.336938,0.282071,-0.210062,0.272661,-0.107404,0.275779,-0.05536,0.283346,-0.064085,0.281261,-0.132423,0.253012,-0.258118,0.182883
6,-0.082869,0.165025,-0.158545,0.195837,-0.250211,0.225485,-0.351416,0.27109,-0.460837,0.353287,-0.583681,0.48917,-0.734532,0.705448,-0.913824,1.007757,-1.113441,1.40688,-1.306391,1.889517,-1.462663,2.427607,-1.546297,2.989224,-1.530923,3.510169,-1.402941,3.911803,-1.171667,4.154473,-0.868497,4.246646,-0.550581,4.241796,-0.262009,4.190451,-0.018655,4.087682,0.176331,3.937027,0.321507,3.736637,0.392028,3.481954,0.38349,3.186577,0.311043,2.851754,0.197002,2.463703,0.05081,2.002672,-0.113722,1.463522,-0.2847,0.824045,-0.45993,0.082405,-0.651673,-0.737189,-0.855736,-1.567157,-1.047988,-2.38499,-1.204198,-3.235887,-1.29871,-4.160649,-1.357871,-5.138421,-1.404823,-6.127614,-1.424996,-7.066783,-1.393594,-7.79705,-1.241098,-8.176459,-0.963246,-8.065579,-0.56675,-7.454839,-0.092495,-6.414846,0.460644,-5.018129,1.097312,-3.449363,1.754351,-1.899545,2.334198,-0.421039,2.66837,0.913055,2.773183,2.068969,2.69467,3.033031,2.499103,3.824316,2.283743,4.48546,2.13053,5.078531,2.049674,5.619949,2.005024,6.060266,1.980332,6.37213,1.880651,6.549178,1.763917,6.476181,1.586492,6.079731,1.360361,5.410235,1.070122,4.5878,0.647756,3.762299,0.163831,2.958835,-0.324505,2.157728,-0.733367,1.373833,-1.063892,0.6262,-1.327911,-0.115137,-1.523128,-0.907956,-1.66727,-1.764378,-1.759324,-2.72055,-1.819335,-3.831067,-1.888191,-5.10221,-1.962577,-6.446777,-2.028608,-7.655996,-2.058932,-8.54789,-1.999545,-8.944338,-1.807763,-8.813738,-1.490373,-8.163186,-1.00468,-7.076491,-0.390865,-5.694243,0.352483,-4.154041,1.158658,-2.612944,1.893735,-1.256203,2.432081,-0.205891,2.703054,0.468438,2.722217,0.764823,2.522188,0.770727,2.16829,0.604917,1.694398,0.413505,1.144835,0.290698,0.577785,0.257409,0.063778,0.283343,-0.292001,0.318355,-0.434083,0.325935,-0.382492,0.309165,-0.199762,0.280472,0.026687,0.245491,0.196521,0.209955,0.238457,0.176842,0.145563,0.135737,-0.039288,0.093495
6,-1.057784,1.179089,-1.001867,1.606263,-0.899154,2.062804,-0.758276,2.536485,-0.586946,3.018527,-0.364739,3.504741,-0.114055,3.921249,0.136853,4.269004,0.347767,4.572514,0.5036,4.825456,0.58046,4.985492,0.579106,5.002445,0.524319,4.870048,0.426262,4.576248,0.306835,4.1462,0.322377,3.660068,0.245425,3.245653,0.115972,2.826538,-0.027002,2.381221,-0.183202,1.8269,-0.29836,1.114403,-0.469397,0.267689,-0.624916,-0.595051,-0.779076,-1.479591,-0.892082,-2.325032,-0.953252,-3.130037,-0.924827,-3.933135,-0.809486,-4.80322,-0.668395,-5.784678,-0.576979,-6.832711,-0.53975,-7.821479,-0.467734,-8.582665,-0.282239,-8.992813,-0.00784,-9.024482,0.355342,-8.686058,0.81306,-7.925523,1.30233,-6.683785,1.749032,-5.012071,2.039542,-3.002394,2.138085,-0.898513,2.062462,0.97917,1.881577,2.429224,1.659423,3.413021,1.425128,3.971037,1.207019,4.271653,1.02623,4.515675,0.882198,4.839141,0.765098,5.286822,0.699899,5.810452,0.721665,6.297364,0.788851,6.621806,0.830106,6.685419,0.82131,6.44245,0.739129,5.88663,0.583842,5.071356,0.359483,4.127159,0.097414,3.208125,-0.172387,2.399906,-0.406604,1.701679,-0.577838,1.075677,-0.680244,0.438521,-0.733633,-0.290729,-0.760458,-1.159581,-0.796797,-2.15428,-0.859298,-3.215605,-0.941087,-4.280036,-1.040644,-5.336327,-1.112118,-6.335036,-1.060419,-7.223496,-0.871032,-7.858172,-0.575948,-8.107205,-0.203073,-7.865474,0.199925,-7.075857,0.58354,-5.798521,0.909142,-4.204206,1.175859,-2.560686,1.41678,-1.193902,1.59959,-0.31889,1.703537,0.03819,1.657436,0.020142,1.421122,-0.182219,1.02682,-0.34354,0.569568,-0.326825,0.157556,-0.108383,-0.12222,0.229327,-0.201592,0.55412,-0.076935,0.753074,0.174368,0.789485,0.415508,0.689095,0.520477,0.507473,0.444458,0.313391,0.203858,0.161239,-0.106388,0.093558,-0.368228,0.108451,-0.494184,0.167492,-0.460257,0.223083,-0.307837,0.257151,-0.119056,0.267859,0.039244,0.240744,0.131883,0.17518
6,-0.444077,1.13089,-0.446592,1.405417,-0.416573,1.693824,-0.363491,1.99728,-0.305305,2.349133,-0.244764,2.766324,-0.176527,3.231975,-0.087917,3.693906,0.008861,4.107764,0.095613,4.455077,0.171112,4.728443,0.23351,4.933833,0.285667,5.053058,0.293454,5.04866,0.285333,4.911098,0.247226,4.659431,0.186277,4.324256,0.111375,3.943889,0.041465,3.548586,-0.013226,3.138507,-0.052858,2.701191,-0.087086,2.219331,-0.123467,1.683754,-0.166746,1.046728,-0.214075,0.224139,-0.247802,-0.810221,-0.254406,-2.022718,-0.211414,-3.324862,-0.165759,-4.624081,-0.174949,-5.822867,-0.247251,-6.854966,-0.365324,-7.732197,-0.499848,-8.348089,-0.534393,-8.605498,-0.425365,-8.42994,-0.14592,-7.824561,0.329324,-6.900415,0.945702,-5.821036,1.593133,-4.703783,2.196521,-3.581723,2.676911,-2.418188,2.954291,-1.196283,2.947956,0.050795,2.656596,1.283687,2.165625,2.44243,1.618743,3.467121,1.136786,4.357153,0.793586,5.142192,0.621179,5.777823,0.598267,6.208897,0.6862,6.441061,0.808835,6.509391,0.939421,6.460687,1.004438,6.263092,1.021278,5.908612,0.977383,5.367249,0.854766,4.643905,0.647486,3.801444,0.359562,2.93752,0.031828,2.128623,-0.275909,1.389453,-0.515214,0.702688,-0.672013,0.040848,-0.755926,-0.621577,-0.766802,-1.28944,-0.725579,-1.97551,-0.667206,-2.6953,-0.661919,-3.48,-0.743383,-4.321331,-0.92682,-5.210702,-1.18421,-6.113328,-1.460794,-6.980399,-1.669581,-7.628084,-1.673568,-7.844321,-1.378921,-7.64472,-0.776464,-7.112257,0.05082,-6.315517,0.937555,-5.34368,1.707351,-4.274436,2.259459,-3.129937,2.54574,-1.970066,2.578423,-0.867464,2.42335,0.102425,2.191151,0.857631,1.973383,1.300331,1.747186,1.417265,1.51618,1.256892,1.237611,0.919336,0.920407,0.549659,0.591322,0.257589,0.275362,0.091767,-0.002543,0.031196,-0.219078,0.037968,-0.346067,0.066808,-0.374348,0.091499,-0.307323,0.110459,-0.182831,0.127932,-0.055907,0.143833,0.023389,0.152128,0.034602,0.147109
6,-0.456182,2.140435,-0.226204,2.373404,-0.045441,2.605805,0.082701,2.827994,0.161857,3.029953,0.20735,3.213151,0.231912,3.361492,0.247774,3.469264,0.270036,3.530997,0.312861,3.543104,0.363934,3.506636,0.409468,3.429562,0.42624,3.300342,0.426146,3.121271,0.382283,2.899587,0.308862,2.643776,0.21775,2.366529,0.117307,2.059517,0.015067,1.720317,-0.076156,1.341337,-0.15418,0.912932,-0.220501,0.42595,-0.28812,-0.111921,-0.361601,-0.714851,-0.43712,-1.38135,-0.494117,-2.122144,-0.550657,-2.904352,-0.623224,-3.697325,-0.688027,-4.464908,-0.710893,-5.162862,-0.710513,-5.769247,-0.654236,-6.259294,-0.502606,-6.543432,-0.232674,-6.551177,0.097048,-6.291601,0.443835,-5.788023,0.784364,-5.034708,1.126191,-4.0555,1.481184,-2.916095,1.81903,-1.702814,2.117052,-0.477402,2.325641,0.714185,2.413534,1.823588,2.383543,2.77675,2.245567,3.504193,2.026818,4.057994,1.772745,4.513628,1.5237,4.88915,1.292755,5.132774,1.086468,5.210914,0.887099,5.096568,0.733668,4.828595,0.614978,4.47655,0.515892,4.135801,0.454576,3.84248,0.441735,3.574188,0.445567,3.269668,0.442321,2.889318,0.398757,2.444756,0.305339,1.977238,0.179119,1.51604,0.025659,1.043101,-0.150926,0.531061,-0.353598,-0.037807,-0.566158,-0.695162,-0.74967,-1.410865,-0.859728,-2.149174,-0.886301,-2.914108,-0.866259,-3.715629,-0.843967,-4.53744,-0.893247,-5.364866,-1.022586,-6.146091,-1.207231,-6.764463,-1.381287,-7.105588,-1.425161,-7.128442,-1.25741,-6.796212,-0.883157,-6.133818,-0.320528,-5.246525,0.402079,-4.280075,1.214833,-3.344008,1.975992,-2.491626,2.534037,-1.753026,2.807833,-1.122606,2.806325,-0.548685,2.61243,-0.03203,2.300211,0.319347,1.928046,0.436209,1.510205,0.339433,1.063399,0.138442,0.611724,-0.05499,0.188339,-0.164227,-0.107492,-0.160889,-0.232361,-0.066787,-0.206179,0.049714,-0.090941,0.121954,0.029356,0.146141,0.097108,0.15889,0.087142,0.170147,0.02303,0.17615,-0.070246,0.172178
6,-1.846509,0.905485,-1.726758,1.397285,-1.568038,1.906735,-1.369998,2.407188,-1.13967,2.880172,-0.905496,3.290659,-0.64636,3.65989,-0.370976,3.968659,-0.104494,4.212456,0.138417,4.386265,0.349986,4.498185,0.523145,4.540949,0.652171,4.505433,0.727815,4.383076,0.767627,4.16621,0.756804,3.845177,0.724043,3.416508,0.649986,2.91898,0.527152,2.382878,0.378692,1.80175,0.223312,1.169969,0.074719,0.488311,-0.072956,-0.215254,-0.219001,-0.882674,-0.355907,-1.497243,-0.475061,-2.091573,-0.558259,-2.679122,-0.579512,-3.297756,-0.562734,-3.97894,-0.540643,-4.679561,-0.550497,-5.323483,-0.601435,-5.831097,-0.658198,-6.15151,-0.633721,-6.248076,-0.48828,-6.110696,-0.220793,-5.752519,0.145904,-5.217697,0.567698,-4.507933,1.018773,-3.64956,1.486754,-2.676625,1.909766,-1.646233,2.235692,-0.629662,2.404093,0.339512,2.392335,1.277678,2.23483,2.200635,2.012899,3.052192,1.799353,3.777274,1.637545,4.360818,1.525121,4.803223,1.425486,5.115385,1.333764,5.346037,1.232945,5.52569,1.062291,5.647445,0.887589,5.64186,0.725813,5.481818,0.586231,5.124869,0.46003,4.578991,0.341924,3.926038,0.244938,3.253886,0.150706,2.631912,0.061756,2.077771,-0.0215,1.582884,-0.089282,1.136419,-0.1406,0.71192,-0.187238,0.26047,-0.245433,-0.260635,-0.32484,-0.891447,-0.431331,-1.63474,-0.56711,-2.473058,-0.74643,-3.393895,-0.960851,-4.376461,-1.209022,-5.359391,-1.485749,-6.207101,-1.744738,-6.820037,-1.891127,-7.150028,-1.830077,-7.132768,-1.523794,-6.755214,-0.986454,-6.075154,-0.260319,-5.148045,0.579639,-4.04567,1.458171,-2.883749,2.253224,-1.80446,2.855267,-0.89157,3.167922,-0.187708,3.16623,0.312276,2.873146,0.58643,2.403442,0.615643,1.851713,0.450749,1.274632,0.180914,0.698274,-0.090713,0.17715,-0.289464,-0.19765,-0.36625,-0.399664,-0.35739,-0.434941,-0.29411,-0.342565,-0.19601,-0.165171,-0.083608,0.021864,0.032765,0.155982,0.148849,0.195208,0.248681,0.135838,0.300075
6,-1.802975,1.724106,-1.620038,2.19551,-1.402223,2.769201,-1.166843,3.415158,-0.926066,4.060105,-0.657652,4.646379,-0.359006,5.125222,-0.046268,5.514754,0.262939,5.742073,0.547273,5.810044,0.795007,5.72835,0.996523,5.493813,1.127094,5.135988,1.185706,4.667397,1.158697,4.12151,1.051142,3.557811,0.849483,2.995307,0.592786,2.429543,0.289985,1.851843,-0.012461,1.240808,-0.27243,0.600613,-0.474212,-0.048201,-0.62441,-0.707142,-0.704988,-1.400144,-0.688276,-2.149907,-0.607987,-2.947982,-0.527518,-3.760558,-0.489169,-4.570436,-0.484939,-5.355382,-0.50493,-6.041687,-0.53938,-6.502215,-0.516989,-6.683654,-0.432879,-6.622042,-0.290052,-6.370232,-0.085323,-6.013371,0.128112,-5.51647,0.361253,-4.782412,0.585127,-3.884552,0.828048,-2.89904,1.114269,-1.872015,1.447229,-0.85822,1.759695,0.175561,1.995184,1.266591,2.121642,2.319676,2.129917,3.24152,2.047501,4.019923,1.946516,4.661175,1.871272,5.150619,1.835884,5.443625,1.777416,5.529328,1.658095,5.462998,1.460008,5.288369,1.231919,5.063336,1.005528,4.792754,0.843313,4.422272,0.71792,3.878401,0.633639,3.242013,0.503809,2.581213,0.318877,1.924005,0.086746,1.282802,-0.164936,0.632803,-0.408689,-0.045077,-0.599875,-0.753153,-0.727004,-1.479306,-0.824744,-2.228138,-0.899788,-3.008144,-0.980897,-3.848294,-1.045681,-4.725596,-1.099954,-5.597172,-1.104135,-6.401308,-1.009933,-7.00093,-0.745821,-7.273735,-0.326045,-7.166324,0.166393,-6.686649,0.634154,-5.845663,1.050071,-4.675024,1.454681,-3.298842,1.851807,-1.976942,2.237972,-0.912662,2.548896,-0.18317,2.712917,0.226274,2.674888,0.381699,2.414723,0.352595,1.966858,0.220815,1.377246,0.065402,0.74786,-0.063712,0.139555,-0.168451,-0.30158,-0.24736,-0.544888,-0.288835,-0.573269,-0.2721,-0.430381,-0.18672,-0.205439,-0.028896,0.022816,0.170294,0.187659,0.346381,0.252461,0.433647,0.209246,0.398631,0.078542,0.258015,-0.102384,0.061362,-0.299737,-0.119836,-0.448742,-0.235779
6,-1.646833,0.042954,-1.556884,0.425638,-1.423896,0.891888,-1.286288,1.429179,-1.146093,2.030423,-1.007462,2.668868,-0.848681,3.29704,-0.675488,3.870041,-0.494085,4.336669,-0.288328,4.688613,-0.057838,4.911798,0.181949,5.010139,0.39794,5.004825,0.558643,4.901731,0.664085,4.698598,0.672939,4.412603,0.608412,4.056469,0.455418,3.643181,0.255646,3.183015,0.026179,2.679814,-0.212911,2.128564,-0.454932,1.538291,-0.681518,0.933991,-0.873765,0.364482,-1.031839,-0.151366,-1.159598,-0.64666,-1.243878,-1.207191,-1.287612,-1.924456,-1.296244,-2.888028,-1.297571,-4.075417,-1.295076,-5.34333,-1.333671,-6.509548,-1.431309,-7.377058,-1.490129,-7.838116,-1.440765,-7.788972,-1.246783,-7.237385,-0.941663,-6.355844,-0.495293,-5.285402,0.165364,-4.0999,1.005598,-2.902664,1.877247,-1.77485,2.637676,-0.771695,3.161128,0.055844,3.352829,0.706343,3.195484,1.284431,2.733479,1.884608,2.099951,2.553016,1.439218,3.283944,0.886649,4.042899,0.553861,4.744947,0.497529,5.33558,0.673506,5.785666,0.993024,6.061679,1.3541,6.166008,1.668267,6.066397,1.841173,5.73439,1.803082,5.208232,1.568183,4.523956,1.15097,3.764574,0.635234,2.967519,0.113994,2.164995,-0.329462,1.367592,-0.655447,0.574885,-0.83483,-0.219783,-0.904989,-1.020916,-0.882264,-1.875085,-0.801672,-2.821595,-0.750718,-3.851972,-0.80024,-4.93899,-0.959643,-6.006873,-1.167004,-6.94019,-1.284786,-7.593111,-1.18105,-7.815579,-0.782866,-7.621011,-0.114363,-7.064669,0.692879,-6.179838,1.509664,-5.054916,2.266649,-3.854812,2.859104,-2.703746,3.185895,-1.70864,3.211469,-0.845773,2.958832,-0.108181,2.531965,0.398776,2.016087,0.582062,1.488236,0.483422,1.013523,0.234504,0.624678,-0.072611,0.312124,-0.344532,0.066146,-0.495849,-0.110907,-0.504211,-0.195356,-0.375393,-0.187746,-0.152126,-0.115717,0.111098,-0.023988,0.320119,0.056778,0.419368,0.125924,0.409758,0.150854,0.339039,0.099023,0.257004,-0.00476,0.164501,-0.110344,0.055354
6,-0.207565,-0.048652,-0.340613,-0.100129,-0.491294,-0.118375,-0.641086,-0.091939,-0.774751,-0.021681,-0.896273,0.104826,-1.023974,0.309061,-1.173352,0.624801,-1.346962,1.072168,-1.51255,1.631931,-1.612676,2.225603,-1.607702,2.798619,-1.493008,3.313618,-1.299181,3.790166,-1.066847,4.265333,-0.830989,4.761843,-0.590162,5.25667,-0.334749,5.679508,-0.071911,5.968511,0.180119,6.085008,0.373609,6.005843,0.473056,5.722191,0.481698,5.242321,0.37002,4.568527,0.168642,3.726932,-0.106032,2.676497,-0.395471,1.486626,-0.679361,0.244433,-0.931692,-0.976558,-1.143752,-2.150584,-1.300664,-3.318039,-1.375986,-4.533786,-1.367,-5.795189,-1.29604,-7.004849,-1.180461,-8.029396,-1.036569,-8.766533,-0.827705,-9.124887,-0.545682,-9.019982,-0.171346,-8.319042,0.29573,-7.065426,0.826219,-5.423733,1.433119,-3.52767,2.0646,-1.57737,2.646063,0.229605,3.114339,1.784114,3.38088,3.004665,3.43269,3.922056,3.237553,4.596474,2.848333,5.051697,2.305498,5.328014,1.676117,5.509058,1.026744,5.689688,0.46293,5.890699,0.072234,6.045968,-0.101062,6.08742,-0.051951,5.959478,0.120808,5.670919,0.355399,5.262336,0.573196,4.692369,0.71357,4.02036,0.732837,3.280177,0.562539,2.508312,0.264652,1.698541,-0.117889,0.859105,-0.488511,-0.003902,-0.76476,-0.904026,-0.935984,-1.839471,-1.028053,-2.797789,-1.09309,-3.798672,-1.16986,-4.830038,-1.266057,-5.889622,-1.384677,-6.926815,-1.491062,-7.8276,-1.472089,-8.508313,-1.233363,-8.791697,-0.774501,-8.503922,-0.108003,-7.716298,0.692842,-6.507812,1.515601,-4.984639,2.264696,-3.390777,2.817864,-1.919665,3.143137,-0.652316,3.220254,0.356632,3.053064,1.113599,2.669394,1.673279,2.14898,2.00703,1.574704,2.025309,0.980133,1.752053,0.422484,1.305736,-0.045335,0.821347,-0.355651,0.410257,-0.473718,0.167452,-0.450608,0.091386,-0.334342,0.124227,-0.189702,0.206546,-0.079357,0.298522,-0.054979,0.387163,-0.10197,0.45285,-0.198406,0.463626,-0.315737,0.392509
6,0.006648,-0.034893,0.012525,-0.064414,0.013888,-0.129358,-0.003634,-0.233646,-0.06559,-0.300672,-0.180682,-0.222409,-0.319105,0.037119,-0.447662,0.400119,-0.650742,0.865123,-0.935933,1.423048,-1.242407,2.04933,-1.521819,2.700107,-1.757776,3.295367,-1.972769,3.792488,-2.18026,4.182775,-2.367003,4.480065,-2.550922,4.651368,-2.727445,4.61032,-2.958432,4.340489,-3.151338,3.745217,-3.401151,3.331295,-3.634162,3.287627,-3.745781,3.319075,-3.590188,3.236,-2.745091,3.336085,-1.316608,4.03679,0.178114,5.105154,1.474359,6.296632,2.67889,7.376936,3.628743,8.09463,4.43189,8.406948,5.229143,8.316786,6.164127,7.671505,7.081766,6.211563,7.38817,4.110061,6.625525,1.5308,4.320415,-0.546683,0.79702,-1.444887,-3.066191,-1.541088,-6.312677,-1.907727,-8.293226,-3.21242,-8.971512,-5.246546,-8.713254,-7.54731,-7.614665,-10.020525,-5.330973,-12.478252,-2.942457,-13.86825,-1.210492,-13.827598,-0.000773,-11.944397,1.628925,-8.215206,3.936589,-3.310365,6.040481,1.772978,7.473169,5.80052,8.476564,8.010974,9.49159,8.519034,10.31189,7.940678,10.536139,6.569429,9.779163,4.768228,7.858082,2.993761,5.160376,1.586125,2.387651,0.50317,0.172622,-0.430477,-1.252262,-1.323967,-1.972186,-2.07475,-2.233495,-2.570025,-2.288311,-2.774386,-2.287052,-2.702128,-2.265187,-2.385312,-2.219666,-1.920038,-2.145645,-1.450788,-2.028813,-1.100962,-1.872341,-0.917424,-1.689837,-0.869985,-1.504793,-0.903791,-1.354449,-0.953464,-1.260922,-0.963249,-1.187519,-0.920567,-1.103052,-0.829565,-1.029418,-0.679448,-0.997086,-0.508717,-1.004376,-0.363555,-1.02721,-0.259719,-1.023349,-0.180692,-0.961903,-0.121697,-0.852253,-0.083209,-0.736681,-0.058963,-0.641418,-0.033561,-0.588652,-0.001772,-0.573122,0.032674,-0.562468,0.034205,-0.535459,-0.005196,-0.490455,-0.058822,-0.438853,-0.108123,-0.388902,-0.131807,-0.349252,-0.127526,-0.316972,-0.106994,-0.30496,-0.087357,-0.318528,-0.069838,-0.342799,-0.057834,-0.363939,-0.066123,-0.388161,-0.101123
6,-0.363512,2.215287,-0.174097,2.563264,-0.093286,2.882935,-0.090942,3.157571,-0.141722,3.354141,-0.217462,3.476114,-0.298579,3.540123,-0.364607,3.543753,-0.395057,3.48352,-0.383394,3.386178,-0.334954,3.269452,-0.275759,3.132812,-0.22814,2.992893,-0.202705,2.8486,-0.207299,2.714794,-0.23498,2.600422,-0.267965,2.492335,-0.286985,2.372564,-0.287012,2.22192,-0.254171,2.029851,-0.190573,1.774947,-0.114619,1.439441,-0.040835,0.996238,0.016978,0.4175,0.032151,-0.300905,0.019417,-1.153029,-0.012813,-2.150422,-0.078876,-3.256518,-0.2039,-4.382138,-0.350179,-5.409314,-0.460135,-6.227681,-0.428994,-6.77612,-0.264216,-6.981336,0.043914,-6.724272,0.458201,-5.992365,0.979198,-4.96388,1.562239,-3.79128,2.130645,-2.594575,2.555308,-1.428902,2.689928,-0.324697,2.487763,0.67552,2.018008,1.547258,1.427234,2.302377,0.883102,2.922624,0.498348,3.380137,0.283138,3.79232,0.207029,4.253679,0.248258,4.768567,0.381349,5.221896,0.549343,5.521938,0.705915,5.616239,0.808234,5.483565,0.846271,5.069576,0.81215,4.404635,0.712183,3.606112,0.548952,2.799384,0.359165,2.029662,0.147307,1.290584,-0.070511,0.563919,-0.28085,-0.161841,-0.478053,-0.84761,-0.645925,-1.475693,-0.761581,-2.049927,-0.841305,-2.616643,-0.932308,-3.178983,-1.080716,-3.707813,-1.283625,-4.157403,-1.492803,-4.509662,-1.634762,-4.825911,-1.633371,-5.146843,-1.411667,-5.396097,-0.965056,-5.432105,-0.303269,-5.178818,0.532451,-4.696616,1.462161,-4.092818,2.351609,-3.409461,3.090922,-2.623996,3.590308,-1.768869,3.786819,-0.942688,3.684665,-0.238717,3.343218,0.283776,2.896655,0.5646,2.48184,0.53414,2.124232,0.218149,1.773426,-0.2564,1.380231,-0.746565,0.978327,-1.098049,0.63585,-1.195254,0.391093,-1.027721,0.264063,-0.700546,0.232527,-0.341761,0.269534,-0.023618,0.319775,0.197396,0.350314,0.305166,0.324146,0.329323,0.226246,0.303611,0.064116,0.247055,-0.114235,0.187482,-0.268949,0.152354,-0.387343,0.140562
6,0.041083,0.0632,0.058047,0.044046,0.064676,-0.002747,0.055187,-0.066528,0.034959,-0.143654,0.007706,-0.237976,-0.016834,-0.353441,-0.040142,-0.496047,-0.044482,-0.691682,-0.022952,-0.971257,0.033562,-1.392213,0.132666,-1.975421,0.260299,-2.690845,0.400707,-3.446804,0.545406,-4.096433,0.699077,-4.574404,0.839013,-4.899236,0.972309,-5.098281,1.085881,-5.19252,1.162338,-5.117703,1.169837,-4.76296,1.128706,-4.033234,1.097148,-2.962406,1.148017,-1.729759,1.322649,-0.575034,1.58782,0.328937,1.859273,1.032312,2.042339,1.632878,2.072177,2.130964,1.935468,2.500375,1.61964,2.80393,1.155379,3.139284,0.616486,3.556654,0.08102,4.039103,-0.375861,4.532116,-0.676571,4.98332,-0.747133,5.310756,-0.579071,5.412328,-0.26968,5.320696,0.042339,5.101129,0.274837,4.795232,0.378048,4.454294,0.35849,4.078316,0.252258,3.647912,0.10511,3.132927,-0.068015,2.583821,-0.237805,2.068303,-0.362135,1.620706,-0.419896,1.230789,-0.414023,0.854052,-0.353484,0.4417,-0.262807,-0.0354,-0.17519,-0.572575,-0.103169,-1.18414,-0.07974,-1.854638,-0.139678,-2.543867,-0.298593,-3.237183,-0.524053,-3.913336,-0.747633,-4.503637,-0.891049,-4.987759,-0.934417,-5.366762,-0.911082,-5.64939,-0.837518,-5.86916,-0.720494,-5.991126,-0.566474,-5.921146,-0.370799,-5.623654,-0.129433,-5.169447,0.176346,-4.616717,0.546547,-3.985106,0.976949,-3.27946,1.427115,-2.534209,1.816203,-1.79829,2.065996,-1.116514,2.139023,-0.518126,2.027467,0.012694,1.777537,0.515182,1.509626,0.952691,1.314088,1.213384,1.21879,1.23551,1.182572,1.060162,1.13715,0.775777,1.037199,0.485196,0.862797,0.281053,0.621195,0.230806,0.369711,0.334103,0.167636,0.514756,0.070137,0.655758,0.059393,0.697793,0.109318,0.657772,0.171569,0.566298,0.211428,0.468524,0.198976,0.390658,0.131475,0.314043,0.018994,0.225119,-0.112892,0.13406,-0.245783,0.057498,-0.349708,0.012204,-0.401759,0.000767,-0.368108,0.034043,-0.254355,0.091558
6,0.029689,0.336089,0.013908,0.378113,0.007467,0.415019,0.01252,0.439599,0.035105,0.431163,0.063439,0.345846,0.078007,0.144379,0.066734,-0.150868,0.027331,-0.486574,-0.039344,-0.842102,-0.134291,-1.247772,-0.271507,-1.749196,-0.492135,-2.304142,-0.794797,-2.797416,-1.130898,-3.099429,-1.421361,-3.163503,-1.587193,-3.027709,-1.568922,-2.747247,-1.396913,-2.384246,-1.083823,-1.990828,-0.691546,-1.534538,-0.209577,-1.000815,0.223526,-0.542531,0.628706,-0.168431,0.919418,0.069504,1.135214,0.213552,1.330215,0.376552,1.586847,0.702328,1.979511,1.260369,2.504226,1.94177,3.013345,2.569246,3.331898,3.091239,3.399752,3.57603,3.221452,4.065871,2.846976,4.539167,2.382375,4.901794,1.91871,5.060888,1.527337,4.930316,1.221804,4.445622,0.957811,3.692326,0.706261,2.857244,0.4449,2.050834,0.14459,1.281888,-0.217716,0.607844,-0.598413,0.03924,-0.963144,-0.459211,-1.289016,-0.907659,-1.563382,-1.325271,-1.771969,-1.813272,-1.904693,-2.479303,-1.98797,-3.355727,-2.060617,-4.310375,-2.128189,-5.087638,-2.175784,-5.498248,-2.122904,-5.464066,-1.89743,-5.068753,-1.368033,-4.629705,-0.719801,-4.081647,0.256863,-3.313114,1.301313,-2.476729,2.250015,-1.539755,2.917537,-0.588899,3.147894,0.302554,2.935075,1.089253,2.40374,1.682689,1.723015,1.93452,1.030694,1.810467,0.396507,1.420838,-0.121689,0.9068,-0.516076,0.413997,-0.768138,0.07779,-0.881075,-0.0277,-0.862357,0.046473,-0.706652,0.205244,-0.42849,0.354926,-0.089926,0.459451,0.212224,0.527732,0.386337,0.576217,0.421072,0.57135,0.331526,0.408581,0.147033,0.093809,-0.100163,-0.240411,-0.360652,-0.465694,-0.592366,-0.523207,-0.772049,-0.43219,-0.889752,-0.256208,-0.936834,-0.077801,-0.903438,0.056936,-0.786895,0.149687,-0.616799,0.215501,-0.430987,0.275875,-0.256764,0.344478,-0.110687,0.360299,-0.031591,0.256175,-0.030454,0.074398,-0.093764,-0.095705,-0.198421,-0.198468,-0.312437,-0.228168,-0.405079,-0.205372,-0.459134,-0.163356
6,0.105645,0.211681,0.109682,0.242454,0.109738,0.260388,0.110045,0.259201,0.110848,0.232404,0.118298,0.18749,0.132244,0.114782,0.144727,0.003536,0.160401,-0.187558,0.16143,-0.433001,0.151451,-0.730506,0.136703,-1.088335,0.131685,-1.571369,0.122303,-2.230608,0.076685,-3.019061,-0.005014,-3.816546,-0.075552,-4.512204,-0.058914,-5.014033,0.06083,-5.276534,0.231013,-5.264122,0.451951,-4.993547,0.733975,-4.561114,1.062963,-4.044475,1.387608,-3.456013,1.650277,-2.743233,1.823787,-1.808227,1.923315,-0.641913,1.952836,0.625094,1.913448,1.823017,1.794279,2.880217,1.594029,3.826114,1.359942,4.679183,1.130847,5.386822,0.933649,5.914405,0.772204,6.205846,0.64123,6.197063,0.585455,5.860023,0.596,5.200198,0.610933,4.269387,0.59108,3.163424,0.517211,2.025284,0.356127,0.933985,0.111092,-0.070618,-0.181361,-0.973018,-0.453717,-1.785759,-0.665856,-2.535846,-0.837134,-3.260006,-0.986333,-3.981888,-1.08919,-4.65725,-1.14215,-5.231966,-1.190469,-5.634869,-1.248096,-5.80792,-1.286945,-5.710413,-1.251875,-5.351202,-1.086366,-4.806273,-0.777194,-4.142433,-0.33455,-3.349243,0.168076,-2.461539,0.681318,-1.600842,1.179002,-0.90935,1.660605,-0.439316,2.139052,-0.108487,2.627314,0.153044,3.09645,0.363318,3.513843,0.510062,3.845971,0.559514,4.045908,0.505159,4.086948,0.392623,3.957726,0.275372,3.657012,0.192187,3.19972,0.155196,2.627564,0.148012,1.987527,0.156278,1.317461,0.197414,0.663361,0.264975,0.095785,0.305036,-0.34745,0.278375,-0.659849,0.196782,-0.863025,0.111882,-0.956652,0.088502,-0.968162,0.139394,-0.929661,0.236505,-0.867045,0.33129,-0.79652,0.392887,-0.7216,0.420984,-0.648525,0.413458,-0.587466,0.377995,-0.544524,0.323111,-0.519083,0.273905,-0.500261,0.251865,-0.475233,0.257568,-0.432452,0.270944,-0.376279,0.280635,-0.313234,0.284487,-0.262359,0.268967,-0.226645,0.235165,-0.195706,0.191819,-0.169377,0.16296,-0.152379,0.15466,-0.133375,0.167233
6,0.065522,0.030222,0.09008,0.032199,0.091507,0.042512,0.072944,0.065048,0.04402,0.094621,0.01701,0.109695,-0.00912,0.110349,-0.02788,0.100504,-0.039406,0.088931,-0.050254,0.084839,-0.054587,0.090121,-0.057825,0.104969,-0.059333,0.127124,-0.064595,0.156698,-0.08109,0.199684,-0.113859,0.258251,-0.159749,0.321883,-0.214856,0.378772,-0.276076,0.42284,-0.326516,0.441636,-0.368985,0.437819,-0.396046,0.41602,-0.415263,0.384868,-0.419632,0.341678,-0.397136,0.277046,-0.345127,0.181981,-0.266686,0.055715,-0.169576,-0.09674,-0.081454,-0.281903,-0.028528,-0.641111,-0.022447,-1.076239,-0.054507,-1.875496,-0.068199,-2.630199,-0.030893,-3.394738,0.06563,-4.076721,0.181435,-4.619368,0.302637,-4.932392,0.428735,-4.990576,0.562113,-4.83849,0.702183,-4.540443,0.865958,-4.107213,1.062782,-3.52974,1.269792,-2.803419,1.462084,-1.956915,1.632808,-0.9715,1.743716,0.170318,1.77068,1.428357,1.696618,2.697348,1.556949,3.851644,1.384681,4.766967,1.226702,5.406232,1.096881,5.812533,1.005307,6.000115,0.935592,5.925151,0.85296,5.520732,0.747733,4.778167,0.604597,3.770742,0.40715,2.583478,0.159482,1.306792,-0.13621,0.071482,-0.445698,-0.994776,-0.73137,-1.849903,-0.987591,-2.536709,-1.215683,-3.194791,-1.389482,-3.905557,-1.498277,-4.684345,-1.495075,-5.417104,-1.36799,-5.97729,-1.155233,-6.245469,-0.902666,-6.116033,-0.56606,-5.570528,-0.099481,-4.707376,0.475526,-3.691266,1.070767,-2.703731,1.614855,-1.835849,2.087915,-1.087217,2.472053,-0.407374,2.784254,0.180129,3.029363,0.641659,3.191486,0.996386,3.255954,1.244899,3.226833,1.382002,3.098562,1.382315,2.878024,1.235807,2.57063,0.95989,2.206083,0.602096,1.80724,0.239576,1.389391,-0.056799,0.977449,-0.24607,0.581268,-0.325296,0.233761,-0.317598,-0.03856,-0.25866,-0.233223,-0.194247,-0.355684,-0.133614,-0.413881,-0.062153,-0.410849,0.018916,-0.34919,0.079353,-0.252744,0.10629,-0.152959,0.104853,-0.086705,0.102201
6,-0.034439,0.061475,-0.035493,0.046434,-0.043143,0.034082,-0.056325,0.024474,-0.066695,0.006511,-0.06934,-0.014069,-0.064153,-0.038315,-0.056368,-0.054811,-0.064231,-0.075772,-0.089025,-0.122803,-0.106486,-0.21631,-0.090126,-0.374302,-0.033219,-0.61316,0.053872,-0.901382,0.165888,-1.2498,0.313085,-1.659478,0.473979,-2.143986,0.63804,-2.719648,0.805487,-3.353581,0.948196,-3.9762,1.034424,-4.429198,1.076464,-4.599434,1.143409,-4.49603,1.272142,-4.155337,1.448617,-3.590175,1.632053,-2.85115,1.771693,-1.985312,1.812927,-0.998882,1.725561,0.103624,1.537587,1.235448,1.288401,2.270953,1.050912,3.124951,0.887816,3.743834,0.816811,4.12559,0.810882,4.315139,0.818378,4.35513,0.818056,4.22987,0.80769,3.921895,0.761058,3.440587,0.670089,2.838168,0.536938,2.179112,0.376276,1.544833,0.210532,0.992235,0.047255,0.543732,-0.111023,0.178703,-0.252548,-0.144775,-0.33434,-0.472174,-0.3318,-0.861642,-0.247227,-1.347829,-0.126918,-1.92036,-0.00586,-2.495409,0.112647,-3.022909,0.22063,-3.476619,0.309097,-3.859617,0.366716,-4.170636,0.385959,-4.348414,0.388853,-4.322572,0.407257,-4.033148,0.460345,-3.495146,0.541078,-2.812021,0.653827,-2.119514,0.804136,-1.50123,0.956618,-0.991794,1.077274,-0.563987,1.180493,-0.201268,1.301034,0.085853,1.456773,0.290078,1.64753,0.393082,1.887899,0.386815,2.183885,0.273879,2.519365,0.068865,2.847043,-0.192522,3.090162,-0.434814,3.196321,-0.565777,3.125722,-0.527136,2.893414,-0.355895,2.534926,-0.140448,2.074063,0.054462,1.546943,0.203409,1.009929,0.29138,0.491506,0.311535,0.014209,0.286068,-0.392245,0.237023,-0.688596,0.18047,-0.869278,0.136397,-0.942017,0.121711,-0.923777,0.126,-0.833926,0.137105,-0.686893,0.14642,-0.517514,0.142997,-0.369753,0.13397,-0.274685,0.131661,-0.247155,0.142092,-0.263284,0.146955,-0.283175,0.135969,-0.285758,0.117128,-0.280093,0.105768,-0.270575,0.109191,-0.238826,0.117296,-0.181405,0.116275
6,-0.007303,0.228047,-0.001433,0.192219,-0.013126,0.147344,-0.03722,0.106751,-0.062318,0.076773,-0.08884,0.062702,-0.110583,0.067231,-0.128356,0.075329,-0.140324,0.090341,-0.150647,0.110812,-0.16446,0.134147,-0.173501,0.151468,-0.17117,0.149562,-0.166851,0.125455,-0.163791,0.091733,-0.160433,0.053836,-0.158807,0.00936,-0.160353,-0.050343,-0.162479,-0.133363,-0.176695,-0.252063,-0.209249,-0.458796,-0.247639,-0.876812,-0.277244,-1.295326,-0.267282,-1.770687,-0.243334,-2.315484,-0.162568,-2.93672,-0.029766,-3.578175,0.145781,-4.165103,0.333199,-4.523921,0.52848,-4.528232,0.782581,-4.195735,1.097813,-3.602515,1.457741,-2.830149,1.826388,-1.940103,2.139171,-0.976472,2.3261,0.045108,2.350569,1.09965,2.235016,2.094497,2.012194,2.961058,1.747478,3.659212,1.494101,4.144527,1.28261,4.424214,1.11139,4.569696,0.958313,4.606702,0.803937,4.514925,0.642526,4.25703,0.479252,3.821759,0.308298,3.210266,0.116672,2.451278,-0.104734,1.638624,-0.362315,0.837839,-0.611462,0.131592,-0.804113,-0.450708,-0.914457,-0.935072,-0.942685,-1.359129,-0.892492,-1.787696,-0.779008,-2.260414,-0.644599,-2.772867,-0.506806,-3.34128,-0.351141,-3.917896,-0.175205,-4.414943,-0.006615,-4.733574,0.129855,-4.797985,0.210736,-4.596686,0.256666,-4.174923,0.315169,-3.591951,0.408922,-2.903003,0.511542,-2.136351,0.588692,-1.325672,0.636027,-0.572497,0.685942,0.01493,0.776197,0.406323,0.891641,0.638784,1.031438,0.7617,1.222736,0.77746,1.469965,0.656324,1.770991,0.413051,2.132929,0.128419,2.5008,-0.11001,2.79679,-0.258743,2.964224,-0.313452,2.992033,-0.292964,2.894247,-0.231736,2.679436,-0.160863,2.373644,-0.087209,2.017424,-0.024371,1.637449,0.036823,1.23766,0.110407,0.863615,0.192275,0.551995,0.251287,0.300118,0.273741,0.07423,0.274329,-0.137609,0.267469,-0.308086,0.260114,-0.423477,0.262215,-0.482624,0.264356,-0.490083,0.261356,-0.446303,0.241282,-0.378328,0.203934,-0.303017,0.156285
6,0.010207,0.122866,-0.012862,0.086843,-0.035825,0.046581,-0.051565,0.011913,-0.062506,-0.008734,-0.065653,-0.009939,-0.071373,0.000472,-0.080369,0.012898,-0.09456,0.021941,-0.120293,0.026253,-0.154629,0.032293,-0.196867,0.048515,-0.237298,0.07105,-0.269553,0.099054,-0.289041,0.126602,-0.292329,0.149674,-0.279867,0.154324,-0.245163,0.138708,-0.193018,0.115457,-0.130273,0.094976,-0.073298,0.08494,-0.03473,0.081467,-0.015,0.070683,-0.012864,0.048418,-0.02114,0.020371,-0.033665,-0.009945,-0.051568,-0.042516,-0.073338,-0.091077,-0.099954,-0.160989,-0.128175,-0.281035,-0.145802,-0.518053,-0.136831,-0.933913,-0.121564,-1.462546,-0.081469,-2.004382,-0.044433,-2.505048,0.006011,-2.949589,0.065348,-3.334798,0.146571,-3.641833,0.282829,-3.832533,0.474696,-3.81043,0.723457,-3.515817,1.046071,-2.966685,1.406837,-2.191869,1.753057,-1.233829,2.023843,-0.131817,2.183582,1.00208,2.211113,2.039191,2.121646,2.892169,1.959462,3.500762,1.744936,3.847897,1.502328,3.973321,1.263747,3.944009,1.039836,3.791549,0.818052,3.49464,0.584589,3.033636,0.348168,2.423007,0.124491,1.744743,-0.099405,1.028914,-0.352389,0.273752,-0.607977,-0.459559,-0.823112,-1.133418,-0.96801,-1.766961,-1.024463,-2.374176,-0.979926,-2.935955,-0.839019,-3.425547,-0.635683,-3.830696,-0.379175,-4.137945,-0.102423,-4.2711,0.168084,-4.157953,0.440044,-3.810066,0.755543,-3.325084,1.109294,-2.810368,1.433805,-2.350823,1.692847,-1.926118,1.924018,-1.473475,2.147375,-0.977658,2.337371,-0.418369,2.476026,0.187265,2.532532,0.764546,2.517785,1.2326,2.463679,1.524668,2.392371,1.608963,2.309116,1.49522,2.214139,1.231714,2.06533,0.891516,1.862061,0.550267,1.612272,0.268425,1.317192,0.087303,0.996272,0.007291,0.685313,-0.008696,0.403429,-0.001449,0.162878,-0.00108,-0.013029,-0.005841,-0.119977,-0.011823,-0.166691,-0.005581,-0.143306,-0.004676,-0.073064,-0.005973,0.003972,-0.003541,0.048364,0.003148,0.056209,0.018291
6,-0.054649,0.077623,-0.056834,0.046838,-0.051106,0.028554,-0.047119,0.020981,-0.049522,0.041322,-0.064511,0.096166,-0.086087,0.174697,-0.1147,0.261015,-0.15109,0.33492,-0.178903,0.393905,-0.201677,0.436904,-0.215992,0.458153,-0.223315,0.453346,-0.223957,0.410899,-0.218987,0.317738,-0.187372,0.195752,-0.110003,0.042111,0.024608,-0.139598,0.211106,-0.338022,0.409883,-0.547623,0.577397,-0.758201,0.696783,-0.963677,0.77092,-1.181642,0.81863,-1.441144,0.862647,-1.779832,0.882283,-2.18985,0.840477,-2.652687,0.742867,-3.181185,0.62136,-3.781761,0.513409,-4.399086,0.429866,-4.882856,0.397215,-5.01901,0.419687,-4.705753,0.521619,-3.988401,0.706785,-2.937094,0.947106,-1.60657,1.22711,-0.162575,1.537816,1.183616,1.842152,2.293954,2.094522,3.105972,2.251259,3.598687,2.272489,3.850939,2.167613,3.972509,1.967451,4.025708,1.72816,4.023366,1.470898,3.953636,1.184817,3.866749,0.858508,3.79995,0.532177,3.680188,0.236571,3.441232,-0.010275,3.083138,-0.186366,2.624876,-0.271295,2.091603,-0.286724,1.526249,-0.261141,0.969048,-0.225302,0.44342,-0.207135,-0.049398,-0.211675,-0.516459,-0.235721,-0.99365,-0.257587,-1.507381,-0.264077,-2.089822,-0.263173,-2.713933,-0.274305,-3.334792,-0.290237,-3.925688,-0.32107,-4.464539,-0.384786,-4.887709,-0.480843,-5.13603,-0.553406,-5.107288,-0.563982,-4.73401,-0.504898,-4.073864,-0.383507,-3.218702,-0.20981,-2.278843,0.013985,-1.371849,0.286056,-0.633295,0.579715,-0.124521,0.859202,0.177566,1.097369,0.345427,1.288088,0.436761,1.474514,0.479181,1.743721,0.49431,2.136904,0.495387,2.557305,0.461212,2.831988,0.39194,2.875253,0.339684,2.713284,0.327775,2.393303,0.356284,1.977146,0.381757,1.528998,0.355858,1.095989,0.279186,0.727198,0.17886,0.43923,0.066546,0.217673,-0.049021,0.041435,-0.143564,-0.095939,-0.19185,-0.190474,-0.191373,-0.249636,-0.16115,-0.294148,-0.101622,-0.32643,-0.03322,-0.333098,0.014998,-0.313714,0.028572
6,-0.081185,0.395741,-0.159427,0.507668,-0.231795,0.587338,-0.282165,0.622069,-0.304322,0.611427,-0.289094,0.568708,-0.228157,0.484594,-0.137107,0.330197,0.020938,0.136495,0.221329,-0.131816,0.416984,-0.487621,0.552836,-0.980112,0.590095,-1.616983,0.561672,-2.351855,0.518054,-3.100963,0.540768,-3.787405,0.617471,-4.33041,0.676818,-4.67922,0.705921,-4.863189,0.745795,-4.931167,0.828442,-4.955435,0.986351,-4.990761,1.194849,-4.9757,1.358227,-4.73374,1.372946,-4.104826,1.227458,-3.083694,0.925952,-1.780463,0.536996,-0.331477,0.231089,1.029689,0.135449,2.125012,0.248366,2.930539,0.487026,3.461756,0.755275,3.776602,0.946941,4.014235,1.000983,4.315157,0.943226,4.626269,0.848813,4.78228,0.720286,4.710925,0.572923,4.463615,0.421187,4.121007,0.289813,3.715797,0.170267,3.225288,0.055578,2.675108,-0.057566,2.098361,-0.140566,1.506836,-0.184681,0.881959,-0.206601,0.233773,-0.215445,-0.415825,-0.209454,-1.046491,-0.2138,-1.623931,-0.217777,-2.125971,-0.210352,-2.543139,-0.200255,-2.918927,-0.20216,-3.307346,-0.209611,-3.744514,-0.198475,-4.213104,-0.132957,-4.602096,-0.043536,-4.793271,0.004835,-4.726023,-0.034717,-4.446455,-0.132338,-4.049721,-0.184027,-3.591083,-0.156316,-3.046604,-0.092009,-2.37831,-0.01112,-1.618738,0.092529,-0.881812,0.231979,-0.294817,0.376486,0.088107,0.488414,0.326577,0.548087,0.489503,0.554858,0.601361,0.510513,0.65051,0.427796,0.642155,0.334664,0.603571,0.264013,0.556374,0.275633,0.500214,0.407814,0.40131,0.647041,0.239511,0.967956,0.048876,1.321892,-0.099669,1.616086,-0.168363,1.815241,-0.150664,1.934823,-0.062457,1.967017,0.055367,1.89434,0.150271,1.740483,0.203469,1.520084,0.231045,1.253898,0.245141,0.975386,0.247833,0.718268,0.225531,0.487165,0.179414,0.281212,0.127785,0.108253,0.066826,-0.023544,-0.002009,-0.101576,-0.060184,-0.138296,-0.094579,-0.138798,-0.096176,-0.097666,-0.06887,-0.038382,-0.014289,-0.008765,0.040134
6,-0.170898,0.15998,-0.179379,0.136199,-0.176075,0.111473,-0.157594,0.068717,-0.132494,-0.027222,-0.088872,-0.155433,-0.044355,-0.326977,-0.018737,-0.551074,-0.019725,-0.818616,-0.039392,-1.139257,-0.08325,-1.558559,-0.143918,-2.119939,-0.196385,-2.806551,-0.189347,-3.548329,-0.048696,-4.291639,0.219719,-5.01229,0.560503,-5.66605,0.924598,-6.181849,1.240288,-6.401567,1.427487,-6.181573,1.427376,-5.457609,1.28688,-4.369634,1.171393,-3.176335,1.21004,-2.044152,1.348509,-0.980913,1.474006,0.039526,1.538399,0.964511,1.522179,1.734661,1.418426,2.383563,1.242658,2.970448,1.01438,3.52113,0.760553,4.057727,0.508084,4.559681,0.284332,4.974172,0.129865,5.228088,0.073047,5.288177,0.094714,5.13469,0.130651,4.818364,0.131875,4.395524,0.087454,3.90563,-0.002399,3.377992,-0.095461,2.866522,-0.17303,2.37524,-0.214567,1.886663,-0.214678,1.384516,-0.169787,0.879367,-0.096797,0.413999,-0.020726,0.022966,0.031528,-0.309137,0.03408,-0.631665,-0.011988,-0.962383,-0.096752,-1.294906,-0.209361,-1.644709,-0.32711,-2.046073,-0.424644,-2.523959,-0.484113,-3.112051,-0.484782,-3.806441,-0.39884,-4.544982,-0.220792,-5.205685,0.036014,-5.669297,0.284485,-5.871114,0.391924,-5.791218,0.321209,-5.464043,0.158954,-4.927835,0.032725,-4.250725,0.015261,-3.475746,0.090173,-2.641783,0.216754,-1.817681,0.3552,-1.08076,0.485061,-0.501785,0.577739,-0.099758,0.627685,0.177951,0.629686,0.368625,0.602463,0.472241,0.588239,0.493369,0.63607,0.453324,0.764361,0.400046,0.980734,0.374522,1.282553,0.383543,1.637969,0.410902,1.941231,0.466755,2.112082,0.525751,2.148622,0.541539,2.084118,0.514471,1.931125,0.464882,1.698611,0.402315,1.427096,0.340232,1.139213,0.289282,0.866459,0.255456,0.627448,0.232329,0.428285,0.213749,0.229326,0.182137,0.037399,0.135261,-0.128335,0.082681,-0.262401,0.041692,-0.359008,0.008126,-0.416789,-0.022676,-0.435671,-0.043424,-0.416726,-0.036436,-0.374574,-0.005116
6,0.017658,0.131507,0.02471,0.157932,0.032218,0.171613,0.031395,0.161081,0.021759,0.124086,0.000269,0.06599,-0.018067,0.001428,-0.02687,-0.065452,-0.020897,-0.136886,0.009993,-0.233327,0.047307,-0.411938,0.061246,-0.713686,0.042524,-1.14441,0.017019,-1.718466,0.03336,-2.376155,0.148152,-3.055599,0.376466,-3.767598,0.68578,-4.488083,1.059571,-5.161936,1.424741,-5.709785,1.696422,-6.018342,1.819982,-5.987017,1.785253,-5.618139,1.618948,-4.963309,1.362287,-4.041455,1.058563,-2.931264,0.771205,-1.758328,0.526992,-0.629856,0.372453,0.405024,0.339494,1.303722,0.402108,2.088752,0.525688,2.805724,0.687892,3.462539,0.859082,4.039907,1.017209,4.561741,1.113521,5.04975,1.114202,5.49073,1.063461,5.762864,1.007218,5.710836,0.935101,5.295188,0.809247,4.662762,0.63598,3.99843,0.424491,3.290176,0.176164,2.482122,-0.087337,1.673714,-0.300134,1.020701,-0.420602,0.531814,-0.458285,0.161676,-0.445157,-0.137024,-0.415472,-0.383195,-0.380024,-0.581111,-0.326311,-0.70773,-0.247349,-0.763568,-0.166953,-0.789008,-0.115554,-0.826205,-0.09933,-0.912736,-0.116313,-1.061504,-0.154717,-1.275802,-0.209123,-1.568235,-0.253276,-1.94459,-0.269576,-2.378995,-0.263937,-2.866318,-0.245471,-3.397938,-0.192267,-3.95727,-0.107947,-4.437589,-0.03558,-4.716398,-0.030226,-4.688975,-0.104426,-4.346174,-0.23534,-3.814044,-0.332995,-3.256838,-0.331401,-2.729165,-0.208183,-2.259468,0.021269,-1.87313,0.300751,-1.577294,0.542584,-1.385975,0.715577,-1.249223,0.832404,-1.05773,0.932869,-0.710801,1.07247,-0.212626,1.30189,0.358463,1.652766,0.887774,2.105558,1.306206,2.552989,1.552671,2.850111,1.598141,2.907542,1.485277,2.710753,1.266732,2.301219,1.00618,1.763957,0.754922,1.185783,0.538942,0.651338,0.354607,0.228464,0.206043,-0.073722,0.084887,-0.261869,-0.008775,-0.337865,-0.083265,-0.318203,-0.141938,-0.245346,-0.17809,-0.153762,-0.17641,-0.076107,-0.142303,-0.025545,-0.086116,-0.010815,-0.025043
6,-0.228084,0.380082,-0.232336,0.378672,-0.192099,0.357945,-0.119195,0.326659,-0.04415,0.290206,0.025481,0.249972,0.078549,0.201328,0.103846,0.151436,0.100396,0.103649,0.068358,0.060156,0.028335,0.023609,-0.010209,-0.008902,-0.037716,-0.038031,-0.067111,-0.06499,-0.09563,-0.097482,-0.114356,-0.148879,-0.108448,-0.223083,-0.08401,-0.35681,-0.046679,-0.586909,-0.012423,-0.942298,0.008137,-1.375578,0.02438,-1.926675,0.047965,-2.601301,0.084541,-3.353087,0.140901,-4.101284,0.226073,-4.8159,0.333877,-5.432212,0.44735,-5.861239,0.565942,-5.974743,0.663175,-5.627546,0.734677,-4.769627,0.794192,-3.546712,0.866387,-2.219497,0.969431,-0.940433,1.071316,0.251029,1.134423,1.303243,1.154621,2.186984,1.152702,2.885766,1.132902,3.391374,1.079083,3.770155,0.962804,4.141118,0.790693,4.539382,0.591887,4.885632,0.414567,5.110265,0.296306,5.149166,0.235467,4.976604,0.205687,4.598127,0.191305,4.020317,0.158556,3.287318,0.100877,2.500459,0.005968,1.749995,-0.126995,1.105866,-0.274919,0.59126,-0.395134,0.163473,-0.460312,-0.212261,-0.479306,-0.539325,-0.45293,-0.842667,-0.374832,-1.123838,-0.263994,-1.374753,-0.159052,-1.606415,-0.071357,-1.849488,-0.018038,-2.143561,0.005527,-2.519021,0.013065,-2.980563,-0.00945,-3.487185,-0.062504,-3.982916,-0.106459,-4.439332,-0.110015,-4.83441,-0.067981,-5.106568,-0.001938,-5.117269,0.046477,-4.770268,0.073994,-4.105258,0.110091,-3.265017,0.190248,-2.399834,0.303939,-1.5784,0.445467,-0.800841,0.643059,-0.10584,0.894036,0.446743,1.222421,0.838156,1.642711,1.08839,2.096071,1.189173,2.485381,1.146909,2.725752,1.006403,2.778939,0.809886,2.672919,0.603079,2.456449,0.41605,2.140528,0.272369,1.73107,0.181791,1.264806,0.142137,0.78026,0.145795,0.330386,0.164275,-0.027342,0.154356,-0.258112,0.10699,-0.353229,0.030538,-0.344659,-0.052302,-0.305575,-0.122891,-0.285045,-0.162147,-0.282432,-0.147381,-0.269555,-0.067974,-0.244573,0.037865
6,-0.023271,0.147336,-0.030701,0.181183,-0.031394,0.200309,-0.024013,0.197315,-0.012951,0.178476,0.004965,0.144966,0.025035,0.11263,0.035397,0.088489,0.033574,0.080949,0.018643,0.083642,-0.008862,0.078513,-0.039131,0.059464,-0.064593,0.022452,-0.077787,-0.031254,-0.076596,-0.099412,-0.070612,-0.181249,-0.061614,-0.294854,-0.05397,-0.4542,-0.057868,-0.672463,-0.075784,-0.947398,-0.101885,-1.323578,-0.146175,-1.813704,-0.220662,-2.434203,-0.317563,-3.173172,-0.395789,-4.005565,-0.432632,-4.876607,-0.416091,-5.608775,-0.330792,-5.978979,-0.145361,-5.882862,0.153934,-5.381681,0.545443,-4.604448,0.973235,-3.681289,1.360971,-2.648802,1.62023,-1.479903,1.727216,-0.266033,1.724321,0.833685,1.645798,1.712035,1.502122,2.401612,1.342884,2.962853,1.191357,3.409119,1.047016,3.766007,0.906086,4.058789,0.774746,4.312987,0.672329,4.511223,0.617819,4.596147,0.578734,4.515391,0.512532,4.271924,0.402684,3.893111,0.273742,3.396052,0.117248,2.804291,-0.068278,2.162683,-0.255501,1.535387,-0.398279,0.951669,-0.482399,0.445496,-0.525783,0.015208,-0.546526,-0.367345,-0.550226,-0.730077,-0.521998,-1.075052,-0.452586,-1.414146,-0.352362,-1.776268,-0.246626,-2.175166,-0.167336,-2.616938,-0.136312,-3.105906,-0.148116,-3.609866,-0.176606,-4.112885,-0.16783,-4.56807,-0.115222,-4.933791,-0.053135,-5.111453,-0.018656,-4.977372,-0.012404,-4.527207,0.021353,-3.865249,0.131075,-3.093518,0.308753,-2.313467,0.551852,-1.601458,0.815387,-0.995283,1.035157,-0.489935,1.193657,-0.065533,1.32065,0.285753,1.466092,0.532067,1.650415,0.68235,1.860403,0.771327,2.084297,0.824572,2.280644,0.850323,2.358178,0.836096,2.270461,0.783638,2.047204,0.715675,1.732618,0.636859,1.36078,0.542342,0.975208,0.432418,0.625267,0.308616,0.352364,0.183908,0.166534,0.067925,0.064318,-0.039311,0.018323,-0.128165,0.006544,-0.176928,-0.000466,-0.17355,-0.036413,-0.124352,-0.101703,-0.070723,-0.179847,-0.023942,-0.238537,0.000764
6,-0.029888,0.22107,-0.021429,0.230737,-0.011652,0.217001,0.000377,0.190508,0.011351,0.163995,0.013697,0.151234,0.009519,0.156513,-0.005382,0.16918,-0.02877,0.176486,-0.051063,0.172098,-0.063759,0.15178,-0.060551,0.130461,-0.046626,0.10391,-0.025125,0.067874,-0.001373,0.027656,0.026977,-0.028386,0.069846,-0.120331,0.136582,-0.273891,0.245024,-0.505475,0.398643,-0.882547,0.574561,-1.453981,0.764696,-2.328718,0.907366,-3.152695,1.074921,-3.95959,1.346784,-4.681076,1.681987,-5.216509,1.965625,-5.439404,2.098685,-5.338409,2.067032,-4.96437,1.899033,-4.397243,1.636406,-3.702482,1.3353,-2.912688,1.023785,-2.041573,0.750869,-1.20609,0.571223,-0.549202,0.493684,-0.09431,0.475481,0.225523,0.469457,0.520789,0.459665,0.874046,0.442175,1.360573,0.410923,2.003377,0.347725,2.753073,0.266074,3.537917,0.226338,4.311908,0.267111,4.986895,0.396151,5.427834,0.574685,5.504761,0.747564,5.219711,0.850914,4.637176,0.817391,3.894021,0.66525,3.150975,0.439434,2.413962,0.173509,1.679583,-0.096812,1.025448,-0.323874,0.544069,-0.48142,0.215514,-0.557174,-0.018933,-0.556615,-0.199796,-0.482536,-0.363387,-0.335611,-0.566849,-0.159475,-0.830855,-0.015099,-1.168474,0.074574,-1.577561,0.074418,-2.062586,0.01689,-2.6159,-0.038058,-3.249279,-0.040153,-3.93714,-0.004702,-4.605227,0.037368,-5.149832,0.018054,-5.470086,-0.09246,-5.491959,-0.251261,-5.177454,-0.351813,-4.599261,-0.34082,-3.849239,-0.247613,-2.997743,-0.069327,-2.106168,0.241761,-1.229536,0.674024,-0.431072,1.173205,0.234056,1.675293,0.758905,2.127181,1.134727,2.463176,1.326359,2.642192,1.31377,2.614352,1.138486,2.398689,0.894677,2.056821,0.647353,1.648409,0.431762,1.232587,0.277467,0.857376,0.195803,0.536722,0.151082,0.278192,0.100682,0.091196,0.020355,-0.026838,-0.080888,-0.090894,-0.178772,-0.118093,-0.247153,-0.134344,-0.269199,-0.16648,-0.24125,-0.222392,-0.17443,-0.275583,-0.08746,-0.297471,-0.014167
6,0.024193,0.103882,0.035816,0.09942,0.057896,0.083053,0.086209,0.056944,0.111073,0.019124,0.136557,-0.036867,0.171675,-0.131524,0.212519,-0.288157,0.250175,-0.528727,0.289667,-0.886222,0.356739,-1.37191,0.482335,-2.015602,0.669981,-2.843484,0.906128,-3.853307,1.168072,-4.943588,1.407849,-5.928276,1.588398,-6.592578,1.624909,-6.760985,1.461866,-6.308419,1.159088,-5.371426,0.788155,-4.179316,0.41565,-2.838513,0.141589,-1.472291,0.063111,-0.292566,0.176593,0.549129,0.384531,1.073084,0.576176,1.410553,0.715835,1.684544,0.805999,1.957831,0.826397,2.311934,0.751158,2.793836,0.629406,3.378963,0.529619,3.973698,0.489237,4.457887,0.516442,4.754941,0.580936,4.802447,0.610966,4.607985,0.549808,4.236998,0.408666,3.784809,0.225422,3.303429,0.048387,2.825349,-0.109144,2.345261,-0.242894,1.858634,-0.319939,1.340307,-0.332923,0.811133,-0.31822,0.322329,-0.302646,-0.081078,-0.266213,-0.402372,-0.20332,-0.67662,-0.127118,-0.905313,-0.052806,-1.140716,0.002385,-1.452616,0.043613,-1.874526,0.100647,-2.390747,0.173943,-2.98748,0.255309,-3.665905,0.350022,-4.392418,0.442174,-5.065944,0.48961,-5.516358,0.454621,-5.596209,0.295732,-5.250688,0.070407,-4.540355,-0.11318,-3.56235,-0.172944,-2.472856,-0.094275,-1.481295,0.097799,-0.758945,0.347205,-0.308461,0.572456,-0.030603,0.699657,0.15005,0.707584,0.258178,0.623103,0.303241,0.489601,0.30945,0.357331,0.29983,0.283714,0.29219,0.28671,0.280497,0.341022,0.241422,0.425185,0.178622,0.545385,0.124116,0.710535,0.089098,0.935675,0.069605,1.202573,0.060384,1.457863,0.064454,1.640872,0.09273,1.73531,0.15048,1.735407,0.209338,1.617888,0.268995,1.40243,0.315671,1.157212,0.309588,0.927438,0.233404,0.715346,0.106129,0.489662,-0.036762,0.235769,-0.15294,-0.02567,-0.21365,-0.230549,-0.215158,-0.339743,-0.173412,-0.380824,-0.117305,-0.364013,-0.075119,-0.30151,-0.049636,-0.221264,-0.03874,-0.132126,-0.044828
6,0.026826,0.094959,0.015003,0.103374,-0.006285,0.099981,-0.030631,0.083774,-0.058142,0.064315,-0.079265,0.044868,-0.089796,0.03078,-0.084515,0.028522,-0.062529,0.043566,-0.021831,0.07511,0.038746,0.113785,0.10915,0.142295,0.162277,0.149953,0.175965,0.124354,0.149033,0.051984,0.104316,-0.058773,0.080928,-0.189143,0.097146,-0.357162,0.13544,-0.630538,0.216017,-1.124352,0.313869,-1.761059,0.452421,-2.521431,0.631309,-3.327918,0.865696,-4.160898,1.151126,-4.97561,1.448551,-5.671208,1.670339,-6.089899,1.707933,-6.021591,1.529788,-5.413143,1.242847,-4.459551,0.954991,-3.336826,0.699115,-2.106653,0.488214,-0.893916,0.380499,0.068845,0.399862,0.658737,0.509859,0.958747,0.630275,1.154034,0.726863,1.356261,0.781223,1.567068,0.761474,1.808448,0.660134,2.145371,0.519471,2.622273,0.400152,3.207671,0.333154,3.793602,0.332643,4.246003,0.402182,4.463169,0.528152,4.397688,0.647008,4.063176,0.682489,3.515932,0.607371,2.860475,0.466811,2.210317,0.297174,1.681699,0.103145,1.307306,-0.078658,1.02371,-0.193294,0.747743,-0.209608,0.443199,-0.154425,0.094166,-0.089872,-0.318254,-0.061932,-0.77297,-0.089017,-1.239803,-0.154027,-1.706233,-0.250237,-2.15329,-0.341744,-2.583477,-0.362375,-3.067693,-0.289905,-3.627183,-0.159632,-4.17245,-0.020318,-4.530397,0.102373,-4.636423,0.170929,-4.549057,0.16848,-4.273832,0.128644,-3.82849,0.113039,-3.276943,0.139509,-2.64945,0.216623,-1.944084,0.35559,-1.200003,0.564425,-0.509282,0.802401,0.075856,1.025845,0.519786,1.224109,0.777314,1.40508,0.862727,1.572104,0.847329,1.737353,0.775998,1.90874,0.658778,2.043563,0.540694,2.07542,0.444817,1.985492,0.361121,1.7949,0.294171,1.534653,0.257572,1.207662,0.249905,0.838733,0.238924,0.491294,0.16457,0.221723,0.01914,0.052529,-0.151063,-0.014347,-0.27847,-0.010571,-0.325046,0.004029,-0.296909,-0.018061,-0.218563,-0.100281,-0.123935,-0.210191,-0.04812,-0.277674,-0.01276
6,-0.064363,0.131716,-0.065606,0.118816,-0.062539,0.099531,-0.045492,0.087924,-0.026355,0.083822,-0.008318,0.086123,0.000198,0.083016,0.000344,0.067054,-0.015186,0.026443,-0.030367,-0.042924,-0.02131,-0.154617,0.015263,-0.298847,0.057258,-0.476913,0.1043,-0.734481,0.159234,-1.098382,0.214476,-1.594431,0.279617,-2.198816,0.379087,-2.858424,0.544089,-3.525601,0.782743,-4.159886,1.06952,-4.753808,1.37131,-5.289002,1.628137,-5.697179,1.766929,-5.84948,1.755593,-5.62687,1.615012,-5.043109,1.359506,-4.193798,1.052178,-3.159945,0.752694,-2.026232,0.526257,-0.915809,0.410356,0.056676,0.381238,0.856893,0.386805,1.538388,0.37457,2.128638,0.360591,2.615796,0.370692,3.033646,0.415748,3.466962,0.47548,3.946765,0.51903,4.415367,0.539432,4.793153,0.5656,4.983173,0.593263,4.926812,0.607798,4.629029,0.600819,4.159938,0.55838,3.595171,0.47181,2.990726,0.335867,2.388311,0.158903,1.817734,-0.022261,1.318449,-0.165807,0.89979,-0.247216,0.530901,-0.279676,0.189749,-0.281224,-0.130322,-0.244481,-0.445487,-0.169942,-0.783342,-0.085271,-1.14853,-0.011417,-1.528268,0.028705,-1.918739,0.018975,-2.324261,-0.031066,-2.783967,-0.09768,-3.328721,-0.143827,-3.938849,-0.149824,-4.564195,-0.105721,-5.140373,-0.014588,-5.559114,0.04128,-5.67012,-0.035976,-5.40891,-0.165842,-4.835896,-0.206782,-4.084254,-0.125404,-3.217592,0.05261,-2.2878,0.319269,-1.393165,0.617953,-0.634959,0.872516,-0.05905,1.032005,0.317429,1.12348,0.510251,1.197737,0.561513,1.276345,0.496206,1.364846,0.35542,1.481934,0.221314,1.626687,0.156118,1.757417,0.149586,1.854736,0.159226,1.891243,0.171431,1.820089,0.186397,1.626912,0.188938,1.361526,0.161126,1.078157,0.105065,0.814384,0.037633,0.576195,-0.041038,0.363913,-0.121896,0.184239,-0.176451,0.050246,-0.189888,-0.043657,-0.176921,-0.110622,-0.143715,-0.162134,-0.09515,-0.172712,-0.045678,-0.145877,-0.0083,-0.120039,0.02148,-0.119782,0.0408
6,-0.138343,0.13818,-0.122699,0.206921,-0.110306,0.274772,-0.098509,0.32509,-0.090912,0.346936,-0.08827,0.338326,-0.080513,0.295587,-0.057812,0.231764,-0.01995,0.154872,0.023547,0.06073,0.069617,-0.068399,0.113844,-0.245835,0.15017,-0.468739,0.154237,-0.72607,0.128605,-1.030388,0.085217,-1.391218,0.058551,-1.813935,0.057126,-2.294843,0.052553,-2.826594,0.065947,-3.428615,0.179501,-4.091868,0.428714,-4.750137,0.780479,-5.304823,1.095557,-5.693659,1.298879,-5.853261,1.359398,-5.7584,1.289539,-5.328228,1.085057,-4.508358,0.816707,-3.438097,0.588144,-2.347048,0.495682,-1.355063,0.55792,-0.488653,0.722614,0.260359,0.877588,0.922242,0.957824,1.515818,0.971831,2.040922,0.946073,2.51173,0.891815,2.955671,0.814955,3.384798,0.720129,3.76649,0.61689,4.058531,0.522264,4.214345,0.448905,4.223418,0.379225,4.121595,0.299916,3.950691,0.204209,3.755759,0.113013,3.52957,0.049219,3.236675,0.021497,2.865874,0.011055,2.451111,0.001208,2.015359,0.013753,1.560644,0.060884,1.104828,0.121026,0.664468,0.161131,0.200744,0.137628,-0.319793,0.040169,-0.894073,-0.108568,-1.473079,-0.259989,-2.048441,-0.374301,-2.61314,-0.435507,-3.176495,-0.441901,-3.771533,-0.399808,-4.415833,-0.344719,-5.03869,-0.319814,-5.445963,-0.338255,-5.500245,-0.392604,-5.225832,-0.434678,-4.741947,-0.425198,-4.146273,-0.344455,-3.474208,-0.169694,-2.705648,0.097174,-1.866961,0.403544,-1.085084,0.68225,-0.461002,0.894482,0.005564,1.042035,0.34474,1.152963,0.571015,1.256606,0.703997,1.421609,0.755774,1.668955,0.715457,1.929337,0.617363,2.093177,0.504609,2.105173,0.405186,2.00497,0.317666,1.840704,0.245851,1.626832,0.205141,1.348053,0.188805,1.041532,0.140362,0.763117,0.043618,0.548351,-0.057735,0.406721,-0.132005,0.301142,-0.161236,0.191161,-0.120098,0.064065,-0.018468,-0.061107,0.104147,-0.156416,0.208843,-0.19335,0.2615,-0.177884,0.255419,-0.139229,0.211856,-0.118452,0.15387
6,-0.298744,0.249531,-0.232573,0.167373,-0.124742,0.023169,0.005373,-0.182404,0.148713,-0.445814,0.295152,-0.783417,0.406969,-1.210042,0.444142,-1.714304,0.396425,-2.285446,0.29724,-2.917999,0.220991,-3.637618,0.298482,-4.400832,0.6112,-5.144075,1.104977,-5.74032,1.576538,-6.073525,1.831752,-6.025147,1.805249,-5.567856,1.567201,-4.822309,1.255617,-3.92356,0.938144,-2.892925,0.683777,-1.729281,0.52754,-0.489492,0.475404,0.679916,0.51944,1.638851,0.616076,2.386243,0.72123,2.950232,0.790528,3.351971,0.820559,3.661915,0.820306,3.959116,0.81671,4.230834,0.811362,4.436255,0.803435,4.542385,0.786939,4.513161,0.754511,4.340239,0.700169,4.021389,0.613626,3.589884,0.509728,3.110077,0.413947,2.608463,0.317569,2.090319,0.210739,1.575458,0.100646,1.078066,-0.006723,0.633331,-0.10135,0.256493,-0.180433,-0.083355,-0.222136,-0.393505,-0.216166,-0.652629,-0.162659,-0.86484,-0.097334,-1.080259,-0.057203,-1.360967,-0.046313,-1.720047,-0.055926,-2.138577,-0.080695,-2.612173,-0.131089,-3.166844,-0.177146,-3.813301,-0.205886,-4.525846,-0.19046,-5.245379,-0.147586,-5.834558,-0.146219,-6.126021,-0.197131,-5.984069,-0.265407,-5.456306,-0.351285,-4.674001,-0.440969,-3.725424,-0.444933,-2.677193,-0.288486,-1.630574,0.010341,-0.696556,0.366112,0.025393,0.678435,0.501687,0.884971,0.785423,0.983589,0.903993,0.979332,0.87977,0.874899,0.752889,0.711414,0.560411,0.527647,0.352213,0.355703,0.186989,0.226515,0.086097,0.187761,0.034672,0.274055,-0.010073,0.486039,-0.073966,0.810997,-0.144277,1.214357,-0.198858,1.65558,-0.213819,2.08354,-0.172201,2.420053,-0.093795,2.595487,-0.031973,2.593226,-0.006444,2.410239,-0.006524,2.077494,-0.001016,1.641559,0.018721,1.189042,0.039328,0.777893,0.0624,0.452276,0.092873,0.231465,0.124112,0.087289,0.11922,-0.020318,0.063252,-0.105042,0.003639,-0.161503,-0.007527,-0.201935,0.023452,-0.245779,0.057198,-0.289905,0.066616,-0.300665,0.051999
6,-0.051246,0.11475,-0.049119,0.16038,-0.026063,0.201592,-0.006197,0.230542,0.005269,0.238907,0.000739,0.222585,-0.009605,0.182255,-0.020608,0.140941,-0.029297,0.097434,-0.029914,0.069067,-0.019602,0.060565,-0.005643,0.049654,0.001235,0.022187,0.000611,-0.033002,0.015835,-0.136634,0.059806,-0.303343,0.140952,-0.555606,0.253951,-0.916749,0.385826,-1.391006,0.475397,-1.956681,0.472381,-2.583813,0.408466,-3.279171,0.375928,-4.043962,0.4468,-4.817953,0.637033,-5.544987,0.90026,-6.132806,1.118901,-6.472403,1.182648,-6.380323,1.098152,-5.760762,0.915382,-4.735248,0.707893,-3.488617,0.558987,-2.146295,0.516797,-0.857991,0.571633,0.238051,0.6836,1.130745,0.821015,1.868091,0.954132,2.489806,1.051826,2.967328,1.105868,3.327125,1.114782,3.63155,1.080777,3.945258,1.030241,4.251,0.982615,4.487913,0.941836,4.576731,0.896813,4.48018,0.830584,4.207063,0.729428,3.787079,0.595085,3.26383,0.434701,2.669343,0.256348,2.047979,0.064526,1.469121,-0.127885,0.956621,-0.300894,0.490636,-0.438395,0.057474,-0.545168,-0.318968,-0.609049,-0.623496,-0.610362,-0.894048,-0.535342,-1.188247,-0.403651,-1.538505,-0.26368,-1.962426,-0.185757,-2.434988,-0.210353,-2.902736,-0.295889,-3.38354,-0.361128,-3.905166,-0.370803,-4.441073,-0.346175,-4.915079,-0.346863,-5.20754,-0.389863,-5.186448,-0.437917,-4.778362,-0.441154,-4.00835,-0.364622,-3.02971,-0.187473,-2.02954,0.09259,-1.157679,0.423037,-0.476646,0.756209,-9.7e-05,1.059154,0.309054,1.328029,0.493567,1.597363,0.575217,1.873132,0.570721,2.14872,0.535116,2.401101,0.509261,2.572431,0.502715,2.594062,0.492271,2.431912,0.471084,2.101463,0.422546,1.669984,0.346654,1.257082,0.265493,0.939656,0.198561,0.705354,0.155213,0.511564,0.124893,0.34629,0.079955,0.187079,0.032176,0.028034,0.016593,-0.116276,0.059163,-0.226298,0.130898,-0.269079,0.172368,-0.246985,0.16949,-0.190091,0.144939,-0.131429,0.09966,-0.099939,0.025924
6,0.011657,0.020746,-0.011758,0.00182,-0.039455,-0.006604,-0.065603,0.002375,-0.085311,0.020249,-0.091935,0.043664,-0.088236,0.061309,-0.073799,0.074277,-0.050636,0.083235,-0.024129,0.095602,-0.001585,0.109376,0.013695,0.117761,0.021622,0.114007,0.025027,0.093772,0.038651,0.054317,0.06152,-0.010817,0.097731,-0.128888,0.137848,-0.272675,0.183271,-0.459297,0.241722,-0.71838,0.313363,-1.113354,0.383621,-1.713663,0.423315,-2.531509,0.415478,-3.476437,0.399593,-4.421509,0.426724,-5.224462,0.524779,-5.783911,0.67674,-6.01286,0.844373,-5.869152,0.986806,-5.437327,1.104588,-4.771877,1.165332,-3.869917,1.128999,-2.791026,1.054201,-1.648283,1.00859,-0.532136,1.013603,0.467765,1.051225,1.296558,1.070764,1.981882,1.046908,2.588227,1.016493,3.115649,1.019075,3.570113,1.025954,3.978846,1.005473,4.338423,0.942006,4.615105,0.846872,4.749634,0.755169,4.682798,0.687523,4.406789,0.646106,3.96508,0.589212,3.416535,0.482108,2.81202,0.317089,2.223933,0.115378,1.668184,-0.105658,1.075907,-0.335935,0.553863,-0.536322,0.079048,-0.673778,-0.389408,-0.725354,-0.863235,-0.697451,-1.352884,-0.59978,-1.854726,-0.429394,-2.370282,-0.23051,-2.923496,-0.074738,-3.527349,0.030673,-4.176427,0.082538,-4.819836,0.099614,-5.387334,0.083002,-5.764821,0.012493,-5.857276,-0.102821,-5.64721,-0.242435,-5.138963,-0.349178,-4.307641,-0.371595,-3.212194,-0.257461,-2.053013,0.027557,-1.08094,0.466327,-0.41519,0.98001,-0.002147,1.41958,0.257851,1.661088,0.410885,1.73295,0.448991,1.742075,0.395582,1.790057,0.325419,1.908451,0.295504,2.070559,0.300267,2.200664,0.299041,2.25458,0.239121,2.218369,0.100029,2.08233,-0.063084,1.852698,-0.207401,1.536644,-0.302105,1.129148,-0.30792,0.667957,-0.210761,0.240085,-0.093697,-0.064847,-0.038916,-0.192627,-0.033371,-0.156367,-0.037798,-0.057448,-0.033789,-0.009535,-0.02141,-0.065617,0.007851,-0.186015,0.033999,-0.304842,0.031009,-0.372646,-0.0059
6,-0.053428,0.170889,-0.028887,0.185945,-0.010375,0.1863,-0.001287,0.166426,1e-06,0.114036,-0.008952,0.031322,-0.0156,-0.066069,-0.027992,-0.162092,-0.033307,-0.251532,-0.028367,-0.332116,-0.013736,-0.410401,0.020281,-0.492447,0.06189,-0.594089,0.093138,-0.747323,0.095613,-0.976725,0.060019,-1.296235,-0.010964,-1.708955,-0.084221,-2.245214,-0.101106,-2.90681,-0.031424,-3.654788,0.117757,-4.400938,0.337572,-5.079065,0.58412,-5.581362,0.831107,-5.791068,1.025866,-5.628124,1.13262,-5.061707,1.154155,-4.191976,1.1244,-3.093697,1.082571,-1.833958,1.061752,-0.522921,1.079244,0.706147,1.139587,1.753177,1.202166,2.596903,1.234136,3.25211,1.237124,3.737612,1.197967,4.08955,1.094908,4.386239,0.923184,4.682806,0.712608,4.936532,0.501294,5.110091,0.320056,5.15884,0.172215,5.06079,0.049678,4.790867,-0.037609,4.371835,-0.090123,3.829874,-0.102903,3.225347,-0.096294,2.597093,-0.090982,1.958723,-0.097633,1.317111,-0.134852,0.690025,-0.21301,0.083715,-0.314552,-0.500348,-0.413646,-1.058984,-0.481656,-1.591146,-0.492487,-2.120901,-0.47028,-2.666914,-0.433397,-3.257919,-0.36884,-3.896877,-0.287902,-4.577818,-0.17378,-5.283495,-0.000181,-5.971521,0.185551,-6.549913,0.328972,-6.872742,0.384753,-6.788426,0.305337,-6.210894,0.119658,-5.252549,-0.067223,-4.135159,-0.073921,-3.076732,0.26254,-2.190538,0.862741,-1.442705,1.543885,-0.791453,2.072776,-0.216635,2.374508,0.251319,2.526588,0.605132,2.643462,0.833631,2.785882,0.934141,2.914716,0.913121,3.002985,0.779962,3.036879,0.551659,3.026994,0.270877,2.912137,0.009272,2.585998,-0.14326,2.015451,-0.204721,1.317955,-0.240896,0.644047,-0.277123,0.065854,-0.290217,-0.369392,-0.283546,-0.619802,-0.280503,-0.668384,-0.280061,-0.565837,-0.248382,-0.393103,-0.160013,-0.219196,-0.02577,-0.100532,0.097621,-0.077492,0.177324,-0.128835,0.208073,-0.193572,0.202955,-0.233775,0.177015,-0.249382,0.13599,-0.238448,0.102867,-0.198182,0.091242
6,-0.090919,0.309072,-0.175509,0.258426,-0.293888,0.212605,-0.430828,0.141631,-0.542401,0.109365,-0.607847,0.150086,-0.615812,0.235555,-0.559445,0.317251,-0.461327,0.379765,-0.364525,0.424899,-0.309903,0.481914,-0.323372,0.548431,-0.401297,0.60659,-0.518869,0.640174,-0.649283,0.638624,-0.771807,0.624314,-0.891702,0.627807,-1.020023,0.759902,-1.145754,0.91352,-1.239287,1.038586,-1.272,1.258371,-1.317718,1.530365,-1.390123,1.786153,-1.46695,1.997406,-1.527234,2.158461,-1.558765,2.286454,-1.572568,2.381685,-1.588587,2.45482,-1.616549,2.550979,-1.613523,2.672498,-1.574167,2.779194,-1.506771,2.857877,-1.421206,2.869284,-1.277518,2.795056,-1.152538,2.714008,-1.157702,2.569978,-1.243488,2.359245,-1.501698,2.063015,-1.73097,1.802137,-1.821116,1.507988,-1.906054,1.346614,-2.027436,1.309358,-2.117835,1.410797,-2.067493,1.630525,-1.891979,1.963172,-1.631487,2.315983,-1.377962,2.636051,-1.190959,2.825178,-1.292033,2.866532,-1.393691,2.859004,-1.470909,2.875405,-1.699777,2.800376,-2.097003,2.61172,-2.579523,2.275245,-2.957237,1.877158,-2.725083,1.422632,-2.072166,0.921534,-1.368029,0.079981,-0.721112,-0.82818,0.001165,-1.548924,0.677319,-2.038702,1.256434,-2.376143,1.730389,-2.600648,2.125978,-2.715726,2.395638,-2.856485,2.479879,-2.933167,2.216163,-2.817306,1.570008,-2.276371,0.591378,-1.408241,-0.415246,-0.540154,-1.192428,-0.040681,-1.684276,0.153939,-1.873579,0.231615,-1.781534,0.230964,-1.42776,0.195718,-0.880459,0.170077,-0.281542,0.137168,0.183211,0.122232,0.426876,0.135171,0.465544,0.128694,0.336063,0.054252,0.126646,-0.092846,-0.087638,-0.27544,-0.283016,-0.430768,-0.429937,-0.567871,-0.507494,-0.673492,-0.486821,-0.725307,-0.375198,-0.70967,-0.211476,-0.638921,-0.042724,-0.534701,0.080519,-0.424695,0.142804,-0.321246,0.149631,-0.256037,0.110281,-0.230286,0.050862,-0.230758,0.002861,-0.214036,-0.027248,-0.163546,-0.043772,-0.080017,-0.04436,0.013608,-0.034591,0.107421
6,-0.067124,0.094751,-0.08314,0.081792,-0.105351,0.056768,-0.130992,0.024952,-0.144705,0.00129,-0.139409,-0.011856,-0.116127,-0.004527,-0.093197,0.010648,-0.077729,0.024602,-0.07004,0.038293,-0.057971,0.042285,-0.03709,0.026826,-0.010399,-0.01248,0.016679,-0.083087,0.047384,-0.195127,0.077011,-0.362463,0.103631,-0.598998,0.108027,-0.944109,0.070881,-1.438412,-0.017617,-2.100704,-0.138796,-2.901945,-0.243773,-3.767127,-0.273306,-4.588313,-0.19881,-5.261618,-0.096752,-5.711785,-0.017822,-5.931255,0.009928,-5.959458,0.004587,-5.760674,0.022849,-5.294045,0.149215,-4.581533,0.387326,-3.617446,0.69852,-2.401009,1.040832,-1.065489,1.354254,0.170123,1.56595,1.191173,1.631315,2.010923,1.602844,2.690883,1.55116,3.243762,1.520752,3.701624,1.531693,4.126903,1.546646,4.548896,1.503085,4.916731,1.376679,5.165242,1.204056,5.253613,1.024396,5.168485,0.865137,4.916914,0.700135,4.531801,0.524143,4.060775,0.346113,3.545336,0.183905,2.964352,0.057805,2.295402,-0.044655,1.546376,-0.127723,0.792879,-0.198236,0.095565,-0.272421,-0.534099,-0.342862,-1.108361,-0.401102,-1.662356,-0.45874,-2.215063,-0.532004,-2.796341,-0.629317,-3.391872,-0.740966,-3.980868,-0.838186,-4.546291,-0.888991,-5.057622,-0.879337,-5.40019,-0.795552,-5.487601,-0.644029,-5.292327,-0.462934,-4.86884,-0.277531,-4.299679,-0.077103,-3.655269,0.148238,-2.944951,0.381902,-2.20874,0.616901,-1.523204,0.833717,-0.9345,1.012276,-0.447592,1.145908,-0.065356,1.278708,0.221769,1.441494,0.420512,1.630809,0.540851,1.850866,0.609811,2.073102,0.617652,2.307037,0.556588,2.575008,0.444567,2.820647,0.321729,2.904848,0.227121,2.732367,0.168773,2.349218,0.125188,1.870032,0.091518,1.377299,0.082447,0.93322,0.09841,0.596311,0.11804,0.394205,0.110723,0.277504,0.055931,0.198853,-0.026245,0.140171,-0.093676,0.098461,-0.124302,0.068269,-0.119955,0.036034,-0.089897,-0.009172,-0.05341,-0.051681,-0.026106,-0.083769,-0.015246
6,-0.063857,-0.016746,-0.049394,0.034548,-0.035496,0.10213,-0.030372,0.184119,-0.034701,0.27377,-0.04482,0.35991,-0.054854,0.437306,-0.065267,0.499285,-0.074563,0.538574,-0.080527,0.543714,-0.081447,0.51727,-0.076809,0.4561,-0.080736,0.348361,-0.090844,0.19237,-0.102641,-0.048103,-0.094339,-0.407612,-0.050686,-0.931413,-0.002746,-1.629431,0.025752,-2.469591,0.02302,-3.314085,-0.017447,-4.000793,-0.087281,-4.499249,-0.142495,-4.875035,-0.154851,-5.172525,-0.153948,-5.366512,-0.153038,-5.32925,-0.122374,-4.95849,0.026795,-4.31175,0.320308,-3.503501,0.699898,-2.636128,1.06874,-1.726126,1.315538,-0.773708,1.396143,0.148912,1.333917,0.9973,1.20136,1.753004,1.07732,2.417649,1.005436,3.018503,1.008945,3.53408,1.053082,3.990764,1.089547,4.467416,1.095795,4.980589,1.067082,5.474686,1.025339,5.823002,0.963427,5.929572,0.866888,5.796911,0.716544,5.430432,0.528968,4.83667,0.337232,4.036073,0.159154,3.125308,0.014456,2.213354,-0.101203,1.433134,-0.192927,0.761612,-0.251297,0.164411,-0.27925,-0.38155,-0.297579,-0.889932,-0.305321,-1.404811,-0.289337,-1.975263,-0.249679,-2.626515,-0.198041,-3.32721,-0.136355,-4.007721,-0.044129,-4.656533,0.035317,-5.270696,0.026485,-5.762691,-0.082923,-5.912733,-0.233722,-5.649894,-0.315676,-5.129885,-0.288319,-4.495938,-0.204311,-3.817557,-0.110058,-3.126486,-0.00419,-2.448115,0.131134,-1.802858,0.316419,-1.215967,0.544677,-0.7224,0.782612,-0.335161,1.002907,-0.030628,1.240317,0.231602,1.542835,0.464697,1.898363,0.650842,2.250229,0.754717,2.525609,0.777774,2.682069,0.755847,2.716436,0.705772,2.650847,0.628449,2.497705,0.525229,2.260938,0.410324,1.950922,0.322131,1.610705,0.292102,1.274265,0.321211,0.966526,0.369467,0.693287,0.388014,0.445377,0.363655,0.234209,0.309807,0.087181,0.229091,0.010032,0.151883,-0.021155,0.09631,-0.024134,0.075782,-0.031212,0.075236,-0.058401,0.084795,-0.112736,0.100913,-0.187022,0.10099
6,-0.04817,0.106854,-0.051946,0.087613,-0.066335,0.067683,-0.087253,0.053245,-0.102744,0.060655,-0.106955,0.091236,-0.099947,0.123468,-0.0816,0.145806,-0.056547,0.151108,-0.033753,0.145157,-0.026645,0.140506,-0.040549,0.13679,-0.057995,0.127673,-0.073225,0.112082,-0.074894,0.080153,-0.069069,0.020578,-0.044273,-0.084164,-0.009381,-0.241284,0.027217,-0.454895,0.063198,-0.736925,0.107311,-1.101572,0.136008,-1.576079,0.14056,-2.207304,0.125765,-2.970395,0.115231,-3.794999,0.104667,-4.582846,0.113908,-5.214969,0.14267,-5.659535,0.219591,-5.935133,0.292626,-6.022389,0.320603,-5.836447,0.30489,-5.31926,0.321518,-4.499056,0.417505,-3.436334,0.60536,-2.225125,0.871743,-0.997186,1.191854,0.143345,1.493041,1.144375,1.708834,1.998032,1.81551,2.70031,1.832155,3.264984,1.792711,3.684938,1.689004,3.989172,1.505077,4.201985,1.250897,4.353307,0.985766,4.428376,0.77252,4.424482,0.637323,4.327446,0.578109,4.114498,0.568665,3.779472,0.561297,3.31633,0.516475,2.744074,0.421615,2.096717,0.282572,1.416943,0.125337,0.734024,-0.033622,0.051731,-0.168484,-0.637315,-0.292988,-1.31497,-0.427716,-1.970702,-0.582059,-2.600902,-0.741028,-3.233396,-0.887607,-3.866993,-1.004479,-4.478736,-1.115052,-4.990879,-1.236402,-5.318722,-1.322375,-5.417318,-1.306428,-5.272312,-1.13635,-4.883952,-0.814841,-4.280348,-0.339853,-3.556107,0.203851,-2.846493,0.688597,-2.230705,1.042536,-1.715276,1.280842,-1.279839,1.490187,-0.891879,1.751691,-0.526306,2.059456,-0.185439,2.358706,0.127314,2.61801,0.394586,2.832814,0.592448,2.999017,0.701813,3.109801,0.729765,3.11698,0.686809,2.998424,0.597294,2.74475,0.494422,2.371794,0.409567,1.932136,0.357947,1.464874,0.324736,0.989531,0.314886,0.544976,0.324617,0.198377,0.339383,0.013423,0.344603,-0.042161,0.323559,-0.038733,0.281144,-0.013436,0.218157,0.021936,0.149656,0.05887,0.09198,0.084303,0.07019,0.093954,0.09447,0.071377,0.14835
6,-0.109004,0.263445,-0.101996,0.271377,-0.094628,0.277903,-0.097766,0.288408,-0.105596,0.303195,-0.114601,0.311903,-0.124051,0.31381,-0.142894,0.305424,-0.174716,0.285904,-0.209637,0.256894,-0.234845,0.209954,-0.245482,0.147038,-0.241556,0.058455,-0.216702,-0.068361,-0.156925,-0.248754,-0.039291,-0.497583,0.136277,-0.818161,0.33944,-1.224037,0.520791,-1.718051,0.639889,-2.331916,0.693909,-3.055943,0.733642,-3.794244,0.734464,-4.455003,0.714268,-4.987248,0.68383,-5.336299,0.668876,-5.478028,0.700802,-5.422812,0.803995,-5.181601,0.973176,-4.752946,1.178739,-4.188215,1.38429,-3.578743,1.506596,-2.952827,1.505511,-2.240729,1.395314,-1.437486,1.238319,-0.586606,1.089546,0.271712,0.976185,1.132906,0.894884,2.004891,0.853656,2.868014,0.863332,3.672757,0.914504,4.379814,0.98301,5.000214,1.03511,5.521002,1.061455,5.897966,1.069575,6.091939,1.054904,6.072735,0.989339,5.834619,0.872155,5.381413,0.721872,4.724727,0.559571,3.913329,0.383159,3.017535,0.187387,2.122188,-0.006255,1.286851,-0.184943,0.530757,-0.33376,-0.150327,-0.404148,-0.770802,-0.402762,-1.357212,-0.365986,-1.928,-0.337525,-2.50581,-0.332439,-3.123451,-0.349154,-3.784566,-0.379439,-4.465556,-0.420823,-5.112615,-0.486618,-5.654487,-0.591021,-6.008383,-0.724766,-6.05585,-0.83077,-5.766489,-0.830604,-5.234531,-0.669441,-4.578645,-0.394964,-3.874987,-0.082158,-3.128277,0.209889,-2.337085,0.449433,-1.565231,0.657713,-0.870372,0.860988,-0.280717,1.0596,0.202753,1.249197,0.600262,1.432193,0.935794,1.641348,1.210161,1.878753,1.405135,2.111658,1.494762,2.27464,1.475636,2.325507,1.370975,2.26721,1.217387,2.118134,1.030488,1.871132,0.831121,1.537225,0.644657,1.17004,0.480891,0.818287,0.331141,0.519538,0.200991,0.27808,0.103252,0.08916,0.037822,-0.048232,0.008173,-0.128184,0.014945,-0.159343,0.035917,-0.157518,0.067049,-0.141561,0.121019,-0.118331,0.190917,-0.09048,0.252203,-0.081706,0.286855
6,-0.033089,0.151379,-0.052773,0.146129,-0.084897,0.134704,-0.117672,0.129219,-0.148188,0.141085,-0.17003,0.174542,-0.178961,0.231532,-0.170608,0.286195,-0.149511,0.323209,-0.117356,0.330398,-0.077248,0.305231,-0.02985,0.243666,0.020567,0.1346,0.062172,-0.0222,0.084227,-0.272812,0.063941,-0.636695,0.02936,-1.119682,-0.024992,-1.708576,-0.059383,-2.404123,-0.043269,-3.178962,0.036052,-3.985632,0.145979,-4.737894,0.235587,-5.310592,0.307732,-5.681292,0.347051,-5.895054,0.332562,-6.007156,0.26173,-5.958336,0.193138,-5.656325,0.1518,-5.10308,0.188515,-4.379031,0.342045,-3.539292,0.607062,-2.605828,0.935572,-1.595959,1.266468,-0.55913,1.556271,0.44038,1.776541,1.37221,1.908221,2.184784,1.933697,2.855723,1.859645,3.387218,1.709857,3.818916,1.509862,4.195497,1.275573,4.54283,1.050183,4.859071,0.876444,5.11051,0.789573,5.259429,0.790874,5.246529,0.836136,5.02693,0.858029,4.617409,0.82568,4.056721,0.72345,3.380787,0.56126,2.652456,0.366688,1.905333,0.167262,1.168792,-0.018289,0.484879,-0.164423,-0.129095,-0.251107,-0.684721,-0.298383,-1.214847,-0.320242,-1.749502,-0.333265,-2.306052,-0.344055,-2.903536,-0.363933,-3.557533,-0.396741,-4.251358,-0.410134,-4.93508,-0.358921,-5.48783,-0.250909,-5.805995,-0.152856,-5.844529,-0.084249,-5.617911,-0.049187,-5.178851,-0.023188,-4.574308,0.035607,-3.848881,0.131394,-3.084992,0.270024,-2.375809,0.445218,-1.757628,0.678853,-1.244146,0.94951,-0.817952,1.222745,-0.429899,1.492406,-0.057509,1.750669,0.283046,1.971456,0.570391,2.133798,0.779801,2.227903,0.886682,2.244673,0.887832,2.170656,0.814641,2.014543,0.695871,1.805917,0.553282,1.567479,0.403315,1.300292,0.269043,1.023747,0.171431,0.771137,0.097059,0.560152,0.03561,0.383654,-0.013295,0.24402,-0.031938,0.163839,-0.029338,0.140779,-0.012467,0.150838,0.012424,0.176272,0.035222,0.197392,0.061535,0.191542,0.106779,0.160231,0.168375,0.114324,0.219132
6,-0.198892,0.297923,-0.198159,0.281124,-0.19151,0.256789,-0.177424,0.215412,-0.152198,0.151745,-0.109918,0.072977,-0.045034,-0.028661,0.046744,-0.15932,0.164943,-0.340786,0.321758,-0.588092,0.560017,-0.896882,0.902227,-1.250397,1.305206,-1.625918,1.699276,-1.995866,2.060584,-2.370559,2.380569,-2.789307,2.651469,-3.262016,2.874065,-3.773048,3.013634,-4.253153,3.032199,-4.658134,2.930963,-4.890536,2.722316,-4.885599,2.480972,-4.642036,2.272983,-4.271637,2.093599,-3.891911,1.903641,-3.504799,1.655589,-3.034292,1.344219,-2.431987,1.030305,-1.742309,0.761307,-0.993946,0.537496,-0.142327,0.361752,0.823737,0.240452,1.848103,0.18032,2.845507,0.188403,3.751502,0.233139,4.512607,0.291855,5.093045,0.347282,5.454636,0.394254,5.585665,0.427194,5.505796,0.427852,5.249417,0.393604,4.847629,0.336582,4.324546,0.255976,3.727695,0.150106,3.109143,0.056621,2.515498,-0.006005,1.967909,-0.032704,1.442799,-0.022542,0.936509,0.020207,0.466769,0.108424,0.022231,0.242806,-0.423144,0.370322,-0.868561,0.45403,-1.308523,0.483641,-1.746548,0.485131,-2.191159,0.483547,-2.661955,0.487564,-3.184907,0.482594,-3.740922,0.473449,-4.246789,0.451293,-4.59354,0.408139,-4.729409,0.367997,-4.66445,0.345506,-4.438961,0.381202,-4.12405,0.478901,-3.786754,0.573838,-3.491422,0.619998,-3.269649,0.60271,-3.080457,0.544229,-2.854738,0.491232,-2.526542,0.471272,-2.088568,0.494918,-1.562678,0.554743,-0.991714,0.624282,-0.439751,0.714332,0.035717,0.833074,0.380009,0.980972,0.567566,1.139703,0.606789,1.289832,0.543494,1.427623,0.429386,1.548673,0.334479,1.647622,0.278091,1.705272,0.237462,1.680084,0.194878,1.559928,0.151414,1.362075,0.115333,1.125294,0.066982,0.885703,-0.005153,0.651897,-0.086663,0.43994,-0.14186,0.273791,-0.145636,0.170192,-0.112604,0.129399,-0.066375,0.131953,-0.011038,0.153948,0.04913,0.161818,0.09227,0.127178,0.111216,0.044552,0.11592,-0.063463,0.113033
6,-0.252515,0.321574,-0.241283,0.310486,-0.194384,0.289887,-0.108963,0.254456,0.010887,0.210222,0.147947,0.156248,0.278837,0.074161,0.394449,-0.043301,0.48821,-0.206571,0.55327,-0.42102,0.612292,-0.704922,0.693441,-1.06296,0.805124,-1.505652,0.912028,-2.029604,1.019035,-2.611397,1.162042,-3.255498,1.347384,-3.950241,1.541059,-4.657373,1.724985,-5.314672,1.870307,-5.8543,1.906924,-6.194834,1.78309,-6.250341,1.541641,-5.964995,1.328655,-5.367217,1.132797,-4.518612,1.007368,-3.499856,0.956366,-2.404756,0.934353,-1.325014,0.952858,-0.398454,1.00214,0.304909,1.059505,0.807093,1.101216,1.193356,1.14189,1.54065,1.196829,1.894827,1.279797,2.240368,1.37532,2.543487,1.451024,2.818251,1.4769,3.079941,1.428218,3.315478,1.312977,3.481977,1.170167,3.564602,1.03473,3.577824,0.933953,3.524839,0.857169,3.403596,0.763858,3.213936,0.651481,2.954021,0.532198,2.619261,0.427498,2.219833,0.343236,1.779181,0.247549,1.345545,0.13153,0.952399,0.004265,0.617405,-0.101316,0.346816,-0.186742,0.13847,-0.248331,-0.01875,-0.272754,-0.186061,-0.231907,-0.45273,-0.153003,-0.846863,-0.110241,-1.327559,-0.128708,-1.85147,-0.19087,-2.374634,-0.29225,-2.862097,-0.386242,-3.283656,-0.426063,-3.621078,-0.427358,-3.835673,-0.406555,-3.874451,-0.341836,-3.727048,-0.225395,-3.452454,-0.063587,-3.123295,0.133855,-2.772748,0.355629,-2.421402,0.56291,-2.063277,0.724348,-1.712603,0.819726,-1.386141,0.877046,-1.056929,0.941562,-0.703276,1.084943,-0.355939,1.342832,-0.053084,1.677167,0.216585,1.99659,0.456457,2.239327,0.635924,2.377517,0.736388,2.37427,0.763719,2.210199,0.720254,1.910259,0.595129,1.546324,0.442669,1.205148,0.317824,0.944037,0.217772,0.760756,0.117597,0.602647,0.004762,0.453361,-0.111964,0.334649,-0.203869,0.253693,-0.23177,0.19772,-0.195386,0.152588,-0.120197,0.094862,-0.037088,0.012738,0.028729,-0.072251,0.054502,-0.123912,0.032974,-0.126133,-0.027685
6,-0.021106,-0.00295,0.014654,-0.008271,0.051797,-0.01649,0.083218,-0.031561,0.106867,-0.054911,0.121342,-0.083503,0.132137,-0.130703,0.137862,-0.219157,0.158531,-0.382095,0.218139,-0.654032,0.333355,-1.018558,0.504152,-1.490622,0.687593,-2.057036,0.832546,-2.731248,0.910568,-3.482204,0.940606,-4.241827,1.009035,-4.991927,1.083993,-5.641963,1.074123,-6.021234,0.998187,-6.02588,0.911552,-5.769997,0.846814,-5.360491,0.771941,-4.802721,0.699174,-4.109059,0.713549,-3.334474,0.794565,-2.474542,0.906331,-1.525929,0.966776,-0.546568,0.94076,0.366804,0.829993,1.137991,0.683243,1.75805,0.571836,2.254862,0.52349,2.668314,0.544539,3.028817,0.610807,3.366556,0.703773,3.688655,0.804317,3.981564,0.887707,4.241506,0.916725,4.467519,0.878813,4.645142,0.788497,4.714383,0.661309,4.646923,0.523368,4.419554,0.398914,4.045498,0.307378,3.538687,0.236754,2.947057,0.180845,2.301954,0.139659,1.648395,0.104943,1.00728,0.066809,0.399673,0.007934,-0.15961,-0.089725,-0.679997,-0.201649,-1.182267,-0.269549,-1.720752,-0.2731,-2.293151,-0.241622,-2.864932,-0.201219,-3.412173,-0.164773,-3.923036,-0.137378,-4.367972,-0.130117,-4.69181,-0.166821,-4.881459,-0.212695,-4.947629,-0.216308,-4.890054,-0.136207,-4.750337,0.017028,-4.544747,0.182562,-4.262734,0.332268,-3.870522,0.444353,-3.367518,0.552528,-2.767968,0.703437,-2.140777,0.90603,-1.515615,1.126752,-0.969243,1.315832,-0.521677,1.453398,-0.154629,1.566957,0.153742,1.686638,0.402555,1.816252,0.587028,1.957205,0.712789,2.107306,0.801814,2.223475,0.879992,2.255057,0.944712,2.209141,0.975874,2.116761,0.948928,1.999332,0.859147,1.848129,0.719504,1.671686,0.562232,1.457887,0.406023,1.206924,0.255573,0.93082,0.117564,0.658084,0.013816,0.402046,-0.041285,0.188935,-0.04914,0.016021,-0.025946,-0.114027,0.002357,-0.209451,0.026976,-0.275489,0.037398,-0.303783,0.024433,-0.284272,0.006562,-0.222551,0.008959,-0.125954,0.033748
6,0.070603,-0.143492,0.109339,-0.228827,0.153498,-0.347644,0.194213,-0.558841,0.280555,-0.918033,0.444744,-1.524118,0.650825,-2.139271,0.832901,-2.830228,0.985998,-3.488686,1.089495,-4.067853,1.165173,-4.511058,1.202281,-4.783486,1.178212,-4.892515,1.087841,-4.822604,0.998948,-4.53833,0.978257,-4.073078,1.02149,-3.515277,1.084389,-2.878199,1.129475,-2.173898,1.156708,-1.442428,1.180794,-0.746943,1.214256,-0.139167,1.235932,0.390274,1.226703,0.902282,1.186511,1.461462,1.141606,2.073954,1.112967,2.714051,1.09071,3.362552,1.052135,3.966496,0.99495,4.464596,0.922337,4.816406,0.858143,5.010246,0.796219,5.060998,0.740889,4.980239,0.680471,4.772995,0.607737,4.429967,0.539725,3.954551,0.477784,3.378402,0.413117,2.735633,0.348755,2.041259,0.277194,1.346601,0.182484,0.690503,0.058133,0.095188,-0.084429,-0.454392,-0.224063,-0.962159,-0.332516,-1.463281,-0.415265,-1.975911,-0.477796,-2.512272,-0.492984,-3.077753,-0.466604,-3.686646,-0.402016,-4.305116,-0.288683,-4.869372,-0.183908,-5.327966,-0.142262,-5.653831,-0.174168,-5.769706,-0.239741,-5.661548,-0.275789,-5.390892,-0.255473,-4.979771,-0.151026,-4.39289,0.054266,-3.62724,0.323513,-2.771164,0.597123,-1.963705,0.800502,-1.296498,0.903937,-0.811966,0.91544,-0.505352,0.87479,-0.338235,0.840768,-0.254374,0.870472,-0.215258,1.000609,-0.177031,1.251259,-0.13095,1.599375,-0.077889,1.996966,-0.041992,2.387801,-0.045282,2.729681,-0.095601,3.008757,-0.163576,3.208835,-0.225536,3.309158,-0.268665,3.296379,-0.280777,3.152258,-0.255058,2.866696,-0.194228,2.44524,-0.120366,1.926654,-0.04202,1.369748,0.040846,0.825233,0.129169,0.355989,0.209915,-0.016029,0.300591,-0.285052,0.390664,-0.449959,0.464032,-0.51308,0.491609,-0.506543,0.470414,-0.479271,0.417865,-0.464593,0.364277,-0.46404,0.32266,-0.45937,0.298636,-0.454608,0.283579,-0.447946,0.275824,-0.434298,0.266458,-0.411505,0.251866,-0.395063,0.221911,-0.38172,0.163947
6,-0.024032,-0.286083,-0.03391,-0.504809,0.007037,-0.882304,0.125423,-1.611519,0.273373,-2.378522,0.422012,-3.302289,0.537918,-4.186788,0.629975,-4.993321,0.700113,-5.634173,0.73504,-6.079938,0.705214,-6.249441,0.631848,-6.075007,0.57948,-5.56814,0.59984,-4.811388,0.7141,-3.87848,0.923088,-2.857509,1.174441,-1.860602,1.411193,-0.945671,1.579938,-0.088867,1.646616,0.750665,1.632944,1.537489,1.572874,2.248245,1.509329,2.8664,1.443259,3.409297,1.383994,3.897246,1.320473,4.355133,1.236677,4.773179,1.127157,5.12747,1.002937,5.382463,0.893477,5.501423,0.817516,5.449512,0.756599,5.212482,0.697273,4.780266,0.6262,4.166327,0.535062,3.420072,0.417917,2.590702,0.286074,1.718553,0.135327,0.862313,-0.023372,0.104173,-0.180289,-0.492046,-0.334175,-0.913527,-0.462419,-1.214721,-0.542128,-1.490229,-0.568499,-1.816172,-0.543577,-2.208277,-0.481068,-2.670955,-0.398084,-3.212039,-0.304008,-3.817042,-0.216408,-4.422336,-0.163146,-4.946463,-0.146069,-5.299814,-0.137048,-5.457334,-0.187307,-5.407608,-0.305731,-5.110368,-0.470132,-4.572934,-0.640997,-3.899861,-0.7516,-3.181247,-0.737293,-2.460896,-0.569172,-1.761084,-0.271435,-1.108686,0.096844,-0.551249,0.435454,-0.130282,0.690506,0.137719,0.84728,0.288434,0.921692,0.382308,0.964491,0.456872,1.054624,0.553262,1.264751,0.658914,1.602313,0.750519,1.995262,0.793558,2.369395,0.783644,2.664505,0.722086,2.859519,0.607933,2.951478,0.465638,2.945912,0.324309,2.843235,0.181914,2.646985,0.056294,2.360133,-0.01783,1.994089,-0.030438,1.575166,-0.00422,1.134936,0.026897,0.692257,0.057943,0.277196,0.090812,-0.091832,0.131668,-0.385111,0.177614,-0.559227,0.19292,-0.632338,0.175908,-0.640545,0.145258,-0.594176,0.128052,-0.505289,0.129949,-0.39449,0.138425,-0.301147,0.144623,-0.252681,0.149554,-0.249951,0.148259,-0.278106,0.133498,-0.321522,0.103184,-0.353235,0.068604,-0.346102,0.036109,-0.289619,0.003091,-0.1988,-0.037489
6,-0.0241,0.121844,-0.027969,0.030425,-0.048622,-0.084722,-0.082464,-0.205888,-0.1174,-0.325339,-0.147965,-0.44132,-0.156615,-0.560093,-0.133584,-0.71037,-0.06047,-0.930104,0.071035,-1.275925,0.255982,-1.771924,0.481879,-2.397507,0.714022,-3.085659,0.90491,-3.763595,1.038398,-4.346671,1.127346,-4.770698,1.183109,-5.013325,1.257785,-5.123499,1.361529,-5.151793,1.450335,-5.103591,1.500792,-4.922264,1.504525,-4.539509,1.487455,-3.970176,1.487618,-3.301601,1.478,-2.626104,1.42922,-1.980685,1.312472,-1.322682,1.127013,-0.563849,0.902421,0.347527,0.71386,1.344639,0.608815,2.334559,0.599234,3.242869,0.659073,4.012762,0.730606,4.644291,0.774768,5.141101,0.785018,5.482351,0.778718,5.65338,0.760127,5.644192,0.723344,5.480968,0.646844,5.2144,0.533911,4.884394,0.395918,4.507971,0.241656,4.089591,0.0889,3.604718,-0.048072,3.035808,-0.142457,2.388938,-0.190408,1.701837,-0.202854,0.996968,-0.192087,0.29299,-0.165618,-0.385921,-0.128183,-1.034022,-0.063146,-1.642122,0.034647,-2.217612,0.160879,-2.768688,0.294438,-3.350445,0.402426,-3.986288,0.486021,-4.645452,0.529323,-5.279251,0.498205,-5.787382,0.38386,-6.077233,0.207129,-6.0813,0.031982,-5.790724,-0.0753,-5.287166,-0.074255,-4.704043,0.047568,-4.152508,0.26115,-3.677976,0.507375,-3.285137,0.740448,-2.917965,0.922554,-2.505848,1.055581,-2.016287,1.165883,-1.456185,1.282886,-0.889723,1.438089,-0.378606,1.629519,0.056052,1.837501,0.41075,2.053689,0.698299,2.25942,0.898373,2.434283,0.993567,2.551976,0.974003,2.587273,0.857591,2.548412,0.675644,2.467312,0.476781,2.357903,0.277396,2.203363,0.083926,1.990063,-0.087745,1.717265,-0.21491,1.417344,-0.292775,1.125789,-0.325866,0.868381,-0.313344,0.637432,-0.260368,0.426726,-0.177182,0.239402,-0.075401,0.08451,0.03228,-0.038012,0.133636,-0.123629,0.200114,-0.173992,0.214634,-0.198053,0.179155,-0.21766,0.129585,-0.240134,0.099506,-0.255362,0.086939
6,0.008677,-0.027905,0.019131,-0.082089,0.0338,-0.178185,0.069781,-0.320587,0.141395,-0.513231,0.251513,-0.769814,0.393215,-1.105761,0.557292,-1.541545,0.745964,-2.092574,0.915772,-2.727366,1.035112,-3.393054,1.087194,-4.052487,1.08183,-4.674741,1.059163,-5.226485,1.019874,-5.659781,0.97709,-5.969957,0.93323,-6.102562,0.915248,-6.00194,0.922299,-5.653239,0.945461,-5.069114,0.968443,-4.279953,1.003752,-3.339168,1.046065,-2.381689,1.088067,-1.52242,1.09923,-0.804747,1.066321,-0.170472,0.988512,0.432886,0.926278,1.003151,0.932732,1.513927,1.026329,1.980663,1.174662,2.433677,1.355502,2.944092,1.521503,3.509148,1.620473,4.078626,1.619113,4.572503,1.528973,4.962532,1.383027,5.25459,1.190395,5.426495,0.964431,5.448423,0.752388,5.287462,0.579068,4.94288,0.429329,4.433719,0.276319,3.803757,0.121338,3.111608,-0.036941,2.398084,-0.186816,1.683023,-0.303527,0.9856,-0.359172,0.341326,-0.337457,-0.237535,-0.232056,-0.760812,-0.106021,-1.240983,-0.019223,-1.695122,0.00619,-2.137705,-0.015471,-2.585041,-0.037618,-3.065752,-0.042027,-3.604343,-0.029711,-4.187169,-0.021848,-4.754368,-0.034247,-5.24324,-0.069938,-5.595601,-0.141913,-5.753443,-0.223295,-5.697535,-0.275882,-5.439327,-0.277505,-5.061587,-0.226011,-4.616,-0.139834,-4.085723,-0.022998,-3.453365,0.13228,-2.74594,0.338207,-2.021613,0.578157,-1.357378,0.834655,-0.796436,1.070069,-0.332454,1.257944,0.044231,1.406706,0.327623,1.545819,0.511395,1.703278,0.592651,1.879981,0.592377,2.059861,0.544497,2.220838,0.465934,2.360119,0.350257,2.443032,0.194807,2.444668,0.028541,2.350958,-0.092891,2.181337,-0.145422,1.957146,-0.164752,1.691572,-0.162241,1.397309,-0.134857,1.092946,-0.077639,0.79887,-0.011305,0.526358,0.03703,0.301192,0.06392,0.145886,0.065062,0.044933,0.06359,-0.014619,0.084123,-0.041117,0.137542,-0.0399,0.204277,-0.030554,0.260596,-0.036046,0.296485,-0.059372,0.320517,-0.087781,0.328041
6,-0.071012,0.373257,-0.062261,0.364261,-0.048803,0.340289,-0.02579,0.302954,0.008869,0.254482,0.056294,0.182867,0.114736,0.074058,0.160381,-0.091312,0.171043,-0.303657,0.149064,-0.56565,0.12481,-0.872895,0.124185,-1.267254,0.198488,-1.778602,0.367984,-2.42292,0.626265,-3.183418,0.921833,-3.990508,1.179331,-4.754289,1.338694,-5.384092,1.364779,-5.840558,1.294857,-6.163765,1.176503,-6.360045,1.046298,-6.374296,0.96027,-6.134951,0.955012,-5.63195,1.024895,-4.942197,1.130314,-4.122018,1.22164,-3.205832,1.258551,-2.225205,1.253216,-1.218507,1.223459,-0.231475,1.193336,0.707376,1.172156,1.611525,1.160464,2.516773,1.16044,3.422564,1.140671,4.264193,1.103664,4.974733,1.033225,5.521825,0.9412,5.893037,0.848353,6.062442,0.76436,6.015865,0.684969,5.75031,0.600071,5.286781,0.507483,4.683944,0.400653,3.998102,0.272418,3.290155,0.120076,2.59098,-0.043172,1.913873,-0.199393,1.263418,-0.308517,0.64414,-0.345016,0.06389,-0.309964,-0.479107,-0.244024,-0.994795,-0.179837,-1.495676,-0.126346,-2.007028,-0.05937,-2.550922,0.048682,-3.124725,0.189976,-3.721173,0.330071,-4.30294,0.442574,-4.83739,0.507284,-5.291242,0.484405,-5.612985,0.376628,-5.729689,0.227113,-5.612892,0.08513,-5.298112,0.017125,-4.799019,0.020793,-4.120142,0.101929,-3.328988,0.263994,-2.550836,0.494132,-1.875306,0.765435,-1.349272,1.015591,-0.960598,1.206263,-0.654089,1.326728,-0.379797,1.410515,-0.126918,1.485248,0.096759,1.560694,0.279836,1.640306,0.415526,1.747401,0.490352,1.885853,0.502179,2.045644,0.445127,2.202967,0.353108,2.333146,0.242632,2.402868,0.131214,2.379595,0.02476,2.23893,-0.075417,1.989927,-0.165472,1.663221,-0.221796,1.307372,-0.222282,0.952859,-0.165611,0.640259,-0.07543,0.370644,0.022365,0.148707,0.097351,-0.033815,0.143127,-0.164686,0.1565,-0.242812,0.150367,-0.260663,0.136176,-0.247644,0.139764,-0.229029,0.15839,-0.236146,0.176801,-0.276926,0.175019
6,-0.145299,0.363872,-0.123683,0.332718,-0.093608,0.309973,-0.055065,0.284108,-0.006948,0.24754,0.04296,0.193011,0.087762,0.111451,0.12697,-0.005195,0.166447,-0.175227,0.213505,-0.451332,0.229595,-0.828305,0.262962,-1.2922,0.338208,-1.842673,0.462719,-2.436169,0.628581,-3.057503,0.810496,-3.692024,0.957611,-4.313474,1.032261,-4.866718,1.003761,-5.332793,0.851698,-5.66133,0.621568,-5.741612,0.419227,-5.49956,0.333763,-4.995068,0.414152,-4.311417,0.645217,-3.506494,0.960106,-2.618222,1.296048,-1.691993,1.595961,-0.768764,1.813427,0.110399,1.916722,0.904006,1.899299,1.599359,1.782561,2.260967,1.61264,2.935118,1.423261,3.62247,1.235766,4.302204,1.05303,4.94134,0.867258,5.502793,0.681712,5.94151,0.514043,6.193007,0.377285,6.2153,0.276043,5.996726,0.206579,5.572858,0.156682,4.993205,0.094803,4.293516,0.019508,3.517195,-0.063301,2.726324,-0.138509,1.970275,-0.176592,1.283896,-0.176515,0.690378,-0.156396,0.17752,-0.135998,-0.276943,-0.120678,-0.705582,-0.112215,-1.13833,-0.102802,-1.574649,-0.071129,-1.984006,0.006769,-2.356157,0.125556,-2.698298,0.285197,-3.058133,0.454905,-3.480338,0.59289,-3.971616,0.651164,-4.506233,0.609272,-5.04961,0.468992,-5.557673,0.270832,-5.965858,0.071733,-6.18932,-0.084685,-6.190785,-0.147275,-5.975129,-0.070136,-5.575296,0.140191,-5.032357,0.455894,-4.361783,0.784838,-3.537544,1.085248,-2.622322,1.309631,-1.704155,1.441026,-0.851227,1.481568,-0.114367,1.463276,0.477677,1.421457,0.90191,1.378392,1.190215,1.356588,1.36636,1.396675,1.42896,1.522304,1.364966,1.713731,1.207575,1.92672,0.985462,2.094831,0.726632,2.169201,0.453977,2.111681,0.198848,1.900037,0.006119,1.565345,-0.084769,1.176553,-0.096198,0.790832,-0.073195,0.451796,-0.042567,0.21891,-0.019536,0.108438,0.004469,0.097831,0.034965,0.124141,0.06395,0.131955,0.089566,0.098021,0.123824,0.046077,0.173411,0.00576,0.225828,-0.017518,0.269907
6,-0.015338,0.445804,-0.011121,0.450764,-0.021831,0.42922,-0.04215,0.387882,-0.068614,0.332625,-0.100745,0.27955,-0.128771,0.235922,-0.141815,0.200427,-0.136461,0.165456,-0.138313,0.107718,-0.144487,-0.001206,-0.135896,-0.163683,-0.107028,-0.383639,-0.069585,-0.676377,-0.006691,-1.064819,0.097232,-1.547326,0.222832,-2.104364,0.324056,-2.708903,0.404715,-3.336558,0.474241,-3.953614,0.539068,-4.534679,0.598652,-5.07378,0.642518,-5.569602,0.679731,-5.963733,0.696555,-6.17648,0.67996,-6.100379,0.683766,-5.700454,0.748911,-5.082219,0.89838,-4.397147,1.118025,-3.704493,1.346016,-2.911096,1.554009,-1.879383,1.700143,-0.596424,1.755286,0.810907,1.726027,2.150178,1.619284,3.263651,1.502985,4.077709,1.402918,4.610587,1.318643,4.949177,1.215977,5.16149,1.073986,5.305214,0.899767,5.388829,0.710147,5.385071,0.540337,5.277676,0.404963,5.043952,0.28793,4.656352,0.189346,4.100265,0.092041,3.399701,-0.023081,2.60607,-0.14092,1.783765,-0.230471,0.976519,-0.284738,0.203664,-0.308913,-0.503108,-0.285147,-1.131199,-0.219553,-1.701925,-0.128408,-2.245733,-0.031738,-2.782329,0.043885,-3.327735,0.080742,-3.881795,0.060385,-4.439463,-0.02297,-4.94188,-0.136604,-5.32895,-0.237046,-5.544109,-0.291209,-5.510059,-0.253427,-5.207881,-0.109746,-4.689663,0.0988,-4.061801,0.307418,-3.406069,0.492616,-2.794231,0.660539,-2.256397,0.813417,-1.77623,0.962035,-1.324116,1.135736,-0.904758,1.34527,-0.534573,1.549642,-0.215696,1.713255,0.077262,1.86106,0.345307,2.03456,0.536583,2.229697,0.60371,2.427744,0.546101,2.613556,0.40434,2.763052,0.201923,2.809061,-0.010606,2.716989,-0.140258,2.49234,-0.122651,2.180303,0.001023,1.833426,0.129606,1.485568,0.177189,1.141648,0.118587,0.789185,0.017512,0.436209,-0.068105,0.115825,-0.118832,-0.148921,-0.116291,-0.33894,-0.041162,-0.44258,0.098717,-0.471389,0.247887,-0.450233,0.347132,-0.411872,0.371455,-0.37032,0.320713,-0.327869,0.21238
6,-0.102967,0.25815,-0.092827,0.253314,-0.082614,0.248509,-0.079515,0.252191,-0.085135,0.2625,-0.089346,0.266475,-0.079928,0.260192,-0.061933,0.232107,-0.037161,0.162784,-0.013734,0.02301,0.019561,-0.163774,0.049732,-0.368416,0.073373,-0.594679,0.114648,-0.884116,0.168158,-1.255043,0.230901,-1.735095,0.28516,-2.290272,0.31082,-2.924902,0.309355,-3.640783,0.284537,-4.370202,0.267717,-5.050838,0.302177,-5.577283,0.440823,-5.941976,0.653521,-6.164951,0.860372,-6.214403,1.028376,-6.019086,1.166967,-5.532236,1.284901,-4.740485,1.406931,-3.699621,1.542752,-2.569165,1.663602,-1.504818,1.730079,-0.576697,1.742554,0.205797,1.721401,0.839959,1.675902,1.39798,1.594186,1.94396,1.501837,2.471141,1.396336,2.961637,1.266952,3.426701,1.120961,3.85093,0.968715,4.215746,0.820672,4.498145,0.674207,4.675272,0.524247,4.716654,0.396005,4.599654,0.303084,4.310532,0.256915,3.858078,0.246624,3.278668,0.255946,2.612057,0.25713,1.899551,0.217135,1.207046,0.138122,0.588336,0.027471,0.060274,-0.100718,-0.400166,-0.22903,-0.836819,-0.325514,-1.254226,-0.369551,-1.669414,-0.361279,-2.108656,-0.338462,-2.593279,-0.310628,-3.164796,-0.288296,-3.788931,-0.254572,-4.387439,-0.211737,-4.870844,-0.178959,-5.120341,-0.147895,-5.046258,-0.08254,-4.628235,0.015958,-3.996739,0.162191,-3.374174,0.346559,-2.905585,0.530714,-2.587889,0.665195,-2.307399,0.762165,-1.973159,0.837094,-1.567519,0.930994,-1.156087,1.061867,-0.795206,1.230519,-0.467307,1.430911,-0.151407,1.669672,0.138202,1.934735,0.349029,2.187733,0.427951,2.383906,0.383537,2.50837,0.263631,2.544731,0.148817,2.482275,0.072391,2.324284,0.012049,2.059938,-0.049215,1.712909,-0.070431,1.327683,-0.019106,0.945901,0.068596,0.597366,0.130058,0.299368,0.145759,0.06121,0.115839,-0.116938,0.065397,-0.230661,0.032913,-0.295846,0.039314,-0.334719,0.069768,-0.355791,0.109442,-0.347729,0.156232,-0.312323,0.207162,-0.262022,0.239055
6,-0.118816,0.258309,-0.117319,0.255333,-0.105126,0.227623,-0.086776,0.155232,-0.061911,0.044858,-0.026938,-0.093672,0.030152,-0.254715,0.121372,-0.442364,0.243491,-0.674135,0.373987,-0.977973,0.493844,-1.393717,0.594034,-1.961801,0.668607,-2.692714,0.744488,-3.559873,0.801876,-4.48545,0.844611,-5.305958,0.920693,-5.923645,1.011626,-6.301519,1.092943,-6.408499,1.152142,-6.22097,1.201032,-5.752763,1.234235,-5.03759,1.244505,-4.173842,1.244268,-3.313564,1.224842,-2.573956,1.187389,-1.988585,1.119949,-1.463821,1.041908,-0.962713,0.985908,-0.490989,0.957768,-0.013408,0.939758,0.525664,0.913605,1.149016,0.895908,1.814318,0.902489,2.445726,0.953902,3.005173,1.049509,3.485843,1.160798,3.901212,1.250494,4.25749,1.2973,4.550159,1.284291,4.747741,1.216331,4.829134,1.091027,4.774178,0.918791,4.571498,0.716831,4.218681,0.50225,3.724292,0.298284,3.137151,0.122219,2.526863,-0.019424,1.931865,-0.131125,1.38749,-0.215313,0.900495,-0.284937,0.477897,-0.35856,0.11973,-0.428218,-0.192267,-0.465018,-0.512815,-0.462446,-0.892876,-0.424824,-1.331572,-0.362047,-1.825406,-0.279021,-2.379526,-0.185655,-2.973546,-0.087798,-3.56383,0.007244,-4.101886,0.09373,-4.554169,0.134815,-4.877627,0.106898,-5.039989,0.025204,-4.991828,-0.065259,-4.735011,-0.102492,-4.306253,-0.055325,-3.770269,0.076726,-3.205217,0.26845,-2.682943,0.485519,-2.219814,0.68575,-1.802685,0.837972,-1.405576,0.933869,-0.993706,0.996176,-0.602799,1.034807,-0.307342,1.090259,-0.104653,1.217953,0.0553,1.4451,0.175924,1.732052,0.255071,2.025918,0.29067,2.292005,0.277099,2.492481,0.205143,2.584354,0.100204,2.530854,-0.009799,2.305515,-0.070268,1.936686,-0.064592,1.498024,-0.018323,1.059091,0.059469,0.656498,0.143955,0.316834,0.215744,0.051438,0.256851,-0.136996,0.269379,-0.232442,0.266084,-0.251104,0.256971,-0.220073,0.239822,-0.172855,0.233363,-0.13881,0.245145,-0.141677,0.260192,-0.181345,0.267094
6,-0.11271,0.251167,-0.121239,0.288375,-0.119594,0.332419,-0.11148,0.38141,-0.105355,0.43767,-0.098573,0.499658,-0.100506,0.561727,-0.107691,0.612659,-0.122085,0.635436,-0.138129,0.624833,-0.150121,0.567963,-0.157409,0.468236,-0.159003,0.326964,-0.115267,0.065246,-0.018976,-0.328925,0.182787,-0.949075,0.438558,-1.662952,0.685235,-2.453036,0.900714,-3.254164,1.096043,-4.042399,1.276819,-4.787583,1.430994,-5.4484,1.543567,-6.01428,1.600303,-6.435267,1.592568,-6.664907,1.49926,-6.596215,1.35813,-6.149127,1.211397,-5.367756,1.103559,-4.363486,1.030404,-3.273998,0.98022,-2.243017,0.937959,-1.359855,0.90021,-0.633916,0.879343,-0.004957,0.870547,0.608159,0.871084,1.242133,0.885338,1.901163,0.914919,2.55785,0.945668,3.171706,0.956245,3.727825,0.934517,4.227442,0.893297,4.655448,0.849705,5.012324,0.823219,5.260296,0.820082,5.332876,0.81634,5.196114,0.795479,4.862239,0.777037,4.403638,0.743435,3.877735,0.672368,3.317227,0.552347,2.725299,0.391724,2.126744,0.208368,1.545992,0.015101,0.961556,-0.171378,0.362099,-0.328035,-0.244221,-0.452959,-0.842203,-0.545593,-1.436437,-0.600441,-2.05343,-0.574875,-2.707781,-0.45035,-3.362078,-0.270542,-3.968619,-0.099188,-4.487802,0.001523,-4.922982,0.017126,-5.275597,-0.025806,-5.520592,-0.073701,-5.548836,-0.092731,-5.297929,-0.075239,-4.805327,0.001169,-4.166604,0.13012,-3.497608,0.279881,-2.856553,0.433286,-2.271224,0.579978,-1.71567,0.724826,-1.197412,0.892436,-0.75057,1.096656,-0.374214,1.37474,-0.054523,1.746858,0.217299,2.165139,0.446337,2.527345,0.60102,2.773254,0.637116,2.88103,0.55286,2.835743,0.419025,2.650038,0.312094,2.3535,0.25971,1.964817,0.25035,1.526824,0.262282,1.094601,0.274863,0.698641,0.271567,0.370179,0.241807,0.117285,0.191296,-0.057294,0.137354,-0.160722,0.09375,-0.218353,0.067851,-0.229675,0.072024,-0.202482,0.119218,-0.154283,0.192657,-0.120884,0.268772,-0.122676,0.329699
6,0.154713,-0.312836,0.1273,-0.528992,0.076443,-0.853443,0.042216,-1.260679,0.049171,-1.767013,0.119453,-2.370604,0.230167,-3.055628,0.320343,-3.773851,0.35965,-4.467221,0.366284,-5.097298,0.38187,-5.617997,0.395114,-5.995708,0.368433,-6.152721,0.28224,-6.017428,0.201785,-5.58266,0.219968,-4.873107,0.37393,-3.980086,0.600467,-2.996241,0.83139,-1.924135,1.01516,-0.748219,1.140248,0.409898,1.202796,1.396338,1.189243,2.201291,1.127234,2.90314,1.048458,3.535628,0.950661,4.108496,0.86226,4.651464,0.793786,5.159294,0.769156,5.572573,0.818211,5.78821,0.951165,5.740115,1.143197,5.446577,1.319022,4.975142,1.426797,4.409276,1.448391,3.792264,1.36207,3.099321,1.161886,2.349953,0.869247,1.574913,0.532568,0.798612,0.19532,0.048325,-0.101188,-0.670343,-0.325086,-1.345647,-0.474974,-1.96786,-0.589568,-2.533268,-0.704617,-3.065974,-0.817439,-3.568182,-0.934198,-4.058346,-1.065091,-4.548589,-1.215217,-4.969144,-1.342927,-5.239623,-1.380849,-5.321307,-1.277199,-5.245017,-1.018164,-5.03497,-0.658128,-4.718477,-0.287578,-4.308804,0.050422,-3.811925,0.335756,-3.282789,0.566821,-2.732935,0.718106,-2.174883,0.79275,-1.582623,0.834664,-0.9862,0.892841,-0.465508,0.970078,-0.075381,1.051093,0.179762,1.119348,0.30445,1.211228,0.304249,1.342598,0.195137,1.541789,0.029129,1.822649,-0.140731,2.158868,-0.276259,2.494361,-0.372815,2.785517,-0.438567,2.973082,-0.494,3.011737,-0.531785,2.895105,-0.53669,2.66511,-0.511108,2.370605,-0.463652,2.048102,-0.417367,1.717987,-0.3712,1.372569,-0.315628,0.994391,-0.242044,0.603301,-0.150794,0.239077,-0.07096,-0.079796,-0.002105,-0.335349,0.076107,-0.504006,0.149879,-0.586496,0.199918,-0.60302,0.221608,-0.573058,0.205817,-0.512893,0.165824,-0.441155,0.118066,-0.358491,0.085996,-0.269378,0.077787,-0.172689,0.091141,-0.089289,0.11395,-0.037337,0.126916,-0.015357,0.11924,-0.024729,0.105916,-0.049032,0.093405,-0.059736,0.075802
6,-0.023012,0.553493,-0.037084,0.534981,-0.032389,0.496662,-0.015177,0.431112,0.011337,0.343617,0.040658,0.224714,0.072492,-0.000337,0.107487,-0.268699,0.150121,-0.81929,0.22763,-1.446338,0.35182,-2.139466,0.540213,-2.996622,0.730003,-3.94409,0.829634,-4.868994,0.818188,-5.694157,0.729153,-6.346302,0.62898,-6.743952,0.543418,-6.858514,0.490606,-6.741527,0.462577,-6.394044,0.478986,-5.801735,0.567426,-4.995846,0.71116,-4.057929,0.879751,-2.982422,1.041257,-1.784942,1.184363,-0.565012,1.290798,0.55597,1.344106,1.549838,1.320811,2.47722,1.242653,3.360972,1.141797,4.141638,1.051771,4.781614,0.987807,5.347456,0.911459,5.853229,0.833719,6.253781,0.819791,6.441271,0.84082,6.320711,0.859416,5.914575,0.887129,5.297271,0.921178,4.550971,0.921071,3.766638,0.863609,2.958719,0.704325,2.16064,0.472311,1.392429,0.202856,0.661019,-0.070166,-0.051951,-0.325127,-0.741572,-0.54167,-1.399849,-0.712693,-2.038332,-0.827245,-2.684097,-0.886927,-3.349069,-0.876049,-4.00382,-0.810639,-4.626779,-0.716045,-5.219002,-0.627102,-5.734313,-0.594516,-6.047487,-0.582924,-6.070292,-0.538754,-5.813487,-0.406393,-5.374553,-0.185279,-4.854279,0.103007,-4.293145,0.401872,-3.699992,0.632812,-3.0725,0.771643,-2.415962,0.847852,-1.772855,0.91382,-1.165413,0.982558,-0.592656,1.054826,-0.087612,1.119331,0.331004,1.194258,0.665502,1.31806,0.898937,1.479174,1.016103,1.63928,1.014501,1.791332,0.919328,1.939423,0.769112,2.08155,0.609482,2.19274,0.473595,2.22988,0.351147,2.148456,0.222377,1.930954,0.096655,1.610548,-0.019616,1.222758,-0.101506,0.818783,-0.142742,0.444593,-0.157129,0.122731,-0.165713,-0.139391,-0.181897,-0.331178,-0.204735,-0.451984,-0.20621,-0.51297,-0.179863,-0.519439,-0.141185,-0.47629,-0.101085,-0.397376,-0.053568,-0.29008,0.014298,-0.181574,0.104896,-0.09342,0.206301,-0.050828,0.293867,-0.054592,0.343904,-0.084724,0.333521,-0.122621,0.268567,-0.160673,0.17223
6,0.008919,0.183972,0.002195,0.193035,0.003428,0.208951,0.013769,0.233763,0.024809,0.269206,0.035981,0.305716,0.04664,0.333725,0.058769,0.337061,0.073878,0.308122,0.090004,0.250228,0.112538,0.16611,0.138924,0.067813,0.169653,-0.055064,0.191768,-0.215223,0.198153,-0.430527,0.186577,-0.708497,0.164027,-1.133902,0.143206,-1.604821,0.20216,-2.502559,0.313512,-3.424398,0.462245,-4.292436,0.623768,-5.084809,0.736792,-5.694248,0.772611,-6.102604,0.726342,-6.292621,0.600972,-6.24386,0.474435,-5.990178,0.446883,-5.602521,0.533128,-5.131813,0.684014,-4.551819,0.846272,-3.778365,1.004146,-2.795373,1.154193,-1.678877,1.279032,-0.537442,1.343665,0.537596,1.330442,1.520538,1.254057,2.462395,1.156723,3.374427,1.078576,4.184011,1.017195,4.858343,0.955199,5.448413,0.876055,5.942691,0.835738,6.297565,0.86772,6.430573,0.931877,6.218187,0.994161,5.633152,1.056144,4.781756,1.083057,3.924933,1.038114,3.139405,0.87897,2.43212,0.614607,1.754979,0.301871,1.051557,0.002018,0.305324,-0.250361,-0.458178,-0.443493,-1.211873,-0.576734,-1.943288,-0.649937,-2.646405,-0.69019,-3.306949,-0.718681,-3.935752,-0.730998,-4.56432,-0.726903,-5.179144,-0.702815,-5.69959,-0.669294,-5.996836,-0.624578,-5.957681,-0.544291,-5.555547,-0.396365,-4.894661,-0.197668,-4.113008,0.006022,-3.296232,0.200023,-2.515124,0.383692,-1.808692,0.563207,-1.197496,0.732342,-0.662479,0.870606,-0.226989,0.986264,0.100578,1.123761,0.347604,1.314282,0.524813,1.561499,0.607932,1.827944,0.563991,2.068386,0.417629,2.241809,0.235236,2.327819,0.074549,2.332244,-0.03113,2.294354,-0.073597,2.218392,-0.04909,2.075243,0.018782,1.843634,0.093167,1.546022,0.11786,1.221406,0.069065,0.897154,-0.009584,0.600891,-0.066084,0.346555,-0.089154,0.146134,-0.077977,-0.007071,-0.035883,-0.124474,0.04041,-0.218649,0.140819,-0.278193,0.229294,-0.296066,0.280775,-0.289503,0.303285,-0.264247,0.312678,-0.214218,0.314066
6,0.460258,-2.060316,0.602152,-2.867395,0.724916,-3.665902,0.81992,-4.440708,0.902774,-5.172716,1.008866,-5.813018,1.10993,-6.290713,1.147409,-6.552482,1.077682,-6.501943,0.970728,-6.085888,0.88581,-5.377563,0.826794,-4.468791,0.80596,-3.432438,0.837914,-2.339518,0.913048,-1.238332,0.991655,-0.162089,1.027223,0.853197,1.021043,1.763568,0.983346,2.572914,0.928309,3.306088,0.854217,3.969507,0.788487,4.574553,0.734691,5.103368,0.707833,5.502427,0.710195,5.689093,0.74267,5.643308,0.808576,5.413153,0.873066,5.068397,0.931274,4.657202,0.97852,4.184399,0.987316,3.653403,0.936095,3.081028,0.799962,2.454958,0.5595,1.753183,0.278959,1.004297,0.017604,0.261969,-0.19399,-0.411172,-0.333724,-0.975897,-0.388137,-1.444796,-0.352812,-1.862847,-0.270641,-2.266754,-0.206057,-2.69582,-0.194321,-3.205272,-0.227148,-3.795895,-0.27351,-4.418914,-0.303907,-4.960346,-0.263618,-5.357616,-0.105375,-5.597255,0.173447,-5.671672,0.478037,-5.544934,0.711767,-5.152437,0.816652,-4.476946,0.79248,-3.59815,0.690474,-2.614885,0.595496,-1.647858,0.563173,-0.826929,0.60715,-0.235144,0.698314,0.130161,0.838872,0.310075,1.050695,0.353763,1.308776,0.30809,1.580641,0.215324,1.866881,0.088314,2.178628,-0.063326,2.480847,-0.216141,2.724901,-0.333443,2.864038,-0.383754,2.855865,-0.347839,2.719397,-0.222573,2.495777,-0.049927,2.184615,0.109483,1.802072,0.213126,1.383294,0.228516,0.358211,0.158259,-0.801015,0.036957,-0.010628,-0.153946,-0.12122,0.025604,-0.005977,0.10634,-0.159742,0.195729,-0.296805,0.25907,-0.3395,0.346886,-0.314963,0.439945,-0.300775,0.488757,-0.368458,0.486953,-0.503654,0.442046,-0.632817,0.351763,-0.701151,0.23064,-0.698987,0.110446,-0.629533,0.024797,-0.510996,-0.017101,-0.365355,-0.021301,-0.215033,0.003924,-0.067873,0.051188,0.044869,0.09596,0.088942,0.136799,0.072419,0.158985,0.018444,0.148396,-0.03518,0.113135,-0.070404,0.081471,-0.085684,0.070397
6,-0.04735,0.338334,-0.048735,0.385467,-0.049774,0.439093,-0.050162,0.482042,-0.042525,0.51645,-0.023951,0.537306,0.003462,0.543162,0.031524,0.530654,0.058124,0.481254,0.082501,0.394,0.116684,0.234041,0.157802,0.032944,0.206791,-0.224299,0.256124,-0.487911,0.308797,-0.76626,0.373401,-1.09079,0.447362,-1.484282,0.51779,-1.957574,0.580591,-2.542362,0.63096,-3.246659,0.676685,-4.073782,0.714787,-4.943744,0.768021,-5.765295,0.88699,-6.452864,1.051104,-6.958183,1.200682,-7.230023,1.264856,-7.224707,1.244817,-6.874897,1.222397,-6.110377,1.251226,-4.941785,1.329661,-3.543806,1.392222,-1.987747,1.378439,-0.343467,1.334168,1.101095,1.308828,2.15122,1.297416,2.879839,1.254773,3.431039,1.185203,3.854109,1.083963,4.199801,0.937496,4.5531,0.75038,4.93018,0.555416,5.268564,0.393715,5.490124,0.252426,5.542924,0.148678,5.388843,0.126975,5.060787,0.178638,4.564911,0.241611,3.874731,0.304954,3.033138,0.33076,2.140368,0.308987,1.280603,0.240518,0.502904,0.141075,-0.193819,0.022608,-0.831387,-0.078573,-1.462189,-0.124289,-2.086415,-0.129963,-2.681845,-0.118662,-3.245325,-0.106171,-3.77644,-0.100228,-4.32161,-0.114693,-4.831326,-0.181114,-5.230558,-0.32443,-5.436708,-0.454767,-5.447861,-0.466954,-5.278806,-0.343295,-4.937139,-0.155608,-4.377493,0.049516,-3.611269,0.271188,-2.753993,0.502043,-1.946149,0.726892,-1.264738,0.936577,-0.733716,1.115946,-0.323236,1.251136,0.009042,1.342268,0.31694,1.397795,0.600285,1.458916,0.815728,1.558442,0.929574,1.699378,0.932268,1.843453,0.822348,1.939945,0.63219,1.963793,0.415022,1.927354,0.225056,1.857656,0.104193,1.760408,0.070464,1.606696,0.109814,1.372889,0.204727,1.077716,0.319295,0.781644,0.397422,0.503932,0.388983,0.253835,0.29554,0.032288,0.158682,-0.142115,0.032846,-0.260106,-0.046537,-0.330563,-0.058949,-0.359974,-0.007966,-0.355215,0.092547,-0.332644,0.218636,-0.309479,0.325902,-0.282652,0.364706
6,-0.028388,0.1733,-0.036956,0.166384,-0.036087,0.154643,-0.029736,0.136309,-0.028695,0.111622,-0.028565,0.080274,-0.023859,0.042186,-0.017994,-0.002156,-0.006297,-0.049757,0.021801,-0.106387,0.061765,-0.176166,0.111035,-0.26699,0.164572,-0.379634,0.215517,-0.547692,0.278196,-0.821554,0.366288,-1.246659,0.473959,-1.830838,0.601414,-2.595677,0.74551,-3.478079,0.890747,-4.409753,0.997371,-5.297081,1.057579,-6.025647,1.107811,-6.487724,1.163744,-6.609611,1.177459,-6.370077,1.147058,-5.778646,1.123928,-4.909804,1.130964,-3.876568,1.129873,-2.789268,1.102188,-1.679582,1.042646,-0.550824,0.971464,0.556753,0.914185,1.591155,0.854567,2.543644,0.77998,3.425538,0.719334,4.181779,0.682065,4.776589,0.66728,5.272621,0.653595,5.706818,0.629079,6.045518,0.605303,6.174262,0.576043,6.01229,0.546595,5.557302,0.509691,4.875891,0.464138,4.034049,0.390783,3.083362,0.257098,2.11107,0.083857,1.225821,-0.103593,0.506009,-0.25864,-0.040673,-0.368432,-0.442028,-0.430614,-0.76256,-0.43574,-1.031919,-0.386902,-1.266631,-0.291533,-1.47583,-0.158637,-1.665101,-0.010082,-1.843363,0.118407,-2.052927,0.21062,-2.326548,0.265148,-2.670034,0.292681,-3.092825,0.310524,-3.590993,0.329362,-4.15023,0.341743,-4.700408,0.351859,-5.178388,0.329321,-5.515491,0.275173,-5.624329,0.239923,-5.433434,0.269433,-4.915027,0.396419,-4.178148,0.600625,-3.360461,0.799673,-2.523434,0.929231,-1.683298,0.966965,-0.851243,0.942562,-0.096411,0.897302,0.494953,0.87372,0.89411,0.898674,1.133557,0.980389,1.241597,1.124926,1.236683,1.32222,1.124433,1.534796,0.936911,1.731923,0.713257,1.876765,0.478664,1.919526,0.276266,1.832404,0.141429,1.635451,0.078444,1.355703,0.073697,1.028074,0.080046,0.701043,0.071232,0.40563,0.031453,0.16427,-0.023706,-0.008921,-0.07043,-0.107646,-0.096433,-0.142863,-0.092998,-0.137277,-0.061633,-0.122461,-0.00314,-0.1249,0.068798,-0.152357,0.138964,-0.19732,0.202761
6,0.100999,0.216219,0.156343,0.164773,0.204806,0.097686,0.239853,0.013655,0.265115,-0.085347,0.278044,-0.210356,0.282822,-0.368012,0.279414,-0.589715,0.295905,-0.905787,0.380349,-1.406371,0.541014,-2.083102,0.70468,-2.89273,0.850116,-3.717009,0.947791,-4.457441,0.975055,-5.077533,0.949245,-5.594198,0.920603,-6.030892,0.889327,-6.331077,0.821229,-6.384957,0.726502,-6.131318,0.656111,-5.551682,0.661301,-4.681831,0.728016,-3.556889,0.801572,-2.274856,0.858147,-0.944254,0.854964,0.338393,0.818532,1.391135,0.757632,2.147375,0.705027,2.708498,0.661157,3.190588,0.6565,3.591769,0.670174,3.88687,0.656008,4.122574,0.570998,4.357809,0.429113,4.591047,0.280572,4.778625,0.156992,4.887835,0.083909,4.890757,0.074328,4.77119,0.113338,4.515461,0.190062,4.133504,0.306484,3.680341,0.388474,3.080767,0.437007,2.375816,0.466385,1.652033,0.465001,0.986565,0.420334,0.413735,0.352729,-0.070811,0.295736,-0.49917,0.252998,-0.922389,0.211702,-1.357001,0.168459,-1.790454,0.134177,-2.184324,0.121788,-2.539485,0.158084,-2.903415,0.239201,-3.300497,0.324256,-3.735425,0.367581,-4.164148,0.358222,-4.506873,0.305911,-4.701019,0.235819,-4.726569,0.181783,-4.647111,0.19165,-4.525792,0.294664,-4.403773,0.464351,-4.261029,0.659624,-4.050327,0.8317,-3.700914,0.944142,-3.222841,0.979948,-2.671265,0.957905,-2.080411,0.91045,-1.473718,0.858505,-0.87602,0.807678,-0.31043,0.771284,0.159208,0.764038,0.496614,0.797284,0.719016,0.872054,0.869032,0.999849,0.956269,1.184894,0.982894,1.417008,0.94222,1.658848,0.840029,1.877339,0.688843,2.0288,0.525585,2.083735,0.374284,2.02717,0.248224,1.869666,0.147781,1.641562,0.077516,1.361455,0.047967,1.058051,0.056342,0.755753,0.071431,0.472778,0.070716,0.218694,0.064394,0.013103,0.068792,-0.131743,0.090986,-0.212437,0.107361,-0.244074,0.113759,-0.23531,0.121129,-0.19767,0.14079,-0.153872,0.163558,-0.127319,0.169801
6,-0.020506,0.148507,-0.032754,0.126342,-0.031962,0.1241,-0.02215,0.149957,-0.011401,0.193909,0.004373,0.244791,0.027818,0.291385,0.054425,0.314695,0.076278,0.297159,0.093442,0.228258,0.10334,0.110269,0.117912,-0.048969,0.123579,-0.234642,0.116105,-0.444554,0.096372,-0.685675,0.095537,-0.978212,0.153764,-1.352536,0.307505,-1.845183,0.5751,-2.466839,0.906769,-3.184653,1.219391,-3.930762,1.451011,-4.614453,1.576507,-5.195485,1.643407,-5.658,1.680382,-5.971446,1.68597,-6.056464,1.65968,-5.850535,1.619682,-5.338093,1.561257,-4.614305,1.447625,-3.791365,1.275432,-2.933627,1.088331,-2.095228,0.948611,-1.345223,0.858826,-0.726217,0.778969,-0.22736,0.693387,0.196691,0.606712,0.587604,0.527687,1.012773,0.476778,1.508973,0.465905,2.034375,0.494414,2.53868,0.533434,3.000533,0.559905,3.45148,0.576569,3.886678,0.583347,4.274379,0.576963,4.609106,0.571348,4.877449,0.56594,4.997786,0.556367,4.875288,0.540092,4.501266,0.531972,3.914519,0.516928,3.187687,0.478323,2.393961,0.38498,1.618683,0.240334,0.951277,0.07955,0.426856,-0.051708,0.027491,-0.12593,-0.321824,-0.130853,-0.687785,-0.087531,-1.13035,-0.035442,-1.645489,0.001078,-2.20617,0.037907,-2.794019,0.095419,-3.404339,0.178612,-4.001262,0.293584,-4.507391,0.44621,-4.846,0.557325,-4.995648,0.560365,-4.93997,0.493461,-4.690318,0.42722,-4.343245,0.408422,-3.998803,0.457392,-3.635008,0.582074,-3.225217,0.819966,-2.762424,1.171892,-2.24848,1.59976,-1.727512,2.047157,-1.263079,2.476799,-0.855809,2.836724,-0.487873,3.082037,-0.163035,3.166991,0.123964,3.090145,0.3569,2.887557,0.50945,2.586128,0.556232,2.20017,0.522488,1.765535,0.461042,1.320923,0.409401,0.900815,0.340634,0.512868,0.235442,0.165493,0.106815,-0.106001,0.007064,-0.280001,-0.024029,-0.354214,0.009691,-0.3671,0.079116,-0.353719,0.157409,-0.336284,0.216204,-0.310937,0.245742,-0.268212,0.247725,-0.208714,0.233574
6,-0.059587,0.090759,-0.057931,0.116419,-0.047959,0.137483,-0.036262,0.142951,-0.01928,0.135227,-0.008906,0.120323,1.6e-05,0.098001,0.00274,0.06763,-0.000375,0.030695,-0.012616,-0.006064,-0.023154,-0.033966,-0.02442,-0.045232,-0.007073,-0.038487,0.02355,-0.034177,0.062599,-0.046108,0.100232,-0.077239,0.131536,-0.132052,0.14403,-0.214786,0.130492,-0.327502,0.099026,-0.470102,0.059022,-0.648341,0.037832,-0.868515,0.049284,-1.167114,0.089504,-1.590466,0.156517,-2.136255,0.251407,-2.761954,0.384845,-3.413785,0.530384,-4.037151,0.654872,-4.617781,0.738065,-5.12904,0.754145,-5.52916,0.70435,-5.716889,0.654207,-5.562492,0.682149,-5.032375,0.831897,-4.208966,1.131752,-3.199529,1.513191,-2.105026,1.85711,-1.040641,2.076506,-0.069976,2.133769,0.826338,2.04388,1.708434,1.854898,2.599789,1.639609,3.439353,1.443068,4.124975,1.270369,4.630963,1.104153,4.988302,0.924966,5.233749,0.742328,5.356625,0.579632,5.326864,0.443807,5.116649,0.321668,4.745238,0.20781,4.245097,0.114975,3.650187,0.03359,2.965259,-0.051683,2.215099,-0.132109,1.446103,-0.216971,0.700597,-0.282539,-0.022476,-0.310657,-0.71274,-0.291442,-1.345962,-0.209471,-1.926053,-0.0742,-2.495467,0.086933,-3.082165,0.228941,-3.679163,0.305689,-4.241456,0.283848,-4.702329,0.15186,-4.9524,-0.045452,-4.872221,-0.194661,-4.503111,-0.233487,-4.035413,-0.156565,-3.651713,0.031601,-3.405015,0.32946,-3.245483,0.697115,-3.097211,1.082035,-2.873231,1.446374,-2.507061,1.755859,-2.026119,2.00303,-1.51158,2.159076,-0.984724,2.234203,-0.477933,2.250246,-0.025862,2.211931,0.356515,2.12026,0.683989,2.001255,0.935858,1.853506,1.060026,1.660357,1.050165,1.413664,0.936493,1.131901,0.765329,0.833195,0.587109,0.55906,0.440103,0.317904,0.335398,0.120393,0.262385,-0.033542,0.198984,-0.123237,0.133976,-0.146848,0.079197,-0.127224,0.039617,-0.100461,0.010038,-0.085847,-0.00946,-0.075167,-0.002199,-0.064819,0.043508
6,0.016285,-0.015887,-0.006821,-0.038532,-0.019673,-0.029402,-0.030074,-0.001662,-0.053803,0.033621,-0.07982,0.069887,-0.109079,0.101228,-0.135587,0.126661,-0.14338,0.136676,-0.12795,0.134628,-0.091111,0.108741,-0.034784,0.045758,0.04847,-0.070026,0.141824,-0.225747,0.21302,-0.445228,0.25614,-0.752856,0.281055,-1.150594,0.279266,-1.641884,0.26746,-2.202669,0.276765,-2.808798,0.318472,-3.423006,0.390907,-3.976314,0.462964,-4.398615,0.519167,-4.587792,0.581178,-4.485886,0.675978,-4.164893,0.784935,-3.716272,0.863241,-3.147449,0.901652,-2.4683,0.916457,-1.737986,0.918173,-1.03305,0.916161,-0.388254,0.911028,0.235636,0.909681,0.871726,0.931975,1.516202,0.979435,2.139573,1.037599,2.720698,1.064396,3.250837,1.034293,3.760046,0.961314,4.265603,0.873116,4.710823,0.792421,5.008613,0.72913,5.108849,0.688797,5.006772,0.660585,4.70692,0.653647,4.233226,0.64351,3.62935,0.607417,2.966842,0.531246,2.312344,0.410508,1.72829,0.259634,1.255912,0.115356,0.876588,-0.000183,0.540166,-0.072465,0.211772,-0.103721,-0.145263,-0.10046,-0.551641,-0.06023,-1.00602,0.027564,-1.470663,0.14936,-1.905108,0.265803,-2.294854,0.335589,-2.672447,0.349154,-3.095375,0.317005,-3.575498,0.224985,-4.060202,0.087418,-4.466784,-0.060755,-4.718677,-0.190669,-4.759531,-0.306691,-4.597989,-0.373159,-4.264291,-0.321904,-3.817456,-0.154948,-3.310842,0.089439,-2.783673,0.352532,-2.242688,0.59921,-1.710327,0.827003,-1.209903,1.032696,-0.766866,1.24078,-0.404471,1.483061,-0.133174,1.777833,0.050549,2.126418,0.165987,2.464282,0.209306,2.673152,0.170755,2.676985,0.088467,2.50625,0.02798,2.227603,0.006479,1.904275,0.02116,1.574499,0.064488,1.251334,0.120741,0.942997,0.157695,0.662543,0.170056,0.415528,0.159549,0.210186,0.137484,0.051531,0.115022,-0.066497,0.096492,-0.149645,0.101814,-0.208904,0.136256,-0.250262,0.179287,-0.284808,0.20546,-0.317158,0.204604,-0.323139,0.174873
6,0.04813,0.143298,0.066042,0.131526,0.073638,0.108698,0.071175,0.077886,0.062004,0.048566,0.04364,0.025552,0.01974,0.014512,-0.004702,0.019434,-0.022516,0.029691,-0.0264,0.036131,-0.017644,0.033639,-0.000572,0.009137,0.027313,-0.021662,0.067517,-0.058871,0.11653,-0.114992,0.164979,-0.199149,0.213162,-0.349498,0.260899,-0.605465,0.321393,-1.114281,0.371527,-1.61455,0.456677,-2.160297,0.568728,-2.709619,0.722755,-3.284429,0.923148,-3.865132,1.168293,-4.402289,1.377379,-4.850549,1.491712,-5.16315,1.527099,-5.275995,1.506101,-5.152084,1.444517,-4.78484,1.371921,-4.177186,1.29079,-3.346103,1.203159,-2.341612,1.124168,-1.246304,1.047404,-0.170803,0.985537,0.82167,0.915642,1.73911,0.806876,2.604529,0.682677,3.384124,0.585464,4.004135,0.534267,4.478859,0.514269,4.86001,0.510828,5.146241,0.545158,5.263161,0.64605,5.117555,0.79298,4.675823,0.919128,4.010841,0.962596,3.238477,0.889913,2.453468,0.715949,1.734329,0.46372,1.120269,0.197099,0.608097,-0.033075,0.160381,-0.183813,-0.269772,-0.225361,-0.70808,-0.167083,-1.17045,-0.053919,-1.641212,0.05876,-2.13516,0.162317,-2.65834,0.254574,-3.20068,0.347933,-3.73208,0.431731,-4.201933,0.500285,-4.543585,0.517717,-4.692115,0.471097,-4.602546,0.41271,-4.340254,0.396156,-4.017035,0.441613,-3.701028,0.534752,-3.372744,0.629532,-2.981309,0.709542,-2.478783,0.789116,-1.908046,0.881099,-1.336262,0.962725,-0.792654,1.012751,-0.297884,1.046055,0.124203,1.062841,0.486163,1.081377,0.786956,1.133429,0.98075,1.246921,1.068578,1.40443,1.057693,1.568486,0.961435,1.699864,0.805444,1.791322,0.634789,1.81072,0.489776,1.744651,0.37426,1.585444,0.266764,1.335008,0.164673,1.019354,0.090517,0.699793,0.04967,0.422847,0.018895,0.203636,-0.004817,0.042072,-0.017231,-0.053354,-0.020181,-0.081645,-0.010665,-0.075314,0.010895,-0.050658,0.049405,-0.034713,0.099424,-0.023548,0.151077,-0.017972,0.179976
6,-0.317708,0.720756,-0.435642,1.00832,-0.562823,1.333382,-0.693301,1.66407,-0.798727,1.989444,-0.861599,2.299029,-0.898407,2.602508,-0.93112,2.894168,-0.959032,3.149689,-0.945454,3.305725,-0.87571,3.30277,-0.755099,3.142154,-0.610665,2.852593,-0.463595,2.456922,-0.332031,1.973191,-0.207575,1.416125,-0.074343,0.810346,0.073222,0.165343,0.27675,-0.526802,0.477154,-1.256143,0.607308,-2.054634,0.665276,-2.902566,0.699157,-3.753474,0.72946,-4.570497,0.75641,-5.318275,0.801249,-5.971316,0.908105,-6.507424,1.090236,-6.931915,1.320025,-7.255961,1.630921,-7.425983,1.989494,-7.331694,2.231275,-6.910151,2.21405,-6.170071,1.890197,-5.166048,1.368908,-3.912884,0.872327,-2.455644,0.589298,-0.986056,0.525719,0.322937,0.558993,1.405346,0.59787,2.288072,0.645743,2.995153,0.721163,3.532646,0.806203,3.950493,0.850201,4.346755,0.834212,4.751943,0.752874,5.099399,0.604161,5.303729,0.412195,5.334949,0.2302,5.211942,0.104402,4.97146,0.031495,4.614114,0.012252,4.149646,0.02312,3.591481,0.021368,2.955954,-0.019685,2.255937,-0.116256,1.541162,-0.244095,0.854177,-0.349768,0.199169,-0.408562,-0.445962,-0.431072,-1.063555,-0.418535,-1.636497,-0.375653,-2.172392,-0.308071,-2.684465,-0.235872,-3.204533,-0.175529,-3.745437,-0.163769,-4.256556,-0.187492,-4.74563,-0.165102,-5.208804,-0.048776,-5.622995,0.160539,-5.983561,0.371965,-6.239147,0.507802,-6.257288,0.535894,-5.874086,0.483541,-5.057756,0.470877,-3.925115,0.5984,-2.65917,0.870848,-1.440524,1.192251,-0.377187,1.477254,0.476531,1.695913,1.077019,1.837281,1.446095,1.878633,1.601485,1.837541,1.570789,1.751819,1.397053,1.654034,1.150025,1.515436,0.872452,1.297603,0.588996,1.028737,0.323893,0.751667,0.094437,0.500445,-0.102433,0.298174,-0.253284,0.144956,-0.341967,0.032223,-0.363391,-0.02563,-0.352702,-0.016233,-0.322803,0.04555,-0.254172,0.117581,-0.156384,0.1595,-0.057417,0.14621,0.022295,0.083044,0.07221
6,-0.216844,0.043775,-0.187099,-0.029638,-0.13951,-0.097835,-0.085754,-0.135771,-0.011504,-0.139941,0.052305,-0.1208,0.065668,-0.097005,0.025571,-0.056149,-0.03516,-0.002708,-0.082903,0.043106,-0.109764,0.061155,-0.110149,0.063206,-0.085146,0.062061,-0.05071,0.06255,-0.021391,0.067585,-0.004951,0.077997,-0.005921,0.088651,-0.021849,0.097715,-0.039095,0.107537,-0.05115,0.106316,-0.050043,0.086921,-0.029787,0.036536,0.007781,-0.106903,0.051382,-0.423703,0.082533,-0.976081,0.100259,-1.701835,0.128973,-2.520111,0.202239,-3.354988,0.311096,-4.13717,0.436812,-4.781549,0.583713,-5.216943,0.765138,-5.492338,0.988519,-5.673723,1.212443,-5.774008,1.354958,-5.744728,1.354596,-5.46915,1.216744,-4.845998,0.985262,-3.855268,0.745217,-2.534997,0.548792,-1.000668,0.442246,0.549591,0.430831,1.935922,0.484972,3.076592,0.601009,3.944583,0.751903,4.540449,0.885699,4.89968,0.942845,5.122603,0.891652,5.254019,0.749589,5.314582,0.556758,5.259508,0.381147,5.047909,0.258783,4.653899,0.179986,4.098676,0.138004,3.426206,0.112573,2.688022,0.084288,1.921677,0.020585,1.187864,-0.087183,0.492858,-0.22596,-0.175189,-0.355014,-0.817464,-0.444773,-1.444847,-0.481742,-2.047325,-0.484598,-2.621475,-0.46098,-3.181564,-0.418676,-3.740289,-0.361928,-4.250945,-0.294212,-4.678804,-0.213004,-4.992167,-0.11047,-5.128639,-0.03441,-5.001957,-0.000697,-4.574346,0.025164,-3.954172,0.101061,-3.251481,0.286498,-2.536512,0.613736,-1.852991,1.079131,-1.189863,1.661822,-0.584238,2.271758,-0.069896,2.775332,0.335279,3.076215,0.625034,3.147032,0.767977,3.052572,0.751142,2.849383,0.612383,2.589501,0.391153,2.328634,0.139731,2.072432,-0.098962,1.79442,-0.280314,1.496173,-0.381382,1.16901,-0.404819,0.804072,-0.37464,0.444947,-0.315869,0.149088,-0.267395,-0.044906,-0.251656,-0.124948,-0.236393,-0.11328,-0.197919,-0.041948,-0.139857,0.041355,-0.056674,0.083831,0.038016,0.054354,0.128152,-0.029864,0.193111
6,-0.035075,0.00704,-0.024829,0.026342,-0.025962,0.042845,-0.028324,0.046543,-0.032624,0.039452,-0.031453,0.019609,-0.025887,-0.003247,-0.019272,-0.025763,-0.001281,-0.035353,0.032021,-0.030561,0.064256,-0.022689,0.08994,-0.028311,0.10775,-0.046813,0.118132,-0.082568,0.135463,-0.128299,0.167334,-0.185756,0.211577,-0.245536,0.248777,-0.307862,0.274126,-0.374376,0.302366,-0.451108,0.347178,-0.552515,0.396632,-0.704301,0.455277,-0.968174,0.518305,-1.392406,0.605559,-1.997548,0.705165,-2.72357,0.770892,-3.518915,0.789609,-4.253593,0.78813,-4.86528,0.794807,-5.342691,0.837539,-5.733466,0.936604,-6.054843,1.055397,-6.273028,1.147688,-6.301803,1.183233,-6.058483,1.203375,-5.537719,1.271694,-4.831069,1.377985,-3.945919,1.478034,-2.827455,1.526957,-1.50463,1.529495,-0.120621,1.503834,1.186659,1.461831,2.350363,1.418672,3.338467,1.398273,4.133636,1.400191,4.740345,1.403147,5.175885,1.350938,5.471442,1.214851,5.62973,1.011297,5.642578,0.780967,5.483883,0.530493,5.133885,0.26345,4.593178,0.0082,3.879267,-0.209623,3.027899,-0.36334,2.067309,-0.473991,1.035867,-0.561238,-0.019426,-0.604322,-1.058055,-0.608061,-2.051619,-0.59629,-2.963365,-0.585503,-3.776377,-0.586077,-4.488479,-0.564763,-5.131553,-0.492731,-5.704947,-0.344693,-6.17651,-0.144667,-6.457724,0.056913,-6.480443,0.214617,-6.195286,0.291926,-5.624063,0.330107,-4.896509,0.418725,-4.079958,0.622542,-3.206879,0.942677,-2.282959,1.379532,-1.359757,1.909953,-0.476068,2.445996,0.327153,2.889394,0.985114,3.215751,1.448644,3.412426,1.710078,3.432603,1.766524,3.235372,1.63639,2.840235,1.337673,2.312035,0.931227,1.736387,0.499609,1.209241,0.120535,0.795097,-0.162493,0.501297,-0.347494,0.314113,-0.456609,0.20125,-0.500819,0.16877,-0.485193,0.21126,-0.435146,0.288601,-0.357917,0.346736,-0.268073,0.341485,-0.168212,0.254236,-0.078401,0.104375,-0.01237,-0.05826,0.020966,-0.180302,0.023712,-0.228904,-0.002464
6,0.085933,0.024844,0.056794,0.031731,0.008094,0.055739,-0.043881,0.102065,-0.105796,0.187553,-0.184229,0.34112,-0.285509,0.591752,-0.41865,0.968039,-0.593893,1.459672,-0.816544,2.034672,-1.043198,2.629702,-1.206501,3.155576,-1.265858,3.555712,-1.231336,3.831014,-1.139953,3.983957,-1.01442,3.97873,-0.858859,3.77725,-0.689268,3.403146,-0.50314,2.904106,-0.296003,2.323938,-0.080707,1.716973,0.105634,1.119705,0.227784,0.542125,0.285387,-0.022023,0.291834,-0.60187,0.250899,-1.206161,0.209737,-1.825167,0.188809,-2.418638,0.192986,-2.977705,0.213779,-3.510313,0.245626,-4.039063,0.299158,-4.579815,0.349761,-5.10557,0.335941,-5.575052,0.237495,-5.914475,0.171094,-6.071453,0.236937,-6.002312,0.470127,-5.638051,0.831273,-4.991392,1.24221,-4.14177,1.610895,-3.20637,1.861318,-2.243351,1.950418,-1.272777,1.881754,-0.298112,1.70795,0.650312,1.477476,1.537557,1.213578,2.378389,0.93564,3.164193,0.710115,3.857675,0.58605,4.439095,0.558548,4.863353,0.580365,5.120015,0.59205,5.201802,0.564037,5.144297,0.488297,4.966176,0.367797,4.682638,0.202646,4.297463,0.017509,3.803946,-0.158363,3.188312,-0.289453,2.441027,-0.363089,1.577582,-0.380846,0.677429,-0.36986,-0.173656,-0.372666,-0.930892,-0.41987,-1.61958,-0.523448,-2.273892,-0.662378,-2.925921,-0.769572,-3.57531,-0.805693,-4.20281,-0.767803,-4.808692,-0.701423,-5.313339,-0.641742,-5.625283,-0.603453,-5.617612,-0.578009,-5.239614,-0.516914,-4.592798,-0.365523,-3.823259,-0.051816,-3.064259,0.458678,-2.397165,1.077138,-1.796091,1.676059,-1.190414,2.185571,-0.622596,2.589771,-0.169864,2.864607,0.152495,2.949022,0.362788,2.822385,0.458059,2.499367,0.444668,2.03283,0.368221,1.513869,0.295828,1.05464,0.257051,0.708052,0.219851,0.479504,0.151822,0.340731,0.045804,0.248091,-0.054146,0.177024,-0.117039,0.132259,-0.133229,0.109369,-0.114316,0.091001,-0.062899,0.056789,0.015144,0.007866,0.08767,-0.029778,0.126661
6,0.007909,0.330141,-0.061884,0.564018,-0.148058,0.878293,-0.239129,1.257368,-0.317319,1.662899,-0.374854,2.10334,-0.416851,2.581439,-0.448288,3.050402,-0.472028,3.438233,-0.479803,3.69545,-0.471464,3.812867,-0.475503,3.791001,-0.496344,3.64802,-0.525703,3.353244,-0.527278,2.910568,-0.470102,2.346562,-0.354559,1.713136,-0.209138,1.057262,-0.064044,0.427268,0.051897,-0.15569,0.131096,-0.750981,0.165211,-1.412232,0.188618,-2.11269,0.209288,-2.776839,0.197916,-3.37366,0.151858,-3.910759,0.094651,-4.446483,0.071877,-5.010232,0.154487,-5.561559,0.33043,-6.062706,0.592182,-6.430474,0.94477,-6.565453,1.321179,-6.38468,1.60806,-5.877761,1.748107,-5.092717,1.743283,-4.102378,1.676562,-2.946474,1.626384,-1.720181,1.602318,-0.550163,1.573765,0.480044,1.523341,1.364537,1.450584,2.105752,1.336481,2.721007,1.231203,3.215248,1.19168,3.585262,1.191876,3.89528,1.15436,4.197532,1.046694,4.493532,0.881145,4.731078,0.679606,4.893116,0.454059,4.985486,0.201409,4.994895,-0.043775,4.916806,-0.221014,4.747696,-0.315065,4.457235,-0.330124,3.99052,-0.277045,3.331799,-0.201262,2.54122,-0.151218,1.668281,-0.150743,0.77194,-0.184127,-0.099029,-0.26835,-0.894589,-0.390852,-1.605683,-0.508165,-2.259059,-0.612647,-2.900113,-0.700494,-3.495543,-0.783406,-4.048566,-0.869062,-4.59136,-0.926011,-5.112514,-0.945121,-5.559247,-0.880852,-5.890501,-0.691635,-6.054343,-0.446481,-6.013433,-0.224364,-5.745647,-0.041043,-5.268378,0.203239,-4.609272,0.619221,-3.838664,1.157992,-3.08004,1.671777,-2.393001,2.086282,-1.761488,2.388548,-1.146477,2.567017,-0.573552,2.582493,-0.073468,2.427744,0.332737,2.166201,0.611578,1.849688,0.742117,1.524346,0.732149,1.233336,0.611769,0.965829,0.435413,0.698267,0.253541,0.442899,0.087981,0.216197,-0.06168,0.01838,-0.181236,-0.139349,-0.248639,-0.236757,-0.2623,-0.268201,-0.219489,-0.241664,-0.148931,-0.173325,-0.07296,-0.091702,-0.013469,-0.032409,0.027311
6,-0.20396,0.803696,-0.24585,1.184824,-0.30333,1.623803,-0.373158,2.106213,-0.443054,2.624669,-0.486543,3.114809,-0.482428,3.519701,-0.446503,3.797751,-0.39044,3.930622,-0.323474,3.888016,-0.269245,3.635477,-0.25355,3.198254,-0.278595,2.629344,-0.320494,1.966458,-0.354429,1.280028,-0.368713,0.612465,-0.381897,0.009731,-0.398784,-0.521179,-0.417959,-1.01855,-0.393964,-1.538308,-0.2858,-2.075673,-0.098323,-2.585,0.131459,-3.029196,0.335157,-3.425481,0.422556,-3.837234,0.401766,-4.294378,0.321691,-4.818838,0.255215,-5.353763,0.304086,-5.787014,0.532658,-6.035268,0.881057,-6.10107,1.229218,-6.023194,1.484276,-5.795806,1.550233,-5.30908,1.388201,-4.442873,1.070338,-3.250375,0.71683,-1.93856,0.467207,-0.691623,0.394927,0.407133,0.488525,1.320314,0.675649,2.058279,0.911724,2.639614,1.186644,3.092227,1.453001,3.448837,1.599438,3.792603,1.581374,4.132517,1.433262,4.411646,1.23407,4.569678,1.030374,4.618349,0.848855,4.601931,0.691541,4.525603,0.557404,4.38878,0.440976,4.185235,0.322686,3.891543,0.195448,3.503761,0.045139,3.049007,-0.120708,2.521042,-0.277134,1.911373,-0.385458,1.24675,-0.408014,0.571908,-0.370944,-0.085407,-0.328329,-0.709942,-0.328676,-1.27956,-0.379165,-1.814991,-0.466865,-2.344055,-0.574542,-2.865227,-0.686955,-3.392161,-0.783757,-3.92291,-0.851441,-4.460905,-0.859109,-4.97643,-0.810957,-5.415664,-0.69851,-5.693033,-0.541535,-5.710913,-0.384925,-5.431293,-0.251744,-4.914167,-0.124721,-4.252416,0.084674,-3.572771,0.453159,-2.928957,0.943786,-2.331768,1.468996,-1.759935,1.96834,-1.241374,2.410513,-0.809841,2.747261,-0.444465,2.957587,-0.104073,3.02103,0.212047,2.923612,0.473971,2.646622,0.637894,2.170496,0.690808,1.547843,0.661117,0.881808,0.573766,0.300583,0.433508,-0.110981,0.258521,-0.327861,0.079917,-0.376967,-0.07971,-0.328024,-0.214151,-0.253541,-0.316134,-0.194603,-0.351286,-0.145587,-0.314475,-0.112344,-0.227262,-0.109035,-0.112627
6,-0.322466,1.791142,-0.343458,1.900959,-0.34604,1.938526,-0.334492,1.907364,-0.324684,1.808592,-0.320422,1.679231,-0.332484,1.533028,-0.362576,1.359542,-0.406479,1.16252,-0.449127,0.942562,-0.466028,0.68644,-0.442266,0.375578,-0.366008,-0.002107,-0.223098,-0.44031,-0.035934,-0.922582,0.177122,-1.444258,0.366419,-1.985099,0.478294,-2.534758,0.490646,-3.102112,0.416292,-3.704315,0.304345,-4.334685,0.204863,-4.950911,0.14494,-5.486969,0.155424,-5.899658,0.234811,-6.136916,0.317311,-6.148405,0.343513,-5.811957,0.24164,-5.059731,0.051494,-4.025746,-0.115404,-2.8984,-0.159344,-1.812555,-0.055567,-0.861509,0.153757,-0.073671,0.420698,0.562914,0.713003,1.103995,1.001576,1.583164,1.275208,2.011065,1.521131,2.394068,1.716223,2.735914,1.849376,3.039318,1.927114,3.301638,1.925082,3.532996,1.832816,3.764736,1.656229,3.995789,1.398614,4.2165,1.09833,4.371785,0.804396,4.394608,0.540324,4.255973,0.298193,3.981407,0.080909,3.595706,-0.091596,3.100026,-0.190706,2.503938,-0.210805,1.830532,-0.167827,1.157532,-0.094202,0.546426,-0.041173,0.025166,-0.039167,-0.405255,-0.111926,-0.770686,-0.238142,-1.102208,-0.375848,-1.415462,-0.48359,-1.71358,-0.544973,-2.030585,-0.570161,-2.417774,-0.593274,-2.882389,-0.640895,-3.369836,-0.721417,-3.828556,-0.827025,-4.221944,-0.916394,-4.520232,-0.936022,-4.677666,-0.835941,-4.613468,-0.653445,-4.288191,-0.466133,-3.75208,-0.316698,-3.145223,-0.185197,-2.579243,0.005643,-2.066517,0.289299,-1.564647,0.641094,-1.101642,1.081261,-0.722158,1.585091,-0.400242,2.050089,-0.121332,2.386614,0.097568,2.586383,0.224361,2.660256,0.263165,2.606631,0.229055,2.443746,0.145969,2.191062,0.043948,1.869976,-0.069443,1.510637,-0.174584,1.12808,-0.233503,0.749048,-0.222919,0.417654,-0.16902,0.159462,-0.096354,-0.013599,-0.021725,-0.086668,0.03544,-0.054806,0.066706,0.047427,0.075312,0.148515,0.076936,0.185378,0.075872,0.121282,0.073289,-0.026308,0.060623
6,-0.078433,-0.065891,-0.107149,-0.0622,-0.123446,-0.059396,-0.125928,-0.047059,-0.111867,-0.012025,-0.097126,0.065566,-0.107513,0.18351,-0.15583,0.345782,-0.234753,0.570093,-0.344619,0.839799,-0.486816,1.139169,-0.654556,1.453406,-0.85566,1.739313,-1.067265,1.970786,-1.277061,2.082472,-1.431221,2.101754,-1.505445,2.005645,-1.493415,1.763426,-1.377743,1.376654,-1.14783,0.89249,-0.815314,0.346421,-0.41477,-0.198427,0.004235,-0.724278,0.387871,-1.249001,0.680276,-1.780599,0.88495,-2.341489,1.016747,-2.895838,1.069346,-3.401006,1.084092,-3.866423,1.143256,-4.34205,1.309394,-4.816306,1.510055,-5.210666,1.641374,-5.450952,1.628433,-5.447971,1.474198,-5.123502,1.262881,-4.538282,1.05283,-3.795834,0.843712,-2.920813,0.646974,-1.914308,0.511353,-0.860899,0.467074,0.130042,0.53146,1.032784,0.648084,1.883515,0.762959,2.691252,0.864023,3.423268,0.97143,4.053386,1.082092,4.565465,1.172888,4.94731,1.215687,5.200126,1.185704,5.319959,1.078843,5.289577,0.920018,5.095837,0.70359,4.734538,0.443055,4.234616,0.163364,3.637673,-0.090014,2.965251,-0.279345,2.230187,-0.367351,1.487471,-0.354432,0.809958,-0.286795,0.199516,-0.217551,-0.375562,-0.187685,-0.939468,-0.182664,-1.525957,-0.182245,-2.106787,-0.183514,-2.624906,-0.194923,-3.093731,-0.245133,-3.569134,-0.325524,-4.064131,-0.387147,-4.54387,-0.425556,-4.936006,-0.41504,-5.176564,-0.297818,-5.233886,-0.12312,-5.076369,0.054552,-4.690017,0.20609,-4.094428,0.343582,-3.376747,0.496368,-2.62562,0.712671,-1.905915,0.993285,-1.260008,1.34892,-0.679408,1.792609,-0.177941,2.258223,0.232874,2.590267,0.548766,2.690431,0.786646,2.553305,0.950343,2.248328,1.03734,1.863077,1.029382,1.451818,0.925817,1.068057,0.751625,0.712077,0.572375,0.383903,0.405592,0.095465,0.248736,-0.137761,0.100079,-0.28613,-0.026963,-0.350364,-0.11019,-0.349268,-0.142289,-0.31255,-0.132292,-0.247909,-0.086296,-0.153847,-0.01777,-0.048375,0.049993
6,-0.188599,0.205905,-0.246995,0.35171,-0.338718,0.57089,-0.474479,0.855261,-0.656484,1.175193,-0.880223,1.495322,-1.14119,1.811988,-1.424758,2.157238,-1.69467,2.540683,-1.898182,2.910736,-2.004407,3.232423,-2.031085,3.485582,-2.014057,3.62183,-1.977733,3.606161,-1.913461,3.424873,-1.828203,3.033572,-1.708368,2.536949,-1.525473,1.991864,-1.274925,1.458992,-0.974514,0.969472,-0.648452,0.535688,-0.31718,0.140857,-0.003515,-0.286587,0.266911,-0.784026,0.483137,-1.337229,0.654915,-1.907904,0.794377,-2.484649,0.906535,-3.072664,0.980247,-3.690757,1.048001,-4.340114,1.108377,-5.013692,1.200606,-5.687323,1.330917,-6.266469,1.440448,-6.649389,1.500868,-6.753315,1.503915,-6.509955,1.454463,-5.928954,1.343022,-5.05083,1.206495,-3.880099,1.129254,-2.494771,1.1428,-1.086031,1.235814,0.151487,1.34144,1.17258,1.394878,2.043352,1.378893,2.801237,1.354946,3.41805,1.367342,3.882557,1.37206,4.252532,1.317906,4.55171,1.192559,4.74394,1.011905,4.794656,0.79546,4.68641,0.568983,4.418177,0.326241,4.007222,0.068951,3.493646,-0.204561,2.910013,-0.472673,2.275989,-0.668678,1.598206,-0.743926,0.88822,-0.721703,0.182908,-0.659366,-0.51581,-0.603785,-1.203451,-0.55645,-1.866559,-0.506086,-2.497448,-0.436573,-3.12505,-0.348476,-3.738825,-0.240973,-4.319268,-0.160508,-4.836512,-0.169122,-5.169538,-0.213859,-5.19768,-0.28155,-4.94257,-0.325964,-4.531466,-0.29366,-4.029187,-0.161781,-3.447732,0.063229,-2.776187,0.397967,-2.043211,0.823436,-1.348376,1.268855,-0.757019,1.656157,-0.27983,1.968355,0.078856,2.207686,0.299504,2.369962,0.404129,2.463656,0.407149,2.453809,0.330742,2.302864,0.237033,2.013818,0.169915,1.648159,0.139089,1.269989,0.134655,0.905346,0.143975,0.5721,0.152148,0.289202,0.145491,0.084227,0.130454,-0.024661,0.113474,-0.043176,0.104294,0.000914,0.110987,0.068468,0.141557,0.122462,0.18267,0.12551,0.226726,0.053458,0.260748,-0.070225,0.273211
6,-0.889128,1.41834,-1.143821,1.748535,-1.42654,2.114794,-1.689535,2.5171,-1.884929,2.900752,-1.993915,3.224075,-2.024666,3.431509,-1.990164,3.491932,-1.892945,3.419778,-1.735394,3.259241,-1.52537,3.040215,-1.292787,2.789562,-1.071404,2.507824,-0.881596,2.194076,-0.714145,1.857634,-0.560767,1.484302,-0.421224,1.047948,-0.301994,0.548744,-0.187731,-0.004834,-0.069698,-0.593339,0.039996,-1.183525,0.163397,-1.782698,0.301579,-2.400496,0.459711,-3.049035,0.638366,-3.724593,0.798968,-4.408607,0.896933,-5.038436,0.928016,-5.557437,0.941922,-5.917623,0.984928,-6.131845,1.057708,-6.217185,1.103037,-6.143984,1.07881,-5.825507,0.985375,-5.22676,0.860301,-4.412718,0.775961,-3.408125,0.809468,-2.221367,0.973869,-0.965448,1.223471,0.170127,1.487285,1.083879,1.686813,1.811701,1.781856,2.418723,1.782182,2.899223,1.710113,3.249898,1.598763,3.519435,1.471602,3.762448,1.317251,3.991101,1.138919,4.175305,0.965378,4.284698,0.794821,4.292944,0.627928,4.190856,0.460478,3.990224,0.279786,3.724212,0.092179,3.379874,-0.110703,2.93837,-0.313219,2.403742,-0.467794,1.786688,-0.548875,1.090356,-0.553752,0.352362,-0.500771,-0.372162,-0.444806,-1.035262,-0.413069,-1.637545,-0.419825,-2.223805,-0.481602,-2.843943,-0.613254,-3.514925,-0.766346,-4.208027,-0.832577,-4.882198,-0.765067,-5.419759,-0.599212,-5.713631,-0.411803,-5.708126,-0.288445,-5.373354,-0.252433,-4.724725,-0.251954,-3.908433,-0.182435,-3.044959,0.040817,-2.209531,0.444544,-1.484036,0.963224,-0.922715,1.494316,-0.512525,1.939598,-0.210406,2.283117,0.044325,2.535945,0.252864,2.687919,0.361182,2.719761,0.334637,2.648409,0.2201,2.506947,0.06909,2.283658,-0.038475,1.97279,-0.065748,1.597852,-0.042821,1.18044,-0.030579,0.755628,-0.024839,0.369236,-0.000952,0.074083,0.023416,-0.098316,0.017978,-0.144609,-0.008658,-0.099465,-0.031657,-0.009365,-0.043263,0.056908,-0.032376,0.073829,-0.000625,0.033515,0.040514,-0.052966,0.090784
6,-0.079397,-0.127472,-0.064709,-0.102894,-0.061068,-0.04707,-0.068214,0.043314,-0.088599,0.161836,-0.134851,0.335853,-0.223711,0.575798,-0.389991,0.87018,-0.685754,1.2168,-1.092968,1.603884,-1.525624,2.015378,-1.882713,2.412235,-2.105086,2.777868,-2.182815,3.145835,-2.14711,3.511181,-2.016748,3.810874,-1.826715,3.961055,-1.611512,3.921266,-1.394891,3.688458,-1.175502,3.285744,-0.938854,2.769257,-0.682381,2.18429,-0.424967,1.532059,-0.167156,0.820524,0.095497,0.079389,0.324352,-0.666936,0.492474,-1.393732,0.604982,-2.135175,0.687442,-2.901927,0.771352,-3.638028,0.852838,-4.311956,0.934194,-4.923972,1.047907,-5.397961,1.186134,-5.702196,1.323873,-5.815878,1.421072,-5.751565,1.455972,-5.575835,1.426015,-5.336874,1.353927,-5.011152,1.291435,-4.576295,1.222994,-3.992244,1.126516,-3.195523,1.002622,-2.181025,0.867912,-1.088165,0.768666,-0.037679,0.740041,0.969445,0.788033,1.915246,0.892659,2.747059,1.03157,3.414591,1.178237,3.934466,1.303219,4.411175,1.368716,4.869016,1.347194,5.240125,1.217962,5.459537,1.014773,5.506426,0.764189,5.369208,0.53504,5.045764,0.354861,4.536064,0.234146,3.859386,0.16567,3.046053,0.135504,2.125515,0.08584,1.158469,-0.008994,0.223886,-0.158039,-0.66678,-0.352137,-1.554354,-0.566472,-2.478117,-0.750703,-3.410223,-0.868141,-4.254346,-0.890896,-4.951832,-0.833142,-5.492211,-0.715141,-5.900425,-0.572547,-6.127079,-0.456456,-6.040899,-0.385182,-5.558832,-0.289394,-4.792297,-0.068373,-3.937302,0.294912,-3.119959,0.766248,-2.378943,1.303239,-1.749581,1.819416,-1.227313,2.224012,-0.735845,2.468397,-0.300951,2.534801,-0.000834,2.43414,0.17215,2.213542,0.257331,1.937431,0.272434,1.632802,0.219639,1.290332,0.134793,0.917377,0.052874,0.541261,-0.005433,0.217646,-0.032193,-0.007409,-0.028626,-0.114975,-0.019334,-0.114985,-0.027259,-0.056503,-0.032246,0.007299,-0.015712,0.042313,0.015018,0.039591,0.05258,0.012476,0.091842,-0.020976,0.126336
6,-0.026238,0.417585,-0.235392,0.65469,-0.547002,0.99407,-0.916763,1.432277,-1.334251,1.976311,-1.739671,2.575138,-2.048176,3.145052,-2.206149,3.580391,-2.197771,3.806261,-2.039475,3.828132,-1.793718,3.690882,-1.509499,3.436336,-1.227352,3.080807,-0.92765,2.63882,-0.590071,2.160638,-0.222467,1.593959,0.139606,1.009229,0.524069,0.281956,0.873702,-0.490224,1.136909,-1.183709,1.301112,-1.779134,1.343841,-2.303595,1.259393,-2.798664,1.113103,-3.314196,0.943143,-3.890224,0.803496,-4.523998,0.741724,-5.136509,0.783135,-5.642582,0.913379,-6.002458,1.077853,-6.152632,1.190241,-6.016209,1.219289,-5.539199,1.176345,-4.749537,1.071369,-3.732626,0.954794,-2.562156,0.857461,-1.265959,0.827225,0.075389,0.901659,1.268871,1.066326,2.196967,1.258711,2.895986,1.441906,3.413635,1.624263,3.760767,1.74527,4.004936,1.749937,4.229096,1.647666,4.43398,1.456651,4.567428,1.201733,4.590654,0.907614,4.505001,0.606894,4.293674,0.335134,3.970019,0.12977,3.577598,-0.009467,3.198654,-0.106045,2.862042,-0.189615,2.515659,-0.269552,2.101622,-0.356766,1.595178,-0.427833,1.001739,-0.486863,0.357962,-0.538422,-0.307982,-0.594816,-0.986218,-0.663522,-1.6403,-0.724154,-2.222737,-0.746681,-2.736285,-0.725572,-3.212378,-0.677229,-3.697675,-0.573791,-4.23365,-0.422397,-4.828551,-0.252013,-5.416479,-0.060801,-5.911315,0.093642,-6.236589,0.181829,-6.29951,0.22301,-5.985972,0.256086,-5.282598,0.328563,-4.312001,0.431972,-3.228596,0.588645,-2.202163,0.809759,-1.363569,1.067431,-0.718839,1.312262,-0.228131,1.493104,0.141461,1.564474,0.416077,1.52024,0.638024,1.385579,0.820723,1.192985,0.943754,0.978901,0.977795,0.794571,0.905371,0.671832,0.724822,0.608596,0.482198,0.567334,0.22387,0.505925,0.003689,0.39996,-0.136148,0.252443,-0.195149,0.096162,-0.181719,-0.020506,-0.119642,-0.076818,-0.025669,-0.095425,0.071112,-0.109791,0.122736,-0.122266,0.114353,-0.130593,0.07188,-0.121749,0.033693
6,-0.767088,2.161316,-0.829149,2.578811,-0.841028,2.978871,-0.816744,3.325483,-0.75564,3.564964,-0.676898,3.665678,-0.5973,3.616986,-0.531672,3.449376,-0.500241,3.205031,-0.496524,2.901807,-0.503435,2.527475,-0.510685,2.093666,-0.508203,1.613264,-0.484775,1.104971,-0.454243,0.593957,-0.439663,0.087848,-0.447929,-0.441354,-0.460138,-1.04289,-0.440643,-1.745865,-0.352659,-2.523037,-0.176327,-3.33932,0.059195,-4.093156,0.251733,-4.739439,0.366156,-5.248003,0.435016,-5.617547,0.511972,-5.846444,0.627154,-5.966123,0.767629,-6.009621,1.001628,-5.912673,1.313391,-5.529601,1.605057,-4.814468,1.788363,-3.813166,1.788034,-2.666483,1.623835,-1.572283,1.369484,-0.656605,1.09509,0.08215,0.853842,0.695725,0.679727,1.247872,0.592692,1.765683,0.610705,2.220357,0.728752,2.655208,0.930319,3.128392,1.143577,3.688004,1.289613,4.295676,1.329073,4.811162,1.300344,5.106667,1.220865,5.15208,1.11284,4.986306,1.003469,4.680679,0.883372,4.350004,0.735018,4.063976,0.570882,3.794643,0.40211,3.462468,0.230619,3.015458,0.06712,2.421984,-0.080372,1.697529,-0.193284,0.873901,-0.278162,0.022531,-0.357019,-0.797075,-0.461622,-1.569956,-0.587119,-2.305546,-0.71717,-2.971785,-0.831387,-3.562772,-0.920039,-4.094626,-1.021057,-4.59603,-1.138661,-5.072495,-1.218212,-5.479825,-1.243958,-5.703001,-1.196782,-5.679031,-1.033284,-5.43748,-0.731065,-4.992718,-0.308103,-4.396829,0.199024,-3.733365,0.713932,-3.115475,1.157828,-2.581908,1.460743,-2.017051,1.623235,-1.379251,1.708138,-0.784799,1.751445,-0.278083,1.773375,0.185909,1.808144,0.600174,1.873156,0.925685,1.960375,1.125396,2.045954,1.182538,2.066439,1.117153,1.985595,0.949155,1.794019,0.709119,1.511748,0.454016,1.163978,0.231987,0.785352,0.066466,0.401785,-0.018135,0.034373,-0.021727,-0.259504,0.013407,-0.429231,0.032145,-0.462876,0.029759,-0.379019,0.015725,-0.218102,-0.016236,-0.063488,-0.056163,0.021857,-0.081246,0.029225,-0.085024
6,-0.128166,0.406189,-0.195499,0.58644,-0.260399,0.815029,-0.328605,1.080754,-0.419944,1.409342,-0.543347,1.820278,-0.687112,2.316002,-0.812746,2.844889,-0.909374,3.339009,-0.974594,3.716491,-1.02065,3.90544,-1.070436,3.847646,-1.123445,3.573284,-1.182789,3.13727,-1.248145,2.596916,-1.280274,2.001518,-1.231979,1.374166,-1.065037,0.764824,-0.788383,0.216001,-0.446082,-0.288586,-0.111656,-0.771851,0.149995,-1.240744,0.336266,-1.714037,0.474026,-2.200036,0.578499,-2.719772,0.670159,-3.265751,0.787291,-3.814933,0.927152,-4.336906,1.061784,-4.819088,1.178528,-5.239923,1.282966,-5.616599,1.34868,-5.945564,1.357216,-6.177567,1.28812,-6.205474,1.149842,-5.887141,0.964098,-5.106484,0.818495,-3.921226,0.756184,-2.501312,0.805963,-1.063845,0.94803,0.189974,1.086242,1.203803,1.153885,2.051175,1.141125,2.756151,1.096738,3.27856,1.054158,3.664462,1.009302,4.03319,0.953691,4.432728,0.873664,4.798472,0.751334,5.065985,0.604248,5.212681,0.45204,5.232738,0.314362,5.131879,0.193308,4.915082,0.07096,4.561229,-0.061246,4.047266,-0.177416,3.409101,-0.258079,2.681619,-0.285022,1.921921,-0.264443,1.177904,-0.20543,0.465395,-0.137083,-0.196377,-0.111621,-0.830289,-0.16301,-1.485873,-0.266313,-2.18029,-0.39956,-2.862158,-0.548729,-3.50519,-0.677569,-4.08896,-0.76444,-4.595124,-0.794846,-5.019288,-0.796824,-5.354939,-0.769914,-5.61977,-0.642191,-5.802681,-0.393908,-5.851576,-0.045549,-5.677896,0.345989,-5.147679,0.741963,-4.235528,1.09376,-3.11103,1.364786,-1.97168,1.563492,-0.992623,1.73914,-0.244473,1.941651,0.247946,2.150918,0.505985,2.314883,0.592766,2.403604,0.58458,2.398685,0.535122,2.28382,0.455682,2.03229,0.356925,1.665875,0.272753,1.212745,0.238796,0.714689,0.223879,0.267796,0.178523,-0.056734,0.08759,-0.245031,-0.03144,-0.295508,-0.137107,-0.23008,-0.203411,-0.102861,-0.206896,0.006816,-0.154382,0.027131,-0.06831,-0.04307,0.030159,-0.138417,0.114439
6,-0.183704,1.120647,-0.234859,1.427673,-0.294459,1.73463,-0.368199,2.084968,-0.458474,2.509329,-0.551384,2.970532,-0.649022,3.396585,-0.756752,3.696443,-0.848463,3.789036,-0.898895,3.630771,-0.918422,3.288336,-0.896862,2.800788,-0.83101,2.208604,-0.715112,1.5924,-0.53165,0.968974,-0.28261,0.362582,0.001565,-0.210391,0.278478,-0.784412,0.51579,-1.396732,0.696671,-2.067034,0.834428,-2.768571,0.941234,-3.461931,1.035775,-4.12859,1.136495,-4.785133,1.252672,-5.468652,1.347117,-6.182314,1.349357,-6.827662,1.274847,-7.24959,1.123582,-7.287866,0.943977,-6.765107,0.761841,-5.655804,0.63185,-4.147539,0.633225,-2.44679,0.778243,-0.759274,1.004518,0.720309,1.259444,1.874911,1.439103,2.718647,1.507853,3.33222,1.514987,3.797622,1.497204,4.189352,1.440438,4.572335,1.334128,4.934998,1.187949,5.204766,1.005352,5.305306,0.792342,5.218714,0.5717,4.945415,0.350411,4.550563,0.147374,4.115397,-0.040524,3.704505,-0.235187,3.285256,-0.422449,2.851818,-0.552018,2.412437,-0.612009,1.944584,-0.603689,1.389774,-0.523451,0.719569,-0.403554,-0.018356,-0.316778,-0.770387,-0.339374,-1.505684,-0.434468,-2.220423,-0.547871,-2.893803,-0.64762,-3.517041,-0.7282,-4.090683,-0.78674,-4.632925,-0.813785,-5.157275,-0.819077,-5.591087,-0.799682,-5.858989,-0.757781,-5.858393,-0.677028,-5.513062,-0.55161,-4.921917,-0.370143,-4.302446,-0.124935,-3.743813,0.1494,-3.208228,0.441986,-2.675513,0.748417,-2.126997,1.032467,-1.563432,1.257006,-1.009597,1.399728,-0.507417,1.460635,-0.098909,1.485363,0.183786,1.525961,0.363074,1.599438,0.471989,1.680272,0.527214,1.752101,0.542419,1.810672,0.530265,1.813975,0.483068,1.727421,0.413624,1.532436,0.348791,1.23836,0.321407,0.903191,0.313867,0.579742,0.281318,0.29338,0.212982,0.080909,0.132482,-0.034769,0.081374,-0.063515,0.074671,-0.05492,0.103765,-0.063383,0.15496,-0.108655,0.20399,-0.184302,0.237923,-0.266761,0.247753,-0.307245,0.226437
6,-0.079327,-0.068688,-0.133548,-0.040908,-0.167088,0.007264,-0.162822,0.07219,-0.110454,0.147851,-0.040128,0.213565,-0.030801,0.262386,-0.081905,0.25998,-0.159759,0.207045,-0.228276,0.117619,-0.263719,0.021428,-0.261017,-0.052547,-0.228063,-0.0799,-0.17931,-0.057896,-0.128066,-5.3e-05,-0.086867,0.074416,-0.064259,0.139081,-0.058484,0.18756,-0.06236,0.209672,-0.06237,0.210755,-0.067186,0.19227,-0.080819,0.16132,-0.096303,0.138677,-0.103759,0.134696,-0.092282,0.147197,-0.059936,0.166911,-0.011527,0.189129,0.047678,0.198291,0.120166,0.178366,0.18631,0.103902,0.216921,-0.049625,0.215586,-0.372894,0.196385,-0.908865,0.202805,-1.58034,0.180404,-2.226824,0.18001,-2.909373,0.269113,-3.64795,0.443183,-4.346753,0.569107,-4.831512,0.536791,-5.023935,0.379082,-4.937155,0.217588,-4.600825,0.174365,-3.984237,0.304828,-3.074393,0.583878,-1.955915,0.950012,-0.66288,1.261614,0.723254,1.478993,2.164581,1.595308,3.396737,1.632247,4.314856,1.583967,4.958251,1.455259,5.414498,1.255025,5.693568,1.025787,5.786268,0.823336,5.649952,0.682844,5.235731,0.596092,4.550937,0.510616,3.623206,0.402211,2.565041,0.26212,1.511947,0.079898,0.547733,-0.132472,-0.292175,-0.324707,-1.016277,-0.457546,-1.664789,-0.542206,-2.318111,-0.624039,-2.986186,-0.71316,-3.650398,-0.796433,-4.299851,-0.886922,-4.907267,-0.94958,-5.321703,-0.937749,-5.42609,-0.841001,-5.215093,-0.610999,-4.800993,-0.231741,-4.283968,0.257185,-3.711632,0.783756,-3.075841,1.293575,-2.364201,1.763329,-1.612546,2.177573,-0.890876,2.492404,-0.266798,2.67531,0.230746,2.730509,0.558532,2.665149,0.731362,2.507279,0.776295,2.277243,0.725166,1.995848,0.619929,1.674373,0.499087,1.326833,0.397745,0.972287,0.322859,0.631733,0.27396,0.31984,0.250979,0.057603,0.242868,-0.140031,0.236784,-0.267559,0.222962,-0.321996,0.208836,-0.31091,0.195413,-0.257505,0.18904,-0.20212,0.187966,-0.181934,0.189443,-0.210575,0.17321
6,-0.085706,0.004019,-0.085056,0.035954,-0.095746,0.100007,-0.126472,0.203827,-0.176621,0.356924,-0.245322,0.556078,-0.321757,0.77554,-0.395413,0.980152,-0.467677,1.159223,-0.542713,1.322989,-0.62879,1.484298,-0.71505,1.647008,-0.793051,1.808378,-0.84411,1.949528,-0.866953,2.062946,-0.860212,2.140916,-0.819182,2.183331,-0.748695,2.175787,-0.641306,2.091679,-0.506389,1.93512,-0.367716,1.701117,-0.234687,1.404776,-0.133633,1.004336,-0.033263,0.533838,0.070619,-0.035001,0.20351,-0.756415,0.375746,-1.524306,0.571182,-2.340709,0.783655,-3.165455,0.99044,-3.936112,1.172286,-4.620511,1.301841,-5.20346,1.339495,-5.655598,1.283979,-5.892442,1.151495,-5.894308,0.991412,-5.658023,0.895882,-5.209771,0.905053,-4.581,0.945356,-3.809808,1.0045,-2.900286,1.040672,-1.821202,1.07331,-0.611795,1.088737,0.702682,1.112256,2.021261,1.143718,3.195079,1.170471,4.099634,1.16772,4.785841,1.099968,5.356059,0.995354,5.809568,0.909849,6.085739,0.853429,6.132944,0.808232,5.950718,0.737182,5.545516,0.612903,4.907187,0.432362,4.098772,0.225984,3.194592,0.019581,2.297751,-0.151053,1.439458,-0.282125,0.634825,-0.386832,-0.082758,-0.44612,-0.698445,-0.456391,-1.237124,-0.424481,-1.755743,-0.360517,-2.296198,-0.291882,-2.883789,-0.228227,-3.542564,-0.175496,-4.27941,-0.158599,-4.982659,-0.229299,-5.432328,-0.403157,-5.509463,-0.614251,-5.253589,-0.751097,-4.82862,-0.724211,-4.355403,-0.522031,-3.884849,-0.173052,-3.404131,0.281998,-2.904153,0.797833,-2.40311,1.312621,-1.896771,1.752574,-1.372917,2.068628,-0.810969,2.226399,-0.233708,2.253264,0.28215,2.173069,0.657302,2.005261,0.886932,1.791087,0.988186,1.586783,0.985024,1.391729,0.895729,1.189487,0.752043,0.964615,0.575432,0.724457,0.401769,0.485612,0.273607,0.267804,0.192964,0.077814,0.139502,-0.083204,0.095261,-0.211567,0.045001,-0.292105,0.010606,-0.309894,0.003244,-0.271056,0.030123,-0.204768,0.083683,-0.13904,0.130113
6,-0.038173,0.085313,-0.027168,0.168367,-0.045802,0.319416,-0.095668,0.534589,-0.172986,0.794843,-0.268574,1.057337,-0.357498,1.295134,-0.436196,1.485892,-0.516777,1.628065,-0.602906,1.708091,-0.687623,1.763507,-0.755834,1.814895,-0.797629,1.862443,-0.804017,1.874593,-0.768084,1.812145,-0.689837,1.636055,-0.577679,1.340226,-0.440631,0.907043,-0.307193,0.421191,-0.177891,-0.086064,-0.043469,-0.614851,0.088344,-1.15071,0.217446,-1.664684,0.335637,-2.139623,0.46294,-2.609839,0.619967,-3.088758,0.798327,-3.579262,0.908941,-4.036535,0.937523,-4.394335,0.896909,-4.637468,0.821771,-4.805284,0.742945,-4.915088,0.654414,-4.901507,0.562642,-4.674582,0.502002,-4.1916,0.506201,-3.495262,0.575857,-2.644969,0.704376,-1.748446,0.848474,-0.860138,0.964825,0.030723,1.017343,0.937484,1.03966,1.813471,1.074342,2.608138,1.110097,3.299555,1.115531,3.879717,1.085707,4.352217,1.014967,4.705724,0.933537,4.900589,0.848743,4.905885,0.75703,4.719013,0.64879,4.358048,0.521849,3.84631,0.384993,3.2362,0.265053,2.539232,0.16791,1.816714,0.077433,1.130328,-0.007105,0.525396,-0.089703,-0.009049,-0.163309,-0.498291,-0.236023,-0.944763,-0.294095,-1.369513,-0.328924,-1.799808,-0.319778,-2.27071,-0.273417,-2.773117,-0.199937,-3.326961,-0.165605,-3.844096,-0.18361,-4.264441,-0.265849,-4.56682,-0.400981,-4.712378,-0.516594,-4.641312,-0.532063,-4.320374,-0.392698,-3.838259,-0.141262,-3.356768,0.126795,-2.983654,0.342477,-2.694954,0.468353,-2.353411,0.542858,-1.879791,0.642909,-1.307755,0.822767,-0.704168,1.08987,-0.11975,1.419012,0.387229,1.759096,0.750312,2.032236,0.954915,2.183861,1.0194,2.210194,0.981903,2.116704,0.873696,1.899357,0.725603,1.567632,0.585963,1.173972,0.490128,0.792483,0.434547,0.478552,0.392237,0.23995,0.350548,0.058861,0.313975,-0.081163,0.268886,-0.18686,0.218172,-0.251212,0.168543,-0.278856,0.138593,-0.284367,0.132247,-0.287527,0.153135,-0.281078,0.1863
6,-0.078868,0.119331,-0.090412,0.120439,-0.095933,0.119928,-0.096208,0.120964,-0.091304,0.115763,-0.0937,0.112929,-0.09526,0.107005,-0.092704,0.090039,-0.082481,0.065233,-0.07048,0.04202,-0.05695,0.02921,-0.042216,0.027821,-0.032146,0.035097,-0.030136,0.043401,-0.030907,0.042055,-0.02886,0.042644,-0.019741,0.041951,-0.003897,0.033189,0.011454,0.014284,0.026105,-0.010389,0.020771,-0.035105,0.001139,-0.068134,-0.023798,-0.10591,-0.045312,-0.151644,-0.056094,-0.203392,-0.050113,-0.259347,-0.032174,-0.322906,0.005871,-0.467973,0.035693,-0.726458,0.050326,-1.120174,0.052739,-1.604468,0.04479,-2.093337,0.033833,-2.595624,0.045169,-3.115103,0.057814,-3.588232,0.022826,-3.907763,-0.047263,-3.978752,-0.111497,-3.729937,-0.111308,-3.179083,-0.011722,-2.40083,0.179353,-1.430786,0.433282,-0.341063,0.699059,0.70342,0.951682,1.542692,1.138752,2.141653,1.228733,2.564979,1.246867,2.866093,1.215934,3.065121,1.145939,3.18831,1.022054,3.251084,0.849516,3.274073,0.656363,3.245446,0.477129,3.141614,0.335243,2.913349,0.231222,2.529838,0.156169,2.011575,0.108665,1.433792,0.073788,0.847279,0.029153,0.299792,-0.029744,-0.222234,-0.096334,-0.736302,-0.169304,-1.220228,-0.217517,-1.685944,-0.233918,-2.14011,-0.210949,-2.605666,-0.169245,-3.072685,-0.140231,-3.503044,-0.158969,-3.814377,-0.249156,-3.986669,-0.374074,-4.013222,-0.455995,-3.856689,-0.458458,-3.548739,-0.39691,-3.104342,-0.264893,-2.562707,-0.066438,-1.97993,0.225895,-1.386721,0.589076,-0.832514,0.985403,-0.377041,1.372746,-0.045528,1.71236,0.210061,1.977277,0.418205,2.132003,0.571488,2.156579,0.643385,2.071549,0.633278,1.902845,0.552117,1.687702,0.419168,1.447606,0.256364,1.193538,0.089474,0.937417,-0.057137,0.694624,-0.160621,0.459563,-0.220969,0.237903,-0.237349,0.026896,-0.214344,-0.148783,-0.160359,-0.272307,-0.080239,-0.3354,0.023477,-0.336451,0.123178,-0.28973,0.196221,-0.228337,0.252702,-0.176928,0.294467
6,-0.110021,-0.160755,-0.108615,-0.082939,-0.093451,0.015465,-0.065868,0.094867,-0.022914,0.144814,0.022184,0.158375,0.059825,0.143516,0.074107,0.117581,0.06269,0.094639,0.021599,0.083784,-0.043003,0.086871,-0.107451,0.106624,-0.151355,0.134944,-0.156761,0.157576,-0.121896,0.166434,-0.07477,0.162631,-0.026364,0.152457,0.007199,0.132833,0.023883,0.102195,0.026433,0.069437,0.017215,0.030905,0.00375,-0.012208,0.001615,-0.059622,0.017844,-0.112526,0.054994,-0.1835,0.110586,-0.27788,0.168541,-0.405182,0.192059,-0.59587,0.168875,-0.874806,0.121466,-1.275841,0.105124,-1.805762,0.147622,-2.38349,0.207971,-2.948249,0.259606,-3.436644,0.256753,-3.755437,0.219858,-3.855636,0.170864,-3.640893,0.15356,-3.158325,0.208952,-2.529964,0.339244,-1.841513,0.507226,-1.090456,0.646557,-0.253809,0.727939,0.642579,0.776986,1.515096,0.82706,2.314559,0.892081,2.998145,0.948222,3.536142,0.959778,3.932131,0.908199,4.217589,0.840674,4.418268,0.754537,4.471521,0.69947,4.357756,0.604526,3.938609,0.484836,3.287872,0.336342,2.585718,0.173758,1.805609,-0.017031,1.065379,-0.201556,0.416084,-0.342178,-0.140857,-0.421807,-0.611585,-0.452069,-1.035878,-0.426927,-1.433897,-0.343069,-1.811906,-0.228362,-2.174574,-0.117531,-2.530348,-0.026758,-2.872019,0.009446,-3.150333,-0.019478,-3.324694,-0.092657,-3.384786,-0.174726,-3.361639,-0.221164,-3.293828,-0.185718,-3.207523,-0.065789,-3.096914,0.130467,-2.923748,0.376303,-2.672128,0.640877,-2.334752,0.931141,-1.912522,1.247958,-1.450864,1.556733,-1.025201,1.80489,-0.676187,1.955034,-0.395945,1.991728,-0.172317,1.939488,-0.003984,1.844197,0.111404,1.720725,0.168272,1.574331,0.16344,1.402153,0.114828,1.179932,0.061211,0.907166,0.054092,0.624668,0.108154,0.382736,0.175872,0.210647,0.218119,0.094901,0.218218,0.010611,0.197793,-0.058685,0.162521,-0.116706,0.123004,-0.168602,0.083138,-0.212176,0.048444,-0.237891,0.031523,-0.243266,0.026279
6,-0.04897,0.10844,-0.030322,0.082388,-0.008092,0.059389,0.008175,0.042556,0.020072,0.038874,0.020151,0.047635,0.006906,0.07068,-0.006513,0.103551,-0.014579,0.137702,-0.018671,0.160755,-0.016252,0.165667,-0.011112,0.149356,-0.012707,0.123828,-0.018495,0.097323,-0.028173,0.073178,-0.036096,0.046126,-0.039059,0.016927,-0.033408,-0.01129,-0.016876,-0.034674,0.00781,-0.060494,0.032773,-0.097239,0.055874,-0.149771,0.078588,-0.225384,0.093908,-0.327848,0.092281,-0.520354,0.080189,-0.83516,0.06002,-1.342989,0.062435,-1.902437,0.082836,-2.476872,0.119913,-2.976521,0.17046,-3.362148,0.206194,-3.62854,0.215683,-3.806403,0.212334,-3.901744,0.196987,-3.85081,0.176499,-3.585502,0.161533,-3.075961,0.177218,-2.365283,0.267423,-1.537196,0.433807,-0.67634,0.629133,0.164541,0.819101,0.953365,0.975097,1.695382,1.09719,2.367919,1.182075,2.933719,1.234663,3.364566,1.256787,3.661242,1.229493,3.839848,1.151413,3.909386,1.031541,3.882386,0.877606,3.764638,0.706032,3.561635,0.536182,3.267027,0.381562,2.871905,0.243171,2.377955,0.104024,1.822138,-0.050699,1.234967,-0.224602,0.66532,-0.396764,0.154068,-0.525791,-0.30068,-0.581535,-0.711182,-0.566586,-1.093884,-0.502874,-1.446527,-0.416455,-1.764427,-0.334901,-2.077415,-0.262689,-2.415513,-0.189724,-2.806445,-0.133214,-3.221171,-0.122806,-3.607142,-0.161934,-3.881474,-0.23632,-3.999605,-0.307175,-3.959435,-0.326979,-3.786786,-0.25385,-3.527004,-0.07941,-3.206143,0.177003,-2.849302,0.485433,-2.487042,0.823713,-2.092041,1.152784,-1.625723,1.463194,-1.131823,1.774995,-0.664522,2.074846,-0.234636,2.289993,0.148818,2.358743,0.472677,2.280683,0.718381,2.079079,0.867045,1.79504,0.89444,1.472537,0.807782,1.136608,0.637294,0.796555,0.436646,0.482195,0.247745,0.216695,0.102685,0.003764,0.013773,-0.168015,-0.022258,-0.293752,-0.014381,-0.363632,0.010569,-0.379089,0.022793,-0.347949,0.006416,-0.284223,-0.021377,-0.197249,-0.033659
6,-0.066413,0.187846,-0.051708,0.235586,-0.036608,0.275595,-0.024341,0.292445,-0.014647,0.285116,-0.010604,0.255056,-0.007804,0.208151,-0.001809,0.161093,0.002814,0.130245,0.007445,0.110495,0.006314,0.099092,0.000309,0.085224,-0.013629,0.068027,-0.024973,0.041619,-0.032528,0.017382,-0.028653,-0.00034,-0.025001,-0.001542,-0.021438,0.017167,-0.019098,0.052114,-0.018228,0.07668,-0.015418,0.078573,-0.018254,0.061198,-0.028074,0.025299,-0.045144,-0.020349,-0.065802,-0.076941,-0.088429,-0.146247,-0.102227,-0.230873,-0.102728,-0.343709,-0.080255,-0.505656,-0.073293,-0.782797,-0.062579,-1.23138,-0.106134,-2.064393,-0.065342,-2.836251,0.000863,-3.625972,0.064013,-4.128097,0.099833,-4.283433,0.122811,-4.123327,0.161561,-3.743575,0.252253,-3.259602,0.403702,-2.73654,0.602475,-2.171316,0.816224,-1.529506,0.990398,-0.804005,1.084347,-0.020127,1.089933,0.814283,1.047115,1.647178,0.992071,2.419244,0.954403,3.076076,0.933266,3.581138,0.902459,3.95134,0.832544,4.205686,0.732497,4.326602,0.623636,4.291605,0.52135,4.085085,0.426999,3.699608,0.336112,3.13996,0.260032,2.423113,0.181393,1.586363,0.100763,0.699544,0.014233,-0.138538,-0.084145,-0.844934,-0.187602,-1.399423,-0.255301,-1.848082,-0.273092,-2.244339,-0.250477,-2.630941,-0.201311,-3.035515,-0.152177,-3.427695,-0.150178,-3.761651,-0.180856,-3.980545,-0.227604,-4.039365,-0.291181,-3.927155,-0.324637,-3.676354,-0.290233,-3.292008,-0.159973,-2.805285,0.071874,-2.233361,0.389008,-1.589747,0.740482,-0.972774,1.084307,-0.472425,1.371832,-0.070253,1.576249,0.28857,1.699452,0.594561,1.74404,0.811507,1.710489,0.919276,1.611279,0.908611,1.471519,0.78285,1.310067,0.57957,1.149411,0.35425,0.988483,0.15588,0.826646,0.009678,0.659238,-0.076552,0.483025,-0.106733,0.300873,-0.09984,0.128459,-0.077,0.001772,-0.049026,-0.049954,-0.03245,-0.04991,-0.041961,-0.037347,-0.058314,-0.025961,-0.060893,-0.015756,-0.021226,-0.00099,0.059901
