7,-2.165061,-1.943704,-2.677546,-2.161519,-3.059175,-2.310196,-3.323738,-2.43384,-3.515466,-2.533356,-3.594797,-2.574481,-3.426075,-2.506769,-3.041072,-2.304792,-2.575997,-2.075465,-1.981002,-1.947548,-1.314788,-1.931547,-0.667277,-1.988237,-0.046267,-2.047286,0.560303,-2.077268,1.190137,-2.012401,1.864545,-1.827381,2.632771,-1.616123,3.477784,-1.384797,4.296708,-1.095155,4.937515,-0.794797,5.250284,-0.526736,5.274369,-0.393755,5.270162,-0.417736,5.223127,-0.504278,5.098947,-0.632848,4.754062,-0.779105,4.142431,-0.93473,3.409359,-1.011419,2.622271,-0.955511,1.77647,-0.754824,0.897152,-0.513976,-0.004549,-0.246721,-0.870543,0.153083,-1.593372,0.717144,-2.189149,1.365437,-2.714348,2.030047,-3.04085,2.783667,-3.116529,3.645767,-2.968437,4.484436,-2.728304,5.227803,-2.45173,5.864915,-2.066829,6.384168,-1.510796,6.73454,-0.9347,6.798707,-0.516547,6.435289,-0.296903,5.76596,-0.183876,5.08044,-0.147405,4.448125,-0.157276,3.837703,-0.220615,3.231344,-0.273115,2.584969,-0.214441,1.850749,-0.103559,0.978127,-0.035551,0.037234,0.065251,-0.816494,0.171633,-1.677018,0.261077,-2.656073,0.375197,-3.74043,0.465971,-4.917473,0.533189,-6.148734,0.612407,-7.121358,0.649229,-7.729958,0.704127,-8.06835,0.804369,-8.141018,0.829394,-7.847277,0.672552,-7.320163,0.337126,-6.61866,0.043129,-5.934813,-0.046228,-5.366169,0.033954,-4.881031,0.196796,-4.378261,0.381326,-3.746655,0.470651,-2.978158,0.344083,-2.173476,0.146719,-1.404924,0.019397,-0.668805,-0.036528,-0.04448,-0.061263,0.366786,-0.056994,0.632266,-0.052547,0.806519,-0.052842,0.882745,-0.016552,0.896125,0.047122,0.899615,0.098844,0.867974,0.109996,0.809695,0.113059,0.731192,0.118578,0.660236,0.114692,0.610433,0.06673,0.562479,-0.005683,0.502733,-0.021562,0.43137,-0.012862,0.351547,-0.035387,0.256176,-0.02356,0.130422,-0.003393,0.032399,-0.032259,0.008656,-0.067755,-0.00229,-0.050569,-0.015316,-0.019695,-0.014881,0.021911,0.011117
7,-0.273029,-0.610304,-0.621061,-1.016826,-1.023536,-1.29992,-1.538544,-1.642212,-2.139129,-2.11483,-2.762551,-2.435733,-3.265487,-2.656418,-3.58494,-2.713525,-3.705383,-2.545146,-3.654864,-2.222474,-3.380337,-1.86519,-2.857616,-1.589574,-2.175397,-1.425318,-1.52642,-1.326489,-0.934955,-1.326336,-0.354254,-1.431743,0.172247,-1.54623,0.710389,-1.646229,1.262203,-1.708611,1.836197,-1.726704,2.513682,-1.677267,3.311776,-1.572407,4.070003,-1.36282,4.644405,-1.08911,4.940941,-0.818333,4.999227,-0.628715,4.888086,-0.545783,4.553207,-0.533579,4.19075,-0.550102,3.943931,-0.542415,3.685657,-0.518935,3.269249,-0.474448,2.602821,-0.428891,1.733188,-0.366474,0.794781,-0.169361,-0.037859,0.151253,-0.696592,0.484223,-1.299424,0.831369,-1.89501,1.265732,-2.313806,1.783762,-2.570611,2.421346,-2.804767,3.183398,-3.006215,4.046834,-3.072207,4.976838,-2.921456,5.845085,-2.559273,6.46215,-2.02622,6.734853,-1.433499,6.629379,-0.884919,6.082523,-0.49445,5.283706,-0.373544,4.391357,-0.176277,3.699718,-0.047883,2.995915,-0.055958,2.088455,0.108469,1.168593,0.281697,0.355247,0.404235,-0.355158,0.498485,-0.984649,0.635562,-1.527146,0.805868,-2.04361,0.870164,-2.636417,0.791921,-3.366484,0.585287,-4.17332,0.329688,-4.905199,0.160354,-5.499981,0.010453,-5.986056,-0.029403,-6.343927,0.092534,-6.606364,0.237237,-6.839932,0.313595,-6.929873,0.407564,-6.738858,0.356409,-6.224037,0.019948,-5.323479,-0.367233,-4.21072,-0.469944,-3.14582,-0.306812,-2.27107,-0.119624,-1.521405,0.025064,-0.898483,0.144985,-0.405762,0.166281,-0.04514,0.133878,0.222216,0.13094,0.43086,0.14898,0.61174,0.15446,0.742826,0.154155,0.799532,0.131571,0.802463,0.102753,0.765355,0.081683,0.699338,0.056203,0.607877,0.026693,0.507678,-0.025865,0.433192,-0.081377,0.398212,-0.122338,0.380159,-0.144952,0.361475,-0.102683,0.320979,-0.008274,0.221214,0.050205,0.080653,0.073709,0.016726,0.067014,-0.021702,0.014347,-0.07449
7,-1.111574,-1.051102,-1.650481,-1.38795,-2.216514,-1.875045,-2.734067,-2.36435,-3.169654,-2.687036,-3.489891,-2.883144,-3.692864,-3.003798,-3.768518,-3.03296,-3.659098,-2.994727,-3.250504,-2.896656,-2.566022,-2.69575,-1.761499,-2.409321,-1.029633,-2.130494,-0.424202,-1.928956,0.183162,-1.82941,0.91047,-1.849524,1.662752,-1.872498,2.312108,-1.886212,2.936099,-1.859173,3.507257,-1.715022,4.11356,-1.5107,4.789076,-1.206425,5.195772,-0.801892,5.353834,-0.491977,5.369921,-0.351291,5.192459,-0.306706,4.851956,-0.353284,4.524145,-0.518564,4.200764,-0.717911,3.68195,-0.839877,2.876127,-0.817607,1.885073,-0.616223,0.902446,-0.289634,0.016163,0.103942,-0.782323,0.578549,-1.53781,1.144518,-2.210451,1.802542,-2.682981,2.466938,-3.101011,3.194603,-3.532771,4.177586,-3.711555,5.260891,-3.627126,6.110989,-3.312219,6.691775,-2.749247,6.981839,-2.082966,6.962202,-1.437251,6.678605,-0.841778,6.195811,-0.307739,5.442838,0.074126,4.584344,0.285613,3.746903,0.328025,2.897495,0.305732,2.028812,0.3068,1.150063,0.385777,0.262278,0.530905,-0.581128,0.684149,-1.433063,0.755979,-2.315694,0.677932,-3.22652,0.578667,-4.116776,0.567096,-4.987326,0.578758,-5.787069,0.59881,-6.526696,0.565145,-7.163679,0.464439,-7.659127,0.372789,-8.022214,0.277539,-8.168434,0.162112,-7.983315,0.211359,-7.428339,0.333563,-6.606713,0.196523,-5.580117,-0.113723,-4.418768,-0.275566,-3.15057,-0.234982,-1.933592,-0.056732,-0.967203,0.058615,-0.261445,0.043639,0.338583,0.029453,0.877028,0.080878,1.357726,0.200142,1.744272,0.318371,1.963475,0.350817,1.987088,0.293409,1.910669,0.167488,1.792261,0.035558,1.611903,-0.016969,1.380763,-0.009958,1.162534,-0.005764,0.994956,-0.012011,0.847093,-0.018495,0.702985,0.016549,0.562397,0.023005,0.419732,-0.05984,0.273378,-0.130613,0.124315,-0.122876,-0.024029,-0.053779,-0.156984,0.00638,-0.231495,-0.008263,-0.233722,-0.076898,-0.202941,-0.112648,-0.168836,-0.10747,-0.148165
7,0.080225,0.153371,0.086105,0.181904,0.118792,0.197847,0.149104,0.21896,0.192173,0.243883,0.227842,0.268576,0.248355,0.30523,0.268122,0.351654,0.283314,0.372792,0.285972,0.370403,0.257568,0.340356,0.144337,0.26264,0.229773,0.306276,0.2877,0.288747,0.188248,0.178913,0.021465,0.035888,-0.180508,-0.15785,-0.504208,-0.447605,-1.110334,-1.201316,-1.776622,-1.641946,-2.358747,-2.003344,-2.808966,-2.301331,-3.140439,-2.342253,-3.251729,-2.279528,-3.195368,-2.172174,-2.992963,-2.057619,-2.655448,-1.94502,-2.101704,-1.844481,-1.299059,-1.739875,-0.370943,-1.630229,0.686982,-1.592789,1.972595,-1.616626,3.136754,-1.556231,3.860457,-1.396411,4.243768,-1.273756,4.476533,-1.28462,4.634961,-1.29404,4.722542,-1.228734,4.585315,-1.099466,4.045156,-0.882749,3.217243,-0.562852,2.276829,-0.077338,1.385377,0.500207,0.679018,1.058043,0.098403,1.630708,-0.469207,2.253832,-1.025772,2.967996,-1.466624,3.771713,-1.776794,4.503361,-1.927067,5.059101,-1.850979,5.329094,-1.562197,5.364828,-1.19632,5.257735,-0.867709,4.963979,-0.702792,4.433219,-0.723921,3.705694,-0.727381,2.88027,-0.646104,1.958193,-0.506679,0.972914,-0.305565,-0.005601,-0.034016,-1.007634,0.177794,-2.095877,0.252638,-3.191895,0.178345,-4.211753,0.075808,-5.135776,0.036405,-6.001365,0.070946,-6.760386,0.209887,-7.240052,0.306326,-7.393157,0.343903,-7.236154,0.459419,-6.674408,0.567577,-5.800632,0.525892,-4.815153,0.273478,-3.81973,-0.053864,-2.833443,-0.169,-1.970902,-0.135056,-1.308919,-0.181484,-0.789957,-0.335417,-0.295782,-0.412986,0.165669,-0.318874,0.530658,-0.179814,0.764597,-0.08412,0.883226,0.008032,0.957071,0.079067,0.979241,0.136293,0.935395,0.141334,0.85396,0.10659,0.759995,0.11102,0.668822,0.157811,0.585447,0.163569,0.494165,0.093007,0.396411,0.022337,0.305711,-0.01472,0.203436,-0.023943,0.083145,-0.014053,-0.034626,-0.016042,-0.144726,-0.048578,-0.233001,-0.097095,-0.267925,-0.110059,-0.240218
7,0.199597,0.339587,0.199552,0.332737,0.189431,0.308745,0.199158,0.278542,0.238054,0.23609,0.269118,0.188058,0.29925,0.144534,0.352791,0.110328,0.378292,0.069617,0.307755,0.005516,0.136517,-0.098656,-0.078405,-0.296429,-0.323895,-0.652339,-0.715743,-1.153927,-1.666577,-2.760784,-2.375743,-3.412209,-2.740569,-3.731899,-3.022876,-3.729656,-3.20544,-3.412181,-3.168895,-3.09188,-2.882517,-2.745298,-2.299174,-2.408524,-1.53415,-2.143396,-0.808215,-1.973639,-0.089948,-1.929558,0.783123,-1.9699,1.933189,-1.942726,3.139823,-1.722098,4.225067,-1.431121,5.057064,-1.153639,5.389716,-0.878978,5.206476,-0.664172,4.801433,-0.555596,4.363282,-0.494757,3.882212,-0.456572,3.264185,-0.425251,2.427652,-0.356791,1.535126,-0.258864,0.751843,-0.151126,0.034893,-0.007894,-0.642162,0.243845,-1.249661,0.660949,-1.903929,1.245284,-2.502516,2.003046,-2.973172,2.912137,-3.281554,3.895843,-3.289577,4.758122,-2.96679,5.328344,-2.438045,5.539113,-1.836315,5.401943,-1.293694,5.049563,-0.827075,4.687562,-0.454762,4.430651,-0.152341,4.226927,0.082896,3.820134,0.193167,3.111662,0.342348,2.30549,0.472349,1.481402,0.516987,0.607123,0.601712,-0.222342,0.646086,-1.075618,0.605512,-2.02975,0.378478,-3.030944,-0.025531,-4.058831,-0.455334,-5.041846,-0.7727,-5.909457,-0.855918,-6.582745,-0.684775,-7.225723,-0.464559,-7.753273,-0.316091,-7.858955,-0.259926,-7.347789,-0.166238,-6.264011,0.090288,-4.891227,0.312863,-3.360384,0.275741,-1.954851,0.099427,-0.928959,0.015529,-0.273891,0.017349,0.11814,-0.049201,0.387705,-0.154184,0.514387,-0.164703,0.548441,-0.067381,0.627362,0.02885,0.759594,0.100909,0.897628,0.143174,0.999151,0.147011,1.049986,0.145062,1.01685,0.142953,0.877582,0.097691,0.69623,-0.009024,0.513777,-0.11052,0.364363,-0.150818,0.247831,-0.110845,0.174408,-0.045982,0.147226,0.013455,0.155337,0.0887,0.180575,0.123105,0.154034,0.124244,0.122743,0.179185,0.077485,0.182272,0.04658
7,0.212158,0.078621,0.201812,0.026253,0.194649,-0.018181,0.218378,-0.05035,0.205562,-0.094173,0.119545,-0.184157,0.033409,-0.299546,-0.049216,-0.426603,-0.14224,-0.579573,-0.235905,-0.766168,-0.458646,-1.104651,-0.935566,-1.96036,-1.414991,-2.198372,-1.981736,-2.499003,-2.549243,-2.740992,-3.108197,-2.879858,-3.504062,-2.886745,-3.664547,-2.7584,-3.604038,-2.595817,-3.257733,-2.409563,-2.593181,-2.20826,-1.693298,-1.930402,-0.675053,-1.595149,0.343033,-1.329705,1.278719,-1.194686,2.062419,-1.102501,2.798421,-1.044985,3.506041,-0.98266,4.013115,-0.973731,4.271949,-1.007654,4.337639,-1.056223,4.20754,-1.108291,3.983557,-1.145425,3.792511,-1.140302,3.559815,-1.066487,3.176777,-0.928797,2.721205,-0.730239,2.223734,-0.454729,1.57997,-0.067011,0.826863,0.403033,0.165854,0.89828,-0.305585,1.400668,-0.746426,1.908482,-1.282962,2.478764,-1.85354,3.196759,-2.363068,4.02693,-2.697022,4.749477,-2.751787,5.209895,-2.487237,5.347478,-1.967212,5.215521,-1.426584,4.985868,-0.914024,4.72706,-0.487739,4.288397,-0.171107,3.75679,-0.099827,3.185755,-0.179584,2.468498,-0.160262,1.66637,0.029167,0.876381,0.26902,0.115706,0.460204,-0.711973,0.563351,-1.597579,0.626376,-2.513035,0.663486,-3.401129,0.633286,-4.319335,0.508859,-5.338934,0.304839,-6.166324,0.150623,-6.758724,0.135278,-7.136471,0.210673,-7.288422,0.265203,-7.10471,0.218109,-6.446709,0.031875,-5.330808,-0.193145,-4.106209,-0.29735,-3.054089,-0.239491,-2.173426,-0.09481,-1.367435,0.046256,-0.731308,0.113356,-0.259225,0.080913,0.133604,0.064364,0.474277,0.131371,0.752029,0.16008,0.946104,0.124699,1.079539,0.083627,1.156827,0.045044,1.167863,0.033582,1.090928,0.074338,0.914551,0.085861,0.729996,0.046777,0.596427,0.016703,0.517675,0.019335,0.466235,-0.015958,0.42713,-0.076974,0.354607,-0.085611,0.263367,-0.073182,0.157535,-0.076937,0.055161,-0.075036,-0.032115,-0.056498,-0.106181,-0.039373,-0.141126,-0.011472,-0.124172
7,0.069697,0.134913,0.052718,0.163649,-0.024698,0.122462,-0.090035,0.05675,-0.092217,0.005962,-0.026564,-0.05373,0.030376,-0.119655,0.015593,-0.220408,-0.152923,-0.36748,-0.544875,-0.575739,-1.178113,-0.896037,-1.932044,-1.271681,-2.611195,-1.705769,-3.058961,-2.209741,-3.223776,-2.653669,-3.280024,-3.019874,-3.327828,-3.285182,-3.168378,-3.388796,-2.894181,-3.376828,-2.345262,-3.230632,-1.546419,-2.953389,-0.698238,-2.632004,0.19467,-2.37062,1.198327,-2.197161,2.210481,-2.047739,3.149573,-1.864241,4.032851,-1.592513,4.672495,-1.219624,4.955245,-0.830352,4.891938,-0.474345,4.631744,-0.22539,4.353616,-0.102006,3.985511,-0.008661,3.495076,0.078381,2.893165,0.156814,2.247087,0.196587,1.541208,0.239725,0.74413,0.310848,-0.07643,0.447617,-0.786934,0.672008,-1.309769,1.014338,-1.905232,1.531694,-2.582969,2.204405,-3.143325,3.015196,-3.488663,3.871053,-3.504976,4.611003,-3.092779,5.103054,-2.203751,5.17228,-1.059676,5.05452,-0.060164,5.013591,0.670531,4.886557,0.991499,4.573347,0.942677,4.055454,0.699132,3.423532,0.405349,2.726824,0.219718,1.956277,0.209347,1.091832,0.266821,0.240224,0.256644,-0.577823,0.220631,-1.389699,0.191641,-2.131101,0.140339,-2.848284,0.066705,-3.644835,-0.035034,-4.430701,-0.180034,-5.10289,-0.332473,-5.681008,-0.408643,-6.106815,-0.351679,-6.296136,-0.223545,-6.229362,-0.161642,-6.046495,-0.192209,-5.749207,-0.208829,-5.289396,-0.297019,-4.720868,-0.557681,-4.036143,-0.793046,-2.944571,-0.817386,-1.581389,-0.562442,-0.348952,-0.243922,0.3979,-0.034037,0.701383,0.140318,0.862026,0.28223,0.990839,0.35233,1.089353,0.354364,1.061048,0.30388,0.947532,0.182624,0.856046,0.058002,0.778263,-0.007152,0.711838,-0.012053,0.666339,0.038919,0.610282,0.087385,0.552426,0.093759,0.489599,0.102235,0.427793,0.157533,0.332381,0.21975,0.223367,0.222488,0.133731,0.150583,0.049519,0.045772,-0.024619,-0.036617,-0.0826,-0.07476,-0.11471,-0.060318,-0.135907
7,0.17857,0.015693,0.04087,-0.111201,-0.129257,-0.238617,-0.37532,-0.362776,-0.773015,-0.473984,-1.267018,-0.616498,-1.744294,-0.872793,-2.117807,-1.295659,-2.408974,-1.717961,-2.624848,-2.083101,-2.85468,-2.351239,-3.175853,-2.57905,-3.42317,-2.725817,-3.54533,-2.76421,-3.539722,-2.700678,-3.370977,-2.481852,-2.880417,-2.261339,-2.051055,-2.068672,-1.080443,-1.83554,-0.144964,-1.568025,0.604773,-1.334572,1.244817,-1.215216,1.942087,-1.219957,2.753989,-1.259732,3.599854,-1.234368,4.271011,-1.101031,4.680093,-0.930856,4.873184,-0.805941,4.983858,-0.686768,4.991021,-0.532553,4.719134,-0.331011,4.18833,-0.12054,3.577071,0.055835,2.945373,0.143697,2.233389,0.172611,1.409856,0.202761,0.575293,0.33883,-0.172331,0.61368,-0.839297,0.956567,-1.456484,1.391336,-2.018395,1.889892,-2.452038,2.389013,-2.803094,2.889898,-3.054821,3.489451,-3.049222,4.311953,-2.738741,5.056541,-2.235939,5.320682,-1.656622,5.275692,-1.068173,5.067468,-0.522976,4.620715,-0.033378,4.074573,0.297809,3.528758,0.365328,2.935448,0.270631,2.265697,0.186359,1.528983,0.250304,0.850484,0.379046,0.260251,0.418213,-0.387663,0.436254,-1.139992,0.41703,-1.959645,0.349222,-2.967874,0.249344,-4.164494,0.064938,-5.331263,-0.190346,-6.261137,-0.213258,-6.871725,-0.060266,-7.199239,-0.004223,-7.271427,-0.071455,-7.100758,-0.070124,-6.809388,-0.062275,-6.469257,-0.079702,-6.016926,-0.147209,-5.194887,-0.262727,-3.96586,-0.338248,-2.6062,-0.27895,-1.476974,-0.193451,-0.692475,-0.193715,-0.12705,-0.218874,0.41468,-0.188621,0.963727,-0.154509,1.364877,-0.069389,1.46257,0.024927,1.343174,0.066764,1.185282,0.083199,1.054588,0.067276,0.987503,0.032878,0.948534,0.028849,0.870644,0.03119,0.749475,-0.007605,0.631866,-0.092483,0.528855,-0.184807,0.452382,-0.19061,0.40556,-0.094358,0.355631,-0.001483,0.24388,0.061841,0.11513,0.121274,0.057224,0.150551,0.052284,0.119482,0.033336,0.064163,-0.004128,0.005587,-0.04204
7,0.049249,-0.20671,-0.120387,-0.286868,-0.260526,-0.403659,-0.342696,-0.552852,-0.534551,-0.716869,-0.941746,-0.864843,-1.545743,-0.978468,-2.14037,-1.094973,-2.506435,-1.276296,-2.710419,-1.545956,-2.862998,-1.88638,-2.930213,-2.19861,-2.882652,-2.386607,-2.721141,-2.453103,-2.444862,-2.463539,-1.926231,-2.452364,-1.155036,-2.419224,-0.299891,-2.208843,0.559766,-1.880687,1.457235,-1.617568,2.382512,-1.45672,3.271248,-1.318204,4.045363,-1.162232,4.65682,-1.069812,5.060394,-0.942427,5.140605,-0.689047,4.872132,-0.405618,4.4062,-0.186914,3.901945,-0.070036,3.396303,-0.063232,2.841289,-0.114916,2.16415,-0.136786,1.403277,-0.030935,0.701735,0.221591,0.078849,0.557581,-0.508452,0.890107,-1.074296,1.284164,-1.647585,1.794214,-2.19221,2.420313,-2.56908,3.099941,-2.80679,3.75878,-2.913242,4.298895,-2.766825,4.699049,-2.291002,4.979862,-1.565223,5.093468,-0.760918,5.232563,0.009352,5.342445,0.480063,5.229248,0.509665,4.79836,0.395346,4.132731,0.191167,3.331235,0.03797,2.427197,0.022231,1.510491,0.072749,0.65916,0.166447,-0.091421,0.210745,-0.818558,0.216327,-1.546016,0.240772,-2.286808,0.242695,-3.095296,0.182991,-3.958048,0.100761,-4.768137,0.038087,-5.496118,-0.041747,-6.098593,-0.167335,-6.580878,-0.295792,-6.955952,-0.300138,-7.197789,-0.131265,-7.28922,-0.070985,-7.243507,-0.095868,-6.94791,-0.122817,-6.121445,-0.056909,-4.816206,0.151767,-3.353776,0.394237,-2.07959,0.46601,-1.080442,0.38347,-0.263408,0.281591,0.354392,0.163805,0.758074,0.04684,0.993909,-0.063123,1.140102,-0.112732,1.192791,-0.072597,1.123308,-0.019442,0.989601,0.009149,0.893769,0.009285,0.826788,-0.046568,0.770765,-0.138484,0.701588,-0.178143,0.628745,-0.118267,0.592118,-0.085324,0.581087,-0.161658,0.519825,-0.19985,0.388084,-0.16585,0.235642,-0.122848,0.088554,-0.092864,-0.00349,-0.079217,-0.060989,-0.063505,-0.080855,-0.031835,-0.072634,0.001689,-0.04665,0.008974,-0.015745,0.007647,0.006148
7,-0.011648,-0.033472,-0.049982,-0.052345,-0.107982,-0.070807,-0.223061,-0.113414,-0.363733,-0.19991,-0.471564,-0.327916,-0.522358,-0.450517,-0.72557,-0.595036,-1.142368,-0.824195,-1.633469,-1.124966,-2.016725,-1.443323,-2.350659,-1.775017,-2.653116,-2.178371,-2.857161,-2.590366,-2.914171,-2.921029,-2.836504,-3.125251,-2.651363,-3.167942,-2.27003,-3.06028,-1.512521,-2.763589,-0.594271,-2.32305,0.237601,-1.808392,0.929134,-1.338822,1.668063,-1.112146,2.467055,-1.014546,3.232393,-0.986767,3.908197,-1.001724,4.397418,-1.031369,4.698107,-1.076262,4.786469,-1.080595,4.597521,-0.996484,4.161639,-0.828578,3.595537,-0.618861,2.999951,-0.426527,2.449228,-0.222885,1.921093,-0.052799,1.377486,0.067893,0.816838,0.242074,0.313241,0.500311,-0.169255,0.828172,-0.664233,1.284777,-1.207467,1.953912,-1.765241,2.821113,-2.239579,3.772953,-2.543502,4.711173,-2.617191,5.495261,-2.467513,5.94446,-2.048036,6.080402,-1.40213,5.987067,-0.864137,5.649373,-0.580524,5.148748,-0.543762,4.607192,-0.622237,4.041129,-0.63475,3.382726,-0.512696,2.582978,-0.25528,1.670366,0.017657,0.753052,0.230202,-0.059921,0.358209,-0.782833,0.357195,-1.464992,0.242939,-2.172309,0.047666,-2.962806,-0.082039,-3.841559,-0.134732,-4.747289,-0.162812,-5.599185,-0.173563,-6.358107,-0.163056,-7.048284,-0.217311,-7.578751,-0.379944,-7.68057,-0.60561,-7.255576,-0.743156,-6.374939,-0.704403,-5.286102,-0.507044,-4.318857,-0.289885,-3.517757,-0.15624,-2.761076,-0.104547,-2.044275,-0.113881,-1.352763,-0.093853,-0.723144,-0.051935,-0.278623,0.00829,0.095569,0.080758,0.448015,0.112488,0.659467,0.104398,0.736675,0.090112,0.708588,0.098827,0.596959,0.110566,0.49473,0.094649,0.479233,0.074034,0.509421,0.086234,0.543689,0.077526,0.554299,0.023163,0.529723,-0.025698,0.471819,-0.027933,0.377126,-0.000285,0.249521,-0.012262,0.126979,-0.086103,0.002841,-0.152596,-0.092887,-0.17093,-0.148091,-0.12595,-0.17515,-0.077195,-0.163529,-0.065242,-0.12465
7,-0.015625,-0.662338,-0.03495,-0.800769,-0.259666,-0.966657,-0.729773,-1.19735,-1.392877,-1.563928,-2.166897,-2.010396,-2.844753,-2.490547,-3.314821,-2.98654,-3.595025,-3.401978,-3.723273,-3.663522,-3.762137,-3.703085,-3.541869,-3.616143,-2.960836,-3.503147,-2.246522,-3.432634,-1.60674,-3.329509,-0.92984,-3.001813,-0.169222,-2.413918,0.620357,-1.709955,1.439046,-1.076446,2.303376,-0.623555,3.282791,-0.336706,4.222725,-0.058843,4.899371,0.245911,5.113573,0.510136,4.911059,0.62814,4.527365,0.502471,4.164999,0.20335,3.868907,-0.129382,3.506448,-0.462041,3.064964,-0.763099,2.700306,-1.021905,2.28553,-1.125875,1.604489,-0.942073,0.722821,-0.503576,-0.086043,0.015395,-0.727925,0.560551,-1.274642,1.191104,-1.771742,1.855568,-2.215765,2.437087,-2.51752,3.055267,-2.726204,3.858095,-2.863216,4.83136,-2.808498,5.707767,-2.431444,6.239471,-1.765706,6.366708,-1.001664,6.114741,-0.301042,5.628243,0.243956,5.246758,0.528505,4.963608,0.555069,4.592588,0.373588,4.043806,0.110994,3.347791,-0.091621,2.579873,-0.171907,1.758334,-0.18686,0.881123,-0.17517,-0.097044,-0.166703,-1.087622,-0.1849,-1.991131,-0.22369,-2.813279,-0.287706,-3.679653,-0.348488,-4.543799,-0.39883,-5.277175,-0.470927,-5.82583,-0.496277,-6.235159,-0.448339,-6.514678,-0.377994,-6.681466,-0.416063,-6.580619,-0.690484,-6.115058,-1.063393,-5.35975,-1.18251,-4.560294,-0.883147,-3.978048,-0.375514,-3.615,0.212716,-3.299178,0.701665,-2.87256,0.811504,-2.378812,0.581986,-1.69155,0.238594,-0.828534,-0.006509,-0.042723,-0.083818,0.494852,-0.122009,0.798242,-0.123551,0.948486,-0.048852,0.940176,0.079775,0.75965,0.214818,0.540618,0.264146,0.405164,0.179668,0.381288,0.067582,0.43261,0.005614,0.492097,-0.015237,0.52426,-0.007672,0.530634,0.015196,0.48725,0.045141,0.392941,0.039368,0.265314,0.018555,0.125072,0.011796,0.005007,0.021382,-0.065718,0.021549,-0.077637,0.002282,-0.045655,-0.021176,0.012951,-0.008394,0.071254
7,0.041684,0.1774,0.076242,0.168001,0.083399,0.130981,0.091387,0.095324,0.080118,0.083672,0.067863,0.055337,0.058812,-0.005104,0.038829,-0.020437,0.015249,-0.035147,-0.002503,-0.102323,-0.028671,-0.224136,-0.057124,-0.378554,-0.127228,-0.534378,-0.354351,-0.691446,-0.717663,-0.923254,-1.219268,-1.22436,-1.876355,-1.54563,-2.535134,-1.923101,-2.933263,-2.229545,-3.137078,-2.311445,-3.227346,-2.333552,-3.240979,-2.33313,-3.197511,-2.336223,-3.009974,-2.402647,-2.516404,-2.523849,-1.679658,-2.677399,-0.628143,-2.866895,0.617185,-3.051683,1.899638,-3.081121,3.055127,-2.949384,3.979497,-2.70823,4.653803,-2.438756,5.154659,-2.15159,5.465574,-1.804723,5.414867,-1.400999,4.922843,-0.976984,4.147489,-0.590583,3.236324,-0.223357,2.265626,0.13773,1.376949,0.471794,0.617346,0.883025,-0.051705,1.436256,-0.58951,2.111949,-1.023292,2.930166,-1.398424,3.753231,-1.618452,4.439384,-1.660891,5.008963,-1.627506,5.438951,-1.509261,5.631048,-1.230463,5.62697,-0.824275,5.436567,-0.429773,5.045388,-0.192505,4.629158,-0.04846,4.253645,0.041988,3.818345,0.014254,3.262167,-0.067772,2.513088,-0.088233,1.596796,-0.081427,0.656843,-0.107636,-0.381699,-0.236947,-1.745759,-0.50177,-3.505639,-0.977266,-5.27165,-1.363161,-7.079662,-1.617095,-8.664289,-1.822093,-9.64698,-1.802395,-9.96311,-1.571434,-9.683127,-1.020101,-8.402551,-0.566304,-6.638771,-0.310327,-4.825472,-0.105329,-3.14887,0.083519,-1.705427,0.274487,-0.685996,0.400149,-0.119632,0.408219,0.164847,0.320107,0.314546,0.182019,0.451157,0.029515,0.600888,-0.132874,0.756399,-0.236315,0.838019,-0.205421,0.80856,-0.030909,0.71587,0.151051,0.618554,0.22363,0.562681,0.199332,0.553931,0.156576,0.583062,0.128768,0.613727,0.090553,0.611559,0.034103,0.550581,-0.041466,0.409446,-0.064745,0.223347,-0.02675,0.077068,0.023822,-0.004633,0.046141,-0.052915,0.020741,-0.073085,-0.034923,-0.067039,-0.071778,-0.044239,-0.079434,-0.003954,-0.055877,0.047774
7,0.093011,0.177626,0.104849,0.170115,0.092748,0.138438,0.075174,0.10075,0.071814,0.080316,0.083072,0.05612,0.114984,0.04043,0.131872,0.049567,0.127204,0.069706,0.099477,0.066227,0.097122,0.053599,0.125282,0.021034,0.154351,-0.06881,0.173244,-0.177534,0.165936,-0.286695,0.134465,-0.421956,0.060339,-0.621375,-0.119914,-0.879893,-0.462762,-1.272687,-1.008397,-1.829975,-1.801539,-2.422309,-2.744295,-2.835498,-3.466227,-3.146082,-3.861347,-3.398289,-4.059749,-3.595973,-4.089224,-3.658206,-3.771811,-3.547827,-2.90859,-3.364062,-1.657292,-3.089082,-0.263228,-2.808543,1.152258,-2.602195,2.568691,-2.354508,3.777247,-2.02207,4.505977,-1.68575,4.846062,-1.468557,5.074313,-1.371635,5.20859,-1.319376,5.028422,-1.205981,4.417592,-1.019291,3.490025,-0.692564,2.478421,-0.22929,1.574667,0.330596,0.831201,0.906969,0.232976,1.485157,-0.2539,2.136594,-0.757803,2.840569,-1.36912,3.511986,-1.897938,4.251113,-2.244076,5.139673,-2.327344,6.006865,-2.022912,6.570239,-1.422273,6.491242,-0.696035,6.02722,-0.07813,5.558735,0.257215,5.160839,0.243239,4.755785,0.04155,4.13643,-0.104114,3.269794,-0.219564,2.247536,-0.296619,1.217935,-0.293382,0.239042,-0.228539,-0.691897,-0.260575,-1.67319,-0.388469,-2.743297,-0.592383,-3.894457,-0.799254,-5.231327,-0.959293,-6.685752,-1.032937,-7.839959,-0.94555,-8.426827,-0.76895,-8.494219,-0.518252,-8.230591,-0.266919,-7.663205,-0.018654,-6.76675,0.288309,-5.34516,0.530341,-3.62629,0.591025,-2.088507,0.418192,-1.083071,0.226331,-0.539351,0.156221,-0.229579,0.130348,-0.033115,0.04682,0.11992,-0.068078,0.287593,-0.127306,0.484645,-0.089682,0.687122,-0.024429,0.866232,0.041093,0.968226,0.112521,0.931103,0.164643,0.786812,0.162274,0.638676,0.116913,0.504623,0.050336,0.381876,-0.019144,0.28744,-0.089388,0.218698,-0.142404,0.168702,-0.133668,0.141239,-0.092277,0.123426,-0.079128,0.056331,-0.064168,-0.059582,-0.005063,-0.166654,0.031183,-0.195515
7,0.048341,0.01052,0.063485,0.018355,0.081557,0.013122,0.116745,0.020799,0.144454,0.044843,0.142192,0.038094,0.123739,-0.00181,0.101864,-0.029936,0.110308,-0.036315,0.22577,-0.017183,0.373108,0.035214,0.477452,0.046019,0.365554,-0.359855,0.048321,-0.988323,-0.48216,-1.198242,-1.193411,-1.612732,-1.929536,-2.025315,-2.499379,-2.576421,-2.890899,-3.073357,-3.21812,-3.338759,-3.405691,-3.364301,-3.43841,-3.326909,-3.276024,-3.165309,-2.866141,-2.905793,-2.367496,-2.669843,-1.774639,-2.509278,-0.938706,-2.423164,0.109684,-2.310265,1.296479,-2.167458,2.558021,-1.995228,3.829462,-1.727771,4.832825,-1.391573,5.343015,-1.186956,5.49006,-1.211449,5.588464,-1.305679,5.561999,-1.369093,5.193279,-1.330338,4.406492,-1.174156,3.320623,-0.875769,2.191041,-0.445897,1.286546,-0.034386,0.646409,0.273633,0.14555,0.500254,-0.361072,0.738988,-0.957348,1.065534,-1.55995,1.612163,-2.066536,2.366704,-2.552226,3.288625,-3.052105,4.469814,-3.318041,5.688653,-3.094415,6.622085,-2.333981,7.053698,-1.230667,6.824351,-0.222676,6.25022,0.279726,5.737587,0.220373,5.244393,-0.024598,4.670471,-0.183411,3.907661,-0.209248,2.992382,-0.127019,1.986558,-8.8e-05,0.894279,0.11243,-0.234418,0.136825,-1.356156,0.138802,-2.479874,0.070916,-3.60676,-0.076484,-4.789445,-0.180889,-5.950932,-0.251518,-6.995441,-0.430728,-7.839252,-0.668457,-8.300319,-0.815708,-8.358271,-0.811484,-8.078991,-0.70014,-7.511511,-0.599756,-6.690146,-0.487544,-5.502808,-0.223055,-3.870061,0.136396,-2.027931,0.465683,-0.50083,0.659662,0.361704,0.701779,0.691772,0.679488,0.777079,0.545331,0.809372,0.313999,0.810058,0.087121,0.801659,-0.066092,0.81118,-0.111497,0.836221,-0.07775,0.827953,-0.001535,0.755017,0.119219,0.649734,0.203377,0.538007,0.200162,0.377225,0.132454,0.195839,0.041265,0.078986,-0.040861,0.046532,-0.119615,0.064987,-0.156627,0.110866,-0.140792,0.148378,-0.101578,0.136763,-0.03483,0.074297,0.021032,0.018902
7,0.170434,0.10349,0.28525,0.212072,0.341108,0.254835,0.318026,0.249963,0.282143,0.216324,0.229024,0.106049,0.18679,-0.090919,0.141882,-0.246503,0.03267,-0.369238,-0.293446,-1.015511,-0.72167,-1.491727,-1.097659,-1.85531,-1.603164,-2.410872,-2.237448,-2.919763,-2.786444,-3.333038,-3.202517,-3.559281,-3.499264,-3.526869,-3.619698,-3.417153,-3.589406,-3.354169,-3.352863,-3.335298,-2.678278,-3.268516,-1.574638,-3.089357,-0.269939,-2.727099,0.890026,-2.28295,1.87988,-1.934175,2.919815,-1.761654,3.997279,-1.620947,4.793611,-1.406342,5.160669,-1.284764,5.159019,-1.285954,4.848671,-1.297258,4.230753,-1.24226,3.530184,-1.114452,2.963383,-0.867556,2.442596,-0.452013,1.827305,0.002431,1.180805,0.373382,0.560903,0.70652,-0.019135,1.048445,-0.504698,1.501701,-1.018056,2.170509,-1.630697,3.045894,-2.197329,4.047756,-2.590864,4.936237,-2.648386,5.562227,-2.285104,6.026397,-1.668507,6.33024,-0.995016,6.49383,-0.430894,6.489125,-0.106973,6.304621,-0.025866,6.028778,-0.104265,5.619016,-0.251678,4.928977,-0.359943,4.022645,-0.309222,2.991503,-0.122194,1.872814,0.070734,0.71194,0.164801,-0.456139,0.07994,-1.63724,-0.038427,-2.809265,-0.119953,-3.93895,-0.335392,-5.201524,-0.550578,-6.530986,-0.62922,-7.516921,-0.708719,-8.108536,-0.807365,-8.452039,-0.769135,-8.528386,-0.606208,-8.392793,-0.366624,-7.920986,-0.044079,-7.194169,0.208068,-6.153124,0.172232,-4.749891,-0.039314,-3.177654,-0.150924,-1.731039,-0.068469,-0.579046,0.088467,0.183157,0.167742,0.61658,0.136276,0.877791,0.052031,1.033009,0.050086,1.061805,0.177484,1.00323,0.289904,0.951198,0.258815,0.932628,0.160496,0.912083,0.143629,0.887315,0.191225,0.868217,0.240378,0.84081,0.30271,0.78512,0.315563,0.69497,0.228371,0.573542,0.118289,0.432645,0.080536,0.251421,0.098904,0.067081,0.097689,-0.085031,0.071431,-0.200775,0.06112,-0.222129,0.053128,-0.154044,0.022555,-0.080677,-0.00645,-0.049452,0.012739,-0.040409
7,-0.065508,-0.155905,-0.146966,-0.249536,-0.236535,-0.374804,-0.322001,-0.518391,-0.478996,-0.715083,-0.757434,-1.023541,-1.182408,-1.494557,-1.661489,-2.168215,-2.147,-2.756884,-2.729221,-3.179205,-3.233474,-3.472797,-3.568789,-3.581179,-3.72056,-3.59267,-3.62424,-3.526534,-3.13566,-3.338698,-2.246792,-3.013006,-1.202441,-2.674495,-0.122599,-2.349004,0.925371,-1.894612,1.879345,-1.392536,2.931647,-0.921941,4.025536,-0.471529,4.894035,-0.087245,5.38901,0.151066,5.539101,0.187538,5.337205,0.108799,4.784147,-0.023132,4.138292,-0.238521,3.597927,-0.487831,3.147716,-0.663956,2.660808,-0.703681,2.093945,-0.619664,1.423139,-0.284557,0.647389,0.184818,-0.023028,0.691518,-0.57621,1.236521,-1.120841,1.85824,-1.733121,2.641488,-2.219787,3.477907,-2.51996,4.297656,-2.84528,5.226874,-3.165951,6.180796,-3.077482,6.796291,-2.487014,6.848942,-1.655899,6.500419,-0.875942,6.035729,-0.332009,5.615159,-0.116463,5.234115,-0.098631,4.730681,-0.109741,4.081001,-0.055384,3.203611,0.078705,2.096813,0.135753,0.969599,0.099143,-0.074178,0.025734,-0.998746,0.033587,-1.836283,0.118072,-2.665465,0.227239,-3.620499,0.28301,-4.786508,0.42315,-6.109695,0.528495,-7.328177,0.403016,-8.124537,0.03636,-8.598332,-0.234475,-8.886648,-0.206304,-8.790174,0.029943,-8.274608,0.266342,-7.411607,0.206976,-6.175844,-0.047466,-4.623151,-0.15299,-3.056195,0.082792,-1.839252,0.330601,-1.00237,0.351235,-0.371431,0.263029,0.152998,0.113226,0.577083,-0.084915,0.910085,-0.186612,1.163553,-0.132879,1.335448,-0.021748,1.387638,0.092791,1.338814,0.1627,1.245201,0.173581,1.113732,0.157184,0.967635,0.070597,0.823832,-0.040297,0.694641,-0.10531,0.592108,-0.113506,0.540464,-0.089267,0.531972,-0.00444,0.525998,0.115712,0.500014,0.198417,0.435964,0.231548,0.353583,0.230504,0.240478,0.183221,0.130635,0.087304,0.04876,-0.032317,-0.002785,-0.169548,-0.031541,-0.255995,-0.075534,-0.250645,-0.116243,-0.199204,-0.084683
7,-0.086485,-0.362084,-0.208186,-0.448611,-0.329375,-0.557317,-0.464486,-0.747885,-0.675476,-1.022383,-1.020327,-1.392786,-1.677376,-1.811388,-2.63151,-2.283142,-3.454152,-2.791471,-3.836805,-3.283331,-3.942685,-3.81212,-3.961828,-3.898192,-3.85774,-3.375964,-3.408037,-2.579938,-2.658965,-1.968529,-1.626247,-1.637245,-0.52167,-1.484414,0.425928,-1.463463,1.11439,-1.52652,1.623217,-1.671802,2.126494,-1.86528,2.73892,-2.054101,3.407453,-2.17477,3.969496,-2.201343,4.425805,-2.171334,4.873543,-2.070924,5.250667,-1.81129,5.260937,-1.443568,4.745618,-1.032842,3.924441,-0.654757,3.159784,-0.41498,2.572676,-0.298184,1.962006,-0.143244,1.29406,0.137346,0.689959,0.495022,0.140701,0.866881,-0.416712,1.306317,-0.98267,1.897609,-1.527683,2.634424,-2.006674,3.433712,-2.325866,4.204925,-2.474141,4.799687,-2.43636,5.229044,-2.200612,5.561135,-1.851901,5.788879,-1.383411,5.883786,-0.836779,5.864683,-0.41511,5.681311,-0.253693,5.303932,-0.184791,4.777011,-0.104202,4.142666,-0.080631,3.41796,-0.110019,2.613039,-0.123727,1.758236,-0.119305,0.889069,-0.077344,0.056174,-0.03236,-0.741293,-0.042216,-1.464566,-0.026406,-2.189234,0.05835,-3.039903,0.207451,-4.024843,0.265567,-5.166783,0.141479,-6.261886,-0.023949,-7.119981,-0.173791,-7.870318,-0.205799,-8.510047,-0.195603,-8.942842,-0.094942,-9.001622,0.086756,-8.586344,0.176118,-7.69955,0.283774,-6.333496,0.409958,-4.659218,0.412675,-3.121834,0.302093,-1.9414,0.211821,-1.067068,0.161432,-0.481482,0.066534,-0.113126,-0.06027,0.176859,-0.119068,0.424641,-0.078174,0.633692,0.005964,0.810916,0.10958,0.96682,0.235342,1.083234,0.306624,1.171002,0.29188,1.212904,0.232162,1.185988,0.159245,1.075714,0.060659,0.892189,-0.026107,0.684633,-0.067914,0.503179,-0.070665,0.371271,-0.061045,0.2739,-0.027915,0.200464,0.007021,0.169384,0.017099,0.161028,0.016258,0.151257,0.008565,0.109792,-0.022968,0.05055,-0.058508,0.00558,-0.051147,-0.016832
7,0.01685,-0.030685,0.041366,-0.09265,0.032238,-0.209288,-0.009743,-0.348582,-0.103791,-0.51771,-0.271647,-0.751748,-0.595376,-1.074132,-1.166111,-1.507645,-1.890279,-2.0135,-2.527466,-2.537618,-2.985829,-2.925097,-3.320563,-3.086479,-3.620886,-3.088294,-3.789793,-3.130205,-3.787001,-3.181075,-3.678431,-3.138819,-3.379163,-3.046285,-2.740669,-2.939377,-1.746968,-2.819526,-0.666004,-2.631001,0.316904,-2.42825,1.190597,-2.283432,2.063054,-2.267742,2.9994,-2.284417,3.861331,-2.190265,4.454072,-2.034396,4.756234,-1.826876,4.936201,-1.589298,5.064144,-1.333093,4.971516,-1.045176,4.641306,-0.777028,4.2071,-0.549687,3.802383,-0.325008,3.36184,-0.050416,2.760437,0.293505,2.048994,0.636205,1.274529,0.907695,0.529085,1.160525,-0.054227,1.441269,-0.569986,1.724902,-1.15125,2.150614,-1.65632,2.716193,-1.965249,3.316493,-2.209764,3.933652,-2.394101,4.580935,-2.416258,5.242444,-2.133014,5.885389,-1.540512,6.344491,-0.868302,6.451914,-0.3313,6.286842,-0.118963,6.025177,-0.161348,5.721323,-0.270789,5.327483,-0.312866,4.826529,-0.269725,4.076435,-0.221947,3.000925,-0.230113,1.767621,-0.244045,0.624669,-0.241959,-0.358089,-0.226524,-1.305168,-0.170664,-2.254498,-0.147336,-3.198875,-0.128912,-4.238926,-0.005134,-5.315541,0.103438,-6.310804,0.175487,-7.162006,0.164573,-7.769116,0.084069,-8.140259,0.025518,-8.312119,0.01985,-8.278259,-0.021251,-7.988636,-0.158767,-7.471375,-0.327823,-6.664009,-0.491827,-5.558106,-0.579529,-4.21938,-0.447055,-2.701319,-0.143295,-1.3142,0.219219,-0.433093,0.524535,-0.059202,0.589953,0.167142,0.45526,0.394264,0.325108,0.572762,0.243152,0.728831,0.145658,0.867988,0.080665,0.959516,0.08883,0.960498,0.148154,0.903883,0.202252,0.822626,0.245675,0.712186,0.248343,0.562686,0.202778,0.429692,0.138609,0.335217,0.068233,0.253728,-0.007232,0.181087,-0.080659,0.10801,-0.130891,0.041397,-0.112014,0.005061,-0.040953,-0.027837,0.017749,-0.030004,0.064004,0.000136
7,0.066098,0.109896,0.255174,0.25123,0.356696,0.18908,0.298001,-0.142891,0.230919,-0.495284,-0.035195,-0.871579,-0.462406,-1.222547,-0.993798,-1.557965,-1.618406,-1.894764,-2.284387,-2.241822,-2.906651,-2.596262,-3.456689,-2.897673,-3.898685,-3.179969,-4.176545,-3.4093,-4.334451,-3.554925,-4.322896,-3.644623,-4.168045,-3.630036,-3.855309,-3.516954,-3.184932,-3.258941,-2.192474,-2.851739,-1.006964,-2.373503,0.278002,-1.837368,1.423922,-1.302634,2.379315,-0.989923,3.322005,-0.848067,4.172857,-0.710853,4.772435,-0.564177,5.040803,-0.446654,5.091461,-0.407154,5.090921,-0.512799,4.975661,-0.689182,4.692611,-0.847261,4.277495,-0.961202,3.762732,-1.023769,3.247694,-1.059959,2.727471,-1.035883,2.13134,-0.856749,1.401455,-0.515793,0.679807,-0.071953,0.04165,0.445256,-0.502148,0.987834,-0.9492,1.539143,-1.396707,2.078226,-1.825375,2.600002,-2.243951,3.258401,-2.643907,4.157884,-2.892867,5.133172,-2.827658,5.876079,-2.335819,6.259405,-1.485014,6.400586,-0.534677,6.383127,0.254402,6.227059,0.663407,5.940094,0.666506,5.466018,0.435198,4.742445,0.179761,3.845275,0.034761,2.848299,-0.028651,1.848376,-0.07123,0.938998,-0.075173,0.110958,-0.04751,-0.660255,-0.057798,-1.358677,-0.169339,-1.994429,-0.360415,-2.675349,-0.540565,-3.543704,-0.677412,-4.598457,-0.714839,-5.705234,-0.693825,-6.657396,-0.513038,-7.389705,-0.266891,-7.840126,-0.079823,-7.95747,0.078269,-7.71489,0.113845,-7.028336,-0.093253,-5.800254,-0.392143,-4.181315,-0.444238,-2.669044,-0.13618,-1.789101,0.310592,-1.408871,0.587137,-1.115949,0.576143,-0.787871,0.432919,-0.472531,0.253675,-0.127838,0.063083,0.296198,-0.073967,0.730938,-0.134542,1.072925,-0.119087,1.264959,0.002681,1.21931,0.157313,1.018055,0.252095,0.794984,0.253697,0.62395,0.184971,0.495389,0.074149,0.425939,-0.02905,0.426329,-0.084438,0.467013,-0.0719,0.484077,-0.026325,0.44932,0.015381,0.364711,0.074203,0.189203,0.113944,-0.022861,0.101067,-0.14933
7,0.062377,-0.079572,0.072807,-0.094396,0.054081,-0.133935,-0.049036,-0.19749,-0.247799,-0.260951,-0.420776,-0.33434,-0.639875,-0.416149,-1.001914,-0.543228,-1.388444,-0.842418,-1.680151,-1.292762,-2.007169,-1.79662,-2.452931,-2.232329,-2.958876,-2.496768,-3.395757,-2.659482,-3.681104,-2.725045,-3.746307,-2.693508,-3.655427,-2.616372,-3.47376,-2.523559,-3.182818,-2.428435,-2.768732,-2.309363,-2.15127,-2.137809,-1.332409,-1.956667,-0.479141,-1.775874,0.262841,-1.574522,0.883267,-1.383783,1.437001,-1.306039,2.060309,-1.390133,2.857477,-1.547943,3.742402,-1.700272,4.525516,-1.795457,5.049917,-1.791984,5.289506,-1.694283,5.343606,-1.53364,5.256948,-1.31655,4.979765,-1.067325,4.506755,-0.834999,3.874282,-0.649065,3.105446,-0.429188,2.266989,-0.099781,1.485833,0.264458,0.830514,0.573924,0.261979,0.831412,-0.271673,1.160106,-0.819325,1.710159,-1.38571,2.527163,-1.895918,3.477147,-2.273387,4.405175,-2.527119,5.223754,-2.580048,5.791658,-2.341191,6.175835,-1.946528,6.565011,-1.439088,6.915438,-0.845977,7.005562,-0.287559,6.670551,0.03759,6.008974,0.068182,5.288565,-0.042251,4.598542,-0.147798,3.834765,-0.279318,2.963011,-0.41211,1.973094,-0.436535,0.944852,-0.36019,-0.02698,-0.323701,-0.955143,-0.318654,-1.882951,-0.350732,-2.744226,-0.399465,-3.630294,-0.373901,-4.583302,-0.328763,-5.522373,-0.310814,-6.345188,-0.287617,-6.976856,-0.315365,-7.268623,-0.402462,-7.155928,-0.43719,-6.651005,-0.51797,-5.872644,-0.69786,-4.95457,-0.872989,-3.94642,-0.873266,-2.980056,-0.603652,-2.209795,-0.133125,-1.605017,0.289161,-1.056295,0.440299,-0.524619,0.322084,-0.106556,0.193724,0.144453,0.150109,0.287807,0.113523,0.39051,0.062432,0.445856,0.013165,0.468038,-0.009474,0.497997,0.000986,0.528418,0.026258,0.517866,0.05873,0.459902,0.069523,0.377585,0.039743,0.298919,0.019442,0.244555,0.016281,0.189704,0.019295,0.096659,0.043407,-0.004803,0.044454,-0.089453,0.014673,-0.162642,-0.002926,-0.218631
7,0.263098,0.193721,0.291614,0.219573,0.337933,0.203473,0.323062,0.135357,0.243005,0.024293,0.146416,-0.075371,-0.003179,-0.134481,-0.222047,-0.152343,-0.466016,-0.15533,-0.730843,-0.151408,-1.051693,-0.114194,-1.412819,-0.108629,-1.701036,-0.234593,-2.011259,-0.56561,-2.52649,-1.245064,-2.99231,-1.871835,-3.419541,-2.427844,-3.653342,-2.940261,-3.754678,-3.304189,-3.721908,-3.408711,-3.416829,-3.184499,-2.757904,-2.671117,-1.826213,-2.037462,-0.833801,-1.46597,-0.046922,-1.074234,0.533979,-0.900506,1.109293,-0.93927,1.790752,-1.060529,2.503657,-1.171952,3.21419,-1.328225,3.825816,-1.501031,4.302841,-1.662614,4.699177,-1.785354,5.067677,-1.783177,5.304692,-1.622838,5.229957,-1.536673,4.83938,-1.472042,4.248882,-1.265766,3.518916,-0.843619,2.695073,-0.210446,1.799047,0.523411,0.902108,1.281466,0.153709,2.024925,-0.281634,2.626306,-0.477035,3.062168,-0.660429,3.467187,-0.948949,4.041117,-1.342851,4.924631,-1.687421,6.064385,-1.747577,7.03281,-1.519369,7.48031,-1.051455,7.371885,-0.612208,6.891302,-0.476676,6.21069,-0.669184,5.417276,-0.950671,4.534483,-1.161479,3.646056,-1.20198,2.762531,-1.082537,1.857195,-0.869622,0.888822,-0.634534,-0.167577,-0.496819,-1.262672,-0.43101,-2.30251,-0.34218,-3.363259,-0.335224,-4.602717,-0.306235,-5.887277,-0.246727,-7.009745,-0.188192,-7.920321,-0.069062,-8.639312,0.011283,-9.272012,-0.026834,-9.735837,0.098309,-9.820246,0.264728,-9.375071,0.300253,-8.427551,0.243216,-6.934251,0.278521,-5.334051,0.376401,-4.186587,0.398763,-3.252762,0.30793,-2.246884,0.222914,-1.343635,0.145808,-0.698662,-0.006747,-0.29733,-0.177767,0.021175,-0.262128,0.322164,-0.220936,0.567979,-0.116221,0.757057,-0.000899,0.839182,0.080302,0.804839,0.136252,0.694552,0.119425,0.583732,0.029103,0.493577,-0.041667,0.404416,-0.087198,0.334395,-0.153821,0.300007,-0.16865,0.276569,-0.101866,0.242333,-0.05287,0.167571,-0.014558,0.058695,0.062077,-0.042762,0.11251,-0.145154
7,0.007984,-0.00618,0.039515,0.013684,0.056302,0.032597,0.043932,0.035773,0.031566,0.031304,0.05132,0.045793,0.084583,0.089851,0.120117,0.157264,0.142829,0.213326,0.144692,0.235797,0.142601,0.210618,0.136054,0.164873,0.137666,0.112181,0.139318,0.041826,0.113214,-0.043046,0.043359,-0.1393,-0.022309,-0.248495,-0.081192,-0.426738,-0.14995,-0.570991,-0.319239,-0.719243,-0.621711,-0.981078,-1.106382,-1.315808,-1.718202,-1.669574,-2.359893,-2.081939,-2.898082,-2.537765,-3.276458,-2.940231,-3.484467,-3.229895,-3.629945,-3.369072,-3.730939,-3.4572,-3.678838,-3.55626,-3.484779,-3.49722,-3.205035,-3.338253,-2.655567,-3.139166,-1.689741,-2.882769,-0.534275,-2.58048,0.594026,-2.328975,1.631761,-2.092598,2.508061,-1.798098,3.249801,-1.411159,3.840442,-0.947912,4.204309,-0.55105,4.424973,-0.320628,4.613548,-0.206168,4.671749,-0.200708,4.668067,-0.301393,4.566641,-0.420155,4.22598,-0.567307,3.66232,-0.705896,2.950138,-0.707095,2.153381,-0.469889,1.262972,-0.082514,0.34529,0.331929,-0.493206,0.748851,-1.147892,1.247898,-1.660076,1.90883,-2.081498,2.69611,-2.388223,3.612635,-2.543795,4.627923,-2.48359,5.598269,-2.124283,6.322107,-1.539607,6.673384,-0.945218,6.689976,-0.448675,6.520788,-0.100672,6.349802,0.088401,6.012604,0.146345,5.421624,0.090694,4.713982,-0.040474,3.890947,-0.151862,2.928349,-0.192507,1.85747,-0.203314,0.769531,-0.242003,-0.221252,-0.327963,-1.156926,-0.421316,-2.069752,-0.446192,-2.976085,-0.498625,-3.916339,-0.476816,-4.920071,-0.410818,-5.85445,-0.320524,-6.68637,-0.188695,-7.351294,-0.087061,-7.805912,-0.091143,-8.067181,-0.274451,-7.918081,-0.587079,-7.257246,-0.732294,-6.070748,-0.6348,-4.438269,-0.424059,-2.705663,-0.141091,-1.435485,0.180579,-0.821795,0.386517,-0.589368,0.367487,-0.472,0.267026,-0.387833,0.197161,-0.302035,0.12435,-0.190292,0.047883,-0.055835,-0.019786,0.128953,-0.044979,0.323118,-0.013456,0.454398,0.054437,0.496564,0.119031,0.469278
7,-0.003554,0.046993,0.061152,0.122215,0.128534,0.167181,0.147923,0.154874,0.107824,0.090076,0.06477,0.017582,0.029916,-0.030674,0.020278,-0.06937,0.030868,-0.111173,0.018433,-0.128123,-0.023903,-0.131519,-0.081394,-0.200163,-0.207017,-0.384622,-0.369951,-0.574715,-0.471213,-0.692043,-0.580624,-0.820955,-0.781232,-0.967118,-1.197469,-1.218081,-1.849628,-1.540421,-2.712597,-1.94158,-3.548642,-2.408736,-4.096167,-2.836678,-4.313594,-3.152342,-4.291046,-3.275835,-4.136595,-3.1348,-3.816198,-2.831977,-3.237422,-2.405664,-2.421656,-1.918235,-1.463699,-1.50921,-0.51314,-1.310371,0.164019,-1.334959,0.661879,-1.517532,1.25423,-1.813827,2.090719,-2.148613,3.024016,-2.401253,3.706415,-2.533328,4.170237,-2.55682,4.656684,-2.448389,5.1759,-2.093479,5.470447,-1.564283,5.317831,-1.046095,4.822609,-0.666345,4.171242,-0.435268,3.472884,-0.285422,2.764703,-0.174003,2.099436,-0.016307,1.473102,0.294536,0.765081,0.754606,-0.006338,1.256374,-0.73366,1.860932,-1.36125,2.699872,-1.910906,3.666371,-2.277121,4.495282,-2.426872,5.059288,-2.434734,5.390078,-2.226276,5.66572,-1.77955,6.091121,-1.252706,6.310476,-0.66755,6.2769,-0.138696,6.15062,0.246679,5.991794,0.457412,5.77597,0.396407,5.269451,0.207281,4.484025,0.070699,3.558277,-0.010512,2.430307,-0.055582,1.187529,-0.054441,-0.013963,-0.029883,-1.146876,-0.032282,-2.218435,-0.116963,-3.260339,-0.256066,-4.405161,-0.376773,-5.677573,-0.449271,-6.852038,-0.473809,-7.688329,-0.478087,-8.160834,-0.537428,-8.394255,-0.700194,-8.524458,-0.834102,-8.650429,-0.527204,-8.589049,0.049827,-8.174527,0.352189,-7.186373,0.209589,-5.483124,-0.00175,-3.478334,0.027852,-1.907021,0.201663,-0.988646,0.371711,-0.488959,0.451565,-0.232924,0.492062,-0.173891,0.522904,-0.181877,0.470152,-0.12691,0.320359,-0.011298,0.137233,0.110349,0.008419,0.223585,-0.058487,0.356494,-0.080325,0.446356,-0.086139,0.455391,-0.064168,0.411058,-0.033253,0.337991,-0.002368,0.234427
7,-1.259006,-0.999615,-1.63794,-1.369679,-2.098705,-1.701471,-2.622103,-1.926295,-3.017284,-2.101433,-3.05216,-2.297315,-3.05067,-2.486137,-3.077254,-2.649918,-3.032148,-2.746877,-2.920704,-2.815829,-2.72877,-2.796709,-2.385081,-2.681497,-1.873373,-2.4689,-1.297821,-2.201969,-0.770543,-1.989187,-0.240754,-1.848222,0.332352,-1.737109,0.967174,-1.660417,1.594045,-1.618972,2.071068,-1.60623,2.510182,-1.66562,3.131217,-1.743619,3.798832,-1.703409,4.364199,-1.537347,4.719688,-1.310584,4.884274,-1.066721,4.854939,-0.77448,4.595324,-0.428255,4.12273,-0.111558,3.576283,0.076529,3.061821,0.10991,2.515105,0.068638,1.972614,0.051527,1.444279,0.104274,0.849123,0.255567,0.23756,0.522507,-0.295022,0.891612,-0.72238,1.381273,-1.198542,1.982828,-1.752584,2.61736,-2.254611,3.337395,-2.707967,4.289116,-2.98542,5.334009,-2.780816,6.23554,-2.013517,6.769708,-1.030968,6.869037,-0.345088,6.723622,-0.188357,6.477647,-0.480462,6.144846,-0.80884,5.700527,-0.932613,5.151822,-0.857856,4.490592,-0.533825,3.775898,-0.088725,3.027164,0.25719,2.244179,0.416477,1.418739,0.409988,0.59269,0.326083,-0.204945,0.197787,-1.005309,0.129667,-1.771927,0.109944,-2.58058,0.124049,-3.615578,0.237919,-4.841493,0.305952,-5.975713,0.259603,-6.852673,0.24714,-7.503203,0.301788,-7.962447,0.327781,-8.196287,0.214981,-8.13063,-0.069481,-7.645129,-0.360627,-6.538712,-0.539076,-4.976136,-0.410181,-3.544207,-0.016206,-2.594972,0.343562,-1.984178,0.451843,-1.452717,0.34457,-0.94412,0.199522,-0.484165,0.096949,-0.060193,0.037343,0.287998,0.018149,0.54339,0.048847,0.692059,0.147185,0.720915,0.223875,0.705394,0.225713,0.666172,0.210015,0.617116,0.177167,0.610374,0.111519,0.637304,0.031457,0.647994,-0.030705,0.591082,-0.052585,0.475706,-0.029047,0.323845,0.01141,0.146558,0.073878,-0.038884,0.130756,-0.177164,0.134724,-0.233485,0.108853,-0.240155,0.071518,-0.218539,0.021879,-0.166422,-0.012262,-0.110327
7,-0.696164,-1.364827,-1.014539,-1.839349,-1.119119,-1.782489,-1.560501,-2.074577,-2.199869,-2.274006,-2.831423,-2.497074,-3.324369,-2.723132,-3.585823,-2.83304,-3.690724,-2.847823,-3.721504,-2.785103,-3.589258,-2.634677,-3.141135,-2.455729,-2.373559,-2.269571,-1.430128,-2.030174,-0.511161,-1.778465,0.277358,-1.610473,0.937685,-1.550138,1.440735,-1.529637,1.886879,-1.535273,2.381636,-1.544205,2.980519,-1.592485,3.566896,-1.658633,4.002551,-1.710426,4.224316,-1.73736,4.341863,-1.696472,4.473063,-1.526894,4.529868,-1.257824,4.430496,-1.026143,4.208362,-0.904098,3.815189,-0.860934,3.224093,-0.725924,2.518227,-0.427116,1.706637,-0.014509,0.843926,0.435983,0.019044,0.880819,-0.655962,1.326015,-1.153436,1.841197,-1.570122,2.473718,-2.055113,3.193511,-2.520325,4.003279,-2.883698,4.865505,-3.098288,5.561819,-3.142292,6.042562,-3.011649,6.381845,-2.633942,6.585226,-1.989236,6.609546,-1.231037,6.49036,-0.571653,6.3394,-0.195747,6.115766,-0.148015,5.621164,-0.268485,4.925475,-0.382792,4.10324,-0.389826,3.259405,-0.313123,2.393011,-0.245221,1.493365,-0.191147,0.615836,-0.148656,-0.203827,-0.106249,-0.995247,-0.042967,-1.733078,0.051262,-2.487242,0.227192,-3.354292,0.436159,-4.353682,0.538085,-5.351537,0.491945,-6.178243,0.425673,-6.736149,0.34347,-7.077586,0.207992,-7.405065,0.102906,-7.671627,-0.029692,-7.709249,-0.26451,-7.469154,-0.608171,-6.967378,-0.881004,-6.195778,-0.870178,-5.061191,-0.522585,-3.544065,-0.078194,-1.960474,0.311359,-0.685855,0.57983,0.083262,0.663958,0.492793,0.558457,0.712821,0.394684,0.809122,0.268306,0.845792,0.155972,0.869717,0.077752,0.870189,0.045538,0.85006,0.074756,0.841104,0.126469,0.855061,0.147501,0.862728,0.1439,0.813598,0.120382,0.72504,0.096523,0.593997,0.065784,0.436135,0.010645,0.26256,-0.033992,0.100988,-0.018934,-0.023035,0.030211,-0.077944,0.033651,-0.052409,0.015436,-0.013104,0.029787,-0.001336,0.073275,-0.01464,0.083514,-0.046776
7,-0.027751,-0.114803,-0.217794,-0.33867,-0.419401,-0.838575,-0.716439,-1.411072,-1.228233,-1.973467,-1.882483,-2.489934,-2.503233,-2.902684,-3.137112,-3.167937,-3.794247,-3.277751,-4.244628,-3.275522,-4.395205,-3.286252,-4.407328,-3.303939,-4.327541,-3.289167,-4.087163,-3.223031,-3.459368,-3.090863,-2.371898,-2.852197,-1.113303,-2.530253,0.063963,-2.188125,0.928949,-1.877154,1.488822,-1.724387,2.086961,-1.81181,2.781535,-1.977938,3.446687,-2.097011,4.052545,-2.093823,4.577866,-1.944493,4.949047,-1.617232,5.08303,-1.127953,4.999613,-0.617107,4.875154,-0.293765,4.74082,-0.149974,4.44479,-0.09043,3.963985,-0.101265,3.475279,-0.175628,2.953345,-0.234705,2.381047,-0.221081,1.709233,-0.077842,0.90271,0.194307,0.109972,0.514061,-0.531227,0.779415,-0.986697,1.068143,-1.414997,1.537859,-1.865561,2.196715,-2.292996,3.086911,-2.763339,4.277854,-3.216177,5.688667,-3.321098,6.994652,-2.886529,7.729589,-1.996591,7.686248,-0.966198,7.079063,-0.222458,6.324861,0.04082,5.655972,-0.024467,5.141681,-0.154398,4.673985,-0.214501,4.161992,-0.170631,3.51654,-0.096161,2.700885,0.038572,1.704672,0.178638,0.605604,0.203275,-0.330782,0.130345,-1.136461,0.073331,-1.865327,0.047391,-2.638845,0.083774,-3.549349,0.1281,-4.553409,0.112388,-5.554388,0.002379,-6.390358,-0.094128,-6.977413,-0.062508,-7.392414,0.032043,-7.669909,0.183519,-7.807867,0.358942,-7.675333,0.280174,-7.132123,-0.049882,-6.139047,-0.319314,-4.589188,-0.501082,-2.715867,-0.440787,-1.026498,-0.187375,0.097237,0.063863,0.588807,0.245463,0.664481,0.302547,0.614409,0.293057,0.551478,0.253916,0.552392,0.204882,0.622697,0.144412,0.737474,0.081955,0.883357,0.066122,0.994433,0.078963,1.023066,0.129534,0.937486,0.169153,0.786359,0.159128,0.58833,0.133302,0.360217,0.116114,0.161751,0.0798,0.031017,0.077228,-0.030082,0.090766,-0.044276,0.07386,-0.056084,0.073054,-0.080099,0.089823,-0.087585,0.096425,-0.074005,0.044308,-0.046591
7,-0.374143,-0.988588,-0.721855,-1.271969,-1.235608,-1.662241,-1.897692,-2.178943,-2.621202,-2.713625,-3.208804,-3.185463,-3.429673,-3.455165,-3.646749,-3.55661,-3.787514,-3.626507,-3.629353,-3.690219,-3.238434,-3.671158,-2.723372,-3.466619,-2.154451,-3.136296,-1.511939,-2.832795,-0.791567,-2.638863,-0.073011,-2.46576,0.629947,-2.219941,1.345782,-1.918948,2.174382,-1.630227,3.035063,-1.354627,3.735654,-1.075781,4.239695,-0.815996,4.555029,-0.605812,4.613131,-0.490112,4.438584,-0.46893,4.210206,-0.463804,3.999122,-0.486,3.715553,-0.506887,3.326398,-0.493861,2.796376,-0.480968,2.124417,-0.45258,1.433016,-0.366579,0.775394,-0.24122,0.197203,-0.049453,-0.280139,0.19367,-0.711775,0.49191,-1.123171,0.82805,-1.464861,1.144675,-1.676588,1.476056,-1.881302,1.944701,-2.137729,2.568508,-2.369707,3.302052,-2.519598,4.136905,-2.6086,5.077411,-2.620945,6.046372,-2.417765,6.892614,-1.959541,7.429394,-1.338797,7.399763,-0.62793,6.948941,0.02657,6.445521,0.39833,6.006151,0.395735,5.614141,0.195287,5.147747,-0.043752,4.494924,-0.203759,3.725704,-0.254374,2.871919,-0.242885,1.936269,-0.160257,1.020476,-0.000262,0.215576,0.115119,-0.503574,0.176715,-1.187717,0.275217,-1.818309,0.35295,-2.438586,0.424898,-3.136456,0.434406,-3.993715,0.402366,-4.914842,0.318889,-5.726759,0.215895,-6.378053,0.156975,-6.808517,0.083983,-7.064263,-0.018958,-7.133358,-0.172678,-6.931385,-0.359173,-6.356824,-0.410696,-5.290682,-0.205398,-3.915648,0.184577,-2.623501,0.479426,-1.6629,0.574295,-1.110372,0.560421,-0.777271,0.479851,-0.46777,0.385716,-0.16349,0.302241,0.161918,0.220365,0.439391,0.156618,0.613484,0.122614,0.71321,0.136759,0.754643,0.178965,0.749272,0.201956,0.678058,0.174982,0.580511,0.092233,0.51086,0.020624,0.481239,-0.011302,0.451313,-0.012375,0.411792,-0.004153,0.35507,-0.018556,0.27796,-0.050729,0.176468,-0.070428,0.061812,-0.081501,-0.062556,-0.139133,-0.183182,-0.192678,-0.243868
7,-0.192621,-0.483553,-0.320166,-0.616716,-0.598891,-0.784983,-1.072515,-0.991507,-1.605878,-1.209568,-2.056714,-1.398483,-2.431618,-1.576845,-2.830026,-1.802892,-3.219591,-2.051927,-3.512583,-2.265746,-3.66747,-2.396845,-3.689754,-2.430561,-3.566084,-2.433599,-3.325099,-2.428166,-2.865596,-2.433086,-2.066529,-2.473201,-1.072246,-2.416646,-0.132588,-2.253163,0.668629,-2.014937,1.405639,-1.769276,2.169066,-1.584403,2.915488,-1.458559,3.552392,-1.321659,4.126059,-1.199702,4.607913,-1.12266,4.921475,-1.070154,5.105603,-1.058201,5.151776,-1.101363,5.13391,-1.158882,5.119611,-1.193945,5.009705,-1.200332,4.694022,-1.152158,4.124032,-0.979031,3.330385,-0.678625,2.562913,-0.362736,1.96375,-0.049925,1.39239,0.225721,0.792238,0.439505,0.200467,0.661104,-0.332336,0.960473,-0.842507,1.400142,-1.480801,2.062304,-2.155929,2.931527,-2.734331,3.935421,-3.1334,4.91673,-3.210107,5.711836,-3.06076,6.175298,-2.737567,6.316484,-2.23174,6.328247,-1.654176,6.268985,-1.042325,6.045702,-0.429641,5.726911,-0.169799,5.39221,-0.210182,4.904813,-0.376195,4.191539,-0.502525,3.343494,-0.537091,2.471245,-0.428046,1.613293,-0.281317,0.74414,-0.160179,-0.087901,-0.072613,-0.885516,-0.015861,-1.637759,0.09718,-2.372448,0.211004,-3.099004,0.292157,-3.88702,0.317018,-4.714399,0.329079,-5.505085,0.352142,-6.177474,0.411373,-6.758835,0.433321,-7.209761,0.434251,-7.427608,0.442862,-7.333185,0.363253,-6.84551,0.255264,-5.850373,0.21372,-4.56284,0.260192,-3.424968,0.341035,-2.571211,0.430757,-1.912497,0.512735,-1.411037,0.49656,-1.067135,0.39386,-0.753299,0.248854,-0.400361,0.108993,-0.018918,0.009149,0.353417,-0.025219,0.640981,-0.007684,0.771827,0.038423,0.791496,0.095911,0.734826,0.143477,0.633704,0.191625,0.540001,0.18767,0.470161,0.162899,0.425795,0.153474,0.412161,0.169645,0.402556,0.144941,0.38511,0.117431,0.333021,0.104848,0.236377,0.052191,0.112828,0.014267,-0.019918,-0.010362,-0.130076
7,-0.003839,-0.110172,-0.087834,-0.160914,-0.17674,-0.240563,-0.308303,-0.351232,-0.57787,-0.507062,-1.017449,-0.774354,-1.59063,-1.106279,-2.215074,-1.386817,-2.729751,-1.601986,-3.091245,-1.82307,-3.386707,-2.014475,-3.627897,-2.089724,-3.745284,-2.07596,-3.687114,-2.043721,-3.486179,-2.021593,-3.141599,-2.086884,-2.512994,-2.252342,-1.678754,-2.427397,-0.787061,-2.471334,0.006821,-2.301811,0.643823,-2.030206,1.199083,-1.679624,1.768754,-1.341323,2.332941,-1.101534,2.867865,-0.99227,3.44674,-0.929838,4.008124,-0.878523,4.481735,-0.906006,4.929028,-0.958807,5.307204,-0.945028,5.52248,-0.880714,5.435346,-0.842751,5.243728,-0.88797,5.041081,-0.928575,4.628287,-0.864401,3.871929,-0.731216,2.933002,-0.563718,2.014831,-0.326627,1.230832,-0.059039,0.620572,0.194621,0.083793,0.443303,-0.44137,0.735771,-0.97051,1.11327,-1.529687,1.654595,-2.083162,2.417092,-2.623711,3.374718,-3.097741,4.422192,-3.391762,5.377914,-3.406549,6.073128,-3.116665,6.468427,-2.570521,6.594668,-1.923612,6.557717,-1.512085,6.251058,-0.982478,5.745475,-0.563741,5.15595,-0.403859,4.65695,-0.44212,4.097028,-0.459915,3.35021,-0.338824,2.474755,-0.121688,1.573489,0.064596,0.699121,0.126228,-0.158268,0.126439,-0.988226,0.08169,-1.791526,0.055096,-2.53981,0.122588,-3.310374,0.249879,-4.134057,0.317262,-4.933888,0.280135,-5.689477,0.195652,-6.438607,0.138844,-7.183782,0.156277,-7.700804,0.094904,-7.817305,-0.010179,-7.443388,-0.057444,-6.515477,-0.142298,-5.052464,-0.196921,-3.253664,-0.063263,-1.703695,0.135669,-0.655249,0.30139,-0.013549,0.4342,0.307336,0.433108,0.437169,0.315693,0.514354,0.202943,0.582176,0.136084,0.647408,0.115123,0.715302,0.105774,0.74128,0.11576,0.720418,0.155458,0.686997,0.158336,0.604447,0.116613,0.475099,0.025995,0.333536,-0.099799,0.190479,-0.168726,0.04607,-0.14526,-0.052077,-0.085967,-0.077774,-0.040982,-0.069738,0.006062,-0.039927,0.063351,-0.004564,0.117108,-0.002145
7,-1.751739,-0.971689,-2.367598,-1.239719,-2.843759,-1.509324,-3.18062,-1.726089,-3.424448,-1.883616,-3.701843,-2.000865,-3.923354,-2.048885,-3.903697,-2.015151,-3.646288,-1.857129,-3.277223,-1.67693,-2.856787,-1.515864,-2.048724,-1.254885,-1.278754,-1.197837,-0.559631,-1.162112,0.008692,-1.108989,0.479546,-1.068981,0.937129,-1.069103,1.460088,-1.137948,2.079164,-1.249913,2.702858,-1.34006,3.373287,-1.438117,4.044621,-1.475771,4.534654,-1.424713,4.828673,-1.353516,4.977939,-1.276245,5.104037,-1.198979,5.243655,-1.114148,5.157819,-1.026033,4.798433,-0.958109,4.284173,-0.874265,3.664281,-0.656718,2.863928,-0.280732,1.967167,0.155015,1.212121,0.515527,0.630968,0.814862,0.156589,1.085916,-0.315824,1.409206,-0.844344,1.839048,-1.37769,2.483657,-1.870683,3.360705,-2.240999,4.316715,-2.495593,5.211041,-2.627115,6.039994,-2.556409,6.668729,-2.142366,6.961535,-1.661492,6.986742,-1.141626,6.818596,-0.783966,6.358433,-0.590129,5.82946,-0.574728,5.335624,-0.581872,4.775772,-0.557656,4.051495,-0.50466,3.184203,-0.347979,2.260261,-0.128702,1.368325,0.079371,0.541371,0.165946,-0.22959,0.215777,-1.025948,0.235207,-1.882505,0.282964,-2.703905,0.373602,-3.566806,0.466598,-4.571872,0.483913,-5.606175,0.420795,-6.496812,0.300656,-7.282876,0.215811,-7.908795,0.231849,-8.285205,0.332778,-8.357038,0.424124,-8.088666,0.45105,-7.444748,0.403244,-6.522979,0.230391,-5.4509,-0.064205,-4.260333,-0.26469,-3.096172,-0.267136,-2.117206,-0.177604,-1.321628,-0.038651,-0.704117,0.081203,-0.22974,0.107791,0.159087,0.059259,0.456754,0.072261,0.659547,0.150953,0.820285,0.221924,0.957034,0.223206,1.044202,0.177213,1.033235,0.122671,0.948629,0.097211,0.851083,0.094771,0.755143,0.09421,0.638015,0.064523,0.538911,0.015921,0.440628,-0.009948,0.326207,0.033588,0.215888,0.116622,0.115076,0.16077,0.034495,0.173489,-0.011937,0.185793,-0.030505,0.171359,-0.029693,0.13132,-0.007574,0.075654,0.028385
7,-0.031348,-0.40938,-0.195597,-0.591491,-0.3706,-0.839851,-0.573977,-1.18541,-0.968416,-1.629104,-1.603498,-2.106963,-2.249048,-2.599971,-2.842087,-3.02598,-3.356686,-3.274831,-3.775045,-3.379391,-4.106964,-3.392605,-4.278881,-3.34688,-4.258745,-3.193313,-4.093616,-2.905655,-3.700634,-2.54559,-3.113076,-2.170843,-2.38988,-1.881046,-1.612233,-1.710867,-0.852063,-1.614202,-0.177863,-1.549765,0.487842,-1.531425,1.177849,-1.590107,1.934818,-1.743069,2.740676,-1.946787,3.537208,-2.13042,4.23161,-2.182885,4.758063,-2.034171,5.093017,-1.653751,5.253921,-1.144199,5.286951,-0.590488,5.219292,-0.080123,5.120931,0.315674,4.955005,0.541968,4.560475,0.610881,3.910146,0.562958,3.175364,0.396908,2.421472,0.222486,1.622134,0.191868,0.737957,0.387849,-0.164907,0.752689,-0.972114,1.282487,-1.628186,1.953063,-2.153808,2.651895,-2.595163,3.383619,-2.974429,4.188724,-3.258958,5.095259,-3.425971,6.001173,-3.308566,6.82386,-2.786191,7.461491,-1.927344,7.713912,-1.015573,7.544338,-0.447696,7.094151,-0.297396,6.533958,-0.338693,5.996071,-0.432336,5.401418,-0.499084,4.655477,-0.468627,3.665026,-0.263747,2.559197,0.025549,1.481259,0.291957,0.458152,0.473565,-0.549731,0.506541,-1.577096,0.462699,-2.628332,0.388008,-3.694854,0.250543,-4.70236,0.147781,-5.690361,0.181482,-6.696773,0.27812,-7.604487,0.429042,-8.246872,0.563149,-8.636539,0.576323,-8.715117,0.362039,-8.267113,0.00492,-7.061439,-0.144463,-5.348303,0.039976,-3.795152,0.347773,-2.605115,0.417442,-1.670347,0.377084,-0.952028,0.376285,-0.481553,0.341601,-0.171394,0.25629,0.109719,0.188003,0.396181,0.129072,0.684358,0.116495,0.944775,0.163478,1.130229,0.230552,1.228518,0.246054,1.227875,0.211803,1.110265,0.172929,0.907776,0.11762,0.682421,0.043137,0.450057,0.058444,0.274589,0.084817,0.225842,0.066579,0.275337,0.081764,0.355182,0.119019,0.414657,0.133196,0.414072,0.123602,0.364456,0.094125,0.276679,0.057415,0.172717
7,-0.002474,-0.326874,-0.06365,-0.412123,-0.125466,-0.514088,-0.188549,-0.624797,-0.317806,-0.810941,-0.59791,-1.064233,-1.088851,-1.36604,-1.746483,-1.763225,-2.412055,-2.294065,-2.993052,-2.841829,-3.543512,-3.288769,-4.022172,-3.61666,-4.302186,-3.829302,-4.404272,-3.817934,-4.371977,-3.61355,-4.087425,-3.38465,-3.371313,-3.262387,-2.32691,-3.154529,-1.205237,-3.003099,-0.171671,-2.783644,0.626644,-2.538553,1.416764,-2.265853,2.249371,-1.854482,3.036786,-1.359557,3.778825,-0.882464,4.412935,-0.447147,4.93208,-0.11209,5.31338,0.133186,5.565976,0.292084,5.661962,0.382069,5.575325,0.372643,5.277784,0.272288,4.743363,0.120611,4.111154,-0.0841,3.406083,-0.269201,2.521559,-0.350774,1.472732,-0.286035,0.471753,-0.071086,-0.400172,0.329381,-1.170326,0.934636,-1.787442,1.590255,-2.1836,2.262979,-2.49173,3.159093,-2.891621,4.315869,-3.234098,5.556323,-3.400944,6.721455,-3.426325,7.637281,-3.11651,8.24672,-2.455149,8.437879,-1.688782,8.160651,-1.045729,7.545695,-0.591294,6.86936,-0.337588,6.140392,-0.275645,5.418915,-0.377519,4.567985,-0.444427,3.617159,-0.421542,2.561806,-0.34223,1.493119,-0.153815,0.398368,0.056578,-0.748348,0.175224,-1.909304,0.258224,-2.929538,0.342943,-3.847918,0.471826,-4.79425,0.599824,-5.743444,0.657959,-6.68331,0.691218,-7.535128,0.684288,-8.125886,0.682151,-8.528212,0.708028,-8.66093,0.62862,-8.350004,0.389594,-7.45775,0.126249,-5.933869,0.009888,-4.057145,0.094625,-2.338667,0.264034,-1.005144,0.347523,-0.20084,0.323327,0.225386,0.238643,0.487272,0.135913,0.695209,0.051076,0.87905,-0.0058,1.028733,-0.011817,1.151845,0.050539,1.26208,0.119385,1.332755,0.157434,1.348449,0.155859,1.297131,0.118261,1.177158,0.063539,0.99065,0.029416,0.732621,-0.01331,0.449934,-0.046604,0.182639,-0.040209,-0.009841,-0.012945,-0.098215,0.015859,-0.118018,0.044406,-0.115305,0.067502,-0.125983,0.079976,-0.135757,0.06142,-0.146129,0.048848,-0.157826
7,-1.755732,-1.504691,-2.683331,-2.084868,-3.565719,-2.692909,-4.244546,-3.284921,-4.676255,-3.77958,-4.855896,-4.104661,-4.842042,-4.116333,-4.68472,-3.834126,-4.37092,-3.303108,-3.636813,-2.729225,-2.443279,-2.218289,-1.189101,-1.833876,-0.173635,-1.584544,0.492175,-1.352387,0.892532,-1.216202,1.360224,-1.284154,2.036443,-1.461685,2.780686,-1.567586,3.41184,-1.586721,3.863747,-1.583522,4.227241,-1.555713,4.642024,-1.509882,5.029399,-1.398109,5.240493,-1.252067,5.301339,-1.12942,5.308001,-1.040573,5.202283,-0.895378,4.813804,-0.624911,4.170361,-0.28993,3.43135,0.056369,2.614491,0.407706,1.800901,0.736162,1.031351,0.987731,0.276048,1.216155,-0.41721,1.474425,-1.003797,1.70836,-1.499901,1.926306,-1.940353,2.287868,-2.418565,2.939422,-2.956656,3.945568,-3.39105,5.173413,-3.497104,6.46664,-3.312979,7.584581,-2.910769,8.370778,-2.224852,8.818622,-1.34053,8.900253,-0.666144,8.689367,-0.383408,8.205864,-0.272538,7.341758,-0.209432,6.176677,-0.17421,4.887537,-0.118348,3.652426,0.001181,2.486692,0.164992,1.403087,0.309731,0.362428,0.326562,-0.617219,0.17205,-1.515732,0.031324,-2.340102,0.031868,-3.189077,0.073646,-4.152645,0.139268,-5.253126,0.225542,-6.390972,0.273291,-7.370165,0.326527,-8.16423,0.406107,-8.690793,0.374153,-8.82246,0.146173,-8.477782,0.035607,-7.53454,0.236571,-6.243237,0.69759,-5.065787,1.104105,-4.175983,1.141881,-3.485214,0.849266,-2.770736,0.445039,-1.907241,0.131183,-1.016585,-0.00388,-0.245955,-0.025434,0.364441,-0.045194,0.844058,-0.044969,1.180863,0.01392,1.329623,0.090634,1.282594,0.148643,1.116832,0.153062,0.953378,0.122092,0.822073,0.077084,0.748006,-0.012731,0.723581,-0.057127,0.724273,-0.038159,0.704111,-0.012313,0.646039,0.01661,0.55289,0.115039,0.418116,0.187663,0.253984,0.188298,0.092937,0.164944,-0.005645,0.116438,-0.051329,0.044407,-0.079674,-0.000136,-0.105787,-0.00312,-0.084043,0.009739,-0.020561,0.033074,0.035935
7,-0.180578,0.010298,-0.650389,-0.672536,-1.251301,-1.155718,-1.862696,-1.523431,-2.579453,-1.964192,-3.344137,-2.295171,-3.958442,-2.610996,-4.334468,-2.910965,-4.613724,-3.072963,-4.783801,-3.083691,-4.790375,-2.905259,-4.552829,-2.474359,-4.073546,-1.893042,-3.505667,-1.398394,-2.924275,-1.138188,-2.110679,-1.166465,-1.09989,-1.27802,-0.264183,-1.315102,0.320082,-1.300989,0.81838,-1.254979,1.349438,-1.194819,1.958667,-1.185124,2.692449,-1.230963,3.491431,-1.301918,4.214524,-1.290385,4.75788,-1.218193,5.16483,-1.128021,5.404318,-0.99606,5.497701,-0.780132,5.389137,-0.535402,5.121008,-0.374226,4.761909,-0.292935,4.286408,-0.216221,3.664007,-0.137267,3.005577,-0.074509,2.309535,0.054173,1.510116,0.215859,0.732543,0.355777,0.026855,0.511586,-0.598934,0.723858,-1.165489,1.016948,-1.728663,1.375065,-2.209189,1.899582,-2.718091,2.703819,-3.251212,3.804926,-3.626013,5.078203,-3.647734,6.274813,-3.250675,7.163488,-2.485069,7.670019,-1.571704,7.840279,-0.711558,7.784704,-0.164463,7.437591,-0.046504,6.7967,-0.018219,6.094797,0.173145,5.432333,0.341536,4.747719,0.415353,3.918247,0.436273,2.926917,0.480246,1.86909,0.521682,0.854277,0.431846,-0.124855,0.220173,-1.117256,0.023728,-2.121133,0.006598,-3.153834,0.148701,-4.333598,0.269757,-5.614196,0.228116,-6.813057,0.016793,-7.74824,-0.201822,-8.395585,-0.259444,-8.760936,-0.224688,-8.758412,-0.322067,-8.291481,-0.534303,-7.284146,-0.584287,-5.84264,-0.407867,-4.310973,-0.188029,-2.905004,0.019529,-1.842387,0.121689,-1.14173,0.060607,-0.635753,-0.012493,-0.259684,-0.061942,0.002674,-0.059395,0.197666,-0.014996,0.36632,0.025226,0.543933,0.07709,0.698412,0.12999,0.806856,0.180246,0.864519,0.212265,0.840357,0.187731,0.762523,0.105061,0.634009,0.050021,0.440225,0.044636,0.252708,0.030231,0.128441,-0.006822,0.044696,-0.019839,-0.030945,0.012156,-0.085288,0.051793,-0.100294,0.047325,-0.091761,0.029726,-0.097896,0.018823,-0.095307
7,0.106685,-0.201686,0.063138,-0.262778,0.024842,-0.335006,-0.00324,-0.44137,-0.106471,-0.616027,-0.350022,-0.856751,-0.769405,-1.17786,-1.337407,-1.513722,-1.941198,-1.847499,-2.44104,-2.08285,-2.833838,-2.246004,-3.151687,-2.418813,-3.333182,-2.484648,-3.350521,-2.463228,-3.306441,-2.407336,-3.254085,-2.365819,-3.061787,-2.307264,-2.766486,-2.212462,-2.416255,-2.185678,-1.851925,-2.220992,-1.167631,-2.181168,-0.571601,-2.084894,0.078265,-2.050513,0.924185,-2.053313,1.91246,-1.952845,2.869108,-1.781593,3.770025,-1.626323,4.587023,-1.454393,5.030927,-1.27111,5.230829,-1.163113,5.443235,-1.079741,5.690316,-1.000216,5.9829,-0.967267,6.194397,-1.032018,6.109447,-1.153951,5.641897,-1.291508,4.872696,-1.326693,3.862175,-1.163972,2.686524,-0.815515,1.489926,-0.390832,0.359866,0.162993,-0.753397,0.841651,-1.807966,1.639774,-2.712875,2.510012,-3.374141,3.310735,-3.779986,4.135701,-4.003631,5.028298,-4.045824,5.96245,-3.869671,6.861208,-3.469292,7.522755,-2.83452,7.832998,-1.905782,7.863224,-1.131936,7.634647,-0.733294,7.178817,-0.526561,6.576481,-0.394865,5.906339,-0.331776,5.228302,-0.265773,4.447938,-0.14266,3.561514,-0.055663,2.559685,-0.038862,1.404906,-0.029005,0.175527,0.037706,-1.000028,0.179433,-2.12466,0.320662,-3.229624,0.410726,-4.349075,0.638168,-5.590619,0.970077,-6.980397,1.117096,-8.142569,1.160162,-8.899438,1.138478,-9.233323,1.131693,-9.156865,1.209389,-8.650967,1.258614,-7.538692,1.129662,-6.110659,0.829483,-4.676619,0.570356,-3.285272,0.396668,-1.977883,0.379945,-0.842157,0.418688,-0.127181,0.350289,0.227855,0.210293,0.403521,0.084533,0.503826,-0.013797,0.565062,-0.064871,0.617885,-0.115769,0.684756,-0.141368,0.711965,-0.117064,0.712389,-0.072887,0.656996,-0.006704,0.56917,0.024771,0.458675,0.015704,0.322617,0.065255,0.171351,0.185378,0.062078,0.254429,0.000575,0.232168,-0.033713,0.182552,-0.0217,0.094406,0.003488,-0.013818,0.021533,-0.090091,0.016441
7,0.151887,0.132524,0.147488,0.141424,0.14106,0.174648,0.162914,0.197796,0.180219,0.180018,0.150762,0.12347,0.032943,0.012171,-0.142514,-0.170423,-0.430144,-0.406048,-0.982094,-0.725995,-1.704379,-1.12724,-2.363446,-1.500829,-2.919705,-1.900227,-3.452319,-2.356553,-3.886302,-2.791046,-4.157543,-3.099167,-4.251383,-3.254955,-4.1478,-3.264406,-3.896547,-3.166363,-3.503949,-3.005776,-2.828311,-2.814616,-1.865422,-2.583322,-0.813272,-2.314377,0.194971,-2.113828,1.225445,-2.036772,2.326132,-1.976747,3.370597,-1.824823,4.230399,-1.644149,4.899518,-1.450293,5.327704,-1.227233,5.588347,-1.023665,5.641317,-0.828144,5.459098,-0.677838,5.124796,-0.552603,4.667689,-0.424539,4.209369,-0.284514,3.744311,-0.088353,3.057846,0.210141,2.104106,0.641539,1.112967,1.144817,0.251497,1.630053,-0.524335,2.164143,-1.277427,2.833102,-1.987228,3.61985,-2.603919,4.457802,-3.058755,5.26656,-3.289224,5.972263,-3.241516,6.413651,-2.946697,6.561991,-2.456106,6.547862,-1.866542,6.347633,-1.311522,5.897983,-0.902716,5.404242,-0.665263,4.779397,-0.544082,4.144878,-0.501576,3.406651,-0.439898,2.602872,-0.349938,1.772944,-0.21081,0.897874,-0.024108,0.002979,0.11201,-0.903534,0.143891,-1.850375,0.133636,-2.921999,0.163521,-4.097974,0.271267,-5.25075,0.390253,-6.264184,0.44862,-7.090263,0.457623,-7.63927,0.411245,-7.873184,0.301332,-7.727766,0.054793,-7.177062,-0.291312,-6.090438,-0.443951,-4.525368,-0.176361,-2.944761,0.316544,-1.759032,0.669265,-0.950047,0.766974,-0.367361,0.74245,0.032797,0.654328,0.289965,0.461298,0.466468,0.251503,0.631494,0.104601,0.804828,-0.005435,0.944154,-0.04021,0.972047,0.001585,0.920122,0.056718,0.873428,0.091394,0.814712,0.109161,0.727705,0.108005,0.64785,0.07897,0.568808,0.001892,0.473686,-0.037586,0.390582,-0.05435,0.330047,-0.034849,0.276882,0.036725,0.268613,0.100591,0.266887,0.129713,0.246446,0.147538,0.1841,0.193801,0.034562,0.132704,-0.069494
7,0.171226,0.150548,0.120326,0.047908,0.045517,-0.060227,-0.033229,-0.173903,-0.148401,-0.30767,-0.342677,-0.460645,-0.744275,-0.672785,-1.591385,-1.299484,-2.72156,-2.078932,-3.714368,-2.549508,-4.288458,-2.871953,-4.508001,-2.871032,-4.566841,-2.698981,-4.431854,-2.499634,-4.090157,-2.309607,-3.601367,-2.183357,-2.91811,-2.116518,-2.004106,-2.066198,-0.971258,-1.990881,0.119852,-1.877628,1.193254,-1.767073,2.146688,-1.745142,3.057428,-1.714087,3.784457,-1.563825,4.268527,-1.361326,4.686016,-1.229766,5.122504,-1.168168,5.427689,-1.072038,5.528329,-0.931949,5.548523,-0.824489,5.362808,-0.690788,4.835628,-0.480124,4.164052,-0.321004,3.555972,-0.283736,2.944462,-0.314236,2.256398,-0.336188,1.469661,-0.292972,0.615245,-0.135064,-0.233027,0.129922,-0.989373,0.53441,-1.704692,1.161571,-2.414919,1.977687,-3.036281,2.952176,-3.526979,4.04506,-3.860436,5.060161,-4.00013,5.914918,-3.865416,6.630006,-3.387741,7.133589,-2.665364,7.38155,-1.844552,7.351563,-1.085512,7.082178,-0.45852,6.628507,0.105554,6.033406,0.369862,5.371967,0.2976,4.60966,0.145889,3.688929,0.105632,2.549319,0.157225,1.249298,0.221357,-0.014307,0.248558,-1.154438,0.306076,-2.218607,0.421584,-3.264956,0.596197,-4.315399,0.734944,-5.3978,0.825547,-6.511095,0.804955,-7.484014,0.823631,-8.15866,0.867136,-8.559849,0.808706,-8.641711,0.649356,-8.107959,0.408832,-6.94173,0.193939,-5.491453,0.130671,-4.167161,0.196557,-3.055995,0.272068,-2.010508,0.329252,-0.844327,0.356679,0.213241,0.331342,0.831598,0.246607,1.133264,0.144142,1.263475,0.068751,1.232942,0.014528,1.140765,-0.020071,1.062752,-0.014648,1.012778,0.022094,0.956708,0.058544,0.90677,0.099822,0.867002,0.139903,0.799381,0.138742,0.711117,0.080075,0.603185,0.041429,0.442699,0.032282,0.262467,0.012587,0.086439,-0.00867,-0.053663,-0.026475,-0.132589,-0.045919,-0.160406,-0.058793,-0.14384,-0.050494,-0.111057,-0.033666,-0.08167,-0.01813,-0.060303
7,-0.037632,-0.358179,-0.11244,-0.466774,-0.246698,-0.600175,-0.571121,-0.793158,-1.076295,-1.047664,-1.650378,-1.31713,-2.306913,-1.610573,-2.994177,-1.960452,-3.580902,-2.287441,-4.025364,-2.590715,-4.231973,-2.785127,-4.089405,-2.710148,-3.71014,-2.503819,-3.255165,-2.380366,-2.752318,-2.299498,-2.081247,-2.158646,-1.240118,-1.937115,-0.313909,-1.699258,0.706137,-1.509994,1.83798,-1.36603,2.985463,-1.291603,3.875187,-1.271097,4.461024,-1.25243,4.956193,-1.188399,5.321413,-1.071377,5.637089,-0.971039,5.875796,-0.984297,5.582729,-1.12214,5.34865,-0.8509,4.989007,-0.642908,4.133627,-0.664183,3.288346,-0.525424,2.534982,-0.262174,1.705711,-0.023438,0.811543,0.252563,-0.052372,0.652205,-0.7851,1.21981,-1.38406,1.98367,-1.930147,2.777003,-2.372139,3.466406,-2.74687,4.111586,-3.096658,4.778524,-3.334958,5.328027,-3.315761,5.69597,-3.075521,6.071536,-2.672331,6.415911,-2.022917,6.697156,-1.247271,6.766178,-0.595604,6.492792,-0.176721,6.047465,0.040047,5.562307,0.037903,5.066175,-0.063361,4.471798,-0.172535,3.731679,-0.25152,2.881145,-0.319107,1.950391,-0.37082,1.015109,-0.337703,0.113144,-0.237838,-0.780122,-0.149643,-1.641295,-0.075386,-2.466346,0.080997,-3.364106,0.287208,-4.476259,0.477539,-5.583544,0.57708,-6.709176,0.628618,-7.690286,0.638904,-8.407602,0.576478,-8.822929,0.494407,-8.938267,0.50487,-8.673537,0.578632,-8.067146,0.620794,-6.966848,0.464431,-5.471594,0.160583,-3.773139,0.042864,-1.939142,0.37323,-0.426379,0.737312,0.411367,0.795495,0.674856,0.642909,0.681886,0.480348,0.724289,0.342982,0.87431,0.194811,1.062071,0.043808,1.244186,-0.033146,1.349049,0.014727,1.33362,0.124966,1.213842,0.171285,1.040625,0.133375,0.850679,0.066743,0.68898,0.02582,0.505739,0.038975,0.321994,0.019588,0.199593,-0.022938,0.127122,-0.085347,0.084407,-0.176593,0.055651,-0.221667,0.034477,-0.179905,-0.004354,-0.104014,-0.067076,-0.065816,-0.131501,-0.065498,-0.1549
7,0.24292,-0.096642,0.099757,-0.323779,-0.27471,-0.869595,-0.70035,-1.290908,-1.278616,-1.81884,-2.0074,-2.383157,-2.727584,-2.92497,-3.366237,-3.350271,-3.941481,-3.627424,-4.431326,-3.801784,-4.707972,-3.841909,-4.782156,-3.699439,-4.582861,-3.359998,-4.0793,-2.955659,-3.348305,-2.600917,-2.408552,-2.304616,-1.270638,-2.118395,0.015249,-2.026695,1.134137,-1.798958,1.991454,-1.419599,2.731774,-1.140212,3.390471,-0.942365,3.947743,-0.739955,4.379644,-0.53718,4.748841,-0.381082,5.006489,-0.262906,5.221515,-0.246674,5.408809,-0.26283,5.421125,-0.292857,5.163912,-0.425949,4.682543,-0.668243,4.022559,-0.898731,3.265776,-1.028961,2.369701,-1.019431,1.318686,-0.857446,0.273673,-0.505366,-0.651953,0.002224,-1.445146,0.629769,-2.180818,1.311769,-2.775238,1.974687,-3.178941,2.658167,-3.474928,3.470579,-3.675631,4.471803,-3.776525,5.557533,-3.72359,6.515767,-3.378941,7.121604,-2.678481,7.303942,-1.720004,7.264504,-0.705538,6.954657,0.094778,6.473111,0.633069,6.010013,0.881897,5.545354,0.901918,5.029397,0.801836,4.472105,0.637666,3.7473,0.45346,2.859969,0.268718,1.863667,0.1119,0.846404,-0.001282,-0.157104,0.036223,-1.135849,0.156226,-2.110783,0.254804,-3.127006,0.334922,-4.22448,0.348715,-5.296249,0.23943,-6.098309,0.14616,-6.596165,0.094878,-6.836245,-0.007373,-6.941475,-0.099722,-6.954386,-0.059169,-6.697183,0.097186,-6.101861,0.35523,-5.235221,0.562088,-4.085124,0.587311,-2.661192,0.527776,-1.333776,0.458054,-0.414795,0.380154,0.073826,0.32395,0.290509,0.216242,0.381192,0.058112,0.396885,-0.083124,0.357908,-0.164534,0.341685,-0.203711,0.38356,-0.189092,0.452002,-0.164457,0.51426,-0.124735,0.586784,-0.043911,0.665959,0.035167,0.717523,0.096903,0.676203,0.11041,0.566293,0.102527,0.450784,0.072641,0.327655,0.025487,0.201756,-0.008923,0.037697,-0.034619,-0.115024,-0.054614,-0.207432,-0.032846,-0.242644,-0.002486,-0.218818,-0.001543,-0.137775,0.000342,-0.007131
7,-0.009912,0.085046,0.027047,0.004768,0.077227,-0.080397,0.105338,-0.1303,0.106677,-0.157016,0.055652,-0.223736,-0.028507,-0.346481,-0.110739,-0.493696,-0.227714,-0.658445,-0.50917,-0.910667,-1.019029,-1.277752,-1.840441,-1.765705,-2.778147,-2.377819,-3.484397,-2.914685,-3.990211,-3.200943,-4.254544,-3.216238,-4.210964,-3.013345,-4.023672,-2.68114,-3.644496,-2.317578,-3.0702,-2.007032,-2.298364,-1.730435,-1.285795,-1.48493,-0.128365,-1.254738,0.845315,-1.028307,1.513464,-0.834652,2.090324,-0.766882,2.716515,-0.752889,3.275364,-0.699706,3.883238,-0.566873,4.354141,-0.491398,4.652786,-0.548356,4.888462,-0.740072,4.921035,-0.920463,4.758121,-1.090506,4.603881,-1.227554,4.297936,-1.281241,3.739167,-1.220678,2.99,-1.015309,2.085373,-0.642142,1.109926,-0.166179,0.166,0.456013,-0.677492,1.206336,-1.36166,1.892186,-1.924198,2.450885,-2.362412,3.101305,-2.759917,3.843217,-3.103952,4.634342,-3.320325,5.392965,-3.328562,6.039085,-3.064648,6.420396,-2.479322,6.570581,-1.710688,6.405234,-0.967655,5.828292,-0.352693,4.99511,0.003553,4.107866,0.072206,3.28093,0.082534,2.504046,0.180874,1.724102,0.28086,0.87558,0.299586,-0.01925,0.296878,-0.943673,0.354541,-1.873688,0.429506,-2.793416,0.454116,-3.703177,0.48615,-4.5537,0.625489,-5.297689,0.754302,-5.85371,0.750857,-6.154676,0.60758,-6.10043,0.445727,-5.705595,0.314213,-5.082812,0.213864,-4.371048,0.139304,-3.708526,0.083846,-3.068413,0.005125,-2.393597,-0.163444,-1.624352,-0.387605,-0.816042,-0.530183,-0.166849,-0.565806,0.271414,-0.444665,0.525261,-0.290974,0.565238,-0.096465,0.556973,0.104117,0.518283,0.209741,0.458802,0.209994,0.397445,0.171621,0.348499,0.120275,0.357851,0.064353,0.427399,0.021848,0.492937,-0.016522,0.507187,-0.041017,0.445095,-0.02803,0.288676,-0.007663,0.076099,0.006507,-0.12418,-0.005279,-0.24181,-0.045548,-0.238655,-0.093615,-0.174527,-0.104395,-0.109762,-0.090294,-0.047848,-0.084731,0.003984
7,0.107895,0.112281,0.031463,0.035231,-0.088547,-0.027776,-0.247025,-0.31991,-0.337685,-0.886595,-0.548814,-1.040984,-0.936527,-1.369791,-1.28145,-1.576684,-1.589138,-1.58269,-2.009362,-1.562755,-2.53133,-1.588083,-3.091878,-1.657288,-3.578095,-1.734273,-3.810093,-1.873161,-3.769464,-2.022483,-3.601128,-2.132791,-3.399015,-2.16073,-3.080994,-2.075221,-2.52094,-1.888857,-1.770419,-1.657502,-0.939942,-1.434295,-0.190354,-1.225817,0.325395,-1.045397,0.62955,-0.925556,0.864102,-0.89495,1.124886,-0.952806,1.436544,-1.042573,1.816402,-1.128735,2.295158,-1.201032,2.920472,-1.264763,3.66463,-1.220687,4.328536,-1.138072,4.841782,-1.080475,5.25371,-0.975531,5.502413,-0.745998,5.429743,-0.470435,5.114364,-0.261492,4.788075,-0.097968,4.397358,0.096202,3.726875,0.265588,2.826748,0.356884,1.905368,0.374738,1.03743,0.350869,0.290364,0.336044,-0.303642,0.383545,-0.77986,0.500828,-1.184233,0.719495,-1.643234,1.097912,-2.151612,1.614323,-2.584076,2.166507,-2.92789,2.762222,-3.222787,3.411914,-3.335254,4.058742,-3.198823,4.617467,-2.890845,5.072237,-2.464991,5.554211,-1.95622,6.002766,-1.419997,6.153685,-0.906716,5.879662,-0.435365,5.302564,-0.095832,4.574909,0.034165,3.81332,0.019555,3.141714,0.007285,2.54659,0.050527,2.012772,0.13716,1.527361,0.227935,1.08128,0.275519,0.687184,0.304543,0.342705,0.366669,-0.023447,0.47068,-0.453529,0.504505,-0.944654,0.407457,-1.385818,0.296037,-1.797386,0.27101,-2.274815,0.314794,-2.860389,0.365875,-3.5361,0.42689,-4.256959,0.463469,-4.862521,0.451469,-5.335766,0.434856,-5.703688,0.344656,-5.920021,0.194751,-5.895834,0.112711,-5.591275,0.129567,-4.997372,0.144604,-4.140818,0.083287,-3.18976,-0.026573,-2.245596,-0.056334,-1.380395,0.049589,-0.696522,0.159164,-0.265852,0.190222,-0.055782,0.154562,0.041326,0.063283,0.108551,-0.008143,0.167788,-0.007348,0.232092,0.010753,0.289242,-0.001893,0.32833,0.003626,0.34167,0.017236,0.343866
7,0.126848,0.123844,0.155859,0.192964,0.197692,0.248304,0.230572,0.252878,0.214886,0.223908,0.168656,0.164173,0.123155,0.044369,0.090431,-0.091421,0.032597,-0.12523,-0.001024,-0.14852,-0.023652,-0.178473,-0.08995,-0.222932,-0.189023,-0.271521,-0.356207,-0.310531,-0.673025,-0.379326,-1.181694,-0.516909,-1.687475,-0.709819,-1.984758,-0.950675,-2.163617,-1.208307,-2.324558,-1.423546,-2.502301,-1.614722,-2.67699,-1.794376,-2.871088,-1.886228,-2.983913,-1.926064,-2.963746,-1.973659,-2.797761,-2.049485,-2.53299,-2.095601,-2.243165,-2.051638,-1.914012,-1.907734,-1.536871,-1.726361,-1.016876,-1.565324,-0.358049,-1.448681,0.306724,-1.395993,0.912497,-1.430191,1.503105,-1.528469,2.137309,-1.665209,2.871156,-1.794738,3.569908,-1.834398,4.040017,-1.807176,4.353751,-1.826825,4.669649,-1.820202,4.937176,-1.650859,5.018129,-1.296049,4.897434,-0.842821,4.58393,-0.414804,4.044228,-0.11767,3.281708,0.083365,2.483826,0.239408,1.796597,0.40925,1.131339,0.642451,0.423261,0.97193,-0.252592,1.384405,-0.824473,1.884349,-1.3268,2.449168,-1.81307,2.991696,-2.281527,3.450125,-2.629613,3.807459,-2.797445,4.169628,-2.810442,4.573214,-2.610698,4.877043,-2.211441,4.985812,-1.758372,4.856524,-1.317349,4.559688,-0.949243,4.242256,-0.682013,3.903534,-0.532046,3.408967,-0.478543,2.838637,-0.442039,2.187681,-0.365877,1.509879,-0.259883,0.849899,-0.131106,0.255166,0.001349,-0.320435,0.108371,-0.9376,0.193987,-1.59054,0.366975,-2.286378,0.571185,-3.104876,0.720813,-4.007161,0.763955,-4.657938,0.673851,-5.027893,0.473909,-5.170509,0.205447,-5.175241,0.027078,-5.012648,0.088775,-4.652347,0.260247,-4.07443,0.390808,-3.330059,0.513968,-2.539972,0.635433,-1.857039,0.6994,-1.377719,0.633916,-1.015527,0.468641,-0.692926,0.26716,-0.379637,0.06715,-0.106824,-0.096524,0.077737,-0.180636,0.198298,-0.152868,0.249274,-0.077815,0.256031,-0.024636,0.260777,-0.008545,0.269046,-0.031943,0.274199,-0.058661,0.267079
7,0.053831,0.090874,0.116535,0.103844,0.225042,0.122258,0.298934,0.143551,0.295832,0.132975,0.168189,0.061133,0.035586,0.016274,0.04528,0.018879,0.057157,0.025196,0.063899,0.053844,0.048236,0.052522,0.023459,0.024687,-0.063009,-0.044286,-0.193747,-0.148768,-0.313205,-0.255083,-0.459863,-0.371841,-0.674604,-0.507749,-0.973663,-0.674402,-1.333754,-0.900115,-1.738531,-1.201508,-2.179837,-1.530307,-2.647918,-1.883101,-3.094056,-2.243096,-3.488718,-2.592881,-3.718871,-2.891188,-3.710718,-3.092135,-3.517411,-3.157014,-3.341874,-3.100255,-3.221161,-2.944142,-3.038382,-2.718567,-2.630356,-2.545639,-1.93575,-2.470307,-1.010742,-2.473403,0.102089,-2.524571,1.226924,-2.550143,2.221716,-2.489122,3.033086,-2.382425,3.773033,-2.375191,4.660834,-2.420806,5.502003,-2.453841,5.918192,-2.426338,6.056046,-2.224715,6.113455,-1.858478,6.103757,-1.449629,5.893411,-1.12674,5.255904,-0.823578,4.196309,-0.444803,3.11297,0.033133,2.144837,0.587126,1.125572,1.153858,0.079754,1.704691,-0.753371,2.350737,-1.354731,3.094407,-1.984697,3.907618,-2.758684,4.892491,-3.44155,5.963372,-3.909498,6.897109,-4.124337,7.545442,-3.988984,7.787318,-3.518739,7.549982,-2.766217,7.100699,-1.809306,6.607702,-0.929805,6.116352,-0.392575,5.390337,-0.189186,4.581499,-0.207308,3.65902,-0.304942,2.663448,-0.37839,1.669397,-0.339334,0.71826,-0.186832,-0.221757,0.002701,-1.18684,0.226176,-2.188947,0.497385,-3.234735,0.712286,-4.317468,0.853035,-5.367096,0.846788,-6.168604,0.701221,-6.57944,0.499189,-6.604713,0.307833,-6.355287,0.197458,-5.822165,0.233753,-5.124865,0.376497,-4.449552,0.504381,-3.814549,0.551371,-3.254032,0.501783,-2.698985,0.412516,-2.150177,0.347747,-1.648742,0.291353,-1.240194,0.191564,-0.910599,0.033628,-0.579591,-0.149874,-0.208404,-0.27026,0.134794,-0.247787,0.363087,-0.092511,0.439345,0.073875,0.412073,0.141983,0.352852,0.11863,0.28208,0.022574,0.206567,-0.105351,0.147103,-0.204915,0.112502
7,0.028713,0.062673,0.024335,0.042597,0.039336,0.044173,0.070184,0.058288,0.097589,0.100157,0.097453,0.163903,0.079128,0.223073,0.097085,0.236751,0.168028,0.157032,0.181938,-0.013552,-0.070213,-0.366057,-0.469067,-0.676256,-0.867569,-0.910913,-1.246307,-1.215883,-1.695443,-1.5461,-2.224709,-1.878188,-2.694534,-2.205664,-3.124699,-2.49543,-3.531758,-2.749007,-3.731482,-2.90717,-3.725555,-3.02007,-3.486842,-2.96925,-2.996901,-2.776579,-2.307787,-2.647335,-1.475261,-2.653501,-0.589053,-2.774524,0.371546,-2.977728,1.357995,-3.135292,2.215651,-3.14888,3.000501,-3.053659,3.795389,-2.889017,4.563045,-2.66361,5.195505,-2.318606,5.575325,-1.858518,5.732462,-1.439008,5.636603,-1.090886,5.240063,-0.672673,4.54287,-0.14141,3.703313,0.393744,2.894278,0.871293,2.021801,1.256775,0.984086,1.582282,-0.069956,1.960372,-0.957395,2.427789,-1.568199,2.962943,-2.029737,3.501878,-2.513546,4.045224,-3.004256,4.696013,-3.42643,5.492989,-3.641195,6.360435,-3.494564,7.170652,-2.951946,7.54942,-2.17348,7.350091,-1.480519,6.770665,-0.92732,6.149312,-0.600658,5.460564,-0.606852,4.608171,-0.681013,3.703656,-0.694399,2.65996,-0.592933,1.474112,-0.42967,0.301044,-0.299236,-0.835036,-0.138443,-1.95216,0.129258,-2.96229,0.372016,-3.954766,0.670606,-4.983994,1.047188,-5.943171,1.442572,-6.672573,1.596674,-7.243141,1.524697,-7.707042,1.306989,-7.932858,0.909851,-7.836485,0.312892,-7.24861,-0.112953,-6.180587,-0.119084,-4.69135,0.095805,-2.955493,0.337558,-1.219371,0.59061,0.01435,0.772228,0.557319,0.831678,0.659227,0.758554,0.570561,0.554155,0.445486,0.301684,0.36242,0.066666,0.356154,-0.112041,0.430449,-0.183598,0.545065,-0.182423,0.667786,-0.135579,0.719787,-0.048008,0.659193,0.025626,0.553894,0.033916,0.432031,-0.032451,0.290124,-0.131509,0.139063,-0.165571,0.018894,-0.123443,-0.036208,-0.117931,-0.041304,-0.115897,-0.040007,-0.115118,-0.040345,-0.127009,-0.042341,-0.113402,-0.028523
7,0.151452,0.123452,0.267568,0.199978,0.365365,0.264528,0.405341,0.311055,0.419869,0.306029,0.310651,0.225536,-0.02862,0.046447,-0.715993,-0.429281,-1.435012,-0.815474,-1.938874,-0.962463,-2.25515,-1.26991,-2.415098,-1.640606,-2.603076,-2.024533,-2.948003,-2.456867,-3.264587,-2.794693,-3.405593,-2.876243,-3.362963,-2.761446,-3.187622,-2.548924,-2.926335,-2.3083,-2.599456,-2.086761,-2.124721,-1.902437,-1.463202,-1.777056,-0.734016,-1.697198,0.073676,-1.651832,0.784772,-1.640304,1.228025,-1.663472,1.676014,-1.719554,2.319086,-1.773892,2.946453,-1.813883,3.482366,-1.884791,4.017283,-2.00552,4.542131,-2.123128,4.999382,-2.096889,5.339625,-1.873616,5.493397,-1.569977,5.355236,-1.227006,4.994445,-0.86285,4.514064,-0.484754,3.836271,-0.054965,2.880101,0.430829,1.814632,0.931942,0.763939,1.419088,-0.220519,1.9581,-1.046651,2.620334,-1.668572,3.394475,-2.20944,4.233716,-2.677873,5.036997,-3.055623,5.679314,-3.286807,6.158079,-3.306535,6.547031,-3.069335,6.852354,-2.519674,7.052742,-1.796111,7.015812,-1.161296,6.604434,-0.727623,5.80946,-0.453786,4.791804,-0.352242,3.717381,-0.411711,2.643099,-0.460235,1.585475,-0.334777,0.514037,-0.041535,-0.561863,0.234616,-1.584676,0.450361,-2.509221,0.645338,-3.354897,0.861978,-4.259068,0.925922,-5.206652,0.821494,-6.134719,0.787503,-6.941235,0.774306,-7.471649,0.692244,-7.636683,0.626256,-7.426138,0.448033,-6.624043,0.179847,-5.285772,0.100602,-3.897211,0.231085,-2.792105,0.304594,-2.022614,0.299408,-1.556335,0.252139,-1.229644,0.176198,-0.930698,0.123247,-0.691197,0.073846,-0.458915,-0.04005,-0.147681,-0.210656,0.239268,-0.299191,0.611022,-0.25728,0.871119,-0.085034,1.017057,0.098716,1.04525,0.22917,0.916194,0.251512,0.700998,0.152406,0.512037,0.034853,0.382554,-0.055488,0.314958,-0.134405,0.286304,-0.188634,0.268724,-0.194652,0.232242,-0.153262,0.153094,-0.066119,0.016138,0.03077,-0.144045,0.105344,-0.271706,0.113753,-0.293495
7,0.113862,0.09741,0.115665,0.125383,0.083303,0.137524,-0.000291,0.123674,-0.091335,0.124248,-0.086463,0.148479,0.04114,0.146796,0.035356,0.097004,-0.204885,-0.000256,-0.713215,-0.372968,-1.46716,-0.886504,-2.360408,-1.233842,-3.223304,-1.614939,-3.892308,-1.874365,-4.324638,-2.193499,-4.546536,-2.564895,-4.604999,-2.819969,-4.586382,-2.828565,-4.399108,-2.688744,-4.040825,-2.494921,-3.48999,-2.341358,-2.599685,-2.280795,-1.524103,-2.22337,-0.512169,-2.042728,0.283589,-1.778768,0.907841,-1.580381,1.58936,-1.491509,2.410075,-1.493695,3.252543,-1.512379,3.982556,-1.485779,4.557565,-1.403355,5.045969,-1.310288,5.572675,-1.237473,5.995969,-1.131449,6.15659,-1.021563,6.074993,-0.970509,5.803138,-0.959991,5.344506,-0.996308,4.66955,-1.032237,3.832194,-0.962138,2.807239,-0.706592,1.609419,-0.269113,0.391121,0.308044,-0.654299,0.985021,-1.422816,1.695098,-2.063608,2.456046,-2.68459,3.341032,-3.134796,4.299532,-3.385177,5.271171,-3.485134,6.186435,-3.39802,6.881585,-3.052712,7.344224,-2.429451,7.650252,-1.63413,7.631269,-0.852952,7.167283,-0.283507,6.444479,-0.053975,5.637886,-0.135009,4.798345,-0.356594,3.859445,-0.500881,2.77779,-0.435416,1.619194,-0.197016,0.465393,0.026287,-0.707638,0.12397,-1.916153,0.16961,-3.172005,0.281328,-4.46277,0.442769,-5.756656,0.501596,-6.821527,0.438173,-7.539148,0.375237,-7.917054,0.257504,-7.89587,0.023283,-7.462827,-0.124856,-6.546172,-0.153028,-5.163333,-0.085551,-3.686056,0.095094,-2.417319,0.327704,-1.488553,0.499549,-0.953128,0.502073,-0.663239,0.360177,-0.498046,0.167808,-0.358493,0.055298,-0.098996,-0.113182,0.037572,-0.242508,0.301239,-0.218103,0.595458,-0.081045,0.820938,0.056493,0.981294,0.163539,1.009614,0.217602,0.87673,0.218786,0.644553,0.192193,0.384578,0.159047,0.183041,0.070609,0.065456,-0.057557,4.9e-05,-0.139325,-0.02475,-0.136071,-0.010324,-0.104202,0.022093,-0.100961,0.032715,-0.086185,-0.002731,-0.027271,-0.081525
7,-0.009993,-0.189709,-0.062416,-0.284427,-0.178653,-0.470601,-0.370829,-0.646832,-0.671257,-0.85453,-1.077977,-1.206113,-1.592534,-1.694873,-2.161249,-2.184533,-2.667237,-2.548198,-3.108013,-2.765525,-3.532772,-2.849626,-3.959581,-2.862951,-4.242118,-2.822321,-4.335662,-2.691575,-4.285593,-2.507108,-4.075149,-2.316704,-3.717142,-2.09289,-3.167804,-1.913689,-2.411229,-1.806205,-1.463107,-1.738269,-0.421322,-1.659003,0.586082,-1.550537,1.466197,-1.432319,2.210566,-1.368764,2.883986,-1.401389,3.60239,-1.461278,4.405853,-1.499209,5.165538,-1.474398,5.701006,-1.38136,5.925378,-1.247031,5.857912,-1.07634,5.558157,-0.896065,5.140594,-0.805156,4.689935,-0.799523,4.227096,-0.803329,3.633152,-0.729391,2.772924,-0.531618,1.680254,-0.239531,0.616853,0.148297,-0.262857,0.636064,-0.942638,1.151699,-1.483585,1.726008,-2.076223,2.491476,-2.683119,3.462255,-3.133837,4.568012,-3.383125,5.65404,-3.461478,6.547099,-3.339081,7.177552,-2.848095,7.465793,-2.08134,7.506778,-1.228398,7.213555,-0.463659,6.596524,-0.014389,5.813579,0.096093,4.957351,0.013257,4.067645,-0.103723,3.155103,-0.119181,2.222531,-0.042807,1.269323,0.054229,0.279949,0.12106,-0.762527,0.125533,-1.833862,0.095948,-2.827394,0.041947,-3.74406,-0.014524,-4.64649,-0.055918,-5.523159,-0.049648,-6.314929,-0.08456,-6.849831,-0.161095,-7.128838,-0.207213,-7.210447,-0.228882,-6.932513,-0.341832,-6.204372,-0.468555,-5.155093,-0.420834,-4.040077,-0.190749,-2.995435,0.090865,-2.07275,0.296106,-1.224887,0.349054,-0.488117,0.315602,0.020873,0.29949,0.320185,0.280836,0.485483,0.21905,0.581942,0.144096,0.685391,0.079839,0.7962,0.053954,0.886501,0.065512,0.943408,0.043716,0.957751,-0.01696,0.914631,-0.063662,0.813326,-0.100985,0.685194,-0.129407,0.537297,-0.118426,0.394743,-0.092261,0.290922,-0.06552,0.201545,-0.034497,0.141463,0.007712,0.122864,0.037047,0.105058,0.040598,0.068316,0.026841,0.023531,-0.000743,-0.033409,-0.041896,-0.085006
7,-0.0797,0.008202,-0.12613,-0.039512,-0.187306,-0.11814,-0.242369,-0.242023,-0.311825,-0.408279,-0.428934,-0.619402,-0.633111,-0.898256,-1.027196,-1.191715,-1.650633,-1.474513,-2.299224,-1.752722,-2.822134,-2.064523,-3.194016,-2.340066,-3.464381,-2.513327,-3.679156,-2.596982,-3.770862,-2.558721,-3.671962,-2.401835,-3.36696,-2.187866,-2.74545,-1.99938,-1.835952,-1.834138,-0.897454,-1.671866,0.016796,-1.528642,0.998311,-1.415408,2.019677,-1.298477,3.128785,-1.209971,4.094889,-1.089773,4.777204,-0.923894,5.200431,-0.720827,5.445074,-0.52756,5.476255,-0.398749,5.159552,-0.371184,4.617364,-0.465647,4.124681,-0.634049,3.686561,-0.766923,3.178725,-0.844822,2.530732,-0.833321,1.743909,-0.66044,0.915818,-0.323146,0.13222,0.1174,-0.544724,0.587108,-1.074866,1.10826,-1.569588,1.807876,-2.109567,2.692006,-2.545725,3.637002,-2.880667,4.573522,-3.083925,5.530132,-3.068355,6.452556,-2.632359,7.129624,-1.868819,7.310669,-1.112239,6.958402,-0.569979,6.252333,-0.25805,5.485573,-0.12575,4.840907,-0.139295,4.226394,-0.149099,3.576945,-0.080703,2.834687,0.055603,1.972918,0.176019,1.039809,0.23758,0.083396,0.239347,-0.818879,0.232924,-1.699467,0.229052,-2.635797,0.205218,-3.640054,0.216874,-4.586087,0.263519,-5.371766,0.33299,-6.001512,0.405006,-6.493248,0.416605,-6.760242,0.295289,-6.735975,0.092394,-6.430851,-0.117343,-5.840909,-0.269943,-5.05568,-0.247881,-4.186141,0.004103,-3.282073,0.296302,-2.323329,0.404043,-1.337652,0.411058,-0.59536,0.414624,-0.136727,0.332004,0.202261,0.160269,0.512795,-0.00036,0.770411,-0.105573,0.936614,-0.086064,1.02298,0.035052,1.038228,0.107211,0.996163,0.102959,0.941221,0.09673,0.896744,0.135396,0.844109,0.139435,0.790135,0.065783,0.733451,-0.04115,0.651467,-0.14637,0.487647,-0.148342,0.276033,-0.069825,0.085006,-0.025415,-0.076407,0.0212,-0.197293,0.059174,-0.258237,0.058622,-0.249671,0.023956,-0.182024,-0.03348,-0.07129,-0.048827,0.026132
7,-0.05575,-0.091898,-0.084739,-0.137536,-0.132163,-0.189311,-0.247407,-0.344971,-0.483008,-0.726871,-0.838059,-0.95999,-1.432686,-1.284104,-2.172399,-1.61004,-2.903416,-1.940283,-3.473897,-2.258029,-3.76491,-2.466522,-3.853194,-2.493792,-3.897149,-2.348331,-3.85481,-2.116699,-3.675479,-1.907396,-3.364281,-1.829236,-2.826799,-1.8526,-2.044289,-1.932543,-1.063276,-2.028852,0.007098,-2.0045,0.91904,-1.871047,1.597762,-1.732398,2.221335,-1.696647,2.942464,-1.760768,3.808948,-1.833634,4.706245,-1.774779,5.480017,-1.550939,5.949231,-1.223757,6.027644,-0.890622,5.784646,-0.601289,5.478148,-0.335201,5.056217,-0.140318,4.390525,0.021588,3.475384,0.196981,2.483403,0.326627,1.542894,0.382173,0.622267,0.460541,-0.305214,0.625958,-1.156062,0.947013,-1.795269,1.44161,-2.335784,2.107119,-2.917629,2.931723,-3.425319,3.896522,-3.777895,4.881107,-3.906431,5.771564,-3.715761,6.55743,-3.133585,7.128186,-2.306886,7.156302,-1.283978,6.741819,-0.305524,6.125823,0.39735,5.495979,0.714507,4.96411,0.751812,4.418299,0.64499,3.747284,0.516082,2.908802,0.446476,1.948606,0.361551,0.91966,0.239546,-0.124886,0.20867,-1.111281,0.294347,-2.038303,0.386302,-2.93414,0.444306,-3.778512,0.483465,-4.617002,0.510777,-5.491781,0.495032,-6.222156,0.581031,-6.784563,0.702672,-7.103381,0.675027,-7.113839,0.565867,-6.767083,0.449283,-6.196713,0.393379,-5.552641,0.422485,-4.839162,0.430805,-4.020392,0.344424,-3.077396,0.282436,-2.055149,0.329163,-1.11371,0.348969,-0.296061,0.273683,0.313445,0.161883,0.712798,0.085271,0.956184,0.070836,1.054697,0.094934,1.024991,0.07984,0.944219,-0.017372,0.88138,-0.137937,0.844824,-0.261816,0.817996,-0.317291,0.782703,-0.29478,0.749007,-0.218241,0.683417,-0.135145,0.579399,-0.069051,0.472391,0.003963,0.358206,0.050841,0.240877,0.039584,0.122758,0.02179,0.008363,0.016228,-0.078929,0.003604,-0.085764,-0.008714,-0.036199,-0.004424,-0.009075,-0.006722,-0.005333
7,0.232452,0.002159,0.136793,-0.123299,-0.0773,-0.258653,-0.489396,-0.508401,-1.260241,-1.288323,-1.890915,-1.778151,-2.659606,-2.32284,-3.435743,-2.674819,-4.066531,-2.891289,-4.577334,-3.020797,-4.984652,-3.012143,-5.184719,-2.930598,-5.128315,-2.800741,-4.885377,-2.629179,-4.343153,-2.506742,-3.410383,-2.421943,-2.206165,-2.29051,-1.021265,-2.057802,0.010599,-1.81732,0.888925,-1.659714,1.728173,-1.615655,2.634476,-1.608067,3.584507,-1.569761,4.42419,-1.508381,5.085392,-1.41696,5.622988,-1.313138,6.104896,-1.184154,6.580204,-1.052535,7.041153,-0.918993,7.083463,-0.723757,6.515125,-0.546749,5.673681,-0.503516,4.839264,-0.508677,3.858163,-0.376674,2.60341,-0.107436,1.270554,0.18977,0.095735,0.470503,-0.803702,0.794233,-1.481167,1.189614,-2.098735,1.638715,-2.631002,2.132373,-3.076554,2.774054,-3.447262,3.684861,-3.712451,4.78448,-3.872393,5.844201,-3.822566,6.725893,-3.363596,7.384172,-2.454306,7.723437,-1.385771,7.687294,-0.428248,7.283711,0.206029,6.700834,0.408586,6.108036,0.331193,5.453636,0.160357,4.693735,-0.023741,3.820311,-0.149439,2.837443,-0.197519,1.753397,-0.197055,0.62824,-0.202147,-0.50016,-0.189246,-1.620266,-0.102556,-2.716232,0.016028,-3.761752,0.096491,-4.736958,0.094015,-5.64473,0.072822,-6.419948,-0.03035,-6.956067,-0.197328,-7.275486,-0.29074,-7.388534,-0.294752,-7.244687,-0.292795,-6.724883,-0.309045,-5.877021,-0.262999,-4.795654,-0.1246,-3.661354,0.115239,-2.734559,0.3337,-2.0927,0.394868,-1.564202,0.313405,-0.962137,0.262181,-0.350833,0.263986,0.155743,0.19413,0.520059,0.061433,0.800708,-0.02656,1.016404,-0.049778,1.122394,-0.037324,1.128526,-0.007397,1.062694,0.044161,0.951076,0.098638,0.833041,0.123463,0.742886,0.146447,0.684194,0.158136,0.611263,0.154143,0.498723,0.122501,0.36629,0.084181,0.222871,0.041314,0.072382,-1.1e-05,-0.046644,-0.017838,-0.10418,-0.002585,-0.086157,0.036054,-0.033943,0.054785,-0.006893,0.053059,-0.018777
7,0.069293,0.093764,0.056204,0.044594,0.048402,-0.010234,-0.006236,-0.070646,-0.141078,-0.208251,-0.407792,-0.428582,-0.915044,-0.722516,-1.724645,-1.177045,-2.657352,-1.688093,-3.523823,-2.111009,-4.23049,-2.453036,-4.708556,-2.724812,-4.981359,-2.975879,-5.068495,-3.139859,-4.900957,-3.205056,-4.507681,-3.204059,-3.913187,-3.166869,-3.079739,-3.047579,-2.093155,-2.823502,-1.065623,-2.539809,-0.025006,-2.284024,0.995832,-2.101588,1.925786,-1.924254,2.774924,-1.775834,3.596252,-1.673022,4.386835,-1.542224,5.148547,-1.292474,5.826946,-0.964377,6.389926,-0.671457,6.700463,-0.457379,6.600256,-0.290384,6.197827,-0.17863,5.559048,-0.165014,4.66122,-0.180799,3.541498,-0.144645,2.302231,-0.025355,1.050856,0.14638,-0.124819,0.3869,-1.14961,0.712535,-1.980539,1.188526,-2.700418,1.828482,-3.283138,2.573006,-3.675,3.424551,-3.884646,4.376225,-3.884356,5.281466,-3.616899,6.04151,-3.014029,6.58903,-2.031751,6.857856,-0.913313,6.855863,-0.01991,6.663815,0.586256,6.337444,0.933942,5.890026,1.031966,5.205652,0.927267,4.412385,0.620153,3.54231,0.316276,2.598416,0.119396,1.610159,-0.009791,0.618702,-0.117627,-0.386479,-0.279664,-1.459719,-0.450207,-2.510262,-0.557266,-3.604988,-0.546749,-4.826858,-0.483176,-5.941501,-0.384096,-6.857387,-0.384208,-7.404387,-0.565582,-7.54581,-0.819599,-7.3401,-1.010034,-6.745078,-1.103667,-5.872983,-1.075081,-4.876974,-0.957818,-3.726657,-0.730545,-2.461955,-0.342544,-1.33211,0.109859,-0.538953,0.362899,-0.088969,0.384003,0.192306,0.313513,0.409746,0.266564,0.580051,0.233585,0.754028,0.180942,0.943637,0.141406,1.094223,0.117417,1.174135,0.108729,1.166714,0.112686,1.101498,0.139394,1.035917,0.198061,0.940193,0.241024,0.806233,0.213339,0.658685,0.141299,0.503494,0.094341,0.357186,0.080095,0.235099,0.060747,0.152874,0.025222,0.119195,0.01399,0.099812,0.041688,0.075459,0.081226,0.030984,0.110437,-0.020943,0.118283,-0.045896,0.127524,-0.033692
7,0.26502,0.278801,0.214703,0.180795,0.086102,-0.038989,-0.024903,-0.22567,-0.086876,-0.374058,-0.120546,-0.541843,-0.182985,-0.727482,-0.327015,-1.004658,-0.643538,-1.416874,-1.242009,-1.950111,-2.076875,-2.530685,-2.875773,-3.12559,-3.520925,-3.661508,-3.939687,-4.013278,-4.088173,-4.025255,-4.146643,-3.692946,-4.166209,-3.167041,-3.96669,-2.583609,-3.447819,-2.088342,-2.619577,-1.786096,-1.585894,-1.575292,-0.529566,-1.388854,0.468388,-1.34973,1.437687,-1.522672,2.322326,-1.696744,3.085231,-1.737989,3.80597,-1.70443,4.438614,-1.642172,4.877345,-1.588362,5.073101,-1.522055,5.113561,-1.46903,5.06503,-1.436757,4.863743,-1.395064,4.533151,-1.337195,4.10498,-1.241395,3.51077,-1.021659,2.701432,-0.626417,1.79781,-0.157008,0.940123,0.286172,0.133364,0.729379,-0.598825,1.222224,-1.205928,1.819753,-1.764683,2.489247,-2.260898,3.161214,-2.686912,3.903856,-3.07226,4.841235,-3.327471,5.916354,-3.324405,6.837262,-2.936056,7.40847,-2.225864,7.517485,-1.403972,7.10803,-0.681823,6.398865,-0.308275,5.604225,-0.284831,4.774761,-0.337021,3.930825,-0.305986,2.952345,-0.217577,1.799788,-0.026796,0.63279,0.128904,-0.513015,0.15907,-1.563575,0.150916,-2.471253,0.260569,-3.423553,0.448391,-4.476511,0.586656,-5.506739,0.674401,-6.329388,0.763905,-6.914254,0.848353,-7.262681,0.866534,-7.324214,0.751117,-7.009454,0.545624,-6.24764,0.344616,-5.143291,0.201398,-3.895638,0.207529,-2.636317,0.306234,-1.571342,0.342752,-0.803894,0.259767,-0.273831,0.105053,0.210665,-0.0253,0.678832,-0.079234,1.020468,-0.059321,1.199905,0.005185,1.320498,0.042782,1.417008,0.024663,1.463512,-0.02402,1.443744,-0.070719,1.347726,-0.099555,1.206352,-0.14031,1.049772,-0.19197,0.906481,-0.198604,0.769191,-0.137097,0.610387,-0.026895,0.462822,0.068109,0.333842,0.125273,0.210021,0.132151,0.090411,0.107218,-0.023193,0.058159,-0.120137,0.003281,-0.20464,-0.039772,-0.251005,-0.058752,-0.234469,-0.049625,-0.15352
7,0.001716,-0.094993,-0.00559,-0.08581,0.007695,-0.096773,0.021797,-0.124975,0.005041,-0.177131,-0.026221,-0.302626,-0.065742,-0.500404,-0.109044,-0.752312,-0.18824,-1.051854,-0.386233,-1.398768,-0.808381,-1.786121,-1.453263,-2.180654,-2.174165,-2.559917,-2.738964,-2.890328,-3.131054,-3.070878,-3.415906,-3.145501,-3.555084,-3.179772,-3.600841,-3.09353,-3.591553,-2.888601,-3.461809,-2.620146,-3.203214,-2.329669,-2.741981,-2.141081,-2.005665,-2.107237,-1.129139,-2.105527,-0.263443,-2.057609,0.622623,-2.009272,1.535806,-1.95511,2.378635,-1.823733,3.151389,-1.63193,3.885323,-1.432072,4.569343,-1.280309,5.156715,-1.123123,5.561104,-0.923987,5.735499,-0.695284,5.698175,-0.476751,5.48384,-0.319909,5.092687,-0.237872,4.478258,-0.141586,3.597562,-0.017685,2.612286,0.111054,1.660669,0.199555,0.709695,0.261522,-0.224773,0.324768,-1.045387,0.484868,-1.74311,0.859555,-2.418562,1.441231,-3.028378,2.171146,-3.450388,3.016659,-3.695539,3.979388,-3.816978,4.961809,-3.715577,5.774247,-3.266853,6.328226,-2.557979,6.607616,-1.624772,6.723243,-0.661169,6.654215,0.007976,6.230218,0.404126,5.556937,0.635961,4.765649,0.663224,4.023207,0.536798,3.350361,0.409795,2.620575,0.308714,1.771423,0.217104,0.837953,0.145515,-0.076402,0.104047,-0.951832,0.086817,-1.787103,0.133758,-2.625576,0.204724,-3.539032,0.215681,-4.517417,0.191903,-5.342893,0.131359,-5.911093,0.066258,-6.274041,-0.007249,-6.441071,-0.141427,-6.393742,-0.325205,-6.001874,-0.522577,-5.261285,-0.557421,-4.344791,-0.372128,-3.338313,-0.047281,-2.432463,0.282172,-1.712887,0.454673,-1.082597,0.514965,-0.444456,0.5714,0.177783,0.623848,0.63731,0.635913,0.873909,0.546624,0.96573,0.373223,0.930144,0.16409,0.817759,-0.024357,0.703015,-0.124837,0.58201,-0.137462,0.449269,-0.109917,0.36222,-0.061623,0.338404,0.000733,0.353014,0.058852,0.371021,0.122867,0.356315,0.170504,0.302295,0.176716,0.210576,0.141293,0.114967,0.078581,0.037923
7,-0.094824,-0.460568,-0.323093,-0.720435,-0.838056,-1.092911,-1.631157,-1.562497,-2.514218,-2.052543,-3.170959,-2.339973,-3.500305,-2.501502,-3.540842,-2.672104,-3.41062,-2.82703,-3.27598,-2.913492,-3.154171,-2.941707,-3.016171,-2.949346,-2.742836,-2.943257,-2.223791,-2.874774,-1.511144,-2.701618,-0.71719,-2.429392,0.037769,-2.108873,0.689696,-1.849555,1.228936,-1.705887,1.786001,-1.676406,2.487888,-1.63554,3.188682,-1.503334,3.838227,-1.365255,4.452443,-1.235523,4.990614,-1.070708,5.383672,-0.903442,5.532917,-0.714835,5.376902,-0.498986,4.938096,-0.327218,4.347525,-0.295845,3.832239,-0.419423,3.378286,-0.556606,2.822636,-0.588597,2.036187,-0.489685,1.149276,-0.306278,0.364822,-0.07761,-0.311796,0.194448,-0.898667,0.501861,-1.450751,0.897778,-2.026139,1.436289,-2.552253,2.100046,-3.040843,2.849081,-3.509627,3.695594,-3.836079,4.639971,-3.958895,5.617726,-3.826,6.652658,-3.401564,7.528962,-2.725231,7.902424,-1.834445,7.75824,-0.838466,7.174328,0.053596,6.250884,0.5244,5.256036,0.561435,4.426376,0.382033,3.673791,0.228717,2.863771,0.16652,1.971479,0.165108,1.002071,0.193843,0.025081,0.267693,-0.905617,0.333686,-1.758252,0.392228,-2.541803,0.489755,-3.359424,0.609215,-4.271598,0.709237,-5.27198,0.788469,-6.195768,0.798176,-6.810646,0.694018,-7.026275,0.530133,-6.857474,0.332797,-6.268835,0.152706,-5.471275,0.113558,-4.796221,0.226131,-4.317911,0.331147,-3.866964,0.275404,-3.149831,0.057455,-2.062245,-0.094695,-0.880075,-0.097396,0.086631,-0.097914,0.663711,-0.188685,0.925679,-0.301874,0.966394,-0.409236,0.883055,-0.507275,0.756073,-0.559809,0.646422,-0.506113,0.582507,-0.350391,0.578695,-0.210368,0.630152,-0.149994,0.701256,-0.118469,0.733091,-0.051697,0.681973,0.016971,0.534481,0.064493,0.339627,0.082031,0.150521,0.075224,-0.002043,0.067194,-0.083428,0.076616,-0.094872,0.065259,-0.063585,0.012118,-0.027921,-0.012612,-0.011139,0.044943,0.00961,0.076914,0.032882
7,0.062459,-0.085936,0.053974,-0.120063,0.02663,-0.149621,0.008377,-0.197737,-0.060291,-0.289273,-0.268721,-0.442876,-0.488325,-0.733436,-0.616705,-1.15772,-0.757555,-1.617141,-1.078526,-2.102554,-1.596901,-2.493888,-2.174774,-2.829332,-2.661783,-3.13185,-3.080348,-3.333939,-3.487036,-3.359167,-3.854058,-3.289941,-4.100313,-3.210115,-4.195177,-3.125348,-4.121891,-3.019891,-3.830362,-2.881769,-3.205382,-2.715724,-2.325732,-2.434994,-1.360946,-2.054512,-0.414044,-1.675672,0.534302,-1.423861,1.499416,-1.323316,2.463178,-1.280191,3.443722,-1.245698,4.417332,-1.195884,5.188757,-1.034704,5.517669,-0.762932,5.547934,-0.55844,5.523872,-0.536563,5.42766,-0.625725,5.214437,-0.747739,5.007404,-0.881714,4.69629,-0.970359,4.158868,-0.984927,3.388176,-0.889141,2.411147,-0.672603,1.357918,-0.329463,0.451571,0.080394,-0.274202,0.486354,-0.861319,0.881803,-1.373915,1.348416,-1.954387,1.908712,-2.58682,2.577219,-3.177946,3.42929,-3.638342,4.458058,-3.875497,5.59035,-3.740209,6.61352,-3.194078,7.354806,-2.307893,7.724481,-1.257013,7.640734,-0.304912,7.059965,0.240859,6.140673,0.356106,5.306767,0.088126,4.555581,-0.112436,3.843813,-0.13165,3.116424,-0.038377,2.287619,0.023135,1.355548,0.047413,0.394482,0.043681,-0.528791,-0.008081,-1.454072,-0.070235,-2.385798,-0.123985,-3.302975,-0.155124,-4.22945,-0.10554,-5.187024,0.011393,-6.084684,0.139013,-6.678235,0.164779,-6.887876,0.131376,-6.684887,0.023317,-6.043211,-0.132831,-5.046337,-0.228561,-3.859982,-0.147485,-2.744512,0.091949,-1.896969,0.32817,-1.32457,0.434775,-0.916835,0.413877,-0.578893,0.330186,-0.279144,0.216218,-0.013928,0.079249,0.262609,-0.01018,0.533641,-0.042315,0.738008,-0.052062,0.846446,-0.039203,0.855003,-0.00598,0.783647,0.036337,0.631318,0.053703,0.429376,0.027061,0.259545,-0.008204,0.1624,0.010456,0.135192,0.08827,0.161069,0.13321,0.212251,0.135266,0.235708,0.124463,0.22118,0.100234,0.202676,0.073199,0.172595
7,-0.372862,-0.970284,-0.742595,-1.254806,-1.292499,-1.566553,-1.915785,-1.879015,-2.532898,-2.245253,-3.043922,-2.619653,-3.423153,-2.903878,-3.751924,-3.070088,-3.95023,-3.137271,-3.907982,-3.087922,-3.73499,-2.894305,-3.487671,-2.619488,-3.110087,-2.30674,-2.599066,-2.011642,-1.940426,-1.74783,-1.15538,-1.510962,-0.342536,-1.289569,0.402583,-1.106063,1.058781,-0.989195,1.630915,-0.979521,2.227237,-1.082783,2.876655,-1.259184,3.563954,-1.442135,4.30934,-1.58164,4.870233,-1.599956,5.13747,-1.525389,5.303721,-1.442021,5.421664,-1.351895,5.402431,-1.209259,5.137211,-0.994333,4.639071,-0.738723,4.007971,-0.501773,3.380775,-0.349607,2.720592,-0.263494,1.997507,-0.155835,1.286088,0.046249,0.569376,0.335535,-0.128185,0.666987,-0.723829,1.029867,-1.191158,1.524537,-1.701821,2.229925,-2.332402,3.018595,-2.906183,3.772061,-3.342467,4.427431,-3.61384,4.931019,-3.632527,5.352595,-3.352293,5.725011,-2.800072,6.029591,-2.111052,6.178122,-1.434461,6.065516,-0.848553,5.608104,-0.479904,4.896796,-0.363245,4.108377,-0.414958,3.38945,-0.484762,2.717476,-0.4532,2.038957,-0.308548,1.294339,-0.000472,0.558535,0.304731,-0.132366,0.453129,-0.835414,0.476737,-1.565925,0.50715,-2.344223,0.545288,-3.152927,0.603247,-3.984357,0.646952,-4.835447,0.63083,-5.701672,0.674795,-6.485131,0.762408,-6.935807,0.742809,-6.944936,0.55896,-6.469331,0.341597,-5.573639,0.158136,-4.457489,0.058828,-3.353887,0.101384,-2.38062,0.151825,-1.534847,0.143983,-0.817614,0.047242,-0.225622,-0.098593,0.218923,-0.211381,0.521864,-0.249078,0.733059,-0.25425,0.886007,-0.265628,1.024115,-0.26583,1.163365,-0.220748,1.215279,-0.134807,1.23039,-0.127223,1.138583,-0.109473,1.026516,-0.064655,0.869124,-0.028091,0.693221,-0.002644,0.572195,0.0185,0.473003,0.049531,0.350868,0.068564,0.220732,0.067757,0.095747,0.081419,0.003514,0.090298,-0.077226,0.055802,-0.155168,0.024164,-0.161764,0.004445,-0.111538,-0.028269,-0.04136
7,0.227338,0.070329,0.192018,0.103127,0.09188,0.006575,-0.05704,-0.207328,-0.234427,-0.428657,-0.540679,-0.727646,-0.997887,-1.105608,-1.64475,-1.636368,-2.482775,-2.35452,-3.310866,-3.096061,-3.86336,-3.47472,-4.172167,-3.458094,-4.358839,-3.238056,-4.432216,-2.954424,-4.376245,-2.682799,-4.11562,-2.41082,-3.608559,-2.11698,-2.84481,-1.891964,-1.871184,-1.708725,-0.876815,-1.516434,-0.016943,-1.334241,0.717914,-1.186381,1.372704,-1.074581,2.050689,-1.039848,2.853818,-1.065728,3.679727,-1.052292,4.367007,-0.999587,4.877968,-0.996088,5.192954,-1.041341,5.330985,-1.041464,5.397471,-0.990474,5.470398,-0.972683,5.526392,-0.981055,5.370027,-0.925112,4.797118,-0.774944,3.858421,-0.545582,2.858303,-0.261404,1.991085,0.03658,1.191339,0.333382,0.396487,0.66297,-0.343884,1.037557,-0.992936,1.503334,-1.551961,2.106064,-2.144383,2.912979,-2.778789,3.91725,-3.265202,5.040818,-3.491951,6.027687,-3.420634,6.681045,-3.015104,7.038594,-2.265475,7.188024,-1.264201,7.145319,-0.34123,6.958298,0.2079,6.603983,0.349007,6.076077,0.163275,5.421562,-0.142073,4.6499,-0.340014,3.676547,-0.43164,2.534833,-0.454512,1.349623,-0.471603,0.230156,-0.503725,-0.800114,-0.459626,-1.797992,-0.37423,-2.765468,-0.335034,-3.659003,-0.255067,-4.508749,-0.078663,-5.344734,0.175921,-6.145372,0.4123,-6.753356,0.527434,-7.08278,0.46476,-7.125698,0.257712,-6.875169,-0.054266,-6.35099,-0.314589,-5.715794,-0.325477,-4.98701,-0.118106,-4.119243,0.093284,-3.084234,0.182258,-1.976354,0.269521,-1.075273,0.33628,-0.546375,0.307852,-0.301194,0.204318,-0.110087,0.094424,0.123559,0.006933,0.375232,-0.049455,0.609042,-0.055721,0.798004,-0.029034,0.931928,-0.024281,0.998437,-0.022185,0.978026,-0.002618,0.867444,0.001217,0.685116,-0.023433,0.479538,-0.04808,0.289889,-0.044458,0.143097,-0.007749,0.059871,0.046144,0.024384,0.072467,0.025123,0.057894,0.05673,0.010691,0.078976,-0.01926,0.061481,0.007225,0.032067
7,-0.121689,-0.294233,-0.136518,-0.308141,-0.21309,-0.363125,-0.321619,-0.469377,-0.491795,-0.638224,-0.819718,-0.861098,-1.2785,-1.122312,-1.725421,-1.455451,-2.124957,-1.839358,-2.50434,-2.16997,-2.881387,-2.380031,-3.187437,-2.508124,-3.358106,-2.558722,-3.433574,-2.564823,-3.512892,-2.552199,-3.541862,-2.443382,-3.405555,-2.25675,-3.144533,-2.013605,-2.726957,-1.748374,-2.044339,-1.51941,-1.152051,-1.320884,-0.260824,-1.12037,0.494912,-0.970873,1.294365,-0.939905,2.228238,-0.995953,3.081171,-1.023584,3.777895,-1.042091,4.35985,-1.06851,4.814645,-1.095866,5.078425,-1.109178,5.210495,-1.089637,5.271426,-1.015838,5.212673,-0.867001,4.999771,-0.707093,4.645631,-0.599117,4.120963,-0.52289,3.433669,-0.425358,2.685862,-0.256072,1.920553,-0.025235,1.135236,0.249165,0.351309,0.611186,-0.374703,1.061269,-0.98416,1.608211,-1.527527,2.269982,-2.046275,3.016112,-2.519293,3.801612,-2.937598,4.602618,-3.193982,5.319199,-3.141091,5.908544,-2.753629,6.281625,-2.096989,6.408764,-1.366891,6.186456,-0.82363,5.624707,-0.565628,4.876222,-0.501758,4.119431,-0.517775,3.408471,-0.463697,2.705377,-0.340745,1.97726,-0.240981,1.218782,-0.150563,0.460028,-0.034414,-0.27259,0.051732,-1.058509,0.04773,-1.878304,-0.014548,-2.68226,-0.000981,-3.504764,0.13569,-4.345262,0.339829,-5.138984,0.520861,-5.776188,0.601861,-6.198133,0.582011,-6.401399,0.3768,-6.32822,0.005288,-6.029783,-0.408835,-5.51938,-0.666499,-4.733212,-0.631333,-3.596486,-0.378292,-2.432958,-0.050501,-1.59834,0.128348,-1.071522,0.08823,-0.573541,-0.002926,-0.030944,-0.010846,0.452888,0.004687,0.765495,-0.025317,0.965307,-0.094827,1.082124,-0.13112,1.103626,-0.110408,1.06302,-0.068051,0.993597,-0.011948,0.885621,0.044535,0.715325,0.081745,0.532263,0.063736,0.384351,0.013522,0.284131,-0.013472,0.200325,0.015872,0.122022,0.076316,0.064757,0.121256,0.029399,0.137334,0.019629,0.132667,0.016917,0.121842,-0.0043,0.104542,-0.035796
7,-0.755496,-0.862091,-1.419871,-1.18648,-2.14283,-1.639034,-2.839464,-2.119418,-3.453689,-2.486608,-3.950997,-2.708212,-4.236524,-2.759353,-4.262239,-2.676999,-4.094917,-2.501264,-3.777824,-2.287792,-3.330535,-2.113967,-2.714918,-2.028462,-1.960811,-1.99552,-1.150496,-1.975606,-0.370326,-1.912468,0.26748,-1.774427,0.75301,-1.597216,1.249836,-1.53417,1.878088,-1.624946,2.653151,-1.743444,3.40398,-1.768311,3.982689,-1.664981,4.446862,-1.539777,4.94649,-1.437296,5.392414,-1.258096,5.626127,-0.947975,5.627449,-0.574671,5.432595,-0.255132,5.107795,-0.071228,4.707089,-0.00505,4.2077,0.021964,3.540076,0.088388,2.68423,0.220264,1.761305,0.365973,0.878302,0.496114,0.044517,0.657684,-0.708537,0.917316,-1.313822,1.304759,-1.818082,1.808593,-2.329476,2.383524,-2.866156,3.083814,-3.417934,3.961077,-3.840254,4.883983,-3.987544,5.723631,-3.741019,6.399236,-3.038039,6.825593,-2.076555,6.886516,-1.248645,6.613711,-0.719629,6.007121,-0.258851,5.276489,0.013192,4.604054,0.138056,3.896332,0.286409,3.147362,0.420125,2.362823,0.493331,1.548966,0.474608,0.66943,0.294033,-0.236568,0.017803,-1.182348,-0.181702,-2.19631,-0.225577,-3.268801,-0.165875,-4.334325,-0.048003,-5.320607,0.157599,-6.149923,0.391222,-6.7193,0.562713,-6.977834,0.529401,-6.888569,0.207946,-6.410667,-0.19296,-5.569376,-0.400407,-4.582057,-0.327532,-3.697459,-0.135242,-2.935005,0.046452,-2.257928,0.134858,-1.691144,0.131097,-1.157692,0.063787,-0.600819,-0.015384,-0.050548,-0.065858,0.428539,-0.095362,0.792249,-0.092447,1.026113,-0.075111,1.137986,-0.060446,1.126276,-0.016651,1.036855,0.025234,0.916979,0.03375,0.803816,0.004225,0.71812,-0.008645,0.675661,0.004002,0.660217,0.041085,0.654386,0.087112,0.630781,0.125656,0.577246,0.149979,0.480595,0.168551,0.341309,0.177547,0.17009,0.167133,0.018471,0.140348,-0.054069,0.103482,-0.03442,0.07208,0.063154,0.05177,0.181289,0.070415,0.242398,0.08246,0.282614
7,-0.449503,-1.00791,-0.890475,-1.469137,-1.592941,-2.066311,-2.385346,-2.747173,-2.988673,-3.346787,-3.396601,-3.689413,-3.737071,-3.626336,-4.01615,-3.303406,-4.124344,-2.949332,-4.04497,-2.605491,-3.851862,-2.247972,-3.503501,-1.92469,-3.04373,-1.63449,-2.575193,-1.439595,-2.095623,-1.337597,-1.490599,-1.284786,-0.824566,-1.249689,-0.145048,-1.195807,0.495311,-1.133784,1.068497,-1.086285,1.625552,-1.083763,2.242864,-1.122748,2.978332,-1.208296,3.774981,-1.273015,4.461277,-1.252979,4.986703,-1.19794,5.397532,-1.113858,5.578357,-0.954365,5.45098,-0.752824,5.125496,-0.569361,4.702786,-0.411266,4.219903,-0.286434,3.654555,-0.166371,2.956887,0.008955,2.169214,0.202071,1.3907,0.36316,0.665899,0.519983,0.016175,0.729085,-0.538592,0.983452,-0.996394,1.292177,-1.513076,1.796462,-2.124393,2.503758,-2.656326,3.284894,-3.087851,4.086774,-3.403747,4.861579,-3.506299,5.541595,-3.278505,6.073103,-2.707726,6.439198,-1.94903,6.63377,-1.111207,6.647676,-0.427429,6.435455,-0.070463,6.012086,-0.006213,5.429178,-0.084281,4.67082,-0.156215,3.750063,-0.190567,2.777308,-0.202955,1.816795,-0.151541,0.920596,-0.07502,0.077446,-0.039203,-0.726328,-0.031075,-1.494089,0.001654,-2.25299,0.056112,-3.023802,0.172197,-3.867031,0.351136,-4.769044,0.470088,-5.638299,0.538371,-6.300634,0.487281,-6.683059,0.299296,-6.782661,0.046732,-6.647069,-0.184604,-6.302188,-0.340762,-5.794681,-0.38365,-5.073251,-0.257068,-4.141967,-0.062606,-3.11583,0.162202,-2.124259,0.316097,-1.337531,0.332218,-0.794753,0.258409,-0.383668,0.137815,0.020145,-0.005531,0.408665,-0.115658,0.697562,-0.139619,0.81893,-0.104651,0.827255,-0.063209,0.819214,-0.041359,0.813555,-0.023747,0.789583,0.030658,0.727369,0.048678,0.649444,0.014135,0.566476,-0.036818,0.484115,-0.062517,0.386988,-0.040239,0.268319,0.014933,0.156166,0.07037,0.063433,0.105119,-0.009245,0.110613,-0.049438,0.094529,-0.057254,0.062118,-0.058465,0.025448,-0.052008
7,-0.154669,-0.869833,-0.390209,-1.205832,-0.778181,-1.498253,-1.50302,-1.883399,-2.319723,-2.338267,-2.958332,-2.786916,-3.376861,-3.172473,-3.688502,-3.42472,-3.917684,-3.528107,-4.055783,-3.489127,-4.024267,-3.291755,-3.796845,-2.972721,-3.439908,-2.616578,-2.989113,-2.31485,-2.390278,-2.075259,-1.607986,-1.821015,-0.721689,-1.51268,0.053772,-1.200297,0.688257,-1.013284,1.231217,-0.998263,1.747688,-1.062601,2.299837,-1.137074,2.874614,-1.209581,3.364946,-1.298084,3.800023,-1.407672,4.266678,-1.493705,4.624724,-1.476385,4.848729,-1.297327,4.910213,-0.991721,4.812,-0.668403,4.629747,-0.407368,4.332656,-0.227571,3.846863,-0.102219,3.22295,0.014579,2.484288,0.165221,1.659919,0.373602,0.799969,0.649356,-0.030094,1.02705,-0.755259,1.478222,-1.35049,2.027712,-1.949481,2.7769,-2.567468,3.647032,-3.045915,4.488965,-3.331396,5.247462,-3.420341,5.897741,-3.218698,6.3674,-2.686217,6.605544,-1.945039,6.58547,-1.186796,6.270132,-0.500886,5.784955,0.010935,5.236764,0.25554,4.635214,0.26618,4.031001,0.147928,3.392106,0.031848,2.659242,0.024604,1.844774,0.082756,1.000854,0.125503,0.170136,0.103597,-0.650488,0.018349,-1.505162,-0.040281,-2.39567,-0.081725,-3.334213,-0.111821,-4.30645,-0.116746,-5.255271,-0.07949,-6.102468,-0.001963,-6.762875,0.037647,-7.074549,-0.024916,-6.916959,-0.135127,-6.319211,-0.112823,-5.513477,0.065009,-4.884026,0.275045,-4.52643,0.403701,-4.221278,0.414119,-3.694459,0.316791,-2.894577,0.109499,-1.932701,-0.086232,-0.913775,-0.13119,-0.041463,-0.069767,0.502616,-0.049621,0.765458,-0.037597,0.883913,0.002946,0.92695,0.023612,0.934783,0.002828,0.922409,-0.042206,0.904912,-0.080928,0.891938,-0.11373,0.869677,-0.115519,0.835265,-0.102586,0.747687,-0.093073,0.613792,-0.04377,0.485054,0.026854,0.361248,0.078471,0.238615,0.104428,0.113375,0.115,-0.001886,0.095992,-0.076277,0.072247,-0.102913,0.044836,-0.104071,0.017452,-0.10524,0.016104,-0.110372
7,-0.281342,-0.592124,-0.468463,-0.835177,-0.863281,-1.243862,-1.423141,-1.81175,-2.098706,-2.350403,-2.775297,-2.85978,-3.423737,-3.254341,-3.955457,-3.484965,-4.272548,-3.501589,-4.36299,-3.314952,-4.316556,-2.964332,-4.124282,-2.508296,-3.648782,-2.058756,-2.917415,-1.669461,-2.052094,-1.380873,-1.114674,-1.198592,-0.300724,-1.08376,0.306569,-1.039649,0.776606,-1.031193,1.215338,-1.02944,1.634302,-1.020325,2.05694,-1.035195,2.540879,-1.088873,3.04265,-1.166529,3.603709,-1.300102,4.133426,-1.421623,4.515999,-1.475921,4.872518,-1.489447,5.191898,-1.432156,5.280086,-1.257008,5.054456,-0.954403,4.662758,-0.583243,4.275991,-0.277896,3.856263,-0.067502,3.245164,0.109052,2.415022,0.252063,1.506871,0.311807,0.664031,0.358767,-0.09341,0.516677,-0.799782,0.844558,-1.426721,1.39993,-2.061929,2.194855,-2.659741,3.131981,-3.099612,4.094893,-3.366228,4.98558,-3.439743,5.787088,-3.260983,6.494494,-2.772839,6.991237,-2.050469,7.157377,-1.24541,6.993289,-0.558021,6.608258,-0.081589,6.18131,0.12974,5.665042,0.104039,4.990791,0.017363,4.143741,-0.065155,3.151138,-0.138031,2.079871,-0.227921,1.009827,-0.307151,0.001343,-0.33947,-0.954772,-0.314813,-1.879505,-0.175263,-2.781769,-0.009872,-3.783276,0.154705,-4.82877,0.333642,-5.782287,0.494911,-6.555886,0.60249,-7.079259,0.531979,-7.304111,0.311425,-7.283777,0.034917,-7.044264,-0.261852,-6.48607,-0.536695,-5.579829,-0.683522,-4.518797,-0.511757,-3.498788,-0.109785,-2.574345,0.272528,-1.717394,0.430778,-0.891273,0.411779,-0.134219,0.343788,0.469813,0.26482,0.87648,0.173454,1.094221,0.109173,1.17001,0.063794,1.161387,0.031682,1.098997,0.027506,1.008139,0.014037,0.892939,0.007085,0.775189,0.009991,0.690748,0.017511,0.635343,0.015402,0.572215,-0.004065,0.456748,0.005707,0.302912,0.036563,0.166304,0.070452,0.053546,0.110618,-0.024199,0.113934,-0.060611,0.095475,-0.086305,0.087978,-0.096979,0.105722,-0.102736,0.118955,-0.116634
7,0.003048,-0.197799,-0.084564,-0.287536,-0.375417,-0.559017,-0.722402,-0.848814,-1.185018,-1.274004,-1.575494,-1.855192,-1.933468,-2.359828,-2.485175,-2.699762,-3.129928,-2.900632,-3.69341,-2.996477,-4.112006,-2.98104,-4.390884,-2.878989,-4.482424,-2.711118,-4.360908,-2.480997,-4.105878,-2.155296,-3.703936,-1.813165,-2.98711,-1.597789,-1.951173,-1.511251,-0.892109,-1.448213,-0.04446,-1.384826,0.661073,-1.362885,1.318498,-1.398325,2.003186,-1.479122,2.791588,-1.595901,3.597569,-1.695768,4.264375,-1.744036,4.784304,-1.754573,5.2296,-1.726315,5.534699,-1.609326,5.625401,-1.396675,5.564602,-1.139897,5.346735,-0.867856,5.011315,-0.599908,4.615954,-0.369521,4.101556,-0.219041,3.408932,-0.137397,2.576546,-0.087545,1.620758,0.019479,0.660281,0.222847,-0.177716,0.504649,-0.940577,0.893997,-1.603718,1.46833,-2.168054,2.20016,-2.663162,3.049975,-3.043673,3.969568,-3.282779,4.952695,-3.374761,5.851633,-3.180907,6.489636,-2.719444,6.757098,-2.05294,6.747725,-1.352173,6.548439,-0.79253,6.150417,-0.397897,5.593709,-0.155786,4.946296,-0.037402,4.272257,-0.006772,3.510383,-0.010885,2.637153,0.002381,1.701791,0.021276,0.787735,0.011044,-0.08323,-0.019537,-0.971357,-0.045064,-1.888572,-0.034354,-2.792836,0.06268,-3.729476,0.194734,-4.677953,0.247278,-5.512724,0.161194,-6.132948,-0.019216,-6.481591,-0.228115,-6.625124,-0.39897,-6.63111,-0.449418,-6.428849,-0.511584,-5.903228,-0.579851,-4.942124,-0.559677,-3.590992,-0.39902,-2.198758,-0.115274,-1.065016,0.142593,-0.271474,0.285434,0.223298,0.379607,0.529533,0.437167,0.768152,0.386691,0.952534,0.290311,1.075764,0.207,1.164153,0.11853,1.227125,0.041958,1.246281,-0.008576,1.221842,-0.02193,1.121847,0.010229,0.951313,0.049911,0.751467,0.039479,0.564968,0.015322,0.389747,0.034879,0.225543,0.070942,0.107219,0.084384,0.058074,0.075483,0.060673,0.05943,0.102616,0.048976,0.140861,0.053158,0.138945,0.070691,0.098622,0.079386,0.044093
7,0.082079,-0.225595,0.014618,-0.31525,-0.078056,-0.442561,-0.21598,-0.659677,-0.442848,-0.99471,-0.883685,-1.455312,-1.530643,-2.020199,-2.206983,-2.580159,-2.688347,-3.011908,-3.01999,-3.200116,-3.301245,-3.157318,-3.504039,-2.979746,-3.551186,-2.774528,-3.45986,-2.503602,-3.225133,-2.120377,-2.797514,-1.699833,-2.233135,-1.362873,-1.624002,-1.143674,-0.962045,-1.003598,-0.3197,-0.898407,0.227515,-0.789983,0.664176,-0.691324,1.058276,-0.675559,1.533708,-0.796172,2.088905,-0.984574,2.75932,-1.18149,3.523868,-1.353872,4.205901,-1.458898,4.741753,-1.505691,5.171901,-1.476925,5.457894,-1.346533,5.571023,-1.150606,5.488341,-0.951513,5.162551,-0.780359,4.529232,-0.600335,3.679063,-0.374355,2.79241,-0.127752,1.940922,0.124339,1.094399,0.365094,0.261912,0.563081,-0.442724,0.763354,-0.987433,1.086569,-1.473495,1.581081,-1.982703,2.181534,-2.463053,2.826379,-2.935078,3.539255,-3.38113,4.368502,-3.608913,5.292208,-3.43898,6.05468,-2.878597,6.440086,-2.07227,6.451652,-1.235969,6.210845,-0.579412,5.932143,-0.225928,5.629609,-0.126226,5.180186,-0.195331,4.496735,-0.310974,3.625693,-0.367637,2.670083,-0.310529,1.665286,-0.155407,0.636912,-0.056887,-0.362179,-0.040802,-1.345662,-0.043407,-2.275294,-0.03418,-3.143892,0.100589,-4.049449,0.365607,-5.03525,0.68263,-5.986092,0.922169,-6.725929,0.931802,-7.12754,0.706173,-7.184244,0.377784,-6.916094,0.017113,-6.300998,-0.335901,-5.304766,-0.528382,-4.065544,-0.445588,-2.916255,-0.194557,-2.009854,0.021298,-1.254481,0.11142,-0.578258,0.190987,-0.004586,0.25551,0.434681,0.225706,0.73449,0.125007,0.936893,0.024766,1.034159,-0.059234,1.048838,-0.127896,1.04593,-0.173166,1.031241,-0.169933,0.993779,-0.136615,0.918447,-0.083955,0.793787,-0.03812,0.616995,-0.024916,0.402952,-0.015754,0.205318,-0.00046,0.069067,0.007075,-0.042752,0.021086,-0.137394,0.032045,-0.189224,0.01314,-0.19705,-0.008187,-0.180733,0.011507,-0.126204,0.099151,-0.018366
7,-0.026382,-0.331633,-0.09861,-0.471205,-0.172843,-0.629858,-0.295063,-0.796536,-0.529331,-1.004315,-0.974833,-1.207267,-1.641496,-1.445222,-2.359689,-1.729128,-2.923463,-2.060289,-3.282632,-2.422616,-3.552506,-2.758745,-3.771285,-3.072304,-3.806864,-3.252928,-3.683367,-3.14504,-3.47853,-2.77284,-3.146072,-2.32476,-2.629209,-1.960915,-1.932118,-1.746285,-1.076326,-1.653318,-0.236028,-1.60224,0.479567,-1.582503,1.07813,-1.575118,1.611854,-1.586652,2.231715,-1.640019,2.99886,-1.719861,3.792656,-1.783405,4.382441,-1.718695,4.69769,-1.53587,4.872437,-1.300651,5.008617,-0.99774,5.068637,-0.651567,4.965036,-0.30874,4.683962,0.015412,4.244764,0.26125,3.714368,0.354961,3.159014,0.313638,2.567396,0.229616,1.874224,0.169579,1.133069,0.133084,0.388885,0.151625,-0.366897,0.296254,-1.074336,0.665762,-1.717269,1.268817,-2.330316,1.977744,-2.905309,2.702821,-3.349472,3.484545,-3.631856,4.438596,-3.697314,5.421777,-3.485335,6.292369,-2.91125,6.931746,-2.114161,7.130177,-1.282498,6.887964,-0.606564,6.393776,-0.143238,5.83552,0.155265,5.256675,0.220672,4.637208,0.09182,3.887789,-0.087942,2.961281,-0.178295,1.897248,-0.127719,0.848799,0.07725,-0.035408,0.292225,-0.762429,0.456447,-1.476432,0.609063,-2.204984,0.732362,-2.940263,0.780052,-3.730653,0.708019,-4.582398,0.535252,-5.381843,0.342956,-6.033351,0.21051,-6.498848,0.190189,-6.787166,0.187126,-6.753669,0.073289,-6.287015,-0.095803,-5.427202,-0.195046,-4.415622,-0.126584,-3.512271,0.016286,-2.782824,0.134689,-2.199559,0.219222,-1.76348,0.25318,-1.320423,0.160564,-0.768255,0.005753,-0.116559,-0.102954,0.534913,-0.143255,1.056447,-0.091424,1.370023,-0.046824,1.473744,-0.048157,1.41332,-0.018211,1.205412,0.061876,0.874622,0.094473,0.595617,0.039321,0.461717,-0.011316,0.425135,-0.005642,0.421978,0.014218,0.428725,0.022664,0.430604,0.029537,0.403878,0.060392,0.323056,0.084261,0.170861,0.100931,-0.001278,0.101483,-0.12339
7,-0.274831,-0.171253,-0.300144,-0.266149,-0.306059,-0.392596,-0.346229,-0.527074,-0.460616,-0.689523,-0.638293,-0.901663,-0.872962,-1.164715,-1.181735,-1.423503,-1.597249,-1.628868,-2.127798,-1.793515,-2.72373,-1.980335,-3.162483,-2.189524,-3.391165,-2.41531,-3.499167,-2.594996,-3.555674,-2.625901,-3.543293,-2.490252,-3.385403,-2.25379,-3.072927,-1.973399,-2.632667,-1.729129,-2.090024,-1.570441,-1.454576,-1.497079,-0.793587,-1.433242,-0.132602,-1.343562,0.55165,-1.253042,1.268657,-1.22038,1.996218,-1.244504,2.742961,-1.263038,3.447888,-1.27212,4.09267,-1.292795,4.644807,-1.286642,5.078503,-1.226777,5.381067,-1.090395,5.523555,-0.916535,5.47047,-0.758099,5.191373,-0.603903,4.717995,-0.436213,4.132895,-0.304425,3.453777,-0.17119,2.662519,-0.004822,1.801481,0.179139,0.955372,0.417276,0.177424,0.725124,-0.510278,1.080853,-1.077118,1.574441,-1.632566,2.262486,-2.276818,3.112753,-2.840077,4.062968,-3.213685,4.95737,-3.360314,5.652217,-3.253234,6.100488,-2.827579,6.325123,-2.166925,6.252472,-1.564572,5.850448,-1.1922,5.213818,-1.049667,4.513345,-1.080005,3.825839,-1.159109,3.19032,-1.15145,2.574933,-0.918596,1.915383,-0.501417,1.232606,-0.156474,0.496454,0.079584,-0.254409,0.306479,-1.030567,0.503159,-1.810648,0.628667,-2.58365,0.743104,-3.349752,0.930604,-4.096103,1.115072,-4.824269,1.174566,-5.472621,1.065188,-5.938354,0.808977,-6.051513,0.442904,-5.800444,0.068675,-5.212518,-0.160356,-4.435954,-0.151991,-3.736876,0.007394,-3.183911,0.128289,-2.653538,0.112429,-2.072562,0.001813,-1.383153,-0.113613,-0.602742,-0.170044,0.17161,-0.187672,0.792335,-0.196631,1.166909,-0.16037,1.332844,-0.106603,1.360117,-0.069813,1.268762,-0.035768,1.111597,-0.040631,0.923139,-0.091321,0.738887,-0.133431,0.572079,-0.136782,0.436725,-0.125177,0.343293,-0.116359,0.26941,-0.104697,0.189953,-0.070181,0.06588,-0.037835,-0.096117,-0.033339,-0.236736,-0.03779,-0.286964,-0.025726,-0.26975,0.008163,-0.240527
7,-0.108846,-0.043418,-0.143932,-0.095053,-0.198953,-0.1797,-0.278501,-0.287265,-0.521066,-0.747141,-0.988995,-1.450455,-1.337582,-1.507526,-1.782246,-1.854631,-2.363746,-2.183749,-2.984311,-2.421694,-3.48903,-2.605422,-3.840065,-2.754197,-3.989239,-2.882864,-3.965446,-2.933617,-3.905483,-2.895213,-3.774509,-2.764387,-3.490319,-2.523609,-3.00558,-2.258298,-2.314231,-2.051223,-1.480873,-1.857575,-0.565311,-1.609692,0.328159,-1.350208,1.126598,-1.088136,1.764432,-0.799103,2.323846,-0.563476,2.910343,-0.458253,3.563116,-0.478667,4.240006,-0.546484,4.833931,-0.569451,5.216283,-0.543872,5.296457,-0.55842,5.19976,-0.631431,5.06359,-0.72441,4.898672,-0.801279,4.573929,-0.837862,3.978719,-0.809735,3.142306,-0.680728,2.17247,-0.422695,1.203055,-0.042691,0.340285,0.453017,-0.38372,0.977607,-0.983468,1.463756,-1.461549,1.986772,-1.923677,2.564004,-2.325449,3.122848,-2.645177,3.726711,-2.921695,4.518005,-3.12474,5.469587,-3.100668,6.316467,-2.712129,6.770026,-1.95426,6.865597,-0.999205,6.739337,-0.176034,6.452915,0.261099,6.114684,0.277719,5.704102,0.029811,5.037593,-0.194425,4.198276,-0.394219,3.334822,-0.470329,2.350437,-0.424082,1.365984,-0.293078,0.456532,-0.174162,-0.381942,-0.16746,-1.174125,-0.254464,-1.947758,-0.356399,-2.737234,-0.469414,-3.599698,-0.566543,-4.541105,-0.570632,-5.499293,-0.430423,-6.300395,-0.131531,-6.850383,0.202046,-7.065233,0.429514,-6.97154,0.476711,-6.580186,0.264197,-5.85571,-0.04006,-4.857364,-0.137976,-3.8172,0.038349,-2.973725,0.302031,-2.33265,0.376556,-1.65732,0.222507,-0.892905,0.023219,-0.221453,-0.088264,0.218636,-0.157112,0.470427,-0.227267,0.583254,-0.270426,0.590197,-0.275908,0.554374,-0.253882,0.528427,-0.191401,0.519544,-0.102044,0.519978,-0.025339,0.504956,0.021479,0.471414,0.057666,0.411492,0.068168,0.32056,0.055804,0.192093,0.044036,0.063719,0.061214,-0.049249,0.093185,-0.13118,0.123911,-0.154984,0.130468,-0.108403,0.103478,-0.03045
7,-0.712566,-1.381907,-1.304442,-1.832575,-1.953883,-2.343671,-2.517509,-2.805678,-2.957587,-3.134918,-3.336096,-3.34543,-3.651923,-3.50485,-3.921993,-3.602668,-4.065341,-3.617071,-4.042688,-3.521934,-3.831935,-3.306771,-3.36547,-2.999897,-2.655703,-2.626379,-1.882474,-2.212424,-1.131849,-1.853084,-0.392493,-1.617563,0.298181,-1.479266,0.902046,-1.372018,1.502381,-1.254823,2.130342,-1.105832,2.830715,-0.979877,3.507959,-0.899104,4.178801,-0.861553,4.850392,-0.85051,5.33884,-0.85078,5.599479,-0.861675,5.679629,-0.855255,5.613708,-0.859101,5.456644,-0.865661,5.249954,-0.86365,4.906241,-0.825899,4.250845,-0.664799,3.28736,-0.379142,2.23536,-0.06189,1.299125,0.209726,0.474581,0.434461,-0.276758,0.683398,-0.932697,1.028167,-1.536736,1.575312,-2.204605,2.390201,-2.872016,3.411477,-3.383875,4.525571,-3.658054,5.547042,-3.667325,6.312541,-3.355905,6.823387,-2.736105,7.001237,-1.976173,6.80697,-1.250053,6.354241,-0.659238,5.763812,-0.304499,5.135976,-0.202401,4.478223,-0.266282,3.771706,-0.326743,2.972421,-0.291447,2.084103,-0.200287,1.129456,-0.124646,0.126692,-0.058111,-0.886712,0.012911,-1.908351,0.090354,-2.909881,0.133201,-3.843753,0.160517,-4.694216,0.209189,-5.464311,0.283588,-6.085899,0.394138,-6.487451,0.492349,-6.639439,0.462311,-6.539569,0.381986,-6.170559,0.345056,-5.532528,0.292602,-4.790039,0.263736,-4.207795,0.248076,-3.778194,0.19252,-3.306247,0.113808,-2.621628,0.098593,-1.820211,0.137949,-1.06759,0.12904,-0.411379,0.043989,0.151305,-0.065686,0.659369,-0.112867,1.084981,-0.041133,1.392496,0.06847,1.527438,0.167534,1.504858,0.24017,1.397962,0.270137,1.247578,0.246019,1.098348,0.180497,0.972331,0.098731,0.880128,0.012349,0.795977,-0.031486,0.671904,-0.006405,0.508443,0.042846,0.352514,0.061806,0.223936,0.069891,0.105745,0.087083,0.005749,0.10832,-0.073441,0.125491,-0.120688,0.114091,-0.109465,0.044957,-0.059639,-0.043156,-0.00227,-0.185634,0.074182
7,-2.140744,-1.989964,-2.75021,-2.420435,-3.293802,-2.727687,-3.851788,-2.83128,-4.275373,-2.775486,-4.441765,-2.693243,-4.357727,-2.64445,-4.110751,-2.585706,-3.737785,-2.48149,-3.232966,-2.308291,-2.605692,-2.114459,-1.877716,-1.98719,-1.149504,-1.918887,-0.5419,-1.861602,-0.030477,-1.80301,0.479721,-1.726943,0.997971,-1.645918,1.528403,-1.581198,2.093654,-1.530502,2.721804,-1.507389,3.428446,-1.496192,4.146002,-1.472067,4.717548,-1.43026,5.097042,-1.347837,5.419997,-1.157198,5.711643,-0.848657,5.77998,-0.473649,5.610478,-0.148859,5.255912,0.050321,4.691874,0.170489,3.969766,0.274029,3.13562,0.393227,2.198581,0.459768,1.184533,0.448146,0.200775,0.442078,-0.648555,0.510465,-1.353238,0.747088,-1.95674,1.267214,-2.515079,2.02687,-2.960074,2.790504,-3.232688,3.501618,-3.414756,4.246156,-3.445407,5.071921,-3.238559,5.877798,-2.765815,6.537437,-2.08205,6.856766,-1.269158,6.719384,-0.53199,6.222835,-0.000619,5.523538,0.338141,4.898454,0.509124,4.45726,0.558772,4.071,0.563748,3.540534,0.554509,2.793095,0.490725,1.880332,0.326591,0.836993,0.142,-0.275512,0.06807,-1.384691,0.104786,-2.422534,0.184406,-3.352561,0.299741,-4.311003,0.332686,-5.331571,0.162368,-6.332446,-0.144145,-7.125856,-0.397274,-7.575267,-0.527283,-7.605298,-0.54525,-7.251594,-0.527456,-6.6283,-0.494929,-5.859824,-0.342603,-5.127679,-0.083597,-4.516045,0.157613,-3.929556,0.298496,-3.140387,0.313657,-2.209641,0.260033,-1.363943,0.202187,-0.69162,0.106925,-0.085067,-0.023388,0.487873,-0.148262,0.950077,-0.234742,1.216426,-0.228175,1.284761,-0.136602,1.219562,-0.063326,1.143362,-0.001198,1.085889,0.063129,1.037686,0.096212,0.982371,0.067947,0.903981,0.025034,0.804949,0.002964,0.699135,-0.004391,0.573602,0.005221,0.422895,0.019675,0.277351,0.031787,0.167992,0.036536,0.109244,0.04044,0.083662,0.051534,0.078292,0.038011,0.081504,0.02289,0.077201,0.034893,0.077052,0.053198,0.091834
7,-0.106282,-0.463001,-0.176486,-0.585776,-0.353119,-0.778995,-0.701276,-1.037562,-1.254146,-1.341995,-1.931469,-1.692324,-2.573061,-2.064826,-3.168088,-2.401148,-3.688588,-2.64134,-4.03185,-2.766685,-4.18357,-2.796786,-4.117822,-2.716428,-3.837484,-2.540636,-3.474627,-2.345487,-3.059692,-2.213269,-2.465003,-2.114965,-1.694229,-2.015168,-0.914757,-1.879354,-0.252818,-1.737503,0.352561,-1.633688,1.017752,-1.555709,1.919082,-1.478891,2.640597,-1.313927,3.272156,-1.115232,3.889192,-0.854385,4.348083,-0.680159,4.658243,-0.620611,4.841662,-0.668625,4.97501,-0.792989,5.028192,-0.90511,4.991451,-0.953545,4.788528,-0.967853,4.327946,-0.922758,3.608026,-0.777531,2.726596,-0.516659,1.805966,-0.111978,0.876464,0.467126,-0.116124,1.18984,-1.080664,2.005271,-1.913464,2.927971,-2.638443,3.912562,-3.131958,4.875458,-3.346675,5.682365,-3.228487,6.29839,-2.948075,6.7097,-2.527906,6.976155,-1.896894,7.10408,-1.082773,6.947397,-0.26209,6.416415,0.274099,5.652158,0.392617,4.789582,0.178463,3.856643,-0.143211,2.849221,-0.413031,1.786404,-0.548626,0.767982,-0.498039,-0.118456,-0.288202,-0.895473,-0.022363,-1.612211,0.241658,-2.302612,0.44858,-3.004619,0.600076,-3.781607,0.732535,-4.644203,0.884015,-5.525842,0.98926,-6.332895,0.942446,-6.975919,0.806718,-7.333474,0.644135,-7.30665,0.417559,-6.949171,0.210367,-6.353753,0.117168,-5.634366,0.136337,-4.888922,0.140476,-4.14448,0.070237,-3.362948,0.003468,-2.541247,-0.038899,-1.780495,-0.053845,-1.075275,-0.078474,-0.410924,-0.133847,0.161335,-0.190816,0.613072,-0.185354,0.948577,-0.103822,1.160759,-0.045861,1.26826,-0.034905,1.268832,-0.026206,1.201164,0.00063,1.107486,0.031669,0.986811,0.043686,0.859944,0.046974,0.763971,0.044257,0.676696,0.059248,0.567368,0.085598,0.437623,0.088905,0.295483,0.089336,0.152931,0.094061,0.023442,0.092249,-0.069226,0.126547,-0.125156,0.163927,-0.136899,0.146382,-0.108846,0.084592,-0.06723,0.027759,-0.029021
7,-2.570301,-2.201055,-2.993034,-2.331217,-3.277941,-2.39176,-3.458069,-2.393362,-3.551583,-2.312597,-3.56688,-2.17346,-3.449331,-2.013605,-3.224684,-1.864043,-2.936983,-1.766116,-2.543219,-1.717807,-1.937106,-1.720047,-1.163557,-1.733395,-0.363186,-1.669989,0.344086,-1.512175,0.941865,-1.333742,1.49145,-1.223596,2.118173,-1.192292,2.762317,-1.246198,3.360115,-1.391061,3.957945,-1.494531,4.517509,-1.484333,5.032938,-1.381918,5.512543,-1.210403,5.803452,-1.005148,5.716554,-0.793917,5.330434,-0.700921,4.802397,-0.727918,4.198179,-0.76383,3.449963,-0.757071,2.590503,-0.645626,1.695084,-0.442634,0.797901,-0.203329,-0.068774,0.07438,-0.841659,0.47842,-1.556458,1.062436,-2.254428,1.799126,-2.781468,2.63263,-3.002254,3.527385,-2.921306,4.518407,-2.800287,5.445889,-2.657981,6.111183,-2.358339,6.522589,-1.907056,6.71574,-1.387377,6.763774,-0.949274,6.618474,-0.627898,6.385955,-0.374553,6.170064,-0.142738,5.9336,0.052361,5.542237,0.168732,4.930741,0.150487,4.079658,0.035033,3.016459,-0.10341,1.874893,-0.189182,0.776013,-0.232793,-0.216998,-0.242115,-1.100849,-0.163071,-1.922714,0.012698,-2.713744,0.119916,-3.657453,0.140461,-4.709887,0.117872,-5.69333,0.097539,-6.575411,0.074262,-7.341309,0.015809,-7.907113,-0.075334,-8.167134,-0.187605,-8.004304,-0.251092,-7.375385,-0.139193,-6.332043,0.204522,-5.159656,0.556789,-4.199983,0.674239,-3.460953,0.524588,-2.76736,0.286187,-2.08698,0.114501,-1.452325,0.00591,-0.87248,-0.097571,-0.314457,-0.180772,0.253738,-0.244516,0.7985,-0.254911,1.237568,-0.175761,1.466749,-0.018001,1.471745,0.120707,1.335551,0.159678,1.164401,0.118748,1.003818,0.051319,0.876248,-0.003366,0.77544,-0.04618,0.703002,-0.077531,0.670156,-0.069115,0.654728,-0.036232,0.606591,0.009683,0.495273,0.0481,0.329204,0.0672,0.153473,0.107809,-0.001766,0.16823,-0.115293,0.182377,-0.190235,0.165484,-0.211601,0.158332,-0.162901,0.162447,-0.072866,0.16584,0.024601
7,0.092598,0.073711,0.099082,0.068449,0.103533,0.05675,0.098349,0.047089,0.08675,0.038435,0.084757,0.028816,0.086888,0.029858,0.094363,0.029872,0.108171,0.034218,0.100706,0.036239,0.075055,0.045541,0.064161,0.065666,0.075881,0.065785,0.085662,0.051984,0.08916,0.025318,0.081887,0.007099,0.069246,-0.00791,0.099037,-0.006539,0.175461,0.014525,0.262354,0.046597,0.317689,0.041409,0.330077,-0.009018,0.330304,-0.090623,0.304187,-0.186742,0.208424,-0.303728,-0.074716,-0.480437,-0.548609,-0.705894,-1.166853,-1.014421,-1.873246,-1.398714,-2.668815,-1.968808,-3.562467,-2.803782,-4.455067,-3.493032,-5.143862,-3.65503,-5.330489,-3.470556,-4.825192,-3.292233,-3.908721,-3.025135,-2.737325,-2.713104,-1.23298,-2.520101,0.478741,-2.435989,2.172792,-2.366338,3.7949,-2.271681,5.392082,-2.166598,6.693575,-1.963289,7.41706,-1.711049,7.483216,-1.522881,6.946916,-1.53204,6.07527,-1.68875,4.852314,-1.713294,3.098948,-1.371104,1.109683,-0.59121,-0.735715,0.488531,-2.127798,1.746793,-2.979924,3.145044,-3.425644,4.586804,-3.505414,6.226339,-3.065238,8.060925,-2.380813,9.639037,-1.477363,10.540894,-0.753581,10.367794,-0.325969,9.201322,-0.185717,7.55182,-0.321287,6.031792,-0.280321,4.370183,-0.007931,2.155429,0.032594,-0.085919,-0.075074,-2.144035,-0.042345,-3.966852,0.360537,-5.414146,0.879496,-6.486393,1.230729,-7.249279,1.389086,-7.957132,1.39258,-8.533322,1.330382,-8.759043,1.220384,-8.429739,0.967686,-7.493075,0.627349,-5.980438,0.429024,-4.288062,0.247305,-2.666464,0.048185,-1.149447,-0.026824,-0.015594,-0.043343,0.684454,-0.045736,1.112556,-0.001957,1.345767,0.084832,1.435323,0.178654,1.415289,0.270442,1.322482,0.332078,1.183838,0.324802,1.008523,0.257857,0.813457,0.179912,0.629711,0.120319,0.482566,0.090203,0.373277,0.09081,0.278144,0.105162,0.162281,0.136377,0.030014,0.171035,-0.088269,0.16828,-0.20664,0.146904,-0.318194,0.113996,-0.373619,0.077672,-0.352415
7,-0.02184,-0.06209,0.00142,-0.019368,0.015041,0.012513,0.034995,0.020296,0.028434,0.00699,-0.000814,-0.020232,-0.02533,-0.042536,-0.029445,-0.052864,-0.025141,-0.041531,-0.027826,-0.012471,-0.020486,0.022105,0.00873,0.063334,0.038111,0.082149,0.042768,0.074268,0.027918,0.050992,0.032421,0.029259,0.058543,0.022797,0.098828,0.032284,0.152103,0.056732,0.220703,0.086431,0.277287,0.112839,0.317106,0.128629,0.324844,0.078449,0.228193,-0.128606,0.160484,-0.288687,0.029786,-0.465505,-0.31881,-0.800132,-1.000402,-1.309507,-2.069863,-1.918938,-3.288722,-2.554865,-4.264713,-3.078448,-4.944262,-3.206312,-5.430554,-2.918841,-5.551198,-2.457759,-5.198668,-2.153531,-4.292313,-2.097453,-2.838064,-2.170006,-1.150664,-2.244857,0.624559,-2.363873,2.343898,-2.511042,3.798269,-2.55214,5.017528,-2.399268,6.217345,-2.075406,7.172593,-1.663058,7.349576,-1.262001,6.922222,-1.08101,6.395476,-1.112821,5.697361,-1.260495,4.621026,-1.331012,3.19025,-1.158195,1.528346,-0.626691,-0.252662,0.334261,-1.899543,1.719246,-3.126857,3.38711,-3.855822,5.097524,-3.898914,6.883297,-3.270086,8.455536,-2.399048,9.300722,-1.575523,9.194172,-1.000678,8.326586,-0.947661,6.905384,-0.699806,4.94796,-0.085403,2.548128,0.45776,0.124988,0.539803,-1.853628,0.322123,-3.487843,0.106823,-4.817136,0.189331,-5.857214,0.203933,-6.769969,0.207802,-7.654443,0.498413,-8.267341,0.698574,-8.308198,0.645012,-7.790279,0.410955,-6.5948,0.228822,-5.118176,0.025542,-3.486507,-0.108539,-1.719298,-0.128017,-0.296646,-0.049915,0.624795,0.043915,1.201221,0.089512,1.525189,0.110806,1.638492,0.137558,1.609874,0.131921,1.461561,0.157169,1.280628,0.20138,1.109628,0.223823,0.919905,0.211222,0.771598,0.167831,0.671441,0.118165,0.570874,0.066251,0.448469,0.054977,0.307169,0.060911,0.168097,0.026806,0.054872,-0.015093,-0.019299,-0.081124,-0.06499,-0.160855,-0.089138,-0.245893,-0.066725,-0.322326,-0.000743,-0.364842,0.085747
7,0.034774,0.032651,0.024987,0.024378,0.019715,0.002565,0.01792,-0.010067,0.033114,-0.001441,0.052343,0.013075,0.053041,0.0334,0.054678,0.037479,0.076677,0.025824,0.109372,0.013756,0.108322,0.013867,0.093369,0.037409,0.097814,0.076516,0.114102,0.107448,0.144061,0.127746,0.181767,0.141443,0.209419,0.1522,0.233874,0.155867,0.265758,0.167188,0.331491,0.183472,0.420958,0.223446,0.426219,0.222683,0.342269,0.112501,0.286005,0.021969,0.128609,-0.054409,-0.250613,-0.125352,-0.982235,-0.323967,-1.945945,-0.725864,-2.95111,-1.330887,-3.707915,-1.977872,-4.254566,-2.419823,-4.697336,-2.563125,-5.029759,-2.572691,-5.10691,-2.52157,-4.758691,-2.37558,-3.782805,-2.298427,-2.134652,-2.411238,-0.267854,-2.484402,1.341329,-2.444594,2.68683,-2.377394,3.716878,-2.296784,4.413969,-2.285295,5.023185,-2.379785,5.809214,-2.501801,6.561966,-2.452285,6.950849,-2.168854,6.931055,-1.635882,6.542875,-0.797168,5.537697,0.227931,3.957139,1.199836,2.112495,2.034579,0.379797,2.745367,-0.915715,3.377745,-1.793527,4.062639,-2.484784,5.017624,-2.875957,6.327286,-2.706559,7.693337,-2.2384,8.629984,-1.998132,8.717316,-2.018708,7.761713,-2.236699,6.267941,-2.555087,4.453878,-2.423533,2.330102,-1.501472,0.12468,-0.5143,-1.759302,0.10799,-3.163944,0.547375,-4.232484,0.883171,-5.295189,1.080411,-6.363334,1.166046,-7.272799,1.144412,-7.737612,0.915955,-7.602284,0.468958,-6.824295,-0.029476,-5.379287,-0.283017,-3.591331,-0.246628,-1.823965,-0.134691,-0.536968,-0.094555,0.086287,-0.098291,0.270953,-0.066653,0.32475,-0.009675,0.395174,0.065746,0.561356,0.130294,0.80717,0.199605,1.053173,0.258138,1.264803,0.268278,1.394282,0.266273,1.389182,0.212628,1.236896,0.171551,0.972301,0.147069,0.634199,0.115538,0.279619,0.088966,0.018785,0.070564,-0.093121,0.065612,-0.086452,0.083773,0.005976,0.109868,0.128732,0.124325,0.197896,0.119263,0.183131,0.053682,0.124549,-0.044676,0.049947
7,0.033351,0.102486,0.006549,0.074398,0.034849,0.081666,0.086921,0.121569,0.114466,0.14273,0.120166,0.136185,0.112086,0.106062,0.107653,0.066711,0.094608,0.040761,0.093191,0.032244,0.090895,0.024942,0.090375,0.058537,0.058175,0.120445,0.032547,0.170401,-0.005805,0.17941,-0.071153,0.098087,-0.043621,0.089805,0.022483,0.097623,0.060053,0.053272,0.083619,0.021053,0.098384,0.006523,0.093457,0.003043,0.089703,-0.00604,0.114249,-0.038491,0.148122,-0.079134,0.044059,-0.188458,-0.127523,-0.425667,-0.328857,-0.717822,-0.794096,-1.225663,-1.64712,-1.896918,-2.812744,-2.533154,-3.856181,-2.947879,-4.545128,-3.071951,-4.980197,-2.885514,-5.118402,-2.661867,-4.603158,-2.595572,-3.563048,-2.588647,-2.271393,-2.611663,-0.806192,-2.711367,0.908567,-2.87242,2.781506,-2.853473,4.586373,-2.526188,5.962305,-2.058333,6.742744,-1.590089,6.967852,-1.166175,6.740801,-0.920124,6.216777,-0.968914,5.304268,-1.201008,3.91055,-1.217603,2.230907,-0.927316,0.629069,-0.401583,-0.79973,0.382418,-2.011121,1.572731,-2.874047,3.063147,-3.321657,4.572208,-3.294642,6.182731,-3.012716,7.748999,-2.588835,8.899858,-1.990524,9.339023,-1.327583,8.926402,-0.677283,7.696278,-0.286954,6.052684,-0.083264,4.149089,0.18789,1.992791,0.326925,-0.051625,0.325619,-2.05205,0.333281,-3.922313,0.429681,-5.413931,0.686982,-6.545132,0.924873,-7.219561,0.887892,-7.554535,0.817755,-7.474805,0.682934,-6.875862,0.318821,-5.766943,-0.019714,-4.290831,-0.230334,-2.77127,-0.220248,-1.437133,-0.16367,-0.427592,-0.170279,0.230131,-0.16282,0.674832,-0.164658,1.034227,-0.124282,1.27726,0.018477,1.388923,0.166369,1.466457,0.281148,1.509333,0.339872,1.49201,0.315679,1.383352,0.21325,1.157637,0.098199,0.862339,0.0677,0.57176,0.069307,0.292379,0.067775,0.066241,0.035732,-0.095761,0.030396,-0.189149,0.089554,-0.191941,0.147861,-0.132548,0.140823,-0.079142,0.068332,-0.044638,0.001547,-0.047995,-0.057559,-0.078816
7,0.004196,-0.02296,-0.029262,0.036835,-0.029727,0.106,-0.010351,0.166966,0.013696,0.202671,0.03249,0.230905,0.043417,0.250117,0.061282,0.243575,0.092058,0.226263,0.130444,0.21255,0.190516,0.206628,0.252961,0.232925,0.295071,0.297036,0.319981,0.362028,0.349464,0.391929,0.4051,0.360935,0.447442,0.262093,0.402239,0.072805,0.165187,-0.342562,-0.060128,-0.745539,-0.405042,-1.259195,-1.022498,-1.811607,-1.851501,-2.373186,-2.661986,-2.790935,-3.366249,-2.996837,-3.932799,-3.02085,-4.28057,-2.909515,-4.312112,-2.717285,-3.917997,-2.488173,-3.06871,-2.411212,-1.948014,-2.449023,-0.764602,-2.46425,0.521145,-2.51406,1.904302,-2.60037,3.116811,-2.613059,4.05298,-2.559593,4.764912,-2.434188,5.389447,-2.17171,5.93204,-1.712484,6.219103,-1.063288,6.000028,-0.37056,5.396615,0.225375,4.487469,0.623531,3.280657,0.829872,1.966292,0.923702,0.645143,1.033774,-0.591166,1.317746,-1.820075,1.895278,-2.920468,2.775371,-3.709822,3.890721,-4.190498,5.121682,-4.270278,6.239579,-3.974251,6.939558,-3.438684,7.23452,-2.758688,7.174408,-2.117642,6.702063,-1.597576,5.692948,-1.011141,4.281117,-0.346649,2.920173,0.383004,1.464692,0.754303,0.092915,0.823584,-1.215972,0.944351,-2.571802,1.085789,-3.951217,1.34399,-5.18335,1.666683,-6.157325,1.875807,-6.791193,1.975993,-7.123287,2.035994,-7.191506,1.872491,-6.900029,1.441796,-6.43365,0.755191,-5.707938,-0.032022,-4.701771,-0.632256,-3.379765,-0.877509,-1.916577,-0.677277,-0.555938,-0.278124,0.464416,-0.039959,1.024845,0.029632,1.280605,0.044228,1.39071,0.040396,1.441292,0.044531,1.462081,0.106695,1.429628,0.1885,1.37637,0.235114,1.335451,0.195842,1.263224,0.105362,1.131208,0.016749,0.956822,-0.04923,0.749618,-0.100883,0.546956,-0.103471,0.35185,-0.041429,0.157421,0.041324,0.009351,0.105469,-0.064931,0.122687,-0.065697,0.073103,0.00967,-0.031714,0.119634,-0.092052,0.216693,-0.115241,0.273914,-0.135775,0.2726
7,0.04662,0.307506,0.046932,0.278984,0.037648,0.2704,0.044267,0.277546,0.06103,0.28538,0.041478,0.288256,0.005418,0.28337,0.003538,0.275126,0.030527,0.247217,0.060531,0.222873,0.067747,0.220984,0.065888,0.230269,0.088801,0.23745,0.126572,0.229675,0.129617,0.227702,0.077121,0.219555,0.020155,0.195094,0.033172,0.165186,0.074113,0.153112,0.077234,0.17207,0.050483,0.202432,0.038232,0.213489,0.068048,0.209791,0.087756,0.201126,0.077003,0.177572,0.077566,0.143231,0.096016,0.126101,0.120411,0.130477,0.166806,0.134302,0.224554,0.122714,0.256582,0.113513,0.288578,0.091862,0.288481,-0.032042,0.272791,-0.197812,0.158993,-0.357936,-0.235655,-0.772643,-0.919982,-1.387052,-1.889935,-2.072333,-2.855819,-2.722429,-3.648078,-3.150717,-4.331891,-3.243154,-4.65551,-3.064271,-4.23631,-2.839385,-3.084037,-2.837433,-1.286249,-3.079734,0.972539,-3.354476,3.141336,-3.457494,4.87138,-3.394604,6.227201,-3.238351,7.235879,-2.904037,7.60435,-2.361508,7.362868,-1.825528,6.791905,-1.350137,5.778153,-0.811286,4.044534,-0.188306,1.982291,0.440141,0.129644,1.245004,-1.376518,2.375603,-2.678561,3.753551,-3.547051,5.145174,-3.738857,6.618912,-3.524248,8.257386,-3.113276,9.668936,-2.600808,10.27308,-2.04931,9.786894,-1.533737,8.206339,-0.970774,5.501416,-0.492798,2.171944,-0.299936,-0.710021,-0.162583,-3.134889,0.128818,-4.958179,0.435774,-6.10516,0.721423,-6.74708,0.925952,-7.162488,0.98601,-7.320198,0.91716,-6.989523,0.476536,-5.972952,-0.183082,-4.307076,-0.541421,-2.465455,-0.550296,-0.895341,-0.463715,0.113427,-0.42914,0.618576,-0.332786,0.848773,-0.212504,0.896624,-0.098638,0.909479,-0.051709,0.950564,-0.084047,0.934283,-0.118551,0.826683,-0.113105,0.672965,-0.09392,0.509616,-0.061858,0.334056,-0.011698,0.16228,0.057602,0.031559,0.10694,-0.071884,0.135931,-0.159107,0.164367,-0.200749,0.153503,-0.194433,0.137737,-0.168844,0.124047,-0.118544,0.091383,-0.05639
7,0.065934,-0.017377,0.040332,-0.05547,0.024593,-0.103263,0.00671,-0.161444,-0.015746,-0.2415,-0.042705,-0.343449,-0.198203,-0.491141,-0.410034,-0.762474,-0.573125,-1.034325,-0.859091,-1.337793,-1.300878,-1.647801,-1.823263,-1.95087,-2.346423,-2.175467,-2.835047,-2.334451,-3.244421,-2.404336,-3.598333,-2.394848,-3.906852,-2.322025,-3.939932,-2.218449,-3.600941,-2.104707,-3.020647,-2.10188,-2.2052,-2.202277,-1.294577,-2.277672,-0.45402,-2.269822,0.32644,-2.16466,0.980276,-1.9418,1.530156,-1.628786,2.199717,-1.412636,3.125223,-1.317908,4.117315,-1.200295,4.915362,-0.989718,5.475592,-0.809902,5.893126,-0.681103,6.134161,-0.545954,6.066509,-0.469205,5.646462,-0.450858,4.958657,-0.436834,4.062971,-0.352628,2.982033,-0.19371,1.846178,0.00519,0.850657,0.224892,0.053372,0.419179,-0.615944,0.644104,-1.21342,1.014419,-1.815958,1.546261,-2.417574,2.299745,-2.928739,3.400197,-3.264299,4.706159,-3.246584,5.872181,-2.792731,6.54161,-2.032193,6.567236,-1.261561,6.160389,-0.763058,5.554631,-0.526635,4.988424,-0.38733,4.569073,-0.277592,4.084179,-0.132355,3.403483,-0.062117,2.601114,-0.048469,1.684302,-0.033404,0.688868,-0.010852,-0.275371,0.003382,-1.214535,-0.06168,-2.236278,-0.11138,-3.252305,-0.093134,-4.255819,-0.019813,-5.239709,0.033842,-6.18467,-0.020511,-7.103697,-0.1608,-7.80479,-0.331789,-8.081158,-0.575248,-7.851358,-0.780259,-7.033038,-0.669049,-5.545802,-0.208505,-3.843495,0.3333,-2.367971,0.583584,-1.228522,0.51219,-0.387535,0.336749,0.270814,0.277008,0.752049,0.290976,1.094258,0.259618,1.293132,0.176987,1.402146,0.121577,1.524717,0.098202,1.63904,0.076113,1.726878,0.058964,1.745735,0.051641,1.681046,0.042812,1.540825,0.035055,1.325047,0.02052,1.03793,-3e-05,0.737564,0.016603,0.471851,0.065992,0.280917,0.077859,0.154286,0.08286,0.095727,0.120593,0.089062,0.139033,0.117241,0.110631,0.134693,0.081755,0.100509,0.083032,0.047328,0.092473,0.004084
7,0.135002,0.033937,0.158389,0.054157,0.163033,0.076392,0.123897,0.070643,0.076638,0.023368,0.05908,-0.026989,0.077497,-0.038123,0.117554,-0.002931,0.185552,0.049342,0.2388,0.08804,0.272684,0.110538,0.30002,0.117232,0.274482,0.108104,0.214181,0.08258,0.134014,0.045954,0.021074,-0.040186,-0.083333,-0.106882,-0.168096,-0.233018,-0.369204,-0.4389,-0.6492,-0.720931,-1.177829,-1.030369,-2.048289,-1.313267,-2.933179,-1.580097,-3.619023,-1.798501,-4.06267,-2.023905,-4.30911,-2.307924,-4.355505,-2.569023,-4.166571,-2.750673,-3.790989,-2.863476,-2.924994,-2.971268,-1.718415,-3.035526,-0.338373,-2.954523,1.178892,-2.698855,2.721239,-2.382292,3.994364,-2.148002,4.869755,-1.945972,5.415263,-1.73791,5.778989,-1.574911,6.14073,-1.42174,6.453292,-1.293728,6.44334,-1.201972,5.974937,-1.187151,5.277367,-1.26236,4.474741,-1.268877,3.422819,-1.110595,2.085989,-0.746222,0.658898,-0.127514,-0.665736,0.662266,-1.765828,1.604483,-2.557409,2.694499,-3.0391,3.784136,-3.266795,5.000195,-3.360803,6.405494,-3.197716,7.781796,-2.669234,8.649208,-1.900231,8.633052,-1.261796,7.837745,-0.934999,6.664356,-0.755597,5.491141,-0.521484,4.398266,-0.306557,3.267032,-0.210415,1.930674,-0.212986,0.407641,-0.200762,-1.082303,0.007575,-2.467042,0.321118,-3.632264,0.631396,-4.810034,0.829821,-5.954295,0.940613,-6.898795,1.018117,-7.483792,0.986427,-7.679872,0.813089,-7.418118,0.462985,-6.517604,0.217457,-5.083755,0.217584,-3.447455,0.305635,-2.010956,0.261319,-0.938892,0.024265,-0.136624,-0.135939,0.485769,-0.175301,0.924267,-0.130001,1.134781,-0.069161,1.172555,-0.059813,1.120106,-0.072828,1.063165,-0.06565,1.015139,-0.005534,0.967341,0.074303,0.882673,0.062602,0.788004,-0.009432,0.672717,-0.043675,0.502645,-0.012717,0.321893,0.009865,0.154295,-0.023273,0.004091,-0.055275,-0.08508,-0.080688,-0.104839,-0.104295,-0.105035,-0.093761,-0.089363,-0.059559,-0.086961,-0.034752,-0.089412,-0.035813,-0.095777
7,0.11397,0.314651,0.117577,0.369761,0.133661,0.396472,0.151,0.412245,0.166695,0.424082,0.220606,0.447392,0.289347,0.484062,0.350936,0.514509,0.396513,0.526316,0.428357,0.502195,0.42112,0.484331,0.375348,0.465579,0.331822,0.406577,0.310308,0.314892,0.229869,0.17773,0.018169,-0.046224,-0.192933,-0.331415,-0.323136,-0.561046,-0.548658,-0.850032,-0.964444,-1.22694,-1.62256,-1.701396,-2.404984,-2.239333,-3.15495,-2.824929,-3.82746,-3.363411,-4.470667,-3.738385,-4.952426,-3.867446,-5.179104,-3.805293,-5.000471,-3.641034,-4.339952,-3.371353,-3.248381,-3.036181,-1.8871,-2.698731,-0.426992,-2.353507,0.870496,-2.028677,1.877419,-1.819558,2.730489,-1.736209,3.568768,-1.709083,4.329167,-1.627045,4.988985,-1.526332,5.596728,-1.430325,6.002676,-1.273216,6.057642,-1.098278,5.909362,-1.012346,5.531152,-0.95805,4.862403,-0.88858,3.914134,-0.74256,2.757866,-0.420798,1.551615,0.103369,0.437876,0.779092,-0.528598,1.544716,-1.305712,2.363067,-1.977051,3.234954,-2.495247,4.180763,-2.785484,5.15859,-2.865151,6.189625,-2.790077,7.103123,-2.547499,7.704349,-2.159196,7.839509,-1.647172,7.505138,-1.233702,6.700356,-1.144539,5.570569,-1.230757,4.229507,-1.144345,2.678024,-0.879114,1.007525,-0.498795,-0.756064,-0.212468,-2.462292,-0.056239,-4.052121,0.070408,-5.652054,0.224949,-6.850262,0.347063,-7.481647,0.552169,-7.740742,0.681168,-7.574552,0.563164,-6.917848,0.209012,-5.583218,0.060045,-3.899828,0.154713,-2.26689,0.21659,-0.977847,0.126382,-0.150569,-0.042095,0.357365,-0.16421,0.631146,-0.191586,0.695304,-0.121548,0.707385,-0.055554,0.786551,-0.030842,0.928356,0.011332,1.077235,0.057808,1.192192,0.099584,1.245402,0.119096,1.207788,0.083073,1.056147,0.028261,0.82134,-0.019731,0.564105,-0.067003,0.324128,-0.084308,0.123699,-0.074216,-0.022242,-0.032812,-0.082038,0.009726,-0.071711,0.020875,-0.050863,0.020813,-0.050889,0.029711,-0.054271,0.070905,-0.041299,0.087458,-0.030464
7,0.093642,-0.055926,0.026782,-0.137473,-0.054638,-0.241497,-0.147942,-0.364519,-0.250877,-0.53828,-0.386863,-0.766929,-0.597509,-1.038622,-0.956796,-1.335077,-1.369899,-1.68181,-1.750545,-2.021409,-2.115102,-2.321756,-2.530872,-2.604743,-3.00554,-2.919728,-3.442538,-3.197181,-3.758764,-3.412397,-3.87704,-3.496452,-3.77483,-3.37337,-3.52494,-3.101465,-3.152753,-2.775715,-2.676498,-2.402945,-2.051795,-1.978186,-1.360559,-1.500347,-0.784041,-1.048636,-0.287386,-0.714895,0.171232,-0.488776,0.641162,-0.375653,1.11243,-0.33266,1.481972,-0.296695,1.800952,-0.343925,2.271514,-0.508605,2.936877,-0.703389,3.619005,-0.877323,4.170874,-1.024629,4.606473,-1.107606,4.871701,-1.09489,4.951989,-1.025635,4.910728,-0.932273,4.768775,-0.806754,4.451262,-0.589362,3.918216,-0.329546,3.171486,-0.071658,2.34856,0.197124,1.577866,0.474329,0.862233,0.751337,0.198654,1.015951,-0.376318,1.345237,-0.897668,1.827044,-1.408035,2.446526,-1.855179,3.178514,-2.213297,4.038814,-2.445814,4.921467,-2.558573,5.598872,-2.550153,5.946191,-2.301182,5.997993,-1.915623,5.812275,-1.495625,5.451502,-1.112912,4.983225,-0.840233,4.41803,-0.626965,3.780703,-0.473078,3.065974,-0.313765,2.263854,-0.151816,1.435142,-0.013459,0.648091,0.079753,-0.061033,0.125184,-0.746971,0.116288,-1.527897,0.095768,-2.436429,0.099665,-3.356714,0.091784,-4.204281,0.12473,-4.92298,0.141415,-5.472722,0.076331,-5.828925,-0.08862,-5.925628,-0.279346,-5.704955,-0.408628,-5.200004,-0.362388,-4.468598,-0.20438,-3.671699,-0.039742,-2.925105,0.080481,-2.21272,0.167711,-1.469507,0.230302,-0.709504,0.238505,-0.094344,0.217849,0.312559,0.173286,0.57924,0.097844,0.723621,0.023887,0.773511,-0.022241,0.772287,-0.047464,0.729018,-0.049295,0.634023,-0.006768,0.504467,0.039163,0.399264,0.04478,0.3204,0.033229,0.239645,0.011257,0.154078,0.029734,0.076427,0.08507,0.022226,0.092011,-0.017872,0.095334,-0.052991,0.089411,-0.085287,0.045277,-0.10672
7,0.034713,-0.034338,0.051735,-0.043187,0.061324,-0.045209,0.085421,-0.040974,0.107294,-0.054572,0.086841,-0.086493,0.077234,-0.147943,0.084796,-0.199727,0.027954,-0.238201,-0.054348,-0.292871,-0.157392,-0.337593,-0.385093,-0.352006,-0.802989,-0.5255,-1.310371,-0.785699,-1.792799,-0.974186,-2.213777,-1.377554,-2.626091,-1.787428,-3.070924,-2.199132,-3.457859,-2.562535,-3.763339,-2.819837,-3.913759,-2.966636,-3.865894,-2.956575,-3.652526,-2.842188,-3.245763,-2.655013,-2.560344,-2.368754,-1.654404,-2.059388,-0.662761,-1.773112,0.246249,-1.548766,1.038638,-1.488403,1.768608,-1.588595,2.561168,-1.767499,3.462008,-1.920543,4.347938,-1.92408,5.065948,-1.847632,5.458353,-1.718373,5.524402,-1.525003,5.440083,-1.32355,5.328348,-1.147388,5.135322,-1.042115,4.813049,-1.000372,4.332212,-0.949444,3.628106,-0.771887,2.672684,-0.410506,1.657913,0.1481,0.661182,0.799584,-0.302644,1.475402,-1.220577,2.190825,-2.013766,3.087321,-2.631021,4.180204,-2.997574,5.389376,-3.039998,6.588967,-2.794944,7.517786,-2.258432,8.060655,-1.620124,8.172585,-1.200831,7.688082,-1.146317,6.727779,-1.276334,5.553653,-1.32511,4.238412,-1.192011,2.751002,-0.864099,1.248437,-0.533908,-0.138626,-0.248065,-1.457899,-0.062091,-2.52371,0.100307,-3.504457,0.2593,-4.563429,0.515161,-5.64088,0.817492,-6.473461,1.087656,-6.872029,1.300995,-6.984254,1.368999,-6.920127,1.095297,-6.601554,0.673138,-6.014075,0.176609,-5.130821,-0.271333,-4.082455,-0.544364,-2.924881,-0.538073,-1.806672,-0.32167,-0.804983,-0.058744,-0.079141,0.077688,0.357757,0.034679,0.59316,0.012139,0.732799,0.041554,0.82693,0.048923,0.87379,0.036122,0.911823,0.036314,0.956416,0.036728,0.997704,0.034205,1.005319,0.040229,0.948241,0.039739,0.791671,0.038727,0.558798,0.060797,0.301133,0.093639,0.048279,0.103285,-0.148287,0.089012,-0.252085,0.063918,-0.28627,0.04686,-0.263875,0.048729,-0.185014,0.076577,-0.047443,0.103738,0.08906,0.137653,0.149597
7,-0.028444,-0.028529,-0.009395,-0.002828,0.019756,0.00126,0.063998,0.003312,0.092422,0.014201,0.100527,0.02288,0.096704,0.022751,0.095638,0.017063,0.114881,0.03123,0.141177,0.066137,0.158551,0.092802,0.186458,0.092331,0.208684,0.075107,0.21911,0.047767,0.254781,0.02448,0.222826,-0.057768,0.116053,-0.164815,0.032809,-0.255313,-0.091621,-0.338151,-0.268944,-0.40268,-0.585558,-0.508958,-1.165262,-0.66505,-2.008252,-0.923544,-2.94541,-1.311245,-3.699308,-1.790509,-4.175261,-2.256743,-4.453484,-2.56767,-4.696327,-2.72777,-4.967673,-2.791037,-5.099783,-2.730282,-4.792213,-2.577312,-3.843042,-2.397339,-2.272618,-2.114757,-0.426192,-1.646304,1.227359,-1.224167,2.553822,-1.207234,3.753235,-1.491034,4.829238,-1.699495,5.673725,-1.538862,6.018175,-1.170602,5.973034,-0.991094,5.888573,-1.028206,5.734546,-1.147208,5.328934,-1.2926,4.740821,-1.473208,4.032852,-1.58038,3.126452,-1.422611,1.955438,-0.892503,0.768796,0.014238,-0.31439,1.214436,-1.271039,2.56759,-1.994803,3.880178,-2.402265,5.010414,-2.550979,5.925115,-2.465001,6.701009,-2.107547,7.377874,-1.623905,7.746424,-1.148356,7.586714,-0.831941,6.888184,-0.688467,5.852996,-0.627458,4.6876,-0.563693,3.422848,-0.412427,2.112159,-0.293445,0.800068,-0.272052,-0.479846,-0.18096,-1.960181,-0.131214,-3.436715,-0.093859,-4.836528,-0.031254,-6.092003,0.101446,-7.034827,0.104344,-7.563312,-0.049694,-7.654332,-0.320915,-7.080555,-0.599692,-5.805512,-0.514341,-4.078294,-0.1455,-2.317807,0.138624,-0.807299,0.157609,0.308338,0.095216,0.89303,0.063155,1.025844,0.048954,0.89918,0.023703,0.729672,0.009958,0.6365,0.034015,0.660223,0.036612,0.748872,-0.010091,0.838928,-0.039989,0.907971,-0.024344,0.924305,-0.000931,0.839523,-0.021642,0.645457,-0.079135,0.39273,-0.134622,0.137295,-0.144836,-0.08752,-0.099293,-0.255778,-0.048331,-0.328193,0.021718,-0.290244,0.069161,-0.235544,0.028919,-0.131735,0.003923,-0.023759,0.024732,0.030714
7,0.076286,0.039629,0.139083,0.089953,0.134376,0.131353,0.127286,0.191654,0.169196,0.250886,0.202473,0.31409,0.209568,0.370751,0.226441,0.39787,0.249385,0.408845,0.280477,0.423598,0.31833,0.43794,0.276087,0.412522,0.169035,0.298279,0.076626,0.044453,0.051864,-0.151476,0.002296,-0.406819,-0.132195,-0.72012,-0.370276,-1.037727,-0.824574,-1.46842,-1.529887,-1.960308,-2.365433,-2.396945,-3.1012,-2.798313,-3.713868,-3.201895,-4.153949,-3.529176,-4.384237,-3.656961,-4.414598,-3.583385,-4.133564,-3.338557,-3.407454,-3.033394,-2.270741,-2.696894,-0.970239,-2.365581,0.271522,-2.084964,1.425995,-1.844023,2.335829,-1.583839,3.064673,-1.351276,3.910204,-1.162269,4.679273,-0.911669,5.076288,-0.661906,5.191659,-0.483874,5.25829,-0.36576,5.311417,-0.216471,5.127696,-0.073981,4.600865,0.009331,3.749312,0.071873,2.58604,0.21445,1.208259,0.497453,-0.142549,0.867094,-1.20401,1.352491,-1.948642,2.015658,-2.55012,2.844114,-2.95473,3.785395,-3.085634,4.756672,-2.927825,5.653261,-2.43499,6.444263,-1.627969,6.964292,-0.738389,6.954223,-0.139836,6.388823,0.049852,5.482908,0.043679,4.40479,-0.012904,3.368926,-0.044471,2.399325,-0.044734,1.346435,-0.06553,0.20105,-0.161608,-0.918957,-0.282953,-1.983858,-0.351666,-2.998614,-0.382517,-4.022843,-0.339282,-5.046537,-0.238893,-5.976561,-0.148979,-6.719069,-0.111573,-7.095762,-0.196012,-6.994191,-0.363155,-6.289626,-0.471845,-5.036123,-0.426703,-3.748037,-0.173376,-2.539729,0.105896,-1.4909,0.256933,-0.72776,0.298017,-0.24752,0.23882,0.055485,0.117959,0.295334,-0.003867,0.493459,-0.096165,0.643545,-0.129923,0.770958,-0.089667,0.881115,0.005043,0.959635,0.109877,0.986615,0.167676,0.950034,0.165299,0.841783,0.128916,0.68209,0.10009,0.501932,0.081543,0.33346,0.063013,0.186088,0.054874,0.055005,0.037597,-0.024196,0.033012,-0.033784,0.022481,0.006275,-0.003395,0.058055,-0.004333,0.087263,0.021908,0.062656,0.018105,0.005167
7,-0.001784,0.237115,0.03731,0.234207,0.096587,0.262689,0.157498,0.310271,0.191723,0.357977,0.183284,0.385632,0.171454,0.37301,0.17836,0.338832,0.190516,0.293883,0.201789,0.209676,0.198242,0.076361,0.176197,-0.078728,0.147275,-0.224443,0.111969,-0.352789,0.034076,-0.485911,-0.118446,-0.643117,-0.374589,-0.895897,-0.774818,-1.53261,-1.318928,-1.833982,-1.988178,-2.329371,-2.63607,-2.779116,-3.153576,-3.108758,-3.585614,-3.253776,-3.852872,-3.17152,-3.913543,-2.960637,-3.753232,-2.672045,-3.364266,-2.383136,-2.691796,-2.170779,-1.712894,-2.042847,-0.630612,-1.908428,0.414594,-1.802027,1.523182,-1.814297,2.803081,-1.871659,4.095191,-1.794371,5.001318,-1.522198,5.422015,-1.21895,5.484147,-1.041905,5.386689,-0.970876,5.252606,-0.945592,4.897446,-0.944448,4.288919,-0.966783,3.507382,-0.954032,2.506931,-0.761248,1.372598,-0.309833,0.335722,0.387036,-0.55254,1.358354,-1.258175,2.499815,-1.727012,3.606599,-1.978911,4.563766,-2.029057,5.353429,-1.89718,5.914617,-1.646931,6.242356,-1.359107,6.356861,-1.179269,6.311173,-1.082494,6.070595,-0.998442,5.573178,-0.86561,4.838339,-0.754337,3.89459,-0.686219,2.786629,-0.636028,1.652544,-0.526863,0.584612,-0.41885,-0.387164,-0.371454,-1.316085,-0.349025,-2.168956,-0.284105,-3.023877,-0.187168,-3.886086,-0.12328,-4.697262,-0.106214,-5.421952,-0.116916,-5.999735,-0.142077,-6.358912,-0.150813,-6.421819,-0.11297,-6.051193,-0.054904,-5.342996,-0.062668,-4.487558,-0.138689,-3.580282,-0.217918,-2.586133,-0.194345,-1.526369,-0.052187,-0.608975,0.062656,0.041908,0.089469,0.47258,0.111901,0.765935,0.132815,0.957712,0.09682,1.0209,0.085658,1.01798,0.09384,1.027203,0.068618,1.037381,0.046064,0.995578,0.052831,0.904236,0.047284,0.779134,0.016594,0.61302,-0.04847,0.420364,-0.109905,0.229833,-0.107211,0.078373,-0.061862,-0.024801,-0.025808,-0.073462,-0.022799,-0.061707,-0.03824,-0.019879,-0.059543,0.00944,-0.068247,0.024281,-0.084329,0.026199
7,0.075333,0.036093,0.041803,0.033486,0.03903,0.020304,0.060752,0.00266,0.094756,-0.002435,0.098969,-0.00365,0.091764,-0.011712,0.108939,-0.011726,0.146244,-0.002406,0.168256,-0.008834,0.143067,-0.031077,0.09519,-0.058614,0.045728,-0.074181,-0.044853,-0.13377,-0.271673,-0.263707,-0.666543,-0.476991,-1.249658,-0.810098,-1.869855,-1.191561,-2.394481,-1.587183,-2.722577,-1.904121,-3.035181,-2.176234,-3.414727,-2.332526,-3.702502,-2.436136,-3.616652,-2.486006,-3.091131,-2.44186,-2.268064,-2.283891,-1.288216,-2.062736,-0.180209,-1.941768,1.077379,-1.962911,2.320228,-1.924677,3.324243,-1.764419,4.031843,-1.580435,4.551033,-1.457282,4.984505,-1.40138,5.260852,-1.376228,5.177537,-1.356049,4.868429,-1.337774,4.604223,-1.337479,4.293011,-1.260223,3.705237,-1.004002,2.772542,-0.553057,1.704798,0.152312,0.731583,1.084169,-0.077606,2.083227,-0.700526,2.970716,-1.194375,3.722558,-1.607377,4.423028,-1.913688,5.191024,-2.194986,6.065533,-2.410889,6.952759,-2.447604,7.550291,-2.193858,7.674819,-1.733533,7.33449,-1.230036,6.625787,-0.747577,5.659119,-0.433903,4.60924,-0.343758,3.6568,-0.370403,2.754596,-0.390185,1.759289,-0.325086,0.638676,-0.235909,-0.529003,-0.255409,-1.701038,-0.338953,-2.843556,-0.370143,-3.953918,-0.340032,-4.994402,-0.284913,-5.870073,-0.186969,-6.527921,0.011778,-6.960135,0.246568,-7.168148,0.259241,-7.080066,0.034121,-6.681989,-0.236957,-5.998922,-0.404228,-5.057902,-0.360881,-3.891192,-0.062659,-2.557458,0.258713,-1.272764,0.348127,-0.26503,0.268931,0.402958,0.211711,0.793312,0.194931,0.982664,0.169821,1.033592,0.114368,1.020727,0.071926,0.989533,0.078751,0.9825,0.075445,0.95909,0.038426,0.90081,0.040156,0.844491,0.064353,0.784889,0.040327,0.689556,-0.000527,0.544002,-0.058959,0.356806,-0.127193,0.156313,-0.1529,-0.033707,-0.104471,-0.18929,-0.050214,-0.260382,-0.056546,-0.226212,-0.046691,-0.120578,-0.032362,-0.000597,-0.034041,0.086999,-0.020641,0.125618
7,0.069118,0.003003,0.0864,-0.006192,0.106761,-0.012238,0.120542,-0.01108,0.126506,0.007934,0.125634,0.054533,0.136122,0.129034,0.163842,0.212195,0.189369,0.264164,0.19306,0.27229,0.175698,0.222971,0.136049,0.148009,0.076311,0.037886,-0.017205,-0.101256,-0.143528,-0.255638,-0.324279,-0.422019,-0.576532,-0.624729,-0.908275,-0.897709,-1.306717,-1.225439,-1.712305,-1.576167,-2.058088,-1.905446,-2.333106,-2.178925,-2.516474,-2.420765,-2.571736,-2.645571,-2.47998,-2.815579,-2.208023,-2.864368,-1.753065,-2.712868,-1.154199,-2.418753,-0.45271,-2.085338,0.337384,-1.778045,1.215793,-1.510802,2.129643,-1.269219,3.005071,-1.013488,3.747008,-0.728605,4.285935,-0.455927,4.578654,-0.273615,4.634381,-0.22877,4.471637,-0.30854,4.129478,-0.438585,3.648329,-0.531131,3.043768,-0.512615,2.31127,-0.331823,1.465643,-0.007243,0.543383,0.408594,-0.375605,0.870714,-1.196322,1.363385,-1.880865,1.901405,-2.436246,2.510985,-2.852655,3.195233,-3.074531,3.895641,-3.039951,4.516538,-2.750496,4.946469,-2.263187,5.132793,-1.688864,5.035127,-1.137494,4.68433,-0.663696,4.148431,-0.291707,3.49313,-0.019354,2.813648,0.174998,2.149889,0.30264,1.493013,0.378046,0.821866,0.421116,0.115439,0.432276,-0.649052,0.428846,-1.46351,0.431381,-2.311717,0.415676,-3.181724,0.421633,-4.054177,0.476948,-4.91904,0.571744,-5.758467,0.598872,-6.44939,0.510858,-6.861293,0.351026,-6.888081,0.193847,-6.460791,0.067963,-5.621379,-0.019797,-4.509968,-0.075279,-3.232408,-0.106699,-1.855865,-0.109359,-0.525017,-0.063445,0.532516,0.013073,1.171348,0.081468,1.441873,0.11911,1.476636,0.132816,1.378291,0.154062,1.22245,0.182074,1.061505,0.209256,0.949806,0.233677,0.885412,0.240167,0.833345,0.218072,0.745411,0.179335,0.624806,0.113327,0.486873,0.029527,0.362865,-0.052688,0.250638,-0.119076,0.149525,-0.147455,0.063527,-0.129074,0.003705,-0.091132,-0.022729,-0.060847,-0.030158,-0.047079,-0.042289,-0.040215,-0.069737
7,-0.01013,0.072978,0.033297,0.06647,0.061438,0.073479,0.077848,0.099162,0.086549,0.139113,0.090375,0.18572,0.089413,0.22086,0.076807,0.236412,0.065188,0.231681,0.067372,0.210152,0.097475,0.174003,0.149278,0.129947,0.198769,0.069979,0.22285,-0.001089,0.200877,-0.091157,0.114966,-0.237658,-0.041443,-0.450605,-0.286112,-0.739886,-0.648713,-1.091188,-1.124875,-1.476678,-1.697285,-1.810174,-2.296149,-2.014339,-2.851633,-2.075041,-3.262688,-2.019331,-3.397367,-1.897673,-3.184886,-1.727036,-2.650492,-1.509757,-1.856595,-1.285619,-0.82014,-1.118769,0.376444,-1.028965,1.539764,-0.978632,2.506964,-0.92222,3.185567,-0.819254,3.569638,-0.683344,3.71169,-0.578716,3.728363,-0.551955,3.684283,-0.621187,3.54695,-0.700262,3.269884,-0.68606,2.853328,-0.530985,2.341443,-0.273686,1.761313,0.039159,1.146017,0.384724,0.515121,0.760342,-0.102129,1.177059,-0.684892,1.649148,-1.19823,2.178077,-1.611517,2.740072,-1.864733,3.283804,-1.940348,3.781479,-1.859026,4.205283,-1.664734,4.516004,-1.420286,4.654437,-1.171348,4.584564,-0.940922,4.290569,-0.744024,3.777464,-0.581569,3.09099,-0.412392,2.268954,-0.20076,1.404288,0.014127,0.56067,0.174322,-0.226989,0.258941,-1.02736,0.256501,-1.923483,0.18378,-2.931792,0.078076,-3.984764,0.005458,-4.958277,-0.012592,-5.738271,-0.001461,-6.22104,-0.012205,-6.380023,-0.054505,-6.257027,-0.123003,-5.874932,-0.185588,-5.224185,-0.229777,-4.331129,-0.276592,-3.246346,-0.312485,-2.030342,-0.304694,-0.804074,-0.227904,0.229951,-0.101563,0.92476,0.030883,1.291043,0.140964,1.399851,0.209822,1.331716,0.234508,1.146585,0.220759,0.911087,0.182202,0.707909,0.144016,0.594665,0.108949,0.57409,0.076822,0.597001,0.038284,0.612996,0.002853,0.587187,-0.014279,0.524671,-0.007606,0.420553,0.017569,0.287995,0.02937,0.144779,0.018521,0.01539,-0.007181,-0.078425,-0.039625,-0.132147,-0.063639,-0.141874,-0.066083,-0.111887,-0.055356,-0.062712,-0.034588,-0.018578
7,0.027959,0.095986,-0.037633,0.089512,-0.085055,0.070892,-0.109413,0.047139,-0.104835,0.024293,-0.07058,0.011971,-0.017675,0.019541,0.041053,0.046946,0.092136,0.085626,0.124241,0.125692,0.135069,0.151333,0.130546,0.15791,0.112307,0.153933,0.094516,0.143593,0.088339,0.131179,0.092956,0.108194,0.115689,0.073944,0.14929,0.04292,0.189259,0.01231,0.219792,-0.027054,0.221791,-0.085083,0.173491,-0.155319,0.070935,-0.223645,-0.09146,-0.304644,-0.33191,-0.422463,-0.666587,-0.63662,-1.096005,-0.998102,-1.571749,-1.482245,-1.991349,-1.938912,-2.294274,-2.216488,-2.500733,-2.303989,-2.582438,-2.238423,-2.477977,-2.085883,-2.176162,-1.894811,-1.71151,-1.68275,-1.131223,-1.472367,-0.466999,-1.286659,0.3018,-1.122376,1.175321,-0.961931,2.088238,-0.785227,2.921146,-0.544306,3.588203,-0.252595,4.040453,0.014777,4.231071,0.193046,4.13538,0.245118,3.806,0.161948,3.321268,0.012446,2.724551,-0.083485,2.057651,-0.055963,1.370494,0.105884,0.687667,0.354203,0.040686,0.658619,-0.533354,1.018448,-1.031234,1.476608,-1.486853,2.051933,-1.868861,2.702655,-2.120785,3.338382,-2.217815,3.896892,-2.174415,4.347948,-1.999175,4.673718,-1.726545,4.829113,-1.407015,4.775112,-1.063304,4.480279,-0.710956,3.907688,-0.354636,3.12766,-0.033502,2.273995,0.206918,1.384762,0.360068,0.512241,0.436534,-0.383267,0.442988,-1.355197,0.395916,-2.383601,0.328556,-3.488261,0.265704,-4.56189,0.196203,-5.508837,0.104633,-6.255048,-0.034505,-6.698109,-0.196904,-6.767066,-0.363587,-6.469871,-0.499649,-5.804752,-0.588194,-4.747488,-0.594423,-3.441147,-0.492263,-2.080907,-0.30009,-0.861031,-0.065001,0.082038,0.150907,0.689625,0.300705,0.974874,0.371786,1.006796,0.371184,0.896423,0.314592,0.733979,0.235854,0.583138,0.165699,0.483894,0.114967,0.441301,0.074098,0.446856,0.036003,0.480022,0.003986,0.496643,-0.01399,0.468922,-0.003355,0.387413,0.024416,0.275786,0.048542,0.15696,0.058739,0.040922
7,-0.018202,0.063751,-0.066052,0.067078,-0.083064,0.069892,-0.065783,0.076485,-0.014818,0.073108,0.045426,0.060755,0.095606,0.037976,0.122307,0.016108,0.115283,0.003442,0.07933,0.008479,0.027777,0.020875,-0.023033,0.027866,-0.065984,0.022546,-0.092582,0.002365,-0.095131,-0.029674,-0.085008,-0.0665,-0.083393,-0.105028,-0.115878,-0.144175,-0.199344,-0.203474,-0.366288,-0.299704,-0.694843,-0.438177,-1.219843,-0.624708,-1.900985,-0.870126,-2.626492,-1.207288,-3.263332,-1.590018,-3.693066,-1.927991,-3.83408,-2.157999,-3.599642,-2.242326,-2.994812,-2.179838,-2.146439,-2.012104,-1.221666,-1.808881,-0.304444,-1.640569,0.611923,-1.549339,1.511392,-1.494076,2.346736,-1.430151,3.079719,-1.31701,3.658957,-1.123155,4.043525,-0.843582,4.218024,-0.520534,4.19013,-0.193505,3.953491,0.092922,3.518555,0.331592,2.919994,0.526814,2.220065,0.665235,1.475876,0.74538,0.724344,0.817105,0.006478,0.951443,-0.641074,1.179614,-1.197341,1.551478,-1.655067,2.087073,-1.970754,2.754138,-2.135936,3.467264,-2.136691,4.151255,-1.955258,4.672585,-1.624413,4.881861,-1.229587,4.703401,-0.824924,4.179265,-0.460747,3.442407,-0.139722,2.634633,0.138597,1.812565,0.346282,1.002032,0.478492,0.202528,0.521256,-0.607755,0.487263,-1.435342,0.405289,-2.342579,0.283491,-3.317749,0.140491,-4.238075,0.021184,-4.980247,-0.063158,-5.481013,-0.125014,-5.755879,-0.152256,-5.785026,-0.161766,-5.498184,-0.17329,-4.914532,-0.168048,-4.173872,-0.140878,-3.413621,-0.132799,-2.654467,-0.174218,-1.849594,-0.255269,-0.989181,-0.327775,-0.185204,-0.352325,0.436678,-0.313708,0.836668,-0.200883,1.023344,-0.02592,1.031001,0.171187,0.91344,0.318164,0.74187,0.382906,0.595638,0.363027,0.513667,0.283693,0.498384,0.174015,0.507246,0.05611,0.500051,-0.042015,0.461298,-0.10144,0.392343,-0.12104,0.310296,-0.098069,0.221424,-0.05527,0.13582,-0.010853,0.054234,0.019189,-0.029777,0.032982,-0.114939,0.030933,-0.180906,0.022684,-0.208552
7,0.037684,0.162067,0.001182,0.193922,-0.043149,0.200665,-0.083862,0.177373,-0.108907,0.129751,-0.106998,0.068876,-0.085473,0.015442,-0.047885,-0.017565,-0.000204,-0.022373,0.04538,-0.007944,0.077056,0.02318,0.081759,0.064313,0.066013,0.099249,0.03268,0.108786,0.005931,0.089198,-0.007737,0.043192,-0.006986,-0.024055,0.007712,-0.088019,0.035319,-0.132694,0.071664,-0.143944,0.09547,-0.122365,0.088145,-0.089956,0.033998,-0.069927,-0.079403,-0.082064,-0.286163,-0.144803,-0.621664,-0.265965,-1.067756,-0.463532,-1.572405,-0.725924,-2.027906,-1.055003,-2.368933,-1.396791,-2.570246,-1.717385,-2.611728,-1.965243,-2.460228,-2.114777,-2.100653,-2.170402,-1.579334,-2.148407,-0.945896,-2.087355,-0.19885,-2.019186,0.656421,-1.931442,1.598618,-1.784794,2.573999,-1.538011,3.450952,-1.206569,4.071698,-0.793639,4.321743,-0.363528,4.207092,-0.003686,3.807294,0.236269,3.219543,0.364736,2.51888,0.427204,1.755973,0.45985,0.959615,0.465598,0.185052,0.480606,-0.497937,0.560492,-1.063711,0.758132,-1.556432,1.103284,-1.956914,1.56066,-2.205867,2.062326,-2.255909,2.554421,-2.075616,3.015162,-1.675376,3.449922,-1.133711,3.799981,-0.587443,3.972516,-0.161895,3.919945,0.082345,3.60965,0.140749,3.070687,0.092174,2.319029,0.018372,1.397414,-0.026432,0.38893,-0.006891,-0.629096,0.062007,-1.622128,0.193056,-2.628332,0.386206,-3.661354,0.516233,-4.660756,0.430856,-5.495915,0.131832,-5.957616,-0.243507,-5.852619,-0.490349,-5.185223,-0.522357,-4.153804,-0.392174,-2.983262,-0.193259,-1.887747,0.014396,-0.988295,0.186011,-0.361232,0.287782,0.039873,0.311435,0.289568,0.272397,0.416001,0.198192,0.461503,0.129613,0.478238,0.111476,0.501635,0.13091,0.528009,0.157475,0.542049,0.164888,0.53806,0.15248,0.514161,0.12968,0.467606,0.097859,0.389794,0.059605,0.285845,0.01306,0.174044,-0.031372,0.079212,-0.061561,0.018553,-0.072149,-0.008372,-0.076309,-0.020842,-0.074751,-0.042307,-0.077751,-0.067705
7,-0.008541,-0.020515,-0.011536,0.002256,-0.008442,0.011564,-0.002166,0.02055,0.006456,0.03143,0.014683,0.048765,0.024051,0.076671,0.040116,0.107081,0.071991,0.134737,0.108704,0.15645,0.136244,0.160791,0.142021,0.141682,0.1291,0.100021,0.10217,0.05045,0.072866,0.000224,0.054333,-0.030816,0.054574,-0.038302,0.074342,-0.024483,0.113027,-0.013888,0.159785,-0.026615,0.194695,-0.068152,0.186817,-0.13521,0.096755,-0.229239,-0.112787,-0.351589,-0.459834,-0.540854,-0.893006,-0.830939,-1.360386,-1.214777,-1.807742,-1.615669,-2.196923,-1.938312,-2.499425,-2.140843,-2.667248,-2.232775,-2.632573,-2.243613,-2.342194,-2.180555,-1.819986,-2.039343,-1.094962,-1.855509,-0.189842,-1.677718,0.839981,-1.54319,1.92737,-1.428243,2.959126,-1.299211,3.782136,-1.120242,4.279075,-0.892672,4.407784,-0.586311,4.218547,-0.251703,3.791027,0.039478,3.203592,0.290531,2.511073,0.515487,1.759199,0.704488,0.960996,0.864859,0.156948,1.025096,-0.58895,1.245317,-1.210276,1.578606,-1.718554,2.057362,-2.123436,2.6812,-2.401937,3.393172,-2.510762,4.107092,-2.440336,4.74015,-2.1732,5.21955,-1.739914,5.449371,-1.187484,5.339552,-0.586862,4.857492,-0.015242,4.107302,0.451177,3.294543,0.740254,2.484085,0.830333,1.664303,0.728918,0.760838,0.504035,-0.278589,0.24274,-1.436779,0.005261,-2.66232,-0.160418,-3.860351,-0.214109,-4.933894,-0.197966,-5.80681,-0.181801,-6.458378,-0.228746,-6.865794,-0.293383,-6.988233,-0.281324,-6.743644,-0.190082,-6.133557,-0.022936,-5.239678,0.177373,-4.187035,0.346079,-3.067757,0.421011,-1.890094,0.390117,-0.719215,0.299248,0.246979,0.194512,0.892506,0.095352,1.24493,0.019972,1.392313,-0.008535,1.394509,0.003799,1.285352,0.032549,1.096859,0.062294,0.866212,0.08245,0.647643,0.079396,0.476806,0.056244,0.363448,0.024748,0.296984,-0.006631,0.258373,-0.031584,0.242679,-0.053452,0.225642,-0.06125,0.189042,-0.057069,0.12342,-0.041871,0.040623,-0.030796,-0.050353
7,-0.005319,0.010209,0.003079,0.038203,-0.003164,0.059226,-0.020992,0.062263,-0.044708,0.050963,-0.062803,0.032585,-0.060433,0.015178,-0.039508,0.01074,-0.006381,0.019968,0.028861,0.038585,0.053567,0.048681,0.066407,0.048294,0.069235,0.035113,0.071337,0.015633,0.073688,-0.011398,0.075532,-0.042726,0.074446,-0.080203,0.063941,-0.123116,0.004992,-0.219228,-0.151728,-0.430825,-0.445778,-0.791643,-0.887101,-1.251483,-1.398386,-1.735205,-1.892042,-2.128865,-2.311738,-2.399101,-2.646425,-2.563605,-2.858711,-2.643152,-2.926011,-2.641241,-2.795668,-2.582139,-2.425353,-2.473895,-1.81295,-2.29265,-0.999899,-2.049334,-0.040214,-1.801787,0.992883,-1.598524,2.020496,-1.44071,2.958513,-1.28798,3.721762,-1.10297,4.24218,-0.869522,4.470079,-0.603535,4.406813,-0.341269,4.067925,-0.070358,3.480932,0.222717,2.727842,0.521972,1.890916,0.779003,1.054267,0.966501,0.27111,1.115765,-0.410119,1.33416,-0.979348,1.696154,-1.474089,2.220589,-1.876839,2.829236,-2.136081,3.43584,-2.215657,4.016463,-2.10306,4.508698,-1.805786,4.820869,-1.382203,4.885168,-0.916904,4.68314,-0.479161,4.267008,-0.128973,3.692239,0.127173,3.01955,0.304936,2.283075,0.390334,1.50426,0.381601,0.647465,0.284418,-0.33119,0.111529,-1.426431,-0.117745,-2.580197,-0.334559,-3.735696,-0.470309,-4.782387,-0.522808,-5.652617,-0.516409,-6.315972,-0.499888,-6.70177,-0.451601,-6.715072,-0.325253,-6.346232,-0.143213,-5.698503,0.054762,-4.860588,0.23586,-3.842457,0.368785,-2.635153,0.440035,-1.327938,0.455405,-0.140507,0.42838,0.711795,0.367784,1.190503,0.288875,1.398169,0.214585,1.412521,0.155944,1.301054,0.121243,1.12159,0.114407,0.93733,0.125385,0.792362,0.128339,0.693845,0.111831,0.620291,0.083198,0.561557,0.053371,0.517876,0.029737,0.482285,0.00475,0.439376,-0.011676,0.368135,-0.009872,0.260255,0.009335,0.124169,0.031085,-0.011205,0.039912,-0.131627,0.030476,-0.216265,0.007287,-0.250575,-0.02948,-0.233535
7,0.041964,0.075831,0.030029,0.086306,0.021018,0.093385,0.015936,0.095903,0.010798,0.097364,0.007172,0.091242,0.004984,0.076469,0.009875,0.056863,0.017585,0.032749,0.022417,0.013133,0.032167,0.001649,0.03994,0.005267,0.041874,0.015778,0.035148,0.024872,0.022045,0.0345,0.014007,0.040493,0.014031,0.040485,0.023152,0.034382,0.039616,0.026569,0.057406,0.021792,0.077948,0.024204,0.094534,0.030129,0.107098,0.038468,0.1063,0.040497,0.094377,0.026512,0.071885,0.002906,0.039548,-0.034649,-0.009753,-0.084604,-0.082539,-0.138091,-0.200085,-0.221403,-0.419118,-0.337706,-0.770609,-0.52669,-1.226807,-0.782323,-1.707533,-1.081307,-2.125343,-1.376653,-2.45374,-1.651487,-2.688813,-1.874187,-2.815031,-2.013093,-2.755896,-2.052598,-2.420247,-1.976671,-1.833726,-1.778854,-1.070197,-1.527066,-0.170007,-1.318637,0.793522,-1.218342,1.694204,-1.202986,2.454122,-1.194358,3.058289,-1.09201,3.486915,-0.885111,3.719588,-0.624939,3.76388,-0.370812,3.658206,-0.189707,3.463347,-0.110174,3.228716,-0.144935,2.90829,-0.254583,2.415066,-0.325272,1.734607,-0.246892,0.973004,-0.003346,0.2443,0.344933,-0.367258,0.757547,-0.843742,1.228402,-1.251668,1.756271,-1.641416,2.344571,-1.97071,2.982242,-2.186152,3.61667,-2.259494,4.145849,-2.180961,4.451699,-1.917375,4.468659,-1.499969,4.236452,-0.976384,3.811716,-0.448026,3.275716,-0.012608,2.71648,0.28032,2.169549,0.411031,1.625777,0.421016,1.043669,0.373842,0.374456,0.296064,-0.388277,0.165299,-1.237527,0.012613,-2.157679,-0.10759,-3.080871,-0.176751,-3.860272,-0.251857,-4.365716,-0.362777,-4.553128,-0.501083,-4.358027,-0.596026,-3.749575,-0.615892,-2.746588,-0.549875,-1.509961,-0.40909,-0.361461,-0.215093,0.39856,0.001429,0.658947,0.173702,0.520502,0.274585,0.177677,0.304123,-0.154872,0.260281,-0.312326,0.160621,-0.250446,0.059836,-0.037533,-0.016945,0.218652,-0.054525,0.413528,-0.052979,0.492472,-0.032136,0.445087,-0.014205,0.301835
7,0.018651,0.063121,0.006209,0.045538,-0.008191,0.007804,-0.02029,-0.026849,-0.017617,-0.04083,-0.005463,-0.031743,0.008699,0.005013,0.025446,0.057678,0.051842,0.111047,0.076704,0.147368,0.090279,0.161643,0.094809,0.16023,0.09354,0.148411,0.089709,0.13039,0.083749,0.115737,0.080081,0.10526,0.083939,0.095502,0.090047,0.087743,0.099501,0.08188,0.112259,0.079055,0.128898,0.068593,0.143162,0.052823,0.147485,0.029883,0.129935,-0.001608,0.100893,-0.044101,0.047594,-0.112677,-0.039648,-0.214974,-0.191572,-0.361719,-0.42981,-0.540276,-0.763669,-0.7486,-1.168778,-0.987901,-1.607174,-1.273752,-2.050002,-1.59487,-2.465335,-1.937097,-2.795905,-2.246631,-2.97584,-2.466916,-2.920947,-2.5686,-2.563244,-2.580851,-1.874354,-2.508337,-0.88327,-2.322579,0.305106,-2.07858,1.538528,-1.823169,2.696359,-1.553402,3.66629,-1.232641,4.35846,-0.828602,4.690125,-0.396342,4.65157,0.020298,4.296364,0.405019,3.684767,0.739338,2.908881,0.987394,2.035039,1.152706,1.119934,1.264145,0.207094,1.365388,-0.636222,1.526335,-1.33505,1.798627,-1.857247,2.203907,-2.195998,2.717368,-2.354957,3.292023,-2.319571,3.825966,-2.079802,4.175505,-1.650614,4.274196,-1.132974,4.091631,-0.642847,3.682704,-0.272062,3.128508,-0.036569,2.519109,0.082125,1.892193,0.126353,1.241549,0.142698,0.512097,0.147355,-0.325256,0.17435,-1.269796,0.24294,-2.261526,0.321827,-3.21968,0.350069,-4.09489,0.295597,-4.813199,0.150906,-5.349773,-0.053209,-5.645864,-0.265919,-5.631218,-0.432531,-5.331965,-0.493186,-4.849481,-0.437432,-4.256487,-0.295394,-3.611372,-0.125269,-2.876168,0.02717,-2.030343,0.136438,-1.163141,0.183377,-0.431608,0.181317,0.08534,0.147303,0.396215,0.103503,0.56095,0.078796,0.590708,0.077461,0.504285,0.084078,0.359832,0.067992,0.232682,0.019556,0.165141,-0.051259,0.156644,-0.117412,0.192578,-0.154062,0.2597,-0.160186,0.338862,-0.138829,0.392014,-0.108072,0.3968,-0.083399,0.34103
7,-0.045076,0.038942,-0.046277,0.056002,-0.023868,0.065508,0.0219,0.077019,0.082666,0.089289,0.135598,0.10453,0.16667,0.123184,0.178287,0.143543,0.174634,0.157717,0.164927,0.160441,0.153138,0.14567,0.132241,0.107378,0.094084,0.039496,0.031227,-0.05972,-0.062808,-0.216783,-0.208787,-0.45763,-0.458314,-0.802658,-0.847618,-1.209064,-1.34304,-1.599769,-1.872523,-1.905436,-2.378283,-2.11237,-2.788117,-2.236507,-2.995017,-2.277678,-2.913688,-2.216897,-2.535182,-2.056791,-1.924877,-1.845521,-1.118158,-1.637908,-0.123061,-1.485041,0.960388,-1.400953,2.02705,-1.359524,2.967694,-1.338025,3.671132,-1.296499,4.08537,-1.209352,4.223843,-1.052544,4.130132,-0.834957,3.85483,-0.597272,3.42415,-0.334682,2.848084,-0.054045,2.140308,0.255061,1.352886,0.599072,0.572854,0.995592,-0.117639,1.443128,-0.692048,1.994501,-1.152984,2.657426,-1.504222,3.333112,-1.717106,3.906222,-1.741671,4.28225,-1.588077,4.38517,-1.331433,4.198588,-1.042178,3.81135,-0.787496,3.316641,-0.607659,2.793934,-0.525578,2.256658,-0.530313,1.695701,-0.585454,1.094764,-0.609991,0.44841,-0.541391,-0.234771,-0.391536,-0.973284,-0.194003,-1.781584,0.019011,-2.626831,0.205842,-3.457393,0.313199,-4.202975,0.330212,-4.809609,0.276532,-5.200539,0.211007,-5.354033,0.160959,-5.275344,0.154345,-4.956359,0.21832,-4.421434,0.344638,-3.775031,0.468236,-3.132345,0.532257,-2.499666,0.516549,-1.842241,0.445449,-1.181037,0.349011,-0.588136,0.221461,-0.074602,0.078806,0.366601,-0.043355,0.719775,-0.122946,0.931643,-0.151262,0.987135,-0.142499,0.924012,-0.121721,0.814061,-0.096814,0.699142,-0.056071,0.594469,-0.000183,0.510643,0.054355,0.464104,0.083001,0.456523,0.081493,0.47888,0.057891,0.506336,0.030795,0.523797,0.006528,0.513706,0.005054,0.475044,0.012104,0.410548,0.017414,0.325481,0.009158,0.219566,-0.014721,0.10115,-0.049002,-0.002344,-0.068249,-0.05917,-0.058132,-0.063375,-0.02839,-0.023567,0.001107,0.047246
7,-0.017925,0.03589,-0.040062,0.020273,-0.055451,0.012687,-0.049909,0.009852,-0.018281,0.014511,0.031268,0.034661,0.087537,0.063962,0.131534,0.101576,0.153702,0.13496,0.152304,0.158847,0.133118,0.165438,0.107663,0.15571,0.087206,0.132693,0.071471,0.099492,0.069557,0.064077,0.08454,0.029713,0.106357,0.004286,0.111241,-0.006201,0.083808,-0.011031,0.021736,-0.042407,-0.072628,-0.123705,-0.209698,-0.288949,-0.429226,-0.535013,-0.756089,-0.833065,-1.193175,-1.141679,-1.68592,-1.410052,-2.159506,-1.634986,-2.556905,-1.838436,-2.818964,-1.987107,-2.898438,-2.036929,-2.738985,-1.958379,-2.300782,-1.786257,-1.611782,-1.582669,-0.70679,-1.395523,0.322396,-1.257869,1.364299,-1.152109,2.294806,-1.008854,3.015692,-0.801604,3.48949,-0.549517,3.704646,-0.289646,3.684887,-0.052309,3.485706,0.129909,3.13817,0.286523,2.663969,0.426345,2.091353,0.559277,1.438538,0.688617,0.766207,0.827452,0.12459,0.99522,-0.460752,1.21676,-0.968171,1.514381,-1.38335,1.930319,-1.668365,2.454582,-1.805066,3.048893,-1.785752,3.632113,-1.60797,4.089491,-1.301922,4.306349,-0.921045,4.218327,-0.541214,3.81032,-0.215101,3.113565,0.035639,2.20905,0.176324,1.219076,0.198273,0.254335,0.149933,-0.620473,0.06784,-1.427735,0.00221,-2.260756,-0.01729,-3.127286,-0.012885,-3.969265,-0.002283,-4.688504,-0.03122,-5.132169,-0.101079,-5.174843,-0.150152,-4.822816,-0.122839,-4.242807,-0.003986,-3.594317,0.143477,-2.919966,0.254623,-2.24877,0.311573,-1.611727,0.308688,-1.038962,0.263272,-0.558022,0.19026,-0.149838,0.110905,0.1944,0.041064,0.451036,-0.000519,0.603754,-0.010624,0.661932,-0.002491,0.672775,0.010775,0.67201,0.027307,0.671257,0.044717,0.664087,0.059775,0.643023,0.071899,0.605902,0.072577,0.555765,0.077899,0.488624,0.097275,0.40561,0.116226,0.325663,0.124075,0.242355,0.118668,0.147288,0.103169,0.051206,0.075548,-0.021326,0.031859,-0.048998,-0.013902,-0.034028,-0.047885,0.002236
7,0.00015,0.018216,-0.018983,0.01956,-0.042082,0.023543,-0.060054,0.025755,-0.06129,0.033321,-0.04539,0.040926,-0.021817,0.041228,0.003791,0.040277,0.018482,0.037421,0.010212,0.030916,-0.007556,0.017014,-0.025208,-0.004382,-0.040503,-0.041073,-0.04724,-0.086337,-0.044491,-0.133891,-0.018,-0.155406,0.020994,-0.145125,0.057441,-0.12906,0.069957,-0.132644,0.036098,-0.164024,-0.066447,-0.228842,-0.260766,-0.328973,-0.554485,-0.470037,-0.933271,-0.670165,-1.371323,-0.911053,-1.79829,-1.183616,-2.166011,-1.460346,-2.44822,-1.720433,-2.561458,-1.938881,-2.42948,-2.070001,-2.056895,-2.053982,-1.467397,-1.918575,-0.666963,-1.734649,0.314364,-1.569866,1.383407,-1.400924,2.439623,-1.173577,3.357537,-0.892188,3.985579,-0.594434,4.235389,-0.339864,4.121773,-0.150147,3.731117,-0.025975,3.166246,0.050667,2.504633,0.121605,1.780976,0.249684,1.022655,0.470825,0.284649,0.760775,-0.377308,1.084942,-0.924443,1.431065,-1.379937,1.806044,-1.763618,2.208169,-2.010772,2.627491,-2.082321,3.065694,-2.000356,3.468451,-1.794949,3.78914,-1.456593,3.987761,-1.040976,4.0613,-0.628235,4.012782,-0.282505,3.796356,-0.038432,3.364009,0.112301,2.692742,0.203481,1.78601,0.280479,0.726124,0.328805,-0.335578,0.367813,-1.286894,0.385239,-2.129085,0.381967,-2.943475,0.319222,-3.753365,0.193241,-4.517621,0.009871,-5.153417,-0.194944,-5.51359,-0.396004,-5.455755,-0.514272,-5.046813,-0.500139,-4.463389,-0.399918,-3.809285,-0.276192,-3.078754,-0.158497,-2.211619,-0.043216,-1.260094,0.079562,-0.419353,0.193219,0.133235,0.271357,0.423002,0.298929,0.569288,0.286932,0.633539,0.24584,0.629437,0.201587,0.588409,0.162667,0.554891,0.131203,0.561769,0.096143,0.589134,0.053241,0.60096,0.011193,0.577829,-0.014938,0.531929,-0.019508,0.469333,-0.015421,0.385114,-0.018951,0.28413,-0.029433,0.181297,-0.038487,0.093313,-0.054381,0.022672,-0.077093,-0.032792,-0.09564,-0.067153,-0.115495,-0.083366,-0.128521,-0.090333
7,-0.004868,-0.01255,0.010275,-0.007948,0.015996,0.000315,0.012435,0.015403,-0.006263,0.025858,-0.032657,0.031324,-0.04735,0.036253,-0.043873,0.042482,-0.027783,0.044943,-8.7e-05,0.044748,0.025342,0.04145,0.040147,0.038619,0.042295,0.038497,0.032859,0.041048,0.02083,0.034153,0.013891,0.022766,0.016466,0.009847,0.031727,-0.004785,0.049981,-0.022808,0.059555,-0.042588,0.046369,-0.068596,-0.006905,-0.106204,-0.124265,-0.156935,-0.35389,-0.231184,-0.707338,-0.345309,-1.13675,-0.515355,-1.573813,-0.721272,-1.939084,-0.91455,-2.214827,-1.034307,-2.412999,-1.07485,-2.507425,-1.077312,-2.441901,-1.069599,-2.187093,-1.045311,-1.777041,-1.011829,-1.242531,-0.99029,-0.563786,-0.990689,0.304728,-1.014075,1.332252,-1.041249,2.406941,-1.027543,3.352369,-0.950144,4.002204,-0.811935,4.257559,-0.668411,4.123358,-0.526579,3.68216,-0.333761,3.065147,-0.088745,2.366093,0.164328,1.634589,0.391317,0.919424,0.590881,0.246206,0.774301,-0.369799,0.967477,-0.925493,1.190861,-1.406616,1.459259,-1.760466,1.791086,-1.964379,2.207752,-2.021988,2.732275,-1.932101,3.287934,-1.708759,3.750453,-1.356116,4.01301,-0.907325,4.026674,-0.427746,3.805054,-0.015237,3.399122,0.264125,2.855317,0.405542,2.206001,0.441652,1.472639,0.421013,0.69024,0.393691,-0.105435,0.382326,-0.901716,0.380709,-1.728773,0.351446,-2.612894,0.244246,-3.499035,0.056186,-4.293052,-0.156185,-4.906607,-0.312734,-5.212968,-0.35173,-5.147788,-0.249904,-4.800491,-0.056113,-4.365304,0.15973,-3.95628,0.345656,-3.518043,0.46118,-2.900882,0.485591,-2.067654,0.421996,-1.127453,0.288329,-0.27557,0.137931,0.358578,0.027792,0.77744,-6e-05,1.04192,0.046328,1.168539,0.11986,1.147174,0.178697,0.991634,0.188634,0.764437,0.145745,0.555359,0.060333,0.430283,-0.027085,0.39809,-0.091287,0.424703,-0.116872,0.446939,-0.108775,0.444737,-0.084564,0.412142,-0.051174,0.348172,-0.012998,0.255094,0.023315,0.148138,0.040458,0.048299
7,-0.012305,0.029994,0.00172,0.042548,0.026224,0.045374,0.047413,0.038667,0.059954,0.022483,0.057547,0.004388,0.042365,-0.012423,0.02078,-0.030152,0.002541,-0.04155,0.002612,-0.039419,0.021962,-0.025875,0.051987,-0.010411,0.085297,0.008045,0.109144,0.026391,0.112859,0.041802,0.085473,0.045346,0.024753,0.038548,-0.083418,0.018214,-0.239086,-0.034023,-0.443288,-0.142,-0.700808,-0.316146,-0.992435,-0.551912,-1.271753,-0.818678,-1.519859,-1.078735,-1.727951,-1.312183,-1.886342,-1.505452,-1.980285,-1.64779,-1.990425,-1.733021,-1.900595,-1.775185,-1.690637,-1.77511,-1.341851,-1.716354,-0.827041,-1.591931,-0.123444,-1.421627,0.745985,-1.210037,1.698928,-0.991693,2.631077,-0.791856,3.403602,-0.627788,3.902984,-0.502385,4.103096,-0.408842,4.007013,-0.340769,3.679548,-0.290089,3.189457,-0.252701,2.591976,-0.210184,1.917017,-0.12491,1.176649,0.031756,0.410447,0.286319,-0.327259,0.653514,-0.963758,1.127895,-1.473462,1.675654,-1.835394,2.270359,-2.026329,2.872608,-2.018909,3.478836,-1.799734,4.054498,-1.38754,4.491249,-0.845875,4.685983,-0.311411,4.630871,0.108306,4.345596,0.377238,3.892057,0.496673,3.318406,0.518374,2.649628,0.4868,1.864512,0.40859,0.99305,0.295809,0.087944,0.152752,-0.806966,-0.034692,-1.666395,-0.26606,-2.535413,-0.523004,-3.414495,-0.74938,-4.236855,-0.929778,-4.944338,-1.059857,-5.499725,-1.117819,-5.79831,-1.082755,-5.725556,-0.967689,-5.329891,-0.807715,-4.722682,-0.644308,-4.00489,-0.490763,-3.193134,-0.336072,-2.294688,-0.178837,-1.37355,-0.045814,-0.564337,0.049688,0.037356,0.111858,0.398894,0.158717,0.582759,0.212327,0.637529,0.267721,0.601636,0.300339,0.542618,0.300349,0.503642,0.268199,0.499925,0.221787,0.519266,0.166789,0.533739,0.117528,0.518274,0.078206,0.457881,0.042254,0.36668,0.016958,0.266616,0.004664,0.159598,-0.001367,0.057609,-0.006607,-0.025239,-0.009134,-0.075194,-0.006624,-0.089175,-0.012519,-0.079287,-0.026335,-0.057277
7,0.010134,-0.012149,0.013066,0.030312,0.006864,0.056146,-0.007704,0.06216,-0.017356,0.060493,-0.019103,0.047758,-0.007289,0.028017,0.020849,0.014007,0.04832,0.008479,0.067322,0.004296,0.075885,0.004822,0.079569,0.014075,0.077185,0.028986,0.056823,0.045973,0.027684,0.058176,-0.009483,0.061261,-0.046078,0.055721,-0.082218,0.037376,-0.131053,0.000777,-0.226856,-0.068729,-0.397902,-0.178445,-0.657236,-0.307826,-0.992861,-0.435958,-1.38432,-0.569919,-1.789492,-0.737487,-2.156367,-0.947001,-2.430933,-1.189216,-2.539148,-1.407641,-2.450829,-1.576727,-2.172881,-1.680062,-1.748886,-1.729262,-1.203333,-1.735689,-0.561845,-1.670551,0.165002,-1.504356,0.934658,-1.244118,1.702712,-0.939517,2.448123,-0.648315,3.147171,-0.428335,3.736922,-0.298582,4.139058,-0.262434,4.27618,-0.28131,4.124535,-0.311729,3.705941,-0.321462,3.062418,-0.243764,2.263455,-0.055868,1.42621,0.211663,0.633842,0.495616,-0.053815,0.758783,-0.613862,1.004431,-1.048007,1.262863,-1.392083,1.574797,-1.632633,1.956652,-1.749852,2.411489,-1.778745,2.933424,-1.719834,3.4563,-1.57173,3.894036,-1.375401,4.166846,-1.169192,4.219604,-0.982846,4.055328,-0.837684,3.693998,-0.740179,3.183559,-0.683703,2.574811,-0.629655,1.902233,-0.525301,1.191554,-0.355818,0.452924,-0.163535,-0.299075,-0.002176,-1.078058,0.119829,-1.876485,0.229108,-2.675958,0.364216,-3.432135,0.532101,-4.11286,0.731276,-4.701328,0.979144,-5.144526,1.247815,-5.366807,1.419572,-5.339376,1.418445,-5.088504,1.223987,-4.644079,0.888618,-4.006181,0.513037,-3.214156,0.158392,-2.344388,-0.125967,-1.499725,-0.310287,-0.777098,-0.403968,-0.221835,-0.425192,0.17498,-0.410074,0.44941,-0.36633,0.619961,-0.297009,0.694036,-0.20503,0.683425,-0.093779,0.609774,0.008765,0.502329,0.076957,0.405245,0.096179,0.35157,0.065327,0.334136,-0.010897,0.342534,-0.0907,0.357043,-0.137582,0.357053,-0.143285,0.328206,-0.123875,0.26434,-0.094016,0.172078,-0.067665,0.074209
7,-0.025343,-0.036323,-0.009465,-0.018151,0.004216,0.006413,0.016862,0.029893,0.018964,0.044779,0.01581,0.047941,0.01375,0.047915,0.017025,0.040442,0.019204,0.029768,0.021319,0.01485,0.025563,0.007374,0.035135,0.005216,0.042557,-0.005414,0.042537,-0.017107,0.033987,-0.025632,0.010465,-0.035173,-0.043065,-0.056026,-0.138779,-0.1088,-0.323543,-0.20519,-0.630892,-0.344097,-1.028901,-0.52689,-1.461321,-0.761594,-1.855267,-1.043263,-2.17936,-1.331088,-2.428269,-1.591983,-2.585829,-1.789809,-2.61905,-1.891458,-2.463071,-1.885436,-2.078783,-1.777461,-1.468435,-1.598733,-0.643125,-1.386802,0.344286,-1.193905,1.406883,-1.073447,2.440875,-1.016685,3.338613,-0.956019,4.010543,-0.85133,4.3866,-0.704869,4.421653,-0.514228,4.142932,-0.309571,3.609325,-0.100472,2.922828,0.098618,2.16341,0.284679,1.384481,0.460617,0.628428,0.647458,-0.068858,0.855861,-0.662614,1.082933,-1.144617,1.358771,-1.561055,1.748662,-1.916913,2.254048,-2.179142,2.852633,-2.307091,3.469954,-2.293578,4.036451,-2.160864,4.480429,-1.954115,4.725403,-1.710282,4.698646,-1.489242,4.3406,-1.303657,3.689431,-1.130999,2.868121,-0.934551,1.978576,-0.695546,1.093228,-0.406682,0.271046,-0.081977,-0.473316,0.237296,-1.154516,0.517461,-1.823909,0.767176,-2.505533,1.014504,-3.204449,1.276561,-3.892399,1.529647,-4.525362,1.723704,-5.017055,1.819895,-5.285219,1.80916,-5.264269,1.695096,-4.967245,1.548877,-4.479889,1.403404,-3.881364,1.215689,-3.194206,0.933772,-2.38035,0.591624,-1.458389,0.264026,-0.529764,0.003045,0.266766,-0.185298,0.838441,-0.324083,1.209549,-0.424056,1.417597,-0.470198,1.47134,-0.437678,1.387941,-0.338366,1.213982,-0.211508,1.021637,-0.086385,0.865046,0.017236,0.755151,0.074517,0.665792,0.078697,0.576248,0.038128,0.486128,-0.027729,0.40469,-0.086378,0.32461,-0.123119,0.230488,-0.132398,0.117295,-0.122418,-0.001499,-0.09087,-0.104572,-0.050135,-0.173278,-0.020383,-0.204126,-0.010958,-0.201653
7,-0.011573,0.006623,0.003533,0.01696,0.019647,0.025165,0.034551,0.025959,0.046014,0.012972,0.048986,0.001179,0.047771,-0.006302,0.0371,-0.007195,0.02116,-0.005796,0.011654,-0.002397,0.011961,0.010355,0.019743,0.02292,0.032932,0.037451,0.038543,0.045766,0.022344,0.036622,-0.014319,0.019594,-0.076827,-0.004932,-0.185064,-0.049384,-0.377527,-0.141831,-0.695973,-0.27421,-1.122431,-0.435798,-1.600289,-0.646098,-2.05592,-0.919648,-2.441844,-1.241149,-2.728286,-1.533974,-2.868982,-1.729914,-2.761478,-1.822571,-2.306753,-1.857202,-1.538839,-1.851536,-0.509671,-1.797501,0.689637,-1.683988,1.919556,-1.539064,3.01227,-1.368297,3.82159,-1.151596,4.286851,-0.866351,4.400416,-0.532997,4.199907,-0.183697,3.757241,0.127657,3.146932,0.342519,2.442955,0.44195,1.720587,0.459772,1.024288,0.469196,0.353423,0.540027,-0.279292,0.704218,-0.849503,0.975908,-1.349472,1.353118,-1.772432,1.773431,-2.081769,2.181996,-2.246745,2.582976,-2.249449,3.007807,-2.087736,3.414629,-1.755554,3.764153,-1.267796,3.978534,-0.719496,3.975093,-0.228806,3.758879,0.135512,3.385788,0.342218,2.913398,0.402044,2.38251,0.37748,1.794161,0.326873,1.1299,0.274558,0.375917,0.211247,-0.466522,0.109008,-1.388036,-0.022376,-2.357989,-0.14153,-3.293975,-0.252798,-4.09378,-0.330729,-4.730754,-0.333277,-5.278101,-0.247039,-5.753247,-0.120592,-6.004574,-0.022975,-5.773243,0.006756,-4.994775,0.020152,-3.905299,0.052052,-2.760349,0.09414,-1.683027,0.113419,-0.737067,0.111236,0.011457,0.100553,0.503605,0.08957,0.754148,0.082767,0.807516,0.078167,0.724425,0.074315,0.574151,0.072124,0.433401,0.074791,0.345687,0.069309,0.326855,0.041515,0.370458,0.006272,0.444472,-0.018416,0.510311,-0.038079,0.549227,-0.055057,0.534695,-0.060366,0.452068,-0.047393,0.311338,-0.019511,0.126535,0.012245,-0.045856,0.040343,-0.172023,0.048744,-0.241,0.027526,-0.24348,-0.008938,-0.195717,-0.046563,-0.119154,-0.081036,-0.040759
7,-0.017247,-0.010283,0.009731,0.007248,0.042171,0.031042,0.068013,0.044311,0.070129,0.043184,0.048316,0.019181,0.017835,-0.012095,-0.00838,-0.042396,-0.02817,-0.069626,-0.037324,-0.096016,-0.047732,-0.127677,-0.071064,-0.162189,-0.116069,-0.206717,-0.200995,-0.26384,-0.331442,-0.339541,-0.515666,-0.451232,-0.749621,-0.604051,-1.025856,-0.79239,-1.34169,-1.00356,-1.670559,-1.228836,-1.970231,-1.456465,-2.201963,-1.674313,-2.29704,-1.852233,-2.195172,-1.962644,-1.913585,-1.974449,-1.540723,-1.914485,-1.136251,-1.802221,-0.710604,-1.670225,-0.262522,-1.531483,0.199747,-1.402455,0.675566,-1.281707,1.141958,-1.184195,1.589601,-1.126752,2.033348,-1.12141,2.446378,-1.13069,2.774729,-1.094844,2.971987,-0.98356,3.037009,-0.786553,2.945905,-0.50345,2.695905,-0.177598,2.32393,0.148003,1.900748,0.453836,1.483228,0.751453,1.089512,1.026098,0.734287,1.230306,0.420677,1.336361,0.133918,1.361915,-0.155992,1.360881,-0.470974,1.395285,-0.794159,1.502612,-1.076197,1.703035,-1.283389,1.990966,-1.403331,2.325244,-1.426772,2.654029,-1.352075,2.913803,-1.191325,3.06469,-0.998008,3.117237,-0.830845,3.074717,-0.703268,2.948957,-0.627993,2.769542,-0.602221,2.542551,-0.601769,2.261422,-0.555326,1.909606,-0.434407,1.473039,-0.254712,0.935278,-0.06367,0.346511,0.089449,-0.23983,0.188198,-0.785439,0.239837,-1.307474,0.262392,-1.872363,0.255204,-2.51042,0.204959,-3.200854,0.130056,-3.885267,0.06809,-4.498085,0.032903,-4.936361,0.014207,-5.112763,-0.035386,-4.970889,-0.123259,-4.551611,-0.212214,-3.947773,-0.270905,-3.256317,-0.275329,-2.558892,-0.224121,-1.918035,-0.129565,-1.348502,-0.021068,-0.877966,0.066812,-0.485467,0.093117,-0.136587,0.063743,0.167788,0.010494,0.379856,-0.032927,0.484618,-0.048975,0.500968,-0.036149,0.467934,-0.004806,0.419505,0.03784,0.372731,0.06825,0.328229,0.078033,0.286394,0.060873,0.246428,0.029847,0.208955,-0.00034,0.15969,-0.022347,0.089951,-0.041444,0.003093
7,0.048916,0.0151,0.050319,0.003265,0.035449,0.004186,0.016658,0.010695,0.000379,0.023434,-0.006425,0.03451,-0.005252,0.036567,0.002353,0.039306,0.01203,0.040862,0.026299,0.047466,0.042659,0.05285,0.055229,0.048871,0.060751,0.034687,0.052438,0.003209,0.02904,-0.048669,-0.02267,-0.130853,-0.106965,-0.247557,-0.250243,-0.393085,-0.479451,-0.571,-0.79544,-0.760651,-1.170947,-0.936218,-1.578975,-1.094394,-1.966419,-1.244804,-2.278549,-1.393103,-2.450505,-1.509623,-2.41538,-1.574142,-2.187022,-1.574814,-1.819988,-1.523031,-1.351394,-1.436074,-0.824856,-1.300322,-0.279946,-1.116894,0.238081,-0.922674,0.679799,-0.737495,1.000095,-0.567976,1.206822,-0.412228,1.345141,-0.277188,1.488946,-0.186163,1.715392,-0.157713,2.060134,-0.182446,2.44114,-0.225461,2.716079,-0.235043,2.780344,-0.191614,2.616624,-0.10432,2.264168,0.022839,1.802186,0.168012,1.315168,0.314476,0.864477,0.459646,0.486938,0.598389,0.202691,0.736683,0.003958,0.86682,-0.128181,0.940193,-0.213863,0.957177,-0.287486,0.974162,-0.384273,1.040769,-0.484582,1.177951,-0.559621,1.402951,-0.595634,1.735646,-0.595473,2.136781,-0.571497,2.515638,-0.539213,2.776524,-0.507881,2.855761,-0.48083,2.743784,-0.452373,2.474006,-0.41252,2.101561,-0.358925,1.674302,-0.304877,1.237928,-0.273564,0.850362,-0.260237,0.544519,-0.253227,0.288781,-0.249228,0.03899,-0.252765,-0.238725,-0.260526,-0.543106,-0.261452,-0.854997,-0.245095,-1.153279,-0.194841,-1.457835,-0.111977,-1.778509,-0.035139,-2.143404,0.021304,-2.56263,0.072212,-3.025427,0.131891,-3.461215,0.197062,-3.792248,0.248793,-3.947264,0.253312,-3.854608,0.184718,-3.489334,0.063819,-2.933437,-0.058106,-2.318663,-0.134242,-1.761281,-0.142697,-1.29856,-0.105843,-0.920302,-0.046723,-0.594602,0.015656,-0.289116,0.061663,0.002971,0.084436,0.246253,0.08742,0.399397,0.084559,0.446888,0.076007,0.4113,0.055803,0.345817,0.030689,0.286785,0.000674,0.24268,-0.027591,0.210331
7,0.022278,0.101117,0.028573,0.079875,0.038133,0.057587,0.049899,0.031056,0.060593,0.015173,0.072271,0.017433,0.083875,0.024114,0.083937,0.011672,0.06317,-0.023478,0.026926,-0.075078,-0.028031,-0.14213,-0.116693,-0.225939,-0.244409,-0.322369,-0.411124,-0.433583,-0.603661,-0.580544,-0.816,-0.775173,-1.039893,-1.035823,-1.292394,-1.341123,-1.555262,-1.654624,-1.79017,-1.923241,-1.979713,-2.090743,-2.100932,-2.13467,-2.092512,-2.069724,-1.917469,-1.91908,-1.589023,-1.707534,-1.134205,-1.474357,-0.585589,-1.254759,0.012949,-1.05671,0.605994,-0.87324,1.128958,-0.676161,1.554618,-0.480766,1.90423,-0.310142,2.184962,-0.17738,2.382801,-0.099782,2.487907,-0.080493,2.51518,-0.107109,2.481356,-0.138284,2.422349,-0.140073,2.321027,-0.088991,2.14328,0.031317,1.865475,0.200636,1.513092,0.389483,1.124915,0.564945,0.734125,0.727945,0.373674,0.881496,0.05974,1.044467,-0.219789,1.242926,-0.488562,1.521597,-0.75754,1.889926,-0.986262,2.29931,-1.138245,2.667199,-1.207756,2.938244,-1.223226,3.094944,-1.195926,3.157058,-1.131186,3.121619,-1.039839,3.000177,-0.925604,2.827517,-0.799493,2.637697,-0.655203,2.40916,-0.513318,2.132228,-0.377355,1.787872,-0.246891,1.376894,-0.12235,0.898478,-0.018323,0.380565,0.062654,-0.133669,0.111357,-0.633735,0.12705,-1.143414,0.134515,-1.693254,0.136919,-2.283049,0.131135,-2.873595,0.128979,-3.398063,0.131491,-3.810591,0.122258,-4.080158,0.09164,-4.201952,0.044041,-4.191567,-0.032124,-4.052601,-0.127975,-3.808167,-0.222585,-3.499525,-0.294453,-3.133873,-0.323212,-2.677146,-0.306069,-2.12559,-0.237207,-1.518461,-0.127415,-0.929062,-0.004082,-0.414051,0.09181,-0.001698,0.142684,0.303918,0.142872,0.509049,0.10108,0.613796,0.044821,0.621171,-0.014695,0.558607,-0.061084,0.467274,-0.072272,0.373272,-0.056907,0.289799,-0.039403,0.221221,-0.024829,0.166335,-0.006656,0.128617,0.006723,0.108864,0.014842,0.089992,0.014252,0.047375,0.002928,-0.022258
7,0.083055,0.110281,0.074482,0.112787,0.053213,0.113418,0.028581,0.116014,0.005496,0.11022,-0.007233,0.093378,-0.011111,0.071794,-0.002925,0.044602,0.01608,0.014926,0.038085,-0.01133,0.058612,-0.031296,0.068992,-0.043441,0.064725,-0.05973,0.048291,-0.085337,0.025036,-0.121002,-0.014876,-0.164145,-0.078411,-0.239664,-0.188375,-0.367364,-0.342548,-0.547311,-0.556161,-0.766155,-0.814654,-1.017761,-1.103606,-1.324831,-1.396913,-1.688827,-1.662795,-2.067415,-1.886693,-2.365261,-2.054541,-2.506115,-2.15138,-2.504228,-2.147043,-2.397766,-2.004298,-2.22047,-1.684522,-1.968306,-1.176511,-1.679865,-0.508978,-1.403507,0.29676,-1.189746,1.173588,-1.047078,2.018401,-0.942151,2.711648,-0.836936,3.17731,-0.693985,3.405406,-0.532555,3.424623,-0.395316,3.264132,-0.306368,2.934834,-0.226751,2.456125,-0.087717,1.887753,0.150504,1.288921,0.437208,0.721642,0.706679,0.215298,0.942018,-0.21608,1.156759,-0.582235,1.402338,-0.905481,1.740056,-1.191229,2.195683,-1.388216,2.710326,-1.459244,3.199433,-1.394225,3.594887,-1.213246,3.847455,-0.965643,3.93145,-0.691935,3.86418,-0.429336,3.689308,-0.215261,3.417953,-0.050414,3.048185,0.058673,2.576383,0.125454,2.032759,0.154368,1.427703,0.13847,0.77423,0.081564,0.103526,-0.018687,-0.568274,-0.14352,-1.2516,-0.273603,-1.977668,-0.37771,-2.740063,-0.415404,-3.490911,-0.366231,-4.132174,-0.232242,-4.638393,-0.079518,-4.970943,0.018708,-5.073367,0.048885,-4.913502,0.018612,-4.50191,-0.026546,-3.889503,-0.063452,-3.106291,-0.087792,-2.206171,-0.096452,-1.327139,-0.077347,-0.607097,-0.043654,-0.091415,-0.017076,0.256088,-0.003662,0.491664,-0.003264,0.642362,-0.006509,0.717789,0.001813,0.735445,0.024799,0.712638,0.04985,0.662101,0.062593,0.58589,0.057356,0.500775,0.027968,0.415052,-0.015434,0.333919,-0.053432,0.258684,-0.07856,0.19403,-0.100214,0.13816,-0.112076,0.093599,-0.097598,0.054083,-0.06281,0.013864,-0.035237,-0.031167,-0.024752,-0.076321
7,0.056175,0.112947,0.053065,0.116004,0.04384,0.103005,0.036734,0.087942,0.03278,0.07401,0.034056,0.063372,0.041671,0.056019,0.05997,0.047707,0.081451,0.041427,0.105145,0.024351,0.122406,-0.003624,0.128803,-0.04354,0.115628,-0.085643,0.088257,-0.125323,0.051976,-0.168872,0.003307,-0.219332,-0.08569,-0.310786,-0.261349,-0.476029,-0.559878,-0.773491,-0.950102,-1.143252,-1.346066,-1.546226,-1.685692,-1.915418,-1.947535,-2.252011,-2.123993,-2.542682,-2.19801,-2.724069,-2.155792,-2.763689,-1.983788,-2.680419,-1.70538,-2.504819,-1.319123,-2.265568,-0.777639,-1.962613,-0.055946,-1.628476,0.788867,-1.310562,1.645399,-1.032791,2.398984,-0.795406,2.985014,-0.584784,3.408134,-0.414069,3.688696,-0.289681,3.809723,-0.159965,3.751607,-0.003812,3.539218,0.146117,3.196687,0.264087,2.734713,0.345051,2.156657,0.4078,1.486348,0.474273,0.787166,0.551009,0.135037,0.638773,-0.43436,0.775552,-0.923542,1.025222,-1.363989,1.440388,-1.74966,2.005928,-2.033166,2.650214,-2.190604,3.275364,-2.213991,3.805512,-2.102626,4.189074,-1.886582,4.376721,-1.597329,4.358663,-1.270017,4.137885,-0.918209,3.739299,-0.589197,3.209944,-0.309723,2.589877,-0.068479,1.905408,0.139596,1.198775,0.302412,0.509647,0.404029,-0.146782,0.445948,-0.792672,0.414766,-1.456235,0.35148,-2.146979,0.30832,-2.834411,0.284766,-3.468101,0.256368,-4.002267,0.208815,-4.376601,0.164296,-4.551892,0.142521,-4.569188,0.118711,-4.509042,0.056211,-4.382339,-0.038117,-4.147887,-0.109073,-3.72955,-0.128902,-3.10825,-0.067834,-2.404408,0.043448,-1.742669,0.136621,-1.167044,0.167592,-0.681498,0.129252,-0.279151,0.041237,0.048903,-0.059726,0.303281,-0.132344,0.484759,-0.149957,0.594622,-0.124034,0.632455,-0.085429,0.604871,-0.039939,0.534885,0.006327,0.447696,0.037731,0.365673,0.048273,0.300222,0.033226,0.244675,0.00592,0.195711,-0.030438,0.153566,-0.057334,0.113197,-0.065658,0.06673,-0.059531,0.011702,-0.04887,-0.047275
7,0.005472,0.027393,0.009939,0.025757,0.007942,0.024461,0.001241,0.026915,0.000907,0.039724,0.005459,0.057347,0.01828,0.068351,0.036682,0.077746,0.051547,0.080276,0.058996,0.071326,0.054653,0.051565,0.039153,0.025352,0.024567,0.00034,0.018744,-0.016306,0.010877,-0.023522,0.000851,-0.030924,-0.016337,-0.042159,-0.039362,-0.060248,-0.074304,-0.088933,-0.123557,-0.125225,-0.193054,-0.173983,-0.298092,-0.246828,-0.479261,-0.348594,-0.746722,-0.488669,-1.07145,-0.660902,-1.417931,-0.878874,-1.749265,-1.13449,-2.035835,-1.411727,-2.249524,-1.715435,-2.346573,-2.021847,-2.273979,-2.27979,-1.999405,-2.455212,-1.57504,-2.533756,-1.039846,-2.488346,-0.416177,-2.303092,0.275026,-1.982665,1.007333,-1.572934,1.749015,-1.170132,2.456634,-0.849993,3.059464,-0.630535,3.502298,-0.477195,3.757557,-0.340954,3.813085,-0.201671,3.637758,-0.024877,3.247722,0.206547,2.673817,0.466563,1.970919,0.73269,1.206871,0.992584,0.46026,1.237521,-0.195556,1.458098,-0.73164,1.675019,-1.151627,1.937552,-1.482711,2.281147,-1.707122,2.700099,-1.780141,3.163793,-1.686984,3.62117,-1.452831,3.988491,-1.132248,4.201869,-0.791765,4.232329,-0.471738,4.044905,-0.196935,3.631908,0.014935,3.012051,0.174447,2.236807,0.296111,1.383125,0.373468,0.516548,0.395836,-0.331538,0.371168,-1.144402,0.31522,-1.924338,0.240296,-2.668033,0.150684,-3.368161,0.057794,-3.983492,-0.04357,-4.50298,-0.152759,-4.858907,-0.271232,-5.010097,-0.391922,-4.930727,-0.490468,-4.644239,-0.527138,-4.185806,-0.478915,-3.579533,-0.389587,-2.848218,-0.287958,-2.100082,-0.179925,-1.420858,-0.067514,-0.852566,0.021024,-0.388122,0.064275,0.001237,0.060818,0.319699,0.029745,0.55273,-0.001978,0.676114,-0.026145,0.684651,-0.036043,0.61888,-0.023031,0.516416,0.007148,0.412923,0.031003,0.332153,0.03248,0.288304,0.022174,0.268754,0.007984,0.256204,-0.001895,0.217412,-0.007141,0.156716,-0.014523,0.094727,-0.02565,0.035537,-0.038471,-0.009938
7,0.093248,0.124021,0.080317,0.142198,0.054598,0.143422,0.021265,0.132549,0.004758,0.113314,0.006249,0.089341,0.01193,0.062167,0.017416,0.054859,0.025214,0.054853,0.025113,0.043726,0.022222,0.022948,0.013152,-0.007316,-0.003542,-0.041952,-0.023322,-0.077453,-0.047245,-0.114097,-0.081247,-0.146835,-0.130044,-0.18244,-0.194369,-0.236928,-0.256214,-0.312606,-0.327843,-0.403274,-0.4442,-0.524354,-0.651991,-0.68856,-0.973544,-0.900765,-1.370216,-1.160637,-1.750563,-1.449211,-2.073204,-1.72862,-2.319099,-1.941632,-2.432655,-2.054972,-2.365551,-2.066357,-2.100112,-2.000543,-1.687369,-1.87984,-1.16848,-1.740724,-0.560973,-1.605599,0.116771,-1.490628,0.84832,-1.397459,1.609868,-1.304297,2.366816,-1.192575,3.036588,-1.048269,3.52028,-0.859129,3.75101,-0.622067,3.731802,-0.344051,3.494349,-0.066322,3.078298,0.191182,2.526372,0.442756,1.903577,0.698986,1.242553,0.960683,0.583221,1.242066,-0.051529,1.575969,-0.642774,1.992643,-1.158216,2.505649,-1.562634,3.07523,-1.812246,3.650226,-1.86346,4.164535,-1.717044,4.535345,-1.402639,4.699321,-0.990053,4.641,-0.552601,4.360006,-0.184062,3.895018,0.054107,3.294568,0.150916,2.58526,0.149373,1.789869,0.10409,0.981238,0.060788,0.231068,0.02206,-0.444559,-0.026438,-1.076932,-0.080699,-1.716802,-0.111776,-2.400626,-0.097915,-3.12737,-0.039405,-3.851201,0.026742,-4.547077,0.049784,-5.153329,-0.017026,-5.570688,-0.141322,-5.682936,-0.228671,-5.444803,-0.210958,-4.919763,-0.096975,-4.243082,0.054555,-3.58039,0.176503,-2.971955,0.223245,-2.374553,0.190632,-1.721343,0.108035,-1.01107,0.010689,-0.313791,-0.082281,0.284344,-0.150494,0.721475,-0.163464,0.970128,-0.111632,1.053287,-0.01554,1.014994,0.078213,0.901268,0.13492,0.755939,0.147045,0.612769,0.125919,0.490988,0.086614,0.403713,0.037953,0.352675,-0.008906,0.328194,-0.041847,0.300243,-0.06661,0.250155,-0.083502,0.173517,-0.085262,0.081671,-0.068094,-0.022425,-0.034032,-0.13376
7,0.134785,0.132907,0.147143,0.120179,0.156616,0.101156,0.176067,0.085623,0.202173,0.069252,0.222635,0.039083,0.225587,-0.00201,0.211111,-0.050349,0.191655,-0.098377,0.15466,-0.137751,0.0945,-0.175916,-0.000341,-0.222914,-0.137673,-0.287602,-0.31624,-0.400318,-0.54888,-0.580296,-0.858186,-0.82838,-1.286983,-1.132507,-1.790326,-1.493722,-2.25299,-1.859327,-2.599565,-2.148745,-2.802371,-2.341538,-2.835624,-2.448802,-2.679439,-2.479063,-2.362723,-2.432155,-1.913797,-2.326531,-1.332478,-2.146253,-0.579103,-1.91785,0.319881,-1.664935,1.294072,-1.41598,2.269228,-1.196855,3.144002,-1.009573,3.765512,-0.829562,4.037761,-0.625604,3.986662,-0.397724,3.695263,-0.18057,3.262199,-0.001208,2.730118,0.165319,2.13452,0.36562,1.481323,0.590734,0.814459,0.792986,0.174707,0.961968,-0.39211,1.141149,-0.877839,1.364213,-1.268789,1.637098,-1.561751,1.987008,-1.715434,2.428518,-1.713535,2.972879,-1.575922,3.611653,-1.333528,4.24628,-1.015589,4.753385,-0.673447,5.009811,-0.358475,4.965696,-0.127072,4.614262,-0.003261,4.016499,0.034604,3.259131,0.042172,2.417695,0.060576,1.533429,0.105746,0.648741,0.168978,-0.19685,0.211121,-0.982292,0.206002,-1.751745,0.172002,-2.582006,0.11858,-3.475788,0.040784,-4.35533,-0.07288,-5.168169,-0.241259,-5.84886,-0.41982,-6.288332,-0.559853,-6.354537,-0.635429,-5.987872,-0.605389,-5.273096,-0.475901,-4.356641,-0.297149,-3.361552,-0.123166,-2.370411,0.023495,-1.415946,0.132868,-0.516381,0.189726,0.253142,0.176677,0.817527,0.102691,1.186671,0.010243,1.4094,-0.056761,1.5215,-0.067535,1.54954,-0.029958,1.511392,0.029197,1.436971,0.096782,1.349608,0.153343,1.255609,0.178011,1.152826,0.184399,1.031015,0.178424,0.891368,0.15731,0.739905,0.116872,0.578493,0.072645,0.415719,0.032797,0.259014,0.001522,0.116512,-0.020402,0.006515,-0.032033,-0.063239,-0.039201,-0.105413,-0.051691,-0.133435,-0.055685,-0.153644,-0.046093,-0.171565,-0.036801,-0.187368
7,0.011598,0.055352,0.037799,0.06763,0.060094,0.077209,0.069111,0.074182,0.062135,0.054941,0.048995,0.026187,0.038355,-0.005437,0.02991,-0.03029,0.020431,-0.056318,0.00643,-0.081803,-0.015691,-0.103928,-0.04273,-0.1222,-0.07305,-0.140676,-0.113426,-0.175085,-0.168426,-0.236264,-0.261869,-0.330201,-0.421843,-0.470493,-0.661921,-0.693229,-0.973024,-0.988003,-1.353858,-1.333727,-1.756139,-1.689839,-2.129222,-2.017806,-2.409322,-2.266901,-2.531878,-2.394951,-2.466077,-2.403315,-2.20535,-2.317295,-1.754097,-2.17818,-1.166852,-2.011898,-0.497228,-1.833924,0.197322,-1.639871,0.862829,-1.41521,1.461932,-1.162603,2.010119,-0.900138,2.528859,-0.63112,3.019209,-0.355497,3.446362,-0.096447,3.761561,0.111332,3.916227,0.257146,3.862674,0.355565,3.579357,0.434119,3.043755,0.517837,2.291681,0.592344,1.403717,0.650597,0.47878,0.70218,-0.387849,0.801631,-1.119553,0.99246,-1.680527,1.282039,-2.076517,1.60651,-2.30957,1.949729,-2.343182,2.364031,-2.178332,2.865246,-1.86001,3.376253,-1.443497,3.807312,-1.008793,4.072386,-0.608214,4.110738,-0.298027,3.917978,-0.118562,3.52555,-0.044602,2.993854,-0.020798,2.38021,-0.024392,1.716587,-0.033298,1.011044,-0.000224,0.26057,0.072914,-0.519611,0.145074,-1.304337,0.18463,-2.074916,0.187836,-2.801241,0.158212,-3.454511,0.121274,-4.011729,0.085697,-4.484313,0.049589,-4.841492,0.009872,-4.982219,-0.032702,-4.866632,-0.053427,-4.536186,-0.021163,-4.069464,0.063565,-3.559784,0.155149,-3.03428,0.225011,-2.465585,0.249682,-1.82586,0.222732,-1.148117,0.13999,-0.487163,0.016866,0.096925,-0.108957,0.551752,-0.205132,0.88703,-0.253758,1.093569,-0.255501,1.17521,-0.216576,1.139585,-0.161252,1.015226,-0.102349,0.853477,-0.04818,0.695413,0.001211,0.573151,0.041786,0.489686,0.06519,0.433772,0.066937,0.39863,0.048705,0.359893,0.0265,0.287813,0.015722,0.157907,0.013391,-0.00869,0.01584,-0.169591,0.018469,-0.279283,0.027464,-0.321317
7,0.105456,0.042046,0.082558,0.053318,0.053794,0.061962,0.021069,0.060801,-0.005536,0.049207,-0.027894,0.029969,-0.032924,0.007668,-0.02074,-0.008916,0.001197,-0.020629,0.027343,-0.023434,0.051505,-0.019088,0.067271,-0.008333,0.058403,-0.004302,0.003049,-0.020102,-0.127269,-0.073398,-0.334991,-0.205831,-0.627247,-0.418263,-0.975545,-0.64501,-1.35832,-0.856538,-1.736858,-1.075151,-2.086793,-1.352352,-2.381356,-1.712047,-2.610275,-2.09294,-2.778582,-2.432989,-2.850537,-2.689842,-2.741737,-2.830578,-2.398004,-2.821074,-1.823628,-2.651641,-1.072567,-2.382141,-0.182714,-2.060277,0.787738,-1.71609,1.731198,-1.380271,2.553108,-1.082921,3.201365,-0.836824,3.663968,-0.642545,3.932112,-0.46046,4.010146,-0.264812,3.932605,-0.077956,3.730583,0.054066,3.41013,0.110409,2.939051,0.148572,2.340535,0.221051,1.633637,0.33501,0.870513,0.470654,0.117628,0.620091,-0.552411,0.804253,-1.086819,1.041603,-1.490002,1.352685,-1.779531,1.757182,-1.93454,2.262697,-1.938515,2.844874,-1.802642,3.445643,-1.551474,3.960646,-1.223636,4.30827,-0.877191,4.469621,-0.564488,4.43739,-0.301857,4.221403,-0.098637,3.839883,0.031436,3.330277,0.097638,2.714317,0.120605,2.01253,0.115973,1.243675,0.088584,0.438111,0.039808,-0.363102,-0.023925,-1.149686,-0.081987,-1.932368,-0.118264,-2.707242,-0.114985,-3.45121,-0.083491,-4.117946,-0.045593,-4.686872,-0.02527,-5.07624,-0.025276,-5.200131,-0.027552,-5.014816,-0.019692,-4.542498,0.003919,-3.899063,0.050468,-3.233204,0.103288,-2.602725,0.128919,-1.968926,0.124946,-1.26062,0.116756,-0.519254,0.102211,0.129799,0.075306,0.585207,0.042266,0.854714,0.009022,0.961552,-0.011701,0.949582,-0.013566,0.864795,0.010594,0.765134,0.047969,0.673658,0.081222,0.59532,0.100654,0.524842,0.10061,0.461363,0.07507,0.403739,0.024749,0.343531,-0.041657,0.269492,-0.088298,0.171245,-0.097198,0.052292,-0.083322,-0.066521,-0.061327,-0.165312,-0.049543,-0.233621,-0.049703,-0.252284
7,0.054957,-0.028102,0.029495,-0.059004,0.010945,-0.064421,0.004336,-0.041945,0.006432,-0.007017,0.010745,0.028478,0.011396,0.054028,0.011561,0.061752,0.007518,0.060606,0.008789,0.052112,0.021071,0.047748,0.037667,0.047822,0.056155,0.057159,0.067799,0.075593,0.077096,0.103191,0.077115,0.124902,0.066512,0.132849,0.049542,0.118401,0.028249,0.082052,0.014154,0.038828,0.007832,-0.008957,0.008448,-0.064926,0.006745,-0.113971,-0.002207,-0.159619,-0.021278,-0.201443,-0.063308,-0.230559,-0.160092,-0.250859,-0.325886,-0.265841,-0.555653,-0.292154,-0.855202,-0.353737,-1.232759,-0.482155,-1.644979,-0.701199,-2.059154,-1.006195,-2.425386,-1.358145,-2.69672,-1.70673,-2.851002,-2.00176,-2.827563,-2.202394,-2.575589,-2.300233,-2.078172,-2.294072,-1.379127,-2.200496,-0.527286,-2.027206,0.436363,-1.811647,1.42824,-1.58806,2.33343,-1.383698,3.086398,-1.198635,3.641922,-1.00366,3.976002,-0.773721,4.077271,-0.472449,3.943405,-0.108305,3.610147,0.243514,3.104826,0.528327,2.457306,0.717843,1.697102,0.831721,0.886904,0.895475,0.120175,0.939048,-0.523521,1.027202,-1.009077,1.230854,-1.364276,1.563314,-1.610572,2.000444,-1.725844,2.52078,-1.706703,3.073946,-1.524804,3.660037,-1.191135,4.172662,-0.800163,4.509396,-0.408321,4.639405,-0.079653,4.533974,0.14622,4.205495,0.283671,3.678266,0.355611,2.985145,0.341341,2.127302,0.228172,1.145043,0.070572,0.139975,-0.066964,-0.818796,-0.160261,-1.716881,-0.246673,-2.587736,-0.359552,-3.455386,-0.522641,-4.302825,-0.717334,-5.05908,-0.875694,-5.659123,-0.908391,-6.079237,-0.84609,-6.30554,-0.747099,-6.300186,-0.654138,-6.000774,-0.551096,-5.432434,-0.419402,-4.71916,-0.287247,-3.943171,-0.142081,-3.16484,0.019187,-2.373962,0.161367,-1.630777,0.262128,-0.987081,0.303361,-0.473982,0.283027,-0.106223,0.225192,0.128968,0.165371,0.270002,0.127251,0.36897,0.10633,0.444345,0.089308,0.487084,0.084163,0.486143,0.091585,0.448112,0.097208,0.393881
7,0.021658,0.041036,-0.001306,0.022412,-0.02176,-0.005521,-0.033277,-0.035332,-0.032072,-0.056712,-0.022024,-0.065911,-0.007665,-0.067987,0.00773,-0.069885,0.01812,-0.068269,0.019252,-0.070277,-0.003979,-0.075867,-0.060351,-0.091158,-0.143412,-0.116704,-0.247721,-0.153538,-0.362378,-0.222502,-0.481644,-0.352365,-0.633583,-0.575458,-0.834111,-0.874609,-1.100326,-1.221766,-1.419725,-1.605592,-1.732527,-1.993903,-2.013108,-2.334861,-2.216864,-2.559618,-2.268009,-2.615636,-2.090088,-2.494445,-1.673719,-2.212156,-1.059702,-1.854069,-0.284546,-1.510567,0.599741,-1.212621,1.50022,-0.96191,2.351125,-0.752549,3.066355,-0.576309,3.557637,-0.431188,3.774536,-0.303632,3.705308,-0.201987,3.403256,-0.128319,2.950978,-0.078752,2.423192,-0.02951,1.835433,0.039097,1.208948,0.136542,0.587442,0.268598,0.009497,0.455673,-0.502249,0.722737,-0.927578,1.04914,-1.261723,1.394768,-1.509177,1.74921,-1.650152,2.142913,-1.661626,2.595814,-1.564517,3.120533,-1.398504,3.691587,-1.169087,4.216148,-0.902677,4.550236,-0.619239,4.643959,-0.360088,4.522542,-0.152279,4.244037,0.006205,3.826004,0.121543,3.300829,0.186982,2.710683,0.184864,2.043947,0.100858,1.304341,-0.060145,0.480477,-0.218682,-0.379565,-0.307261,-1.239721,-0.338366,-2.086091,-0.35335,-2.930658,-0.346746,-3.781087,-0.29488,-4.59031,-0.175423,-5.291934,0.002425,-5.842622,0.185949,-6.186472,0.308979,-6.28688,0.343149,-6.100804,0.298194,-5.585697,0.195248,-4.816008,0.089689,-3.964821,0.031227,-3.16694,-0.00638,-2.456571,-0.058036,-1.778304,-0.128723,-1.071591,-0.195423,-0.408115,-0.236854,0.129,-0.245546,0.51003,-0.219045,0.758412,-0.14539,0.87456,-0.041555,0.878746,0.065723,0.809686,0.144677,0.712182,0.176893,0.622378,0.158493,0.55571,0.111629,0.508225,0.055385,0.473071,0.008183,0.449573,-0.018996,0.438566,-0.033203,0.441534,-0.039763,0.42383,-0.040264,0.353266,-0.039474,0.229419,-0.032768,0.081529,-0.035529,-0.045829,-0.053101,-0.137146
7,0.067892,-0.013259,0.107255,0.006641,0.129795,0.01318,0.135455,0.000949,0.123264,-0.020347,0.095387,-0.051076,0.053507,-0.083072,-0.000928,-0.123557,-0.069206,-0.171697,-0.156608,-0.240303,-0.275077,-0.344056,-0.435245,-0.496811,-0.653205,-0.704575,-0.967454,-0.960456,-1.364304,-1.2609,-1.811656,-1.586216,-2.218867,-1.911427,-2.497026,-2.208111,-2.558901,-2.452774,-2.395625,-2.569336,-2.018991,-2.526375,-1.479055,-2.340306,-0.856284,-2.045542,-0.232037,-1.721375,0.356193,-1.42884,0.902753,-1.211772,1.452865,-1.097525,2.034197,-1.075103,2.598235,-1.091467,3.081685,-1.091892,3.401237,-1.037822,3.473508,-0.924347,3.28507,-0.743567,2.918367,-0.491422,2.472762,-0.201347,1.998779,0.089972,1.487386,0.38074,0.941007,0.67253,0.372977,0.97434,-0.190962,1.31175,-0.719811,1.738244,-1.1971,2.299819,-1.566407,2.946058,-1.761028,3.627158,-1.768825,4.3105,-1.604167,4.929542,-1.319906,5.359787,-0.977603,5.491174,-0.618317,5.295387,-0.309734,4.855135,-0.102619,4.282715,-0.0102,3.654222,-0.012161,3.011508,-0.055269,2.346062,-0.091183,1.64916,-0.100908,0.939905,-0.090158,0.247971,-0.077407,-0.431852,-0.105368,-1.120116,-0.174351,-1.841483,-0.234752,-2.596036,-0.246373,-3.353776,-0.225645,-4.100133,-0.210883,-4.865964,-0.198451,-5.647549,-0.159925,-6.3659,-0.103125,-6.931575,-0.034021,-7.215949,0.050411,-7.07804,0.1179,-6.498057,0.141772,-5.588928,0.129134,-4.488318,0.095629,-3.28333,0.079767,-2.088024,0.100046,-1.04896,0.114921,-0.258911,0.08435,0.297646,0.005943,0.680374,-0.084111,0.937871,-0.14567,1.086459,-0.155413,1.166727,-0.11991,1.209515,-0.048765,1.212783,0.028828,1.174513,0.094456,1.097054,0.134249,0.997711,0.143903,0.894826,0.131756,0.79108,0.108223,0.67084,0.07625,0.53021,0.045264,0.371639,0.0248,0.22762,0.021744,0.098016,0.02497,-0.015585,0.020686,-0.10773,0.00307,-0.168543,-0.020809,-0.202333,-0.05572,-0.227066,-0.085717,-0.2414,-0.105601,-0.237021
7,0.014527,-0.013447,0.043477,0.01059,0.063174,0.020862,0.075095,0.020904,0.08514,0.019413,0.096795,0.02666,0.101093,0.050822,0.095843,0.08087,0.088207,0.107251,0.08126,0.124103,0.08038,0.130272,0.093615,0.122728,0.107864,0.090379,0.116955,0.036474,0.106656,-0.033673,0.049306,-0.117309,-0.068104,-0.217073,-0.239759,-0.34395,-0.452349,-0.536453,-0.691758,-0.813655,-1.00656,-1.159854,-1.437089,-1.577327,-1.896304,-2.01867,-2.341192,-2.404968,-2.713519,-2.666093,-2.96665,-2.74466,-3.051357,-2.6349,-2.887381,-2.386369,-2.45064,-2.093906,-1.786163,-1.810541,-0.945565,-1.581858,0.003177,-1.431808,0.999268,-1.348866,1.968814,-1.288976,2.835305,-1.18724,3.537243,-1.033126,4.040205,-0.855366,4.287665,-0.67747,4.238304,-0.488474,3.926653,-0.258012,3.435991,0.002314,2.841491,0.235519,2.19047,0.416214,1.490978,0.537658,0.764181,0.629418,0.038081,0.714985,-0.627485,0.83444,-1.179164,1.028822,-1.631848,1.380478,-1.971375,1.908615,-2.128041,2.559543,-2.053562,3.224875,-1.774402,3.843595,-1.362617,4.357252,-0.868178,4.727636,-0.38507,4.855017,0.002796,4.696838,0.276536,4.274746,0.416436,3.64433,0.43933,2.886612,0.380144,2.060547,0.289721,1.214091,0.186216,0.371929,0.063662,-0.477142,-0.071205,-1.349537,-0.209883,-2.278306,-0.309166,-3.238582,-0.297245,-4.130665,-0.157772,-4.887747,0.009232,-5.477432,0.097393,-5.868255,0.04669,-5.93915,-0.086366,-5.647004,-0.182316,-5.056324,-0.205637,-4.28656,-0.15173,-3.468565,-0.047925,-2.69144,0.061793,-1.997784,0.130329,-1.37088,0.148909,-0.828661,0.107619,-0.381307,0.017068,-0.027086,-0.10438,0.245744,-0.227997,0.462274,-0.328113,0.620714,-0.374578,0.718784,-0.374881,0.758377,-0.334994,0.736079,-0.270634,0.664778,-0.191708,0.566074,-0.113764,0.468865,-0.040108,0.387012,0.021731,0.324803,0.069279,0.27105,0.096045,0.219293,0.101792,0.157621,0.085045,0.08801,0.055357,0.011026,0.028385,-0.076288,0.007401,-0.160485
7,-0.020505,0.00773,-0.046688,-0.018809,-0.059228,-0.028311,-0.052631,-0.021997,-0.029369,0.001968,0.00315,0.028481,0.033635,0.047188,0.051051,0.053082,0.054414,0.038455,0.040879,0.007257,0.014112,-0.036622,-0.018247,-0.086661,-0.059726,-0.141203,-0.118633,-0.20345,-0.204066,-0.278707,-0.349812,-0.379004,-0.531263,-0.5519,-0.761976,-0.807358,-1.076157,-1.117189,-1.467005,-1.442596,-1.906012,-1.762826,-2.355484,-2.022434,-2.714736,-2.18095,-2.819759,-2.187239,-2.551407,-1.998363,-1.903133,-1.673932,-1.002257,-1.351965,-0.015016,-1.133682,0.881735,-1.037996,1.605739,-1.044605,2.169418,-1.133159,2.627581,-1.2527,3.02896,-1.341204,3.334213,-1.325938,3.477067,-1.150184,3.42822,-0.831354,3.221595,-0.465197,2.873038,-0.127277,2.390614,0.137933,1.783227,0.299824,1.079515,0.398287,0.352139,0.492104,-0.309072,0.640153,-0.86746,0.890996,-1.349895,1.30082,-1.765449,1.855865,-2.067833,2.509509,-2.204917,3.154397,-2.14874,3.726975,-1.89746,4.166372,-1.502662,4.450132,-1.064256,4.598374,-0.674397,4.580804,-0.387736,4.383463,-0.209665,3.973926,-0.138965,3.375973,-0.142913,2.665133,-0.189216,1.885653,-0.256227,1.065075,-0.305936,0.22295,-0.290195,-0.575951,-0.208427,-1.320773,-0.082877,-2.070341,0.062391,-2.875371,0.217093,-3.731203,0.378396,-4.576421,0.524373,-5.322429,0.619215,-5.875217,0.618081,-6.128284,0.521487,-6.019571,0.375477,-5.541904,0.204716,-4.782245,0.041696,-3.869539,-0.095402,-2.899126,-0.180151,-1.932461,-0.193765,-1.049211,-0.139906,-0.32796,-0.049157,0.187495,0.038555,0.509033,0.104447,0.697348,0.141938,0.787682,0.143917,0.798775,0.116413,0.765132,0.074115,0.71932,0.040677,0.680989,0.019828,0.648538,0.008142,0.618989,-0.010474,0.602291,-0.033175,0.583825,-0.041067,0.537874,-0.025718,0.458378,0.00364,0.359809,0.028945,0.251854,0.041915,0.156834,0.032051,0.085834,-0.006952,0.032268,-0.06101,-0.00361,-0.111204,-0.024872,-0.140333,-0.019532,-0.143946,0.005742
7,0.188606,0.124636,0.187723,0.138321,0.169843,0.127951,0.140219,0.092485,0.115303,0.045445,0.096913,-0.005656,0.087284,-0.0617,0.07942,-0.111818,0.069958,-0.147555,0.04857,-0.179643,0.009369,-0.220545,-0.067636,-0.287982,-0.211281,-0.394405,-0.462611,-0.559234,-0.839085,-0.774955,-1.30732,-1.032082,-1.784785,-1.322618,-2.158356,-1.643784,-2.379836,-1.942011,-2.462751,-2.144494,-2.455769,-2.237609,-2.278004,-2.24261,-1.833303,-2.182941,-1.149643,-2.045595,-0.36911,-1.884987,0.414749,-1.737914,1.17801,-1.626902,1.894851,-1.533019,2.508443,-1.408075,2.96657,-1.232816,3.266707,-1.067325,3.408441,-0.937214,3.394186,-0.802336,3.238326,-0.603969,2.968423,-0.347661,2.618197,-0.068589,2.212982,0.209683,1.767765,0.48002,1.274155,0.756287,0.760067,1.077138,0.262893,1.418402,-0.191592,1.814172,-0.571819,2.258356,-0.898176,2.725089,-1.1631,3.189084,-1.344017,3.588972,-1.455288,3.926596,-1.541005,4.23723,-1.587125,4.535964,-1.549665,4.732563,-1.426574,4.706711,-1.25312,4.425667,-1.0882,3.883529,-0.913202,3.129495,-0.683511,2.230889,-0.396993,1.272123,-0.088237,0.335625,0.212086,-0.515664,0.466893,-1.273312,0.66867,-2.008352,0.857601,-2.786055,1.035876,-3.628136,1.196767,-4.55339,1.28812,-5.507264,1.277384,-6.339114,1.12069,-6.818917,0.822815,-6.797197,0.495014,-6.36828,0.260879,-5.742827,0.181804,-5.100651,0.223825,-4.455439,0.331713,-3.698272,0.435857,-2.774918,0.501921,-1.774568,0.521067,-0.833799,0.484742,-0.097239,0.405186,0.422671,0.293643,0.793365,0.179383,1.05039,0.111714,1.193079,0.097367,1.207865,0.104752,1.130299,0.110403,1.01286,0.108507,0.887529,0.09971,0.781486,0.089879,0.706526,0.065222,0.659619,0.031366,0.625318,-0.006767,0.585928,-0.042012,0.543299,-0.059655,0.486157,-0.059736,0.398746,-0.042308,0.284062,-0.013617,0.169524,0.014018,0.079891,0.026238,0.026523,0.024537,-0.00651,0.012919,-0.028509,-0.008797,-0.042525,-0.031617,-0.049028
7,0.087492,-0.006827,0.051888,0.00207,0.008517,0.019794,-0.01755,0.037173,-0.01655,0.05526,0.004251,0.064857,0.029075,0.066278,0.047533,0.053191,0.055594,0.03379,0.049387,0.011777,0.036222,-0.003617,0.019971,-0.016065,0.004549,-0.032257,-0.003118,-0.058787,-0.006592,-0.108539,-0.023249,-0.187143,-0.092961,-0.305035,-0.248212,-0.476643,-0.52605,-0.723585,-0.919717,-1.052015,-1.362722,-1.442077,-1.773539,-1.865367,-2.108136,-2.266563,-2.38116,-2.577293,-2.560813,-2.730647,-2.552002,-2.715524,-2.266454,-2.561846,-1.728077,-2.308808,-0.992221,-1.975755,-0.13587,-1.624019,0.777952,-1.299117,1.671739,-1.022409,2.472838,-0.769837,3.127504,-0.487313,3.575236,-0.199149,3.765352,0.032644,3.708045,0.167546,3.467042,0.216037,3.110516,0.233458,2.688209,0.252697,2.205736,0.30003,1.745141,0.351382,0.007409,0.495234,-0.118749,0.326645,-0.228325,0.31241,-0.494938,0.523619,-0.912567,0.81391,-1.30805,1.13987,-1.636212,1.55241,-1.849103,2.128046,-1.953635,2.821883,-1.982228,3.515177,-1.974597,4.074425,-1.934424,4.433454,-1.808757,4.610839,-1.548838,4.655126,-1.158238,4.558652,-0.674362,4.317647,-0.157513,3.879059,0.336619,3.25581,0.735399,2.505852,0.980528,1.695403,1.081121,0.88686,1.033683,0.122895,0.860683,-0.608958,0.620458,-1.357911,0.379656,-2.170872,0.172199,-3.021567,0.048875,-3.848102,0.026721,-4.572015,0.07752,-5.16757,0.104714,-5.541485,0.019493,-5.578189,-0.158718,-5.243525,-0.305484,-4.648753,-0.34722,-3.983836,-0.282329,-3.349154,-0.157177,-2.765261,-0.017327,-2.217572,0.100711,-1.646706,0.18603,-1.076781,0.249728,-0.574663,0.287633,-0.171798,0.279755,0.154875,0.225077,0.417413,0.154807,0.59842,0.097954,0.683469,0.070838,0.683182,0.071639,0.614516,0.073727,0.50761,0.051323,0.390726,0.017415,0.288305,-0.007202,0.216862,-0.004545,0.190668,0.012714,0.207988,0.028224,0.247811,0.032724,0.269279,0.030288,0.239548,0.022605,0.161095,0.016649,0.047358
